source_line,representative_source_line,clean_line,rank,multiplicity,kind,permutation_source_to_representative
1,1,1,6,1,retained,0;1;2;3;4;5
2,2,2,6,1,retained,0;1;2;3;4;5
3,3,3,6,2,retained,0;1;2;3;4;5
4,4,4,6,3,retained,0;1;2;3;4;5
5,5,5,6,4,retained,0;1;2;3;4;5
6,6,6,6,5,retained,0;1;2;3;4;5
7,7,7,6,6,retained,0;1;2;3;4;5
8,8,8,6,7,retained,0;1;2;3;4;5
9,9,9,6,8,retained,0;1;2;3;4;5
10,10,10,6,1,retained,0;1;2;3;4;5
11,11,11,6,2,retained,0;1;2;3;4;5
12,12,12,6,3,retained,0;1;2;3;4;5
13,13,13,6,4,retained,0;1;2;3;4;5
14,14,14,6,5,retained,0;1;2;3;4;5
15,15,15,6,6,retained,0;1;2;3;4;5
16,16,16,6,7,retained,0;1;2;3;4;5
17,17,17,6,8,retained,0;1;2;3;4;5
18,18,18,6,2,retained,0;1;2;3;4;5
19,19,19,6,3,retained,0;1;2;3;4;5
20,20,20,6,4,retained,0;1;2;3;4;5
21,21,21,6,5,retained,0;1;2;3;4;5
22,22,22,6,6,retained,0;1;2;3;4;5
23,23,23,6,7,retained,0;1;2;3;4;5
24,24,24,6,8,retained,0;1;2;3;4;5
25,25,25,6,3,retained,0;1;2;3;4;5
26,26,26,6,4,retained,0;1;2;3;4;5
27,27,27,6,5,retained,0;1;2;3;4;5
28,28,28,6,6,retained,0;1;2;3;4;5
29,29,29,6,7,retained,0;1;2;3;4;5
30,30,30,6,8,retained,0;1;2;3;4;5
31,31,31,6,4,retained,0;1;2;3;4;5
32,32,32,6,5,retained,0;1;2;3;4;5
33,33,33,6,6,retained,0;1;2;3;4;5
34,34,34,6,7,retained,0;1;2;3;4;5
35,35,35,6,8,retained,0;1;2;3;4;5
36,36,36,6,5,retained,0;1;2;3;4;5
37,37,37,6,6,retained,0;1;2;3;4;5
38,38,38,6,7,retained,0;1;2;3;4;5
39,39,39,6,8,retained,0;1;2;3;4;5
40,40,40,6,6,retained,0;1;2;3;4;5
41,41,41,6,7,retained,0;1;2;3;4;5
42,42,42,6,8,retained,0;1;2;3;4;5
43,43,43,6,7,retained,0;1;2;3;4;5
44,44,44,6,8,retained,0;1;2;3;4;5
45,45,45,6,8,retained,0;1;2;3;4;5
46,46,46,6,1,retained,0;1;2;3;4;5
47,47,47,6,4,retained,0;1;2;3;4;5
48,48,48,6,2,retained,0;1;2;3;4;5
49,49,49,6,5,retained,0;1;2;3;4;5
50,50,50,6,8,retained,0;1;2;3;4;5
51,51,51,6,2,retained,0;1;2;3;4;5
52,52,52,6,6,retained,0;1;2;3;4;5
53,53,53,6,1,retained,0;1;2;3;4;5
54,54,54,6,3,retained,0;1;2;3;4;5
55,55,55,6,7,retained,0;1;2;3;4;5
56,56,56,6,4,retained,0;1;2;3;4;5
57,57,57,6,6,retained,0;1;2;3;4;5
58,58,58,6,2,retained,0;1;2;3;4;5
59,59,59,6,3,retained,0;1;2;3;4;5
60,60,60,6,8,retained,0;1;2;3;4;5
61,61,61,6,2,retained,0;1;2;3;4;5
62,62,62,6,2,retained,0;1;2;3;4;5
63,63,63,6,4,retained,0;1;2;3;4;5
64,64,64,6,3,retained,0;1;2;3;4;5
65,65,65,6,4,retained,0;1;2;3;4;5
66,66,66,6,8,retained,0;1;2;3;4;5
67,67,67,6,8,retained,0;1;2;3;4;5
68,68,68,6,3,retained,0;1;2;3;4;5
69,69,69,6,4,retained,0;1;2;3;4;5
70,70,70,6,3,retained,0;1;2;3;4;5
71,71,71,6,5,retained,0;1;2;3;4;5
72,72,72,6,3,retained,0;1;2;3;4;5
73,73,73,6,6,retained,0;1;2;3;4;5
74,74,74,6,7,retained,0;1;2;3;4;5
75,75,75,6,4,retained,0;1;2;3;4;5
76,76,76,6,5,retained,0;1;2;3;4;5
77,77,77,6,4,retained,0;1;2;3;4;5
78,78,78,6,6,retained,0;1;2;3;4;5
79,79,79,6,4,retained,0;1;2;3;4;5
80,80,80,6,4,retained,0;1;2;3;4;5
81,81,81,6,8,retained,0;1;2;3;4;5
82,82,82,6,5,retained,0;1;2;3;4;5
83,83,83,6,6,retained,0;1;2;3;4;5
84,84,84,6,5,retained,0;1;2;3;4;5
85,85,85,6,6,retained,0;1;2;3;4;5
86,86,86,6,5,retained,0;1;2;3;4;5
87,87,87,6,7,retained,0;1;2;3;4;5
88,88,88,6,6,retained,0;1;2;3;4;5
89,89,89,6,5,retained,0;1;2;3;4;5
90,90,90,6,6,retained,0;1;2;3;4;5
91,91,91,6,7,retained,0;1;2;3;4;5
92,92,92,6,6,retained,0;1;2;3;4;5
93,93,93,6,8,retained,0;1;2;3;4;5
94,94,94,6,6,retained,0;1;2;3;4;5
95,95,95,6,6,retained,0;1;2;3;4;5
96,96,96,6,7,retained,0;1;2;3;4;5
97,97,97,6,8,retained,0;1;2;3;4;5
98,98,98,6,7,retained,0;1;2;3;4;5
99,99,99,6,8,retained,0;1;2;3;4;5
100,100,100,6,7,retained,0;1;2;3;4;5
101,101,101,6,7,retained,0;1;2;3;4;5
102,102,102,6,8,retained,0;1;2;3;4;5
103,103,103,6,8,retained,0;1;2;3;4;5
104,104,104,6,8,retained,0;1;2;3;4;5
105,105,105,6,8,retained,0;1;2;3;4;5
106,106,106,6,6,retained,0;1;2;3;4;5
107,107,107,6,4,retained,0;1;2;3;4;5
108,108,108,6,8,retained,0;1;2;3;4;5
109,109,109,6,3,retained,0;1;2;3;4;5
110,110,110,6,2,retained,0;1;2;3;4;5
111,111,111,6,6,retained,0;1;2;3;4;5
112,112,112,6,3,retained,0;1;2;3;4;5
113,113,113,6,5,retained,0;1;2;3;4;5
114,114,114,6,6,retained,0;1;2;3;4;5
115,115,115,6,4,retained,0;1;2;3;4;5
116,116,116,6,5,retained,0;1;2;3;4;5
117,117,117,6,4,retained,0;1;2;3;4;5
118,118,118,6,4,retained,0;1;2;3;4;5
119,119,119,6,8,retained,0;1;2;3;4;5
120,120,120,6,4,retained,0;1;2;3;4;5
121,121,121,6,6,retained,0;1;2;3;4;5
122,122,122,6,4,retained,0;1;2;3;4;5
123,123,123,6,6,retained,0;1;2;3;4;5
124,124,124,6,8,retained,0;1;2;3;4;5
125,125,125,6,7,retained,0;1;2;3;4;5
126,126,126,6,6,retained,0;1;2;3;4;5
127,127,127,6,6,retained,0;1;2;3;4;5
128,128,128,6,8,retained,0;1;2;3;4;5
129,129,129,6,6,retained,0;1;2;3;4;5
130,130,130,6,6,retained,0;1;2;3;4;5
131,131,131,6,8,retained,0;1;2;3;4;5
132,132,132,6,8,retained,0;1;2;3;4;5
133,133,133,6,8,retained,0;1;2;3;4;5
134,134,134,6,8,retained,0;1;2;3;4;5
135,135,135,6,8,retained,0;1;2;3;4;5
136,136,136,6,8,retained,0;1;2;3;4;5
137,137,137,6,8,retained,0;1;2;3;4;5
138,138,138,6,6,retained,0;1;2;3;4;5
139,139,139,6,7,retained,0;1;2;3;4;5
140,140,140,6,4,retained,0;1;2;3;4;5
141,141,141,6,6,retained,0;1;2;3;4;5
142,142,142,6,3,retained,0;1;2;3;4;5
143,143,143,6,4,retained,0;1;2;3;4;5
144,144,144,6,5,retained,0;1;2;3;4;5
145,145,145,6,7,retained,0;1;2;3;4;5
146,146,146,6,8,retained,0;1;2;3;4;5
147,147,147,6,6,retained,0;1;2;3;4;5
148,148,148,6,6,retained,0;1;2;3;4;5
149,149,149,6,7,retained,0;1;2;3;4;5
150,150,150,6,8,retained,0;1;2;3;4;5
151,151,151,6,6,retained,0;1;2;3;4;5
152,152,152,6,6,retained,0;1;2;3;4;5
153,153,153,6,6,retained,0;1;2;3;4;5
154,154,154,6,6,retained,0;1;2;3;4;5
155,155,155,6,6,retained,0;1;2;3;4;5
156,156,156,6,6,retained,0;1;2;3;4;5
157,157,157,6,8,retained,0;1;2;3;4;5
158,158,158,6,6,retained,0;1;2;3;4;5
159,159,159,6,8,retained,0;1;2;3;4;5
160,160,160,6,8,retained,0;1;2;3;4;5
161,161,161,6,5,retained,0;1;2;3;4;5
162,162,162,6,8,retained,0;1;2;3;4;5
163,163,163,6,7,retained,0;1;2;3;4;5
164,164,164,6,5,retained,0;1;2;3;4;5
165,165,165,6,4,retained,0;1;2;3;4;5
166,166,166,6,4,retained,0;1;2;3;4;5
167,167,167,6,7,retained,0;1;2;3;4;5
168,168,168,6,4,retained,0;1;2;3;4;5
169,169,169,6,6,retained,0;1;2;3;4;5
170,170,170,6,5,retained,0;1;2;3;4;5
171,171,171,6,6,retained,0;1;2;3;4;5
172,172,172,6,7,retained,0;1;2;3;4;5
173,173,173,6,8,retained,0;1;2;3;4;5
174,174,174,6,8,retained,0;1;2;3;4;5
175,175,175,6,8,retained,0;1;2;3;4;5
176,176,176,6,8,retained,0;1;2;3;4;5
177,177,177,6,8,retained,0;1;2;3;4;5
178,178,178,6,8,retained,0;1;2;3;4;5
179,179,179,6,8,retained,0;1;2;3;4;5
180,180,180,6,8,retained,0;1;2;3;4;5
181,181,181,6,8,retained,0;1;2;3;4;5
182,182,182,6,8,retained,0;1;2;3;4;5
183,183,183,6,8,retained,0;1;2;3;4;5
184,184,184,6,8,retained,0;1;2;3;4;5
185,185,185,6,8,retained,0;1;2;3;4;5
186,186,186,6,8,retained,0;1;2;3;4;5
187,187,187,6,6,retained,0;1;2;3;4;5
188,188,188,6,5,retained,0;1;2;3;4;5
189,189,189,6,8,retained,0;1;2;3;4;5
190,190,190,6,8,retained,0;1;2;3;4;5
191,191,191,6,8,retained,0;1;2;3;4;5
192,192,192,6,8,retained,0;1;2;3;4;5
193,193,193,6,7,retained,0;1;2;3;4;5
194,194,194,6,6,retained,0;1;2;3;4;5
195,195,195,6,6,retained,0;1;2;3;4;5
196,196,196,6,6,retained,0;1;2;3;4;5
197,197,197,6,7,retained,0;1;2;3;4;5
198,198,198,6,8,retained,0;1;2;3;4;5
199,199,199,6,8,retained,0;1;2;3;4;5
200,200,200,6,7,retained,0;1;2;3;4;5
201,201,201,6,8,retained,0;1;2;3;4;5
202,202,202,6,8,retained,0;1;2;3;4;5
203,203,203,6,8,retained,0;1;2;3;4;5
204,204,204,6,8,retained,0;1;2;3;4;5
205,205,205,6,1,retained,0;1;2;3;4;5
206,206,206,6,6,retained,0;1;2;3;4;5
207,207,207,6,5,retained,0;1;2;3;4;5
208,208,208,6,4,retained,0;1;2;3;4;5
209,209,209,6,3,retained,0;1;2;3;4;5
210,210,210,6,8,retained,0;1;2;3;4;5
211,211,211,6,7,retained,0;1;2;3;4;5
212,212,212,6,2,retained,0;1;2;3;4;5
213,213,213,6,2,retained,0;1;2;3;4;5
214,214,214,6,6,retained,0;1;2;3;4;5
215,215,215,6,4,retained,0;1;2;3;4;5
216,216,216,6,6,retained,0;1;2;3;4;5
217,217,217,6,3,retained,0;1;2;3;4;5
218,218,218,6,3,retained,0;1;2;3;4;5
219,219,219,6,4,retained,0;1;2;3;4;5
220,220,220,6,3,retained,0;1;2;3;4;5
221,221,221,6,4,retained,0;1;2;3;4;5
222,222,222,6,6,retained,0;1;2;3;4;5
223,223,223,6,5,retained,0;1;2;3;4;5
224,224,224,6,7,retained,0;1;2;3;4;5
225,225,225,6,8,retained,0;1;2;3;4;5
226,226,226,6,8,retained,0;1;2;3;4;5
227,227,227,6,6,retained,0;1;2;3;4;5
228,228,228,6,7,retained,0;1;2;3;4;5
229,229,229,6,6,retained,0;1;2;3;4;5
230,230,230,6,8,retained,0;1;2;3;4;5
231,231,231,6,8,retained,0;1;2;3;4;5
232,232,232,6,6,retained,0;1;2;3;4;5
233,233,233,6,8,retained,0;1;2;3;4;5
234,234,234,6,6,retained,0;1;2;3;4;5
235,235,235,6,8,retained,0;1;2;3;4;5
236,236,236,6,3,retained,0;1;2;3;4;5
237,237,237,6,4,retained,0;1;2;3;4;5
238,238,238,6,8,retained,0;1;2;3;4;5
239,239,239,6,6,retained,0;1;2;3;4;5
240,240,240,6,8,retained,0;1;2;3;4;5
241,241,241,6,8,retained,0;1;2;3;4;5
242,242,242,6,8,retained,0;1;2;3;4;5
243,243,243,6,8,retained,0;1;2;3;4;5
244,244,244,6,8,retained,0;1;2;3;4;5
245,245,245,6,8,retained,0;1;2;3;4;5
246,246,246,6,8,retained,0;1;2;3;4;5
247,247,247,6,4,retained,0;1;2;3;4;5
248,248,248,6,6,retained,0;1;2;3;4;5
249,249,249,6,8,retained,0;1;2;3;4;5
250,250,250,6,6,retained,0;1;2;3;4;5
251,251,251,6,6,retained,0;1;2;3;4;5
252,252,252,6,6,retained,0;1;2;3;4;5
253,253,253,6,8,retained,0;1;2;3;4;5
254,254,254,6,5,retained,0;1;2;3;4;5
255,255,255,6,8,retained,0;1;2;3;4;5
256,256,256,6,7,retained,0;1;2;3;4;5
257,257,257,6,6,retained,0;1;2;3;4;5
258,258,258,6,6,retained,0;1;2;3;4;5
259,259,259,6,8,retained,0;1;2;3;4;5
260,260,260,6,7,retained,0;1;2;3;4;5
261,261,261,6,8,retained,0;1;2;3;4;5
262,262,262,6,3,retained,0;1;2;3;4;5
263,263,263,6,2,retained,0;1;2;3;4;5
264,264,264,6,5,retained,0;1;2;3;4;5
265,265,265,6,4,retained,0;1;2;3;4;5
266,266,266,6,3,retained,0;1;2;3;4;5
267,267,267,6,8,retained,0;1;2;3;4;5
268,268,268,6,7,retained,0;1;2;3;4;5
269,269,269,6,6,retained,0;1;2;3;4;5
270,270,270,6,5,retained,0;1;2;3;4;5
271,271,271,6,8,retained,0;1;2;3;4;5
272,272,272,6,3,retained,0;1;2;3;4;5
273,273,273,6,6,retained,0;1;2;3;4;5
274,274,274,6,4,retained,0;1;2;3;4;5
275,275,275,6,8,retained,0;1;2;3;4;5
276,276,276,6,6,retained,0;1;2;3;4;5
277,277,277,6,3,retained,0;1;2;3;4;5
278,278,278,6,4,retained,0;1;2;3;4;5
279,279,279,6,8,retained,0;1;2;3;4;5
280,280,280,6,4,retained,0;1;2;3;4;5
281,281,281,6,7,retained,0;1;2;3;4;5
282,282,282,6,6,retained,0;1;2;3;4;5
283,283,283,6,6,retained,0;1;2;3;4;5
284,284,284,6,7,retained,0;1;2;3;4;5
285,285,285,6,5,retained,0;1;2;3;4;5
286,286,286,6,5,retained,0;1;2;3;4;5
287,287,287,6,6,retained,0;1;2;3;4;5
288,288,288,6,7,retained,0;1;2;3;4;5
289,289,289,6,5,retained,0;1;2;3;4;5
290,290,290,6,8,retained,0;1;2;3;4;5
291,291,291,6,7,retained,0;1;2;3;4;5
292,292,292,6,8,retained,0;1;2;3;4;5
293,293,293,6,8,retained,0;1;2;3;4;5
294,294,294,6,6,retained,0;1;2;3;4;5
295,295,295,6,4,retained,0;1;2;3;4;5
296,296,296,6,8,retained,0;1;2;3;4;5
297,297,297,6,6,retained,0;1;2;3;4;5
298,298,298,6,8,retained,0;1;2;3;4;5
299,299,299,6,6,retained,0;1;2;3;4;5
300,300,300,6,6,retained,0;1;2;3;4;5
301,301,301,6,7,retained,0;1;2;3;4;5
302,302,302,6,6,retained,0;1;2;3;4;5
303,303,303,6,6,retained,0;1;2;3;4;5
304,304,304,6,6,retained,0;1;2;3;4;5
305,305,305,6,6,retained,0;1;2;3;4;5
306,306,306,6,6,retained,0;1;2;3;4;5
307,307,307,6,8,retained,0;1;2;3;4;5
308,308,308,6,6,retained,0;1;2;3;4;5
309,309,309,6,8,retained,0;1;2;3;4;5
310,310,310,6,5,retained,0;1;2;3;4;5
311,311,311,6,8,retained,0;1;2;3;4;5
312,312,312,6,6,retained,0;1;2;3;4;5
313,313,313,6,8,retained,0;1;2;3;4;5
314,314,314,6,8,retained,0;1;2;3;4;5
315,315,315,6,8,retained,0;1;2;3;4;5
316,316,316,6,8,retained,0;1;2;3;4;5
317,317,317,6,8,retained,0;1;2;3;4;5
318,318,318,6,8,retained,0;1;2;3;4;5
319,319,319,6,8,retained,0;1;2;3;4;5
320,320,320,6,8,retained,0;1;2;3;4;5
321,321,321,6,8,retained,0;1;2;3;4;5
322,322,322,6,7,retained,0;1;2;3;4;5
323,323,323,6,8,retained,0;1;2;3;4;5
324,324,324,6,8,retained,0;1;2;3;4;5
325,325,325,6,8,retained,0;1;2;3;4;5
326,326,326,6,5,retained,0;1;2;3;4;5
327,327,327,6,4,retained,0;1;2;3;4;5
328,328,328,6,3,retained,0;1;2;3;4;5
329,329,329,6,8,retained,0;1;2;3;4;5
330,330,330,6,7,retained,0;1;2;3;4;5
331,331,331,6,6,retained,0;1;2;3;4;5
332,332,332,6,5,retained,0;1;2;3;4;5
333,333,333,6,8,retained,0;1;2;3;4;5
334,334,334,6,7,retained,0;1;2;3;4;5
335,335,335,6,4,retained,0;1;2;3;4;5
336,336,336,6,8,retained,0;1;2;3;4;5
337,337,337,6,6,retained,0;1;2;3;4;5
338,338,338,6,8,retained,0;1;2;3;4;5
339,339,339,6,4,retained,0;1;2;3;4;5
340,340,340,6,6,retained,0;1;2;3;4;5
341,341,341,6,4,retained,0;1;2;3;4;5
342,342,342,6,5,retained,0;1;2;3;4;5
343,343,343,6,6,retained,0;1;2;3;4;5
344,344,344,6,5,retained,0;1;2;3;4;5
345,345,345,6,5,retained,0;1;2;3;4;5
346,346,346,6,7,retained,0;1;2;3;4;5
347,347,347,6,8,retained,0;1;2;3;4;5
348,348,348,6,7,retained,0;1;2;3;4;5
349,349,349,6,7,retained,0;1;2;3;4;5
350,350,350,6,7,retained,0;1;2;3;4;5
351,351,351,6,7,retained,0;1;2;3;4;5
352,352,352,6,5,retained,0;1;2;3;4;5
353,353,353,6,8,retained,0;1;2;3;4;5
354,354,354,6,8,retained,0;1;2;3;4;5
355,355,355,6,8,retained,0;1;2;3;4;5
356,356,356,6,8,retained,0;1;2;3;4;5
357,357,357,6,6,retained,0;1;2;3;4;5
358,358,358,6,8,retained,0;1;2;3;4;5
359,359,359,6,6,retained,0;1;2;3;4;5
360,360,360,6,7,retained,0;1;2;3;4;5
361,361,361,6,7,retained,0;1;2;3;4;5
362,362,362,6,8,retained,0;1;2;3;4;5
363,363,363,6,6,retained,0;1;2;3;4;5
364,364,364,6,6,retained,0;1;2;3;4;5
365,365,365,6,6,retained,0;1;2;3;4;5
366,366,366,6,8,retained,0;1;2;3;4;5
367,367,367,6,8,retained,0;1;2;3;4;5
368,368,368,6,7,retained,0;1;2;3;4;5
369,369,369,6,8,retained,0;1;2;3;4;5
370,370,370,6,8,retained,0;1;2;3;4;5
371,371,371,6,7,retained,0;1;2;3;4;5
372,372,372,6,6,retained,0;1;2;3;4;5
373,373,373,6,5,retained,0;1;2;3;4;5
374,374,374,6,4,retained,0;1;2;3;4;5
375,375,375,6,8,retained,0;1;2;3;4;5
376,376,376,6,7,retained,0;1;2;3;4;5
377,377,377,6,6,retained,0;1;2;3;4;5
378,378,378,6,5,retained,0;1;2;3;4;5
379,379,379,6,8,retained,0;1;2;3;4;5
380,380,380,6,7,retained,0;1;2;3;4;5
381,381,381,6,6,retained,0;1;2;3;4;5
382,382,382,6,8,retained,0;1;2;3;4;5
383,383,383,6,7,retained,0;1;2;3;4;5
384,384,384,6,5,retained,0;1;2;3;4;5
385,385,385,6,8,retained,0;1;2;3;4;5
386,386,386,6,5,retained,0;1;2;3;4;5
387,387,387,6,6,retained,0;1;2;3;4;5
388,388,388,6,6,retained,0;1;2;3;4;5
389,389,389,6,7,retained,0;1;2;3;4;5
390,390,390,6,7,retained,0;1;2;3;4;5
391,391,391,6,8,retained,0;1;2;3;4;5
392,392,392,6,6,retained,0;1;2;3;4;5
393,393,393,6,6,retained,0;1;2;3;4;5
394,394,394,6,6,retained,0;1;2;3;4;5
395,395,395,6,8,retained,0;1;2;3;4;5
396,396,396,6,6,retained,0;1;2;3;4;5
397,397,397,6,6,retained,0;1;2;3;4;5
398,398,398,6,8,retained,0;1;2;3;4;5
399,399,399,6,6,retained,0;1;2;3;4;5
400,400,400,6,6,retained,0;1;2;3;4;5
401,401,401,6,7,retained,0;1;2;3;4;5
402,402,402,6,7,retained,0;1;2;3;4;5
403,403,403,6,8,retained,0;1;2;3;4;5
404,404,404,6,8,retained,0;1;2;3;4;5
405,405,405,6,7,retained,0;1;2;3;4;5
406,406,406,6,6,retained,0;1;2;3;4;5
407,407,407,6,5,retained,0;1;2;3;4;5
408,408,408,6,6,retained,0;1;2;3;4;5
409,409,409,6,7,retained,0;1;2;3;4;5
410,410,410,6,6,retained,0;1;2;3;4;5
411,411,411,6,8,retained,0;1;2;3;4;5
412,412,412,6,6,retained,0;1;2;3;4;5
413,413,413,6,8,retained,0;1;2;3;4;5
414,414,414,6,6,retained,0;1;2;3;4;5
415,415,415,6,7,retained,0;1;2;3;4;5
416,416,416,6,8,retained,0;1;2;3;4;5
417,417,417,6,7,retained,0;1;2;3;4;5
418,418,418,6,8,retained,0;1;2;3;4;5
419,419,419,6,8,retained,0;1;2;3;4;5
420,420,420,6,8,retained,0;1;2;3;4;5
421,421,421,6,8,retained,0;1;2;3;4;5
422,422,422,6,8,retained,0;1;2;3;4;5
423,423,423,6,8,retained,0;1;2;3;4;5
424,424,424,6,8,retained,0;1;2;3;4;5
425,425,425,6,7,retained,0;1;2;3;4;5
426,426,426,6,6,retained,0;1;2;3;4;5
427,427,427,6,8,retained,0;1;2;3;4;5
428,428,428,6,7,retained,0;1;2;3;4;5
429,429,429,6,8,retained,0;1;2;3;4;5
430,430,430,6,7,retained,0;1;2;3;4;5
431,431,431,6,8,retained,0;1;2;3;4;5
432,432,432,6,7,retained,0;1;2;3;4;5
433,433,433,6,8,retained,0;1;2;3;4;5
434,434,434,6,8,retained,0;1;2;3;4;5
435,435,435,6,7,retained,0;1;2;3;4;5
436,436,436,6,8,retained,0;1;2;3;4;5
437,437,437,6,8,retained,0;1;2;3;4;5
438,438,438,6,8,retained,0;1;2;3;4;5
439,439,439,6,8,retained,0;1;2;3;4;5
440,440,440,6,8,retained,0;1;2;3;4;5
441,441,441,6,7,retained,0;1;2;3;4;5
442,442,442,6,8,retained,0;1;2;3;4;5
443,443,443,6,8,retained,0;1;2;3;4;5
444,444,444,6,8,retained,0;1;2;3;4;5
445,445,445,6,8,retained,0;1;2;3;4;5
446,446,446,6,8,retained,0;1;2;3;4;5
447,447,447,6,2,retained,0;1;2;3;4;5
448,448,448,6,6,retained,0;1;2;3;4;5
449,449,449,6,4,retained,0;1;2;3;4;5
450,450,450,6,8,retained,0;1;2;3;4;5
451,451,451,6,3,retained,0;1;2;3;4;5
452,452,452,6,8,retained,0;1;2;3;4;5
453,453,453,6,2,retained,0;1;2;3;4;5
454,454,454,6,5,retained,0;1;2;3;4;5
455,455,455,6,6,retained,0;1;2;3;4;5
456,456,456,6,4,retained,0;1;2;3;4;5
457,457,457,6,3,retained,0;1;2;3;4;5
458,458,458,6,6,retained,0;1;2;3;4;5
459,459,459,6,4,retained,0;1;2;3;4;5
460,460,460,6,6,retained,0;1;2;3;4;5
461,461,461,6,5,retained,0;1;2;3;4;5
462,462,462,6,4,retained,0;1;2;3;4;5
463,463,463,6,7,retained,0;1;2;3;4;5
464,464,464,6,4,retained,0;1;2;3;4;5
465,465,465,6,8,retained,0;1;2;3;4;5
466,466,466,6,6,retained,0;1;2;3;4;5
467,467,467,6,5,retained,0;1;2;3;4;5
468,468,468,6,8,retained,0;1;2;3;4;5
469,469,469,6,5,retained,0;1;2;3;4;5
470,470,470,6,6,retained,0;1;2;3;4;5
471,471,471,6,8,retained,0;1;2;3;4;5
472,472,472,6,7,retained,0;1;2;3;4;5
473,473,473,6,6,retained,0;1;2;3;4;5
474,474,474,6,7,retained,0;1;2;3;4;5
475,475,475,6,6,retained,0;1;2;3;4;5
476,476,476,6,8,retained,0;1;2;3;4;5
477,477,477,6,7,retained,0;1;2;3;4;5
478,478,478,6,7,retained,0;1;2;3;4;5
479,479,479,6,8,retained,0;1;2;3;4;5
480,480,480,6,8,retained,0;1;2;3;4;5
481,481,481,6,8,retained,0;1;2;3;4;5
482,482,482,6,6,retained,0;1;2;3;4;5
483,483,483,6,8,retained,0;1;2;3;4;5
484,484,484,6,7,retained,0;1;2;3;4;5
485,485,485,6,8,retained,0;1;2;3;4;5
486,486,486,6,2,retained,0;1;2;3;4;5
487,487,487,6,8,retained,0;1;2;3;4;5
488,488,488,6,7,retained,0;1;2;3;4;5
489,489,489,6,6,retained,0;1;2;3;4;5
490,490,490,6,5,retained,0;1;2;3;4;5
491,491,491,6,3,retained,0;1;2;3;4;5
492,492,492,6,2,retained,0;1;2;3;4;5
493,493,493,6,3,retained,0;1;2;3;4;5
494,494,494,6,4,retained,0;1;2;3;4;5
495,495,495,6,6,retained,0;1;2;3;4;5
496,496,496,6,7,retained,0;1;2;3;4;5
497,497,497,6,8,retained,0;1;2;3;4;5
498,498,498,6,5,retained,0;1;2;3;4;5
499,499,499,6,6,retained,0;1;2;3;4;5
500,500,500,6,5,retained,0;1;2;3;4;5
501,501,501,6,6,retained,0;1;2;3;4;5
502,502,502,6,8,retained,0;1;2;3;4;5
503,503,503,6,5,retained,0;1;2;3;4;5
504,504,504,6,8,retained,0;1;2;3;4;5
505,505,505,6,8,retained,0;1;2;3;4;5
506,506,506,6,8,retained,0;1;2;3;4;5
507,507,507,6,4,retained,0;1;2;3;4;5
508,508,508,6,3,retained,0;1;2;3;4;5
509,509,509,6,6,retained,0;1;2;3;4;5
510,510,510,6,4,retained,0;1;2;3;4;5
511,511,511,6,5,retained,0;1;2;3;4;5
512,512,512,6,6,retained,0;1;2;3;4;5
513,513,513,6,8,retained,0;1;2;3;4;5
514,514,514,6,5,retained,0;1;2;3;4;5
515,515,515,6,4,retained,0;1;2;3;4;5
516,516,516,6,7,retained,0;1;2;3;4;5
517,517,517,6,8,retained,0;1;2;3;4;5
518,518,518,6,6,retained,0;1;2;3;4;5
519,519,519,6,5,retained,0;1;2;3;4;5
520,520,520,6,5,retained,0;1;2;3;4;5
521,521,521,6,5,retained,0;1;2;3;4;5
522,522,522,6,6,retained,0;1;2;3;4;5
523,523,523,6,7,retained,0;1;2;3;4;5
524,524,524,6,7,retained,0;1;2;3;4;5
525,525,525,6,6,retained,0;1;2;3;4;5
526,526,526,6,8,retained,0;1;2;3;4;5
527,527,527,6,7,retained,0;1;2;3;4;5
528,528,528,6,7,retained,0;1;2;3;4;5
529,529,529,6,7,retained,0;1;2;3;4;5
530,530,530,6,8,retained,0;1;2;3;4;5
531,531,531,6,8,retained,0;1;2;3;4;5
532,532,532,6,3,retained,0;1;2;3;4;5
533,533,533,6,3,retained,0;1;2;3;4;5
534,534,534,6,6,retained,0;1;2;3;4;5
535,535,535,6,5,retained,0;1;2;3;4;5
536,536,536,6,6,retained,0;1;2;3;4;5
537,537,537,6,4,retained,0;1;2;3;4;5
538,538,538,6,4,retained,0;1;2;3;4;5
539,539,539,6,4,retained,0;1;2;3;4;5
540,540,540,6,6,retained,0;1;2;3;4;5
541,541,541,6,7,retained,0;1;2;3;4;5
542,542,542,6,8,retained,0;1;2;3;4;5
543,543,543,6,6,retained,0;1;2;3;4;5
544,544,544,6,6,retained,0;1;2;3;4;5
545,545,545,6,5,retained,0;1;2;3;4;5
546,546,546,6,8,retained,0;1;2;3;4;5
547,547,547,6,6,retained,0;1;2;3;4;5
548,548,548,6,6,retained,0;1;2;3;4;5
549,549,549,6,5,retained,0;1;2;3;4;5
550,550,550,6,5,retained,0;1;2;3;4;5
551,551,551,6,7,retained,0;1;2;3;4;5
552,552,552,6,8,retained,0;1;2;3;4;5
553,553,553,6,8,retained,0;1;2;3;4;5
554,554,554,6,8,retained,0;1;2;3;4;5
555,555,555,6,7,retained,0;1;2;3;4;5
556,556,556,6,7,retained,0;1;2;3;4;5
557,557,557,6,6,retained,0;1;2;3;4;5
558,558,558,6,4,retained,0;1;2;3;4;5
559,559,559,6,5,retained,0;1;2;3;4;5
560,560,560,6,4,retained,0;1;2;3;4;5
561,561,561,6,4,retained,0;1;2;3;4;5
562,562,562,6,4,retained,0;1;2;3;4;5
563,563,563,6,4,retained,0;1;2;3;4;5
564,564,564,6,6,retained,0;1;2;3;4;5
565,565,565,6,7,retained,0;1;2;3;4;5
566,566,566,6,8,retained,0;1;2;3;4;5
567,567,567,6,8,retained,0;1;2;3;4;5
568,568,568,6,7,retained,0;1;2;3;4;5
569,569,569,6,6,retained,0;1;2;3;4;5
570,570,570,6,6,retained,0;1;2;3;4;5
571,571,571,6,7,retained,0;1;2;3;4;5
572,572,572,6,6,retained,0;1;2;3;4;5
573,573,573,6,8,retained,0;1;2;3;4;5
574,574,574,6,8,retained,0;1;2;3;4;5
575,575,575,6,8,retained,0;1;2;3;4;5
576,576,576,6,7,retained,0;1;2;3;4;5
577,577,577,6,7,retained,0;1;2;3;4;5
578,578,578,6,8,retained,0;1;2;3;4;5
579,579,579,6,7,retained,0;1;2;3;4;5
580,580,580,6,7,retained,0;1;2;3;4;5
581,581,581,6,7,retained,0;1;2;3;4;5
582,582,582,6,7,retained,0;1;2;3;4;5
583,583,583,6,7,retained,0;1;2;3;4;5
584,584,584,6,7,retained,0;1;2;3;4;5
585,585,585,6,7,retained,0;1;2;3;4;5
586,586,586,6,7,retained,0;1;2;3;4;5
587,587,587,6,7,retained,0;1;2;3;4;5
588,588,588,6,8,retained,0;1;2;3;4;5
589,589,589,6,8,retained,0;1;2;3;4;5
590,590,590,6,8,retained,0;1;2;3;4;5
591,591,591,6,5,retained,0;1;2;3;4;5
592,592,592,6,6,retained,0;1;2;3;4;5
593,593,593,6,6,retained,0;1;2;3;4;5
594,594,594,6,7,retained,0;1;2;3;4;5
595,595,595,6,6,retained,0;1;2;3;4;5
596,596,596,6,5,retained,0;1;2;3;4;5
597,597,597,6,5,retained,0;1;2;3;4;5
598,598,598,6,6,retained,0;1;2;3;4;5
599,599,599,6,5,retained,0;1;2;3;4;5
600,600,600,6,8,retained,0;1;2;3;4;5
601,601,601,6,8,retained,0;1;2;3;4;5
602,602,602,6,8,retained,0;1;2;3;4;5
603,603,603,6,6,retained,0;1;2;3;4;5
604,604,604,6,6,retained,0;1;2;3;4;5
605,605,605,6,8,retained,0;1;2;3;4;5
606,606,606,6,8,retained,0;1;2;3;4;5
607,607,607,6,6,retained,0;1;2;3;4;5
608,608,608,6,6,retained,0;1;2;3;4;5
609,609,609,6,8,retained,0;1;2;3;4;5
610,610,610,6,7,retained,0;1;2;3;4;5
611,611,611,6,8,retained,0;1;2;3;4;5
612,612,612,6,8,retained,0;1;2;3;4;5
613,613,613,6,8,retained,0;1;2;3;4;5
614,614,614,6,8,retained,0;1;2;3;4;5
615,615,615,6,8,retained,0;1;2;3;4;5
616,616,616,6,8,retained,0;1;2;3;4;5
617,617,617,6,7,retained,0;1;2;3;4;5
618,618,618,6,8,retained,0;1;2;3;4;5
619,619,619,6,8,retained,0;1;2;3;4;5
620,620,620,6,8,retained,0;1;2;3;4;5
621,621,621,6,8,retained,0;1;2;3;4;5
622,622,622,6,8,retained,0;1;2;3;4;5
623,623,623,6,7,retained,0;1;2;3;4;5
624,624,624,6,7,retained,0;1;2;3;4;5
625,625,625,6,7,retained,0;1;2;3;4;5
626,626,626,6,7,retained,0;1;2;3;4;5
627,627,627,6,8,retained,0;1;2;3;4;5
628,628,628,6,8,retained,0;1;2;3;4;5
629,629,629,6,8,retained,0;1;2;3;4;5
630,630,630,6,8,retained,0;1;2;3;4;5
631,631,631,6,8,retained,0;1;2;3;4;5
632,632,632,6,3,retained,0;1;2;3;4;5
633,633,633,6,8,retained,0;1;2;3;4;5
634,634,634,6,6,retained,0;1;2;3;4;5
635,635,635,6,4,retained,0;1;2;3;4;5
636,636,636,6,3,retained,0;1;2;3;4;5
637,637,637,6,7,retained,0;1;2;3;4;5
638,638,638,6,8,retained,0;1;2;3;4;5
639,639,639,6,5,retained,0;1;2;3;4;5
640,640,640,6,4,retained,0;1;2;3;4;5
641,641,641,6,8,retained,0;1;2;3;4;5
642,642,642,6,5,retained,0;1;2;3;4;5
643,643,643,6,8,retained,0;1;2;3;4;5
644,644,644,6,6,retained,0;1;2;3;4;5
645,645,645,6,5,retained,0;1;2;3;4;5
646,646,646,6,5,retained,0;1;2;3;4;5
647,647,647,6,7,retained,0;1;2;3;4;5
648,648,648,6,6,retained,0;1;2;3;4;5
649,649,649,6,6,retained,0;1;2;3;4;5
650,650,650,6,7,retained,0;1;2;3;4;5
651,651,651,6,8,retained,0;1;2;3;4;5
652,652,652,6,7,retained,0;1;2;3;4;5
653,653,653,6,8,retained,0;1;2;3;4;5
654,654,654,6,7,retained,0;1;2;3;4;5
655,655,655,6,8,retained,0;1;2;3;4;5
656,656,656,6,8,retained,0;1;2;3;4;5
657,657,657,6,7,retained,0;1;2;3;4;5
658,658,658,6,4,retained,0;1;2;3;4;5
659,659,659,6,8,retained,0;1;2;3;4;5
660,660,660,6,6,retained,0;1;2;3;4;5
661,661,661,6,6,retained,0;1;2;3;4;5
662,662,662,6,8,retained,0;1;2;3;4;5
663,663,663,6,8,retained,0;1;2;3;4;5
664,664,664,6,8,retained,0;1;2;3;4;5
665,665,665,6,7,retained,0;1;2;3;4;5
666,666,666,6,8,retained,0;1;2;3;4;5
667,667,667,6,8,retained,0;1;2;3;4;5
668,668,668,6,8,retained,0;1;2;3;4;5
669,669,669,6,3,retained,0;1;2;3;4;5
670,670,670,6,8,retained,0;1;2;3;4;5
671,671,671,6,7,retained,0;1;2;3;4;5
672,672,672,6,6,retained,0;1;2;3;4;5
673,673,673,6,4,retained,0;1;2;3;4;5
674,674,674,6,5,retained,0;1;2;3;4;5
675,675,675,6,4,retained,0;1;2;3;4;5
676,676,676,6,8,retained,0;1;2;3;4;5
677,677,677,6,8,retained,0;1;2;3;4;5
678,678,678,6,8,retained,0;1;2;3;4;5
679,679,679,6,8,retained,0;1;2;3;4;5
680,680,680,6,7,retained,0;1;2;3;4;5
681,681,681,6,7,retained,0;1;2;3;4;5
682,682,682,6,8,retained,0;1;2;3;4;5
683,683,683,6,6,retained,0;1;2;3;4;5
684,684,684,6,8,retained,0;1;2;3;4;5
685,685,685,6,6,retained,0;1;2;3;4;5
686,686,686,6,7,retained,0;1;2;3;4;5
687,687,687,6,6,retained,0;1;2;3;4;5
688,688,688,6,8,retained,0;1;2;3;4;5
689,689,689,6,6,retained,0;1;2;3;4;5
690,690,690,6,8,retained,0;1;2;3;4;5
691,691,691,6,8,retained,0;1;2;3;4;5
692,692,692,6,8,retained,0;1;2;3;4;5
693,693,693,6,8,retained,0;1;2;3;4;5
694,694,694,6,7,retained,0;1;2;3;4;5
695,695,695,6,8,retained,0;1;2;3;4;5
696,696,696,6,8,retained,0;1;2;3;4;5
697,697,697,6,3,retained,0;1;2;3;4;5
698,698,698,6,7,retained,0;1;2;3;4;5
699,699,699,6,6,retained,0;1;2;3;4;5
700,700,700,6,5,retained,0;1;2;3;4;5
701,701,701,6,8,retained,0;1;2;3;4;5
702,702,702,6,5,retained,0;1;2;3;4;5
703,703,703,6,4,retained,0;1;2;3;4;5
704,704,704,6,3,retained,0;1;2;3;4;5
705,705,705,6,6,retained,0;1;2;3;4;5
706,706,706,6,7,retained,0;1;2;3;4;5
707,707,707,6,5,retained,0;1;2;3;4;5
708,708,708,6,4,retained,0;1;2;3;4;5
709,709,709,6,8,retained,0;1;2;3;4;5
710,710,710,6,7,retained,0;1;2;3;4;5
711,711,711,6,8,retained,0;1;2;3;4;5
712,712,712,6,5,retained,0;1;2;3;4;5
713,713,713,6,4,retained,0;1;2;3;4;5
714,714,714,6,5,retained,0;1;2;3;4;5
715,715,715,6,8,retained,0;1;2;3;4;5
716,716,716,6,6,retained,0;1;2;3;4;5
717,717,717,6,5,retained,0;1;2;3;4;5
718,718,718,6,7,retained,0;1;2;3;4;5
719,719,719,6,6,retained,0;1;2;3;4;5
720,720,720,6,6,retained,0;1;2;3;4;5
721,721,721,6,6,retained,0;1;2;3;4;5
722,722,722,6,7,retained,0;1;2;3;4;5
723,723,723,6,8,retained,0;1;2;3;4;5
724,724,724,6,7,retained,0;1;2;3;4;5
725,725,725,6,8,retained,0;1;2;3;4;5
726,726,726,6,8,retained,0;1;2;3;4;5
727,727,727,6,8,retained,0;1;2;3;4;5
728,728,728,6,4,retained,0;1;2;3;4;5
729,729,729,6,4,retained,0;1;2;3;4;5
730,730,730,6,6,retained,0;1;2;3;4;5
731,731,731,6,8,retained,0;1;2;3;4;5
732,732,732,6,7,retained,0;1;2;3;4;5
733,733,733,6,7,retained,0;1;2;3;4;5
734,734,734,6,5,retained,0;1;2;3;4;5
735,735,735,6,5,retained,0;1;2;3;4;5
736,736,736,6,5,retained,0;1;2;3;4;5
737,737,737,6,8,retained,0;1;2;3;4;5
738,738,738,6,8,retained,0;1;2;3;4;5
739,739,739,6,8,retained,0;1;2;3;4;5
740,740,740,6,7,retained,0;1;2;3;4;5
741,741,741,6,8,retained,0;1;2;3;4;5
742,742,742,6,7,retained,0;1;2;3;4;5
743,743,743,6,6,retained,0;1;2;3;4;5
744,744,744,6,6,retained,0;1;2;3;4;5
745,745,745,6,6,retained,0;1;2;3;4;5
746,746,746,6,6,retained,0;1;2;3;4;5
747,747,747,6,8,retained,0;1;2;3;4;5
748,748,748,6,7,retained,0;1;2;3;4;5
749,749,749,6,6,retained,0;1;2;3;4;5
750,750,750,6,8,retained,0;1;2;3;4;5
751,751,751,6,8,retained,0;1;2;3;4;5
752,752,752,6,8,retained,0;1;2;3;4;5
753,753,753,6,8,retained,0;1;2;3;4;5
754,754,754,6,8,retained,0;1;2;3;4;5
755,755,755,6,8,retained,0;1;2;3;4;5
756,756,756,6,5,retained,0;1;2;3;4;5
757,757,757,6,5,retained,0;1;2;3;4;5
758,758,758,6,5,retained,0;1;2;3;4;5
759,759,759,6,5,retained,0;1;2;3;4;5
760,760,760,6,8,retained,0;1;2;3;4;5
761,761,761,6,7,retained,0;1;2;3;4;5
762,762,762,6,7,retained,0;1;2;3;4;5
763,763,763,6,8,retained,0;1;2;3;4;5
764,764,764,6,7,retained,0;1;2;3;4;5
765,765,765,6,7,retained,0;1;2;3;4;5
766,766,766,6,6,retained,0;1;2;3;4;5
767,767,767,6,6,retained,0;1;2;3;4;5
768,768,768,6,6,retained,0;1;2;3;4;5
769,769,769,6,8,retained,0;1;2;3;4;5
770,770,770,6,8,retained,0;1;2;3;4;5
771,771,771,6,8,retained,0;1;2;3;4;5
772,772,772,6,8,retained,0;1;2;3;4;5
773,773,773,6,8,retained,0;1;2;3;4;5
774,774,774,6,8,retained,0;1;2;3;4;5
775,775,775,6,8,retained,0;1;2;3;4;5
776,776,776,6,8,retained,0;1;2;3;4;5
777,777,777,6,8,retained,0;1;2;3;4;5
778,778,778,6,7,retained,0;1;2;3;4;5
779,779,779,6,7,retained,0;1;2;3;4;5
780,780,780,6,7,retained,0;1;2;3;4;5
781,781,781,6,8,retained,0;1;2;3;4;5
782,782,782,6,8,retained,0;1;2;3;4;5
783,783,783,6,8,retained,0;1;2;3;4;5
784,784,784,6,8,retained,0;1;2;3;4;5
785,785,785,6,8,retained,0;1;2;3;4;5
786,786,786,6,7,retained,0;1;2;3;4;5
787,787,787,6,6,retained,0;1;2;3;4;5
788,788,788,6,8,retained,0;1;2;3;4;5
789,789,789,6,6,retained,0;1;2;3;4;5
790,790,790,6,8,retained,0;1;2;3;4;5
791,791,791,6,6,retained,0;1;2;3;4;5
792,792,792,6,6,retained,0;1;2;3;4;5
793,793,793,6,6,retained,0;1;2;3;4;5
794,794,794,6,6,retained,0;1;2;3;4;5
795,795,795,6,7,retained,0;1;2;3;4;5
796,796,796,6,8,retained,0;1;2;3;4;5
797,797,797,6,8,retained,0;1;2;3;4;5
798,798,798,6,8,retained,0;1;2;3;4;5
799,799,799,6,8,retained,0;1;2;3;4;5
800,800,800,6,8,retained,0;1;2;3;4;5
801,801,801,6,8,retained,0;1;2;3;4;5
802,802,802,6,8,retained,0;1;2;3;4;5
803,803,803,6,8,retained,0;1;2;3;4;5
804,804,804,6,7,retained,0;1;2;3;4;5
805,805,805,6,8,retained,0;1;2;3;4;5
806,806,806,6,8,retained,0;1;2;3;4;5
807,807,807,6,8,retained,0;1;2;3;4;5
808,808,808,6,8,retained,0;1;2;3;4;5
809,809,809,6,7,retained,0;1;2;3;4;5
810,810,810,6,8,retained,0;1;2;3;4;5
811,811,811,6,7,retained,0;1;2;3;4;5
812,812,812,6,7,retained,0;1;2;3;4;5
813,813,813,6,8,retained,0;1;2;3;4;5
814,814,814,6,7,retained,0;1;2;3;4;5
815,815,815,6,8,retained,0;1;2;3;4;5
816,816,816,6,7,retained,0;1;2;3;4;5
817,817,817,6,7,retained,0;1;2;3;4;5
818,818,818,6,8,retained,0;1;2;3;4;5
819,819,819,6,7,retained,0;1;2;3;4;5
820,820,820,6,8,retained,0;1;2;3;4;5
821,821,821,6,8,retained,0;1;2;3;4;5
822,822,822,6,8,retained,0;1;2;3;4;5
823,823,823,6,8,retained,0;1;2;3;4;5
824,824,824,6,8,retained,0;1;2;3;4;5
825,825,825,6,8,retained,0;1;2;3;4;5
826,826,826,6,4,retained,0;1;2;3;4;5
827,827,827,6,8,retained,0;1;2;3;4;5
828,828,828,6,5,retained,0;1;2;3;4;5
829,829,829,6,4,retained,0;1;2;3;4;5
830,830,830,6,6,retained,0;1;2;3;4;5
831,831,831,6,5,retained,0;1;2;3;4;5
832,832,832,6,6,retained,0;1;2;3;4;5
833,833,833,6,7,retained,0;1;2;3;4;5
834,834,834,6,6,retained,0;1;2;3;4;5
835,835,835,6,6,retained,0;1;2;3;4;5
836,836,836,6,8,retained,0;1;2;3;4;5
837,837,837,6,7,retained,0;1;2;3;4;5
838,838,838,6,7,retained,0;1;2;3;4;5
839,839,839,6,8,retained,0;1;2;3;4;5
840,840,840,6,8,retained,0;1;2;3;4;5
841,841,841,6,8,retained,0;1;2;3;4;5
842,842,842,6,6,retained,0;1;2;3;4;5
843,843,843,6,7,retained,0;1;2;3;4;5
844,844,844,6,8,retained,0;1;2;3;4;5
845,845,845,6,8,retained,0;1;2;3;4;5
846,846,846,6,4,retained,0;1;2;3;4;5
847,847,847,6,8,retained,0;1;2;3;4;5
848,848,848,6,7,retained,0;1;2;3;4;5
849,849,849,6,6,retained,0;1;2;3;4;5
850,850,850,6,6,retained,0;1;2;3;4;5
851,851,851,6,7,retained,0;1;2;3;4;5
852,852,852,6,8,retained,0;1;2;3;4;5
853,853,853,6,7,retained,0;1;2;3;4;5
854,854,854,6,4,retained,0;1;2;3;4;5
855,855,855,6,8,retained,0;1;2;3;4;5
856,856,856,6,7,retained,0;1;2;3;4;5
857,857,857,6,6,retained,0;1;2;3;4;5
858,858,858,6,8,retained,0;1;2;3;4;5
859,859,859,6,8,retained,0;1;2;3;4;5
860,860,860,6,8,retained,0;1;2;3;4;5
861,861,861,6,6,retained,0;1;2;3;4;5
862,862,862,6,7,retained,0;1;2;3;4;5
863,863,863,6,7,retained,0;1;2;3;4;5
864,864,864,6,4,retained,0;1;2;3;4;5
865,865,865,6,8,retained,0;1;2;3;4;5
866,866,866,6,5,retained,0;1;2;3;4;5
867,867,867,6,4,retained,0;1;2;3;4;5
868,868,868,6,7,retained,0;1;2;3;4;5
869,869,869,6,8,retained,0;1;2;3;4;5
870,870,870,6,6,retained,0;1;2;3;4;5
871,871,871,6,7,retained,0;1;2;3;4;5
872,872,872,6,7,retained,0;1;2;3;4;5
873,873,873,6,6,retained,0;1;2;3;4;5
874,874,874,6,6,retained,0;1;2;3;4;5
875,875,875,6,5,retained,0;1;2;3;4;5
876,876,876,6,6,retained,0;1;2;3;4;5
877,877,877,6,7,retained,0;1;2;3;4;5
878,878,878,6,6,retained,0;1;2;3;4;5
879,879,879,6,8,retained,0;1;2;3;4;5
880,880,880,6,7,retained,0;1;2;3;4;5
881,881,881,6,7,retained,0;1;2;3;4;5
882,882,882,6,7,retained,0;1;2;3;4;5
883,883,883,6,8,retained,0;1;2;3;4;5
884,884,884,6,8,retained,0;1;2;3;4;5
885,885,885,6,5,retained,0;1;2;3;4;5
886,886,886,6,5,retained,0;1;2;3;4;5
887,887,887,6,8,retained,0;1;2;3;4;5
888,888,888,6,6,retained,0;1;2;3;4;5
889,889,889,6,6,retained,0;1;2;3;4;5
890,890,890,6,6,retained,0;1;2;3;4;5
891,891,891,6,5,retained,0;1;2;3;4;5
892,892,892,6,6,retained,0;1;2;3;4;5
893,893,893,6,6,retained,0;1;2;3;4;5
894,894,894,6,6,retained,0;1;2;3;4;5
895,895,895,6,6,retained,0;1;2;3;4;5
896,896,896,6,8,retained,0;1;2;3;4;5
897,897,897,6,8,retained,0;1;2;3;4;5
898,898,898,6,8,retained,0;1;2;3;4;5
899,899,899,6,8,retained,0;1;2;3;4;5
900,900,900,6,8,retained,0;1;2;3;4;5
901,901,901,6,8,retained,0;1;2;3;4;5
902,902,902,6,7,retained,0;1;2;3;4;5
903,903,903,6,7,retained,0;1;2;3;4;5
904,904,904,6,7,retained,0;1;2;3;4;5
905,905,905,6,7,retained,0;1;2;3;4;5
906,906,906,6,7,retained,0;1;2;3;4;5
907,907,907,6,7,retained,0;1;2;3;4;5
908,908,908,6,7,retained,0;1;2;3;4;5
909,909,909,6,7,retained,0;1;2;3;4;5
910,910,910,6,7,retained,0;1;2;3;4;5
911,911,911,6,7,retained,0;1;2;3;4;5
912,912,912,6,8,retained,0;1;2;3;4;5
913,913,913,6,8,retained,0;1;2;3;4;5
914,914,914,6,8,retained,0;1;2;3;4;5
915,915,915,6,8,retained,0;1;2;3;4;5
916,916,916,6,8,retained,0;1;2;3;4;5
917,917,917,6,5,retained,0;1;2;3;4;5
918,918,918,6,6,retained,0;1;2;3;4;5
919,919,919,6,5,retained,0;1;2;3;4;5
920,920,920,6,7,retained,0;1;2;3;4;5
921,921,921,6,6,retained,0;1;2;3;4;5
922,922,922,6,7,retained,0;1;2;3;4;5
923,923,923,6,8,retained,0;1;2;3;4;5
924,924,924,6,7,retained,0;1;2;3;4;5
925,925,925,6,7,retained,0;1;2;3;4;5
926,926,926,6,8,retained,0;1;2;3;4;5
927,927,927,6,8,retained,0;1;2;3;4;5
928,928,928,6,8,retained,0;1;2;3;4;5
929,929,929,6,8,retained,0;1;2;3;4;5
930,930,930,6,8,retained,0;1;2;3;4;5
931,931,931,6,6,retained,0;1;2;3;4;5
932,932,932,6,6,retained,0;1;2;3;4;5
933,933,933,6,8,retained,0;1;2;3;4;5
934,934,934,6,8,retained,0;1;2;3;4;5
935,935,935,6,7,retained,0;1;2;3;4;5
936,936,936,6,7,retained,0;1;2;3;4;5
937,937,937,6,8,retained,0;1;2;3;4;5
938,938,938,6,7,retained,0;1;2;3;4;5
939,939,939,6,6,retained,0;1;2;3;4;5
940,940,940,6,7,retained,0;1;2;3;4;5
941,941,941,6,6,retained,0;1;2;3;4;5
942,942,942,6,8,retained,0;1;2;3;4;5
943,943,943,6,8,retained,0;1;2;3;4;5
944,944,944,6,8,retained,0;1;2;3;4;5
945,945,945,6,7,retained,0;1;2;3;4;5
946,946,946,6,8,retained,0;1;2;3;4;5
947,947,947,6,8,retained,0;1;2;3;4;5
948,948,948,6,8,retained,0;1;2;3;4;5
949,949,949,6,8,retained,0;1;2;3;4;5
950,950,950,6,6,retained,0;1;2;3;4;5
951,951,951,6,7,retained,0;1;2;3;4;5
952,952,952,6,6,retained,0;1;2;3;4;5
953,953,953,6,6,retained,0;1;2;3;4;5
954,954,954,6,8,retained,0;1;2;3;4;5
955,955,955,6,7,retained,0;1;2;3;4;5
956,956,956,6,5,retained,0;1;2;3;4;5
957,957,957,6,8,retained,0;1;2;3;4;5
958,958,958,6,7,retained,0;1;2;3;4;5
959,959,959,6,6,retained,0;1;2;3;4;5
960,960,960,6,8,retained,0;1;2;3;4;5
961,961,961,6,6,retained,0;1;2;3;4;5
962,962,962,6,5,retained,0;1;2;3;4;5
963,963,963,6,8,retained,0;1;2;3;4;5
964,964,964,6,8,retained,0;1;2;3;4;5
965,965,965,6,8,retained,0;1;2;3;4;5
966,966,966,6,7,retained,0;1;2;3;4;5
967,967,967,6,6,retained,0;1;2;3;4;5
968,968,968,6,7,retained,0;1;2;3;4;5
969,969,969,6,8,retained,0;1;2;3;4;5
970,970,970,6,7,retained,0;1;2;3;4;5
971,971,971,6,8,retained,0;1;2;3;4;5
972,972,972,6,8,retained,0;1;2;3;4;5
973,973,973,6,8,retained,0;1;2;3;4;5
974,974,974,6,8,retained,0;1;2;3;4;5
975,975,975,6,8,retained,0;1;2;3;4;5
976,976,976,6,7,retained,0;1;2;3;4;5
977,977,977,6,7,retained,0;1;2;3;4;5
978,978,978,6,7,retained,0;1;2;3;4;5
979,979,979,6,7,retained,0;1;2;3;4;5
980,980,980,6,7,retained,0;1;2;3;4;5
981,981,981,6,7,retained,0;1;2;3;4;5
982,982,982,6,8,retained,0;1;2;3;4;5
983,983,983,6,8,retained,0;1;2;3;4;5
984,984,984,6,8,retained,0;1;2;3;4;5
985,985,985,6,8,retained,0;1;2;3;4;5
986,986,986,6,8,retained,0;1;2;3;4;5
987,987,987,6,8,retained,0;1;2;3;4;5
988,988,988,6,8,retained,0;1;2;3;4;5
989,989,989,6,8,retained,0;1;2;3;4;5
990,990,990,6,8,retained,0;1;2;3;4;5
991,991,991,6,8,retained,0;1;2;3;4;5
992,992,992,6,6,retained,0;1;2;3;4;5
993,993,993,6,7,retained,0;1;2;3;4;5
994,994,994,6,6,retained,0;1;2;3;4;5
995,995,995,6,8,retained,0;1;2;3;4;5
996,996,996,6,7,retained,0;1;2;3;4;5
997,997,997,6,8,retained,0;1;2;3;4;5
998,998,998,6,8,retained,0;1;2;3;4;5
999,999,999,6,8,retained,0;1;2;3;4;5
1000,1000,1000,6,8,retained,0;1;2;3;4;5
1001,1001,1001,6,7,retained,0;1;2;3;4;5
1002,1002,1002,6,8,retained,0;1;2;3;4;5
1003,1003,1003,6,8,retained,0;1;2;3;4;5
1004,1004,1004,6,7,retained,0;1;2;3;4;5
1005,1005,1005,6,8,retained,0;1;2;3;4;5
1006,1006,1006,6,8,retained,0;1;2;3;4;5
1007,1007,1007,6,7,retained,0;1;2;3;4;5
1008,1008,1008,6,8,retained,0;1;2;3;4;5
1009,1009,1009,6,6,retained,0;1;2;3;4;5
1010,1010,1010,6,8,retained,0;1;2;3;4;5
1011,1011,1011,6,7,retained,0;1;2;3;4;5
1012,1012,1012,6,6,retained,0;1;2;3;4;5
1013,1013,1013,6,8,retained,0;1;2;3;4;5
1014,1014,1014,6,8,retained,0;1;2;3;4;5
1015,1015,1015,6,7,retained,0;1;2;3;4;5
1016,1016,1016,6,8,retained,0;1;2;3;4;5
1017,1017,1017,6,8,retained,0;1;2;3;4;5
1018,1018,1018,6,8,retained,0;1;2;3;4;5
1019,1019,1019,6,8,retained,0;1;2;3;4;5
1020,1020,1020,6,8,retained,0;1;2;3;4;5
1021,1021,1021,6,7,retained,0;1;2;3;4;5
1022,1022,1022,6,8,retained,0;1;2;3;4;5
1023,1023,1023,6,7,retained,0;1;2;3;4;5
1024,1024,1024,6,8,retained,0;1;2;3;4;5
1025,1025,1025,6,7,retained,0;1;2;3;4;5
1026,1026,1026,6,8,retained,0;1;2;3;4;5
1027,1027,1027,6,8,retained,0;1;2;3;4;5
1028,1028,1028,6,7,retained,0;1;2;3;4;5
1029,1029,1029,6,8,retained,0;1;2;3;4;5
1030,1030,1030,6,8,retained,0;1;2;3;4;5
1031,1031,1031,6,7,retained,0;1;2;3;4;5
1032,1032,1032,6,8,retained,0;1;2;3;4;5
1033,1033,1033,6,7,retained,0;1;2;3;4;5
1034,1034,1034,6,8,retained,0;1;2;3;4;5
1035,1035,1035,6,8,retained,0;1;2;3;4;5
1036,1036,1036,6,8,retained,0;1;2;3;4;5
1037,1037,1037,6,8,retained,0;1;2;3;4;5
1038,1038,1038,6,8,retained,0;1;2;3;4;5
1039,1039,1039,6,1,retained,0;1;2;3;4;5
1040,1040,1040,6,2,retained,0;1;2;3;4;5
1041,1041,1041,6,4,retained,0;1;2;3;4;5
1042,1042,1042,6,6,retained,0;1;2;3;4;5
1043,1043,1043,6,8,retained,0;1;2;3;4;5
1044,1044,1044,6,1,retained,0;1;2;3;4;5
1045,1045,1045,6,3,retained,0;1;2;3;4;5
1046,1046,1046,6,5,retained,0;1;2;3;4;5
1047,1047,1047,6,7,retained,0;1;2;3;4;5
1048,1048,1048,6,2,retained,0;1;2;3;4;5
1049,1049,1049,6,4,retained,0;1;2;3;4;5
1050,1050,1050,6,6,retained,0;1;2;3;4;5
1051,1051,1051,6,8,retained,0;1;2;3;4;5
1052,1052,1052,6,3,retained,0;1;2;3;4;5
1053,1053,1053,6,5,retained,0;1;2;3;4;5
1054,1054,1054,6,7,retained,0;1;2;3;4;5
1055,1055,1055,6,4,retained,0;1;2;3;4;5
1056,1056,1056,6,6,retained,0;1;2;3;4;5
1057,1057,1057,6,8,retained,0;1;2;3;4;5
1058,1058,1058,6,5,retained,0;1;2;3;4;5
1059,1059,1059,6,7,retained,0;1;2;3;4;5
1060,1060,1060,6,6,retained,0;1;2;3;4;5
1061,1061,1061,6,8,retained,0;1;2;3;4;5
1062,1062,1062,6,7,retained,0;1;2;3;4;5
1063,1063,1063,6,8,retained,0;1;2;3;4;5
1064,1064,1064,6,2,retained,0;1;2;3;4;5
1065,1065,1065,6,3,retained,0;1;2;3;4;5
1066,1066,1066,6,2,retained,0;1;2;3;4;5
1067,1067,1067,6,6,retained,0;1;2;3;4;5
1068,1068,1068,6,2,retained,0;1;2;3;4;5
1069,1069,1069,6,2,retained,0;1;2;3;4;5
1070,1070,1070,6,5,retained,0;1;2;3;4;5
1071,1071,1071,6,3,retained,0;1;2;3;4;5
1072,1072,1072,6,4,retained,0;1;2;3;4;5
1073,1073,1073,6,4,retained,0;1;2;3;4;5
1074,1074,1074,6,7,retained,0;1;2;3;4;5
1075,1075,1075,6,4,retained,0;1;2;3;4;5
1076,1076,1076,6,5,retained,0;1;2;3;4;5
1077,1077,1077,6,6,retained,0;1;2;3;4;5
1078,1078,1078,6,6,retained,0;1;2;3;4;5
1079,1079,1079,6,7,retained,0;1;2;3;4;5
1080,1080,1080,6,8,retained,0;1;2;3;4;5
1081,1081,1081,6,8,retained,0;1;2;3;4;5
1082,1082,1082,6,8,retained,0;1;2;3;4;5
1083,1083,1083,6,4,retained,0;1;2;3;4;5
1084,1084,1084,6,5,retained,0;1;2;3;4;5
1085,1085,1085,6,8,retained,0;1;2;3;4;5
1086,1086,1086,6,6,retained,0;1;2;3;4;5
1087,1087,1087,6,7,retained,0;1;2;3;4;5
1088,1088,1088,6,8,retained,0;1;2;3;4;5
1089,1089,1089,6,8,retained,0;1;2;3;4;5
1090,1090,1090,6,3,retained,0;1;2;3;4;5
1091,1091,1091,6,1,retained,0;1;2;3;4;5
1092,1092,1092,6,8,retained,0;1;2;3;4;5
1093,1093,1093,6,4,retained,0;1;2;3;4;5
1094,1094,1094,6,6,retained,0;1;2;3;4;5
1095,1095,1095,6,3,retained,0;1;2;3;4;5
1096,1096,1096,6,8,retained,0;1;2;3;4;5
1097,1097,1097,6,5,retained,0;1;2;3;4;5
1098,1098,1098,6,7,retained,0;1;2;3;4;5
1099,1099,1099,6,6,retained,0;1;2;3;4;5
1100,1100,1100,6,8,retained,0;1;2;3;4;5
1101,1101,1101,6,7,retained,0;1;2;3;4;5
1102,1102,1102,6,3,retained,0;1;2;3;4;5
1103,1103,1103,6,6,retained,0;1;2;3;4;5
1104,1104,1104,6,8,retained,0;1;2;3;4;5
1105,1105,1105,6,5,retained,0;1;2;3;4;5
1106,1106,1106,6,3,retained,0;1;2;3;4;5
1107,1107,1107,6,4,retained,0;1;2;3;4;5
1108,1108,1108,6,8,retained,0;1;2;3;4;5
1109,1109,1109,6,5,retained,0;1;2;3;4;5
1110,1110,1110,6,6,retained,0;1;2;3;4;5
1111,1111,1111,6,7,retained,0;1;2;3;4;5
1112,1112,1112,6,8,retained,0;1;2;3;4;5
1113,1113,1113,6,6,retained,0;1;2;3;4;5
1114,1114,1114,6,8,retained,0;1;2;3;4;5
1115,1115,1115,6,5,retained,0;1;2;3;4;5
1116,1116,1116,6,5,retained,0;1;2;3;4;5
1117,1117,1117,6,5,retained,0;1;2;3;4;5
1118,1118,1118,6,6,retained,0;1;2;3;4;5
1119,1119,1119,6,5,retained,0;1;2;3;4;5
1120,1120,1120,6,5,retained,0;1;2;3;4;5
1121,1121,1121,6,6,retained,0;1;2;3;4;5
1122,1122,1122,6,5,retained,0;1;2;3;4;5
1123,1123,1123,6,7,retained,0;1;2;3;4;5
1124,1124,1124,6,5,retained,0;1;2;3;4;5
1125,1125,1125,6,5,retained,0;1;2;3;4;5
1126,1126,1126,6,7,retained,0;1;2;3;4;5
1127,1127,1127,6,5,retained,0;1;2;3;4;5
1128,1128,1128,6,5,retained,0;1;2;3;4;5
1129,1129,1129,6,8,retained,0;1;2;3;4;5
1130,1130,1130,6,8,retained,0;1;2;3;4;5
1131,1131,1131,6,6,retained,0;1;2;3;4;5
1132,1132,1132,6,6,retained,0;1;2;3;4;5
1133,1133,1133,6,6,retained,0;1;2;3;4;5
1134,1134,1134,6,8,retained,0;1;2;3;4;5
1135,1135,1135,6,8,retained,0;1;2;3;4;5
1136,1136,1136,6,8,retained,0;1;2;3;4;5
1137,1137,1137,6,8,retained,0;1;2;3;4;5
1138,1138,1138,6,7,retained,0;1;2;3;4;5
1139,1139,1139,6,8,retained,0;1;2;3;4;5
1140,1140,1140,6,7,retained,0;1;2;3;4;5
1141,1141,1141,6,7,retained,0;1;2;3;4;5
1142,1142,1142,6,2,retained,0;1;2;3;4;5
1143,1143,1143,6,6,retained,0;1;2;3;4;5
1144,1144,1144,6,5,retained,0;1;2;3;4;5
1145,1145,1145,6,7,retained,0;1;2;3;4;5
1146,1146,1146,6,4,retained,0;1;2;3;4;5
1147,1147,1147,6,6,retained,0;1;2;3;4;5
1148,1148,1148,6,4,retained,0;1;2;3;4;5
1149,1149,1149,6,7,retained,0;1;2;3;4;5
1150,1150,1150,6,8,retained,0;1;2;3;4;5
1151,1151,1151,6,6,retained,0;1;2;3;4;5
1152,1152,1152,6,6,retained,0;1;2;3;4;5
1153,1153,1153,6,6,retained,0;1;2;3;4;5
1154,1154,1154,6,7,retained,0;1;2;3;4;5
1155,1155,1155,6,8,retained,0;1;2;3;4;5
1156,1156,1156,6,8,retained,0;1;2;3;4;5
1157,1157,1157,6,8,retained,0;1;2;3;4;5
1158,1158,1158,6,8,retained,0;1;2;3;4;5
1159,1159,1159,6,8,retained,0;1;2;3;4;5
1160,1160,1160,6,8,retained,0;1;2;3;4;5
1161,1161,1161,6,3,retained,0;1;2;3;4;5
1162,1162,1162,6,4,retained,0;1;2;3;4;5
1163,1163,1163,6,8,retained,0;1;2;3;4;5
1164,1164,1164,6,7,retained,0;1;2;3;4;5
1165,1165,1165,6,8,retained,0;1;2;3;4;5
1166,1166,1166,6,5,retained,0;1;2;3;4;5
1167,1167,1167,6,8,retained,0;1;2;3;4;5
1168,1168,1168,6,8,retained,0;1;2;3;4;5
1169,1169,1169,6,8,retained,0;1;2;3;4;5
1170,1170,1170,6,7,retained,0;1;2;3;4;5
1171,1171,1171,6,8,retained,0;1;2;3;4;5
1172,1172,1172,6,7,retained,0;1;2;3;4;5
1173,1173,1173,6,7,retained,0;1;2;3;4;5
1174,1174,1174,6,4,retained,0;1;2;3;4;5
1175,1175,1175,6,6,retained,0;1;2;3;4;5
1176,1176,1176,6,6,retained,0;1;2;3;4;5
1177,1177,1177,6,6,retained,0;1;2;3;4;5
1178,1178,1178,6,8,retained,0;1;2;3;4;5
1179,1179,1179,6,8,retained,0;1;2;3;4;5
1180,1180,1180,6,5,retained,0;1;2;3;4;5
1181,1181,1181,6,8,retained,0;1;2;3;4;5
1182,1182,1182,6,7,retained,0;1;2;3;4;5
1183,1183,1183,6,6,retained,0;1;2;3;4;5
1184,1184,1184,6,8,retained,0;1;2;3;4;5
1185,1185,1185,6,7,retained,0;1;2;3;4;5
1186,1186,1186,6,8,retained,0;1;2;3;4;5
1187,1187,1187,6,2,retained,0;1;2;3;4;5
1188,1188,1188,6,3,retained,0;1;2;3;4;5
1189,1189,1189,6,5,retained,0;1;2;3;4;5
1190,1190,1190,6,7,retained,0;1;2;3;4;5
1191,1191,1191,6,2,retained,0;1;2;3;4;5
1192,1192,1192,6,4,retained,0;1;2;3;4;5
1193,1193,1193,6,6,retained,0;1;2;3;4;5
1194,1194,1194,6,8,retained,0;1;2;3;4;5
1195,1195,1195,6,3,retained,0;1;2;3;4;5
1196,1196,1196,6,5,retained,0;1;2;3;4;5
1197,1197,1197,6,7,retained,0;1;2;3;4;5
1198,1198,1198,6,4,retained,0;1;2;3;4;5
1199,1199,1199,6,6,retained,0;1;2;3;4;5
1200,1200,1200,6,8,retained,0;1;2;3;4;5
1201,1201,1201,6,5,retained,0;1;2;3;4;5
1202,1202,1202,6,7,retained,0;1;2;3;4;5
1203,1203,1203,6,6,retained,0;1;2;3;4;5
1204,1204,1204,6,8,retained,0;1;2;3;4;5
1205,1205,1205,6,7,retained,0;1;2;3;4;5
1206,1206,1206,6,8,retained,0;1;2;3;4;5
1207,1207,1207,6,2,retained,0;1;2;3;4;5
1208,1208,1208,6,4,retained,0;1;2;3;4;5
1209,1209,1209,6,8,retained,0;1;2;3;4;5
1210,1210,1210,6,3,retained,0;1;2;3;4;5
1211,1211,1211,6,6,retained,0;1;2;3;4;5
1212,1212,1212,6,5,retained,0;1;2;3;4;5
1213,1213,1213,6,8,retained,0;1;2;3;4;5
1214,1214,1214,6,6,retained,0;1;2;3;4;5
1215,1215,1215,6,7,retained,0;1;2;3;4;5
1216,1216,1216,6,8,retained,0;1;2;3;4;5
1217,1217,1217,6,5,retained,0;1;2;3;4;5
1218,1218,1218,6,7,retained,0;1;2;3;4;5
1219,1219,1219,6,7,retained,0;1;2;3;4;5
1220,1220,1220,6,8,retained,0;1;2;3;4;5
1221,1221,1221,6,5,retained,0;1;2;3;4;5
1222,1222,1222,6,2,retained,0;1;2;3;4;5
1223,1223,1223,6,6,retained,0;1;2;3;4;5
1224,1224,1224,6,4,retained,0;1;2;3;4;5
1225,1225,1225,6,8,retained,0;1;2;3;4;5
1226,1226,1226,6,4,retained,0;1;2;3;4;5
1227,1227,1227,6,6,retained,0;1;2;3;4;5
1228,1228,1228,6,6,retained,0;1;2;3;4;5
1229,1229,1229,6,8,retained,0;1;2;3;4;5
1230,1230,1230,6,8,retained,0;1;2;3;4;5
1231,1231,1231,6,5,retained,0;1;2;3;4;5
1232,1232,1232,6,3,retained,0;1;2;3;4;5
1233,1233,1233,6,7,retained,0;1;2;3;4;5
1234,1234,1234,6,4,retained,0;1;2;3;4;5
1235,1235,1235,6,4,retained,0;1;2;3;4;5
1236,1236,1236,6,7,retained,0;1;2;3;4;5
1237,1237,1237,6,6,retained,0;1;2;3;4;5
1238,1238,1238,6,7,retained,0;1;2;3;4;5
1239,1239,1239,6,7,retained,0;1;2;3;4;5
1240,1240,1240,6,5,retained,0;1;2;3;4;5
1241,1241,1241,6,5,retained,0;1;2;3;4;5
1242,1242,1242,6,5,retained,0;1;2;3;4;5
1243,1243,1243,6,8,retained,0;1;2;3;4;5
1244,1244,1244,6,7,retained,0;1;2;3;4;5
1245,1245,1245,6,5,retained,0;1;2;3;4;5
1246,1246,1246,6,5,retained,0;1;2;3;4;5
1247,1247,1247,6,5,retained,0;1;2;3;4;5
1248,1248,1248,6,5,retained,0;1;2;3;4;5
1249,1249,1249,6,6,retained,0;1;2;3;4;5
1250,1250,1250,6,8,retained,0;1;2;3;4;5
1251,1251,1251,6,5,retained,0;1;2;3;4;5
1252,1252,1252,6,5,retained,0;1;2;3;4;5
1253,1253,1253,6,5,retained,0;1;2;3;4;5
1254,1254,1254,6,5,retained,0;1;2;3;4;5
1255,1255,1255,6,7,retained,0;1;2;3;4;5
1256,1256,1256,6,6,retained,0;1;2;3;4;5
1257,1257,1257,6,7,retained,0;1;2;3;4;5
1258,1258,1258,6,7,retained,0;1;2;3;4;5
1259,1259,1259,6,7,retained,0;1;2;3;4;5
1260,1260,1260,6,7,retained,0;1;2;3;4;5
1261,1261,1261,6,8,retained,0;1;2;3;4;5
1262,1262,1262,6,8,retained,0;1;2;3;4;5
1263,1263,1263,6,8,retained,0;1;2;3;4;5
1264,1264,1264,6,2,retained,0;1;2;3;4;5
1265,1265,1265,6,4,retained,0;1;2;3;4;5
1266,1266,1266,6,7,retained,0;1;2;3;4;5
1267,1267,1267,6,6,retained,0;1;2;3;4;5
1268,1268,1268,6,7,retained,0;1;2;3;4;5
1269,1269,1269,6,4,retained,0;1;2;3;4;5
1270,1270,1270,6,5,retained,0;1;2;3;4;5
1271,1271,1271,6,6,retained,0;1;2;3;4;5
1272,1272,1272,6,4,retained,0;1;2;3;4;5
1273,1273,1273,6,8,retained,0;1;2;3;4;5
1274,1274,1274,6,7,retained,0;1;2;3;4;5
1275,1275,1275,6,7,retained,0;1;2;3;4;5
1276,1276,1276,6,8,retained,0;1;2;3;4;5
1277,1277,1277,6,7,retained,0;1;2;3;4;5
1278,1278,1278,6,6,retained,0;1;2;3;4;5
1279,1279,1279,6,8,retained,0;1;2;3;4;5
1280,1280,1280,6,6,retained,0;1;2;3;4;5
1281,1281,1281,6,8,retained,0;1;2;3;4;5
1282,1282,1282,6,6,retained,0;1;2;3;4;5
1283,1283,1283,6,8,retained,0;1;2;3;4;5
1284,1284,1284,6,8,retained,0;1;2;3;4;5
1285,1285,1285,6,8,retained,0;1;2;3;4;5
1286,1286,1286,6,8,retained,0;1;2;3;4;5
1287,1287,1287,6,8,retained,0;1;2;3;4;5
1288,1288,1288,6,8,retained,0;1;2;3;4;5
1289,1289,1289,6,8,retained,0;1;2;3;4;5
1290,1290,1290,6,8,retained,0;1;2;3;4;5
1291,1291,1291,6,8,retained,0;1;2;3;4;5
1292,1292,1292,6,3,retained,0;1;2;3;4;5
1293,1293,1293,6,8,retained,0;1;2;3;4;5
1294,1294,1294,6,8,retained,0;1;2;3;4;5
1295,1295,1295,6,8,retained,0;1;2;3;4;5
1296,1296,1296,6,8,retained,0;1;2;3;4;5
1297,1297,1297,6,5,retained,0;1;2;3;4;5
1298,1298,1298,6,7,retained,0;1;2;3;4;5
1299,1299,1299,6,7,retained,0;1;2;3;4;5
1300,1300,1300,6,8,retained,0;1;2;3;4;5
1301,1301,1301,6,8,retained,0;1;2;3;4;5
1302,1302,1302,6,4,retained,0;1;2;3;4;5
1303,1303,1303,6,6,retained,0;1;2;3;4;5
1304,1304,1304,6,7,retained,0;1;2;3;4;5
1305,1305,1305,6,8,retained,0;1;2;3;4;5
1306,1306,1306,6,5,retained,0;1;2;3;4;5
1307,1307,1307,6,6,retained,0;1;2;3;4;5
1308,1308,1308,6,7,retained,0;1;2;3;4;5
1309,1309,1309,6,6,retained,0;1;2;3;4;5
1310,1310,1310,6,8,retained,0;1;2;3;4;5
1311,1311,1311,6,8,retained,0;1;2;3;4;5
1312,1312,1312,6,7,retained,0;1;2;3;4;5
1313,1313,1313,6,8,retained,0;1;2;3;4;5
1314,1314,1314,6,3,retained,0;1;2;3;4;5
1315,1315,1315,6,8,retained,0;1;2;3;4;5
1316,1316,1316,6,5,retained,0;1;2;3;4;5
1317,1317,1317,6,7,retained,0;1;2;3;4;5
1318,1318,1318,6,4,retained,0;1;2;3;4;5
1319,1319,1319,6,3,retained,0;1;2;3;4;5
1320,1320,1320,6,8,retained,0;1;2;3;4;5
1321,1321,1321,6,6,retained,0;1;2;3;4;5
1322,1322,1322,6,5,retained,0;1;2;3;4;5
1323,1323,1323,6,8,retained,0;1;2;3;4;5
1324,1324,1324,6,7,retained,0;1;2;3;4;5
1325,1325,1325,6,7,retained,0;1;2;3;4;5
1326,1326,1326,6,8,retained,0;1;2;3;4;5
1327,1327,1327,6,8,retained,0;1;2;3;4;5
1328,1328,1328,6,5,retained,0;1;2;3;4;5
1329,1329,1329,6,7,retained,0;1;2;3;4;5
1330,1330,1330,6,7,retained,0;1;2;3;4;5
1331,1331,1331,6,5,retained,0;1;2;3;4;5
1332,1332,1332,6,7,retained,0;1;2;3;4;5
1333,1333,1333,6,5,retained,0;1;2;3;4;5
1334,1334,1334,6,8,retained,0;1;2;3;4;5
1335,1335,1335,6,8,retained,0;1;2;3;4;5
1336,1336,1336,6,5,retained,0;1;2;3;4;5
1337,1337,1337,6,5,retained,0;1;2;3;4;5
1338,1338,1338,6,5,retained,0;1;2;3;4;5
1339,1339,1339,6,6,retained,0;1;2;3;4;5
1340,1340,1340,6,6,retained,0;1;2;3;4;5
1341,1341,1341,6,6,retained,0;1;2;3;4;5
1342,1342,1342,6,6,retained,0;1;2;3;4;5
1343,1343,1343,6,6,retained,0;1;2;3;4;5
1344,1344,1344,6,8,retained,0;1;2;3;4;5
1345,1345,1345,6,8,retained,0;1;2;3;4;5
1346,1346,1346,6,8,retained,0;1;2;3;4;5
1347,1347,1347,6,8,retained,0;1;2;3;4;5
1348,1348,1348,6,7,retained,0;1;2;3;4;5
1349,1349,1349,6,3,retained,0;1;2;3;4;5
1350,1350,1350,6,7,retained,0;1;2;3;4;5
1351,1351,1351,6,4,retained,0;1;2;3;4;5
1352,1352,1352,6,6,retained,0;1;2;3;4;5
1353,1353,1353,6,5,retained,0;1;2;3;4;5
1354,1354,1354,6,6,retained,0;1;2;3;4;5
1355,1355,1355,6,7,retained,0;1;2;3;4;5
1356,1356,1356,6,8,retained,0;1;2;3;4;5
1357,1357,1357,6,8,retained,0;1;2;3;4;5
1358,1358,1358,6,8,retained,0;1;2;3;4;5
1359,1359,1359,6,8,retained,0;1;2;3;4;5
1360,1360,1360,6,8,retained,0;1;2;3;4;5
1361,1361,1361,6,8,retained,0;1;2;3;4;5
1362,1362,1362,6,8,retained,0;1;2;3;4;5
1363,1363,1363,6,4,retained,0;1;2;3;4;5
1364,1364,1364,6,5,retained,0;1;2;3;4;5
1365,1365,1365,6,8,retained,0;1;2;3;4;5
1366,1366,1366,6,7,retained,0;1;2;3;4;5
1367,1367,1367,6,5,retained,0;1;2;3;4;5
1368,1368,1368,6,6,retained,0;1;2;3;4;5
1369,1369,1369,6,6,retained,0;1;2;3;4;5
1370,1370,1370,6,6,retained,0;1;2;3;4;5
1371,1371,1371,6,8,retained,0;1;2;3;4;5
1372,1372,1372,6,7,retained,0;1;2;3;4;5
1373,1373,1373,6,7,retained,0;1;2;3;4;5
1374,1374,1374,6,8,retained,0;1;2;3;4;5
1375,1375,1375,6,6,retained,0;1;2;3;4;5
1376,1376,1376,6,8,retained,0;1;2;3;4;5
1377,1377,1377,6,8,retained,0;1;2;3;4;5
1378,1378,1378,6,8,retained,0;1;2;3;4;5
1379,1379,1379,6,8,retained,0;1;2;3;4;5
1380,1380,1380,6,6,retained,0;1;2;3;4;5
1381,1381,1381,6,6,retained,0;1;2;3;4;5
1382,1382,1382,6,8,retained,0;1;2;3;4;5
1383,1383,1383,6,4,retained,0;1;2;3;4;5
1384,1384,1384,6,8,retained,0;1;2;3;4;5
1385,1385,1385,6,6,retained,0;1;2;3;4;5
1386,1386,1386,6,8,retained,0;1;2;3;4;5
1387,1387,1387,6,7,retained,0;1;2;3;4;5
1388,1388,1388,6,8,retained,0;1;2;3;4;5
1389,1389,1389,6,5,retained,0;1;2;3;4;5
1390,1390,1390,6,5,retained,0;1;2;3;4;5
1391,1391,1391,6,5,retained,0;1;2;3;4;5
1392,1392,1392,6,8,retained,0;1;2;3;4;5
1393,1393,1393,6,5,retained,0;1;2;3;4;5
1394,1394,1394,6,7,retained,0;1;2;3;4;5
1395,1395,1395,6,8,retained,0;1;2;3;4;5
1396,1396,1396,6,7,retained,0;1;2;3;4;5
1397,1397,1397,6,7,retained,0;1;2;3;4;5
1398,1398,1398,6,6,retained,0;1;2;3;4;5
1399,1399,1399,6,7,retained,0;1;2;3;4;5
1400,1400,1400,6,8,retained,0;1;2;3;4;5
1401,1401,1401,6,8,retained,0;1;2;3;4;5
1402,1402,1402,6,8,retained,0;1;2;3;4;5
1403,1403,1403,6,8,retained,0;1;2;3;4;5
1404,1404,1404,6,4,retained,0;1;2;3;4;5
1405,1405,1405,6,6,retained,0;1;2;3;4;5
1406,1406,1406,6,8,retained,0;1;2;3;4;5
1407,1407,1407,6,6,retained,0;1;2;3;4;5
1408,1408,1408,6,8,retained,0;1;2;3;4;5
1409,1409,1409,6,8,retained,0;1;2;3;4;5
1410,1410,1410,6,7,retained,0;1;2;3;4;5
1411,1411,1411,6,8,retained,0;1;2;3;4;5
1412,1412,1412,6,6,retained,0;1;2;3;4;5
1413,1413,1413,6,6,retained,0;1;2;3;4;5
1414,1414,1414,6,8,retained,0;1;2;3;4;5
1415,1415,1415,6,6,retained,0;1;2;3;4;5
1416,1416,1416,6,8,retained,0;1;2;3;4;5
1417,1417,1417,6,7,retained,0;1;2;3;4;5
1418,1418,1418,6,7,retained,0;1;2;3;4;5
1419,1419,1419,6,5,retained,0;1;2;3;4;5
1420,1420,1420,6,6,retained,0;1;2;3;4;5
1421,1421,1421,6,8,retained,0;1;2;3;4;5
1422,1422,1422,6,5,retained,0;1;2;3;4;5
1423,1423,1423,6,7,retained,0;1;2;3;4;5
1424,1424,1424,6,6,retained,0;1;2;3;4;5
1425,1425,1425,6,8,retained,0;1;2;3;4;5
1426,1426,1426,6,7,retained,0;1;2;3;4;5
1427,1427,1427,6,8,retained,0;1;2;3;4;5
1428,1428,1428,6,6,retained,0;1;2;3;4;5
1429,1429,1429,6,7,retained,0;1;2;3;4;5
1430,1430,1430,6,8,retained,0;1;2;3;4;5
1431,1431,1431,6,5,retained,0;1;2;3;4;5
1432,1432,1432,6,7,retained,0;1;2;3;4;5
1433,1433,1433,6,5,retained,0;1;2;3;4;5
1434,1434,1434,6,8,retained,0;1;2;3;4;5
1435,1435,1435,6,6,retained,0;1;2;3;4;5
1436,1436,1436,6,8,retained,0;1;2;3;4;5
1437,1437,1437,6,7,retained,0;1;2;3;4;5
1438,1438,1438,6,8,retained,0;1;2;3;4;5
1439,1439,1439,6,5,retained,0;1;2;3;4;5
1440,1440,1440,6,6,retained,0;1;2;3;4;5
1441,1441,1441,6,8,retained,0;1;2;3;4;5
1442,1442,1442,6,7,retained,0;1;2;3;4;5
1443,1443,1443,6,8,retained,0;1;2;3;4;5
1444,1444,1444,6,8,retained,0;1;2;3;4;5
1445,1445,1445,6,5,retained,0;1;2;3;4;5
1446,1446,1446,6,6,retained,0;1;2;3;4;5
1447,1447,1447,6,7,retained,0;1;2;3;4;5
1448,1448,1448,6,8,retained,0;1;2;3;4;5
1449,1449,1449,6,5,retained,0;1;2;3;4;5
1450,1450,1450,6,7,retained,0;1;2;3;4;5
1451,1451,1451,6,7,retained,0;1;2;3;4;5
1452,1452,1452,6,7,retained,0;1;2;3;4;5
1453,1453,1453,6,6,retained,0;1;2;3;4;5
1454,1454,1454,6,8,retained,0;1;2;3;4;5
1455,1455,1455,6,8,retained,0;1;2;3;4;5
1456,1456,1456,6,7,retained,0;1;2;3;4;5
1457,1457,1457,6,8,retained,0;1;2;3;4;5
1458,1458,1458,6,8,retained,0;1;2;3;4;5
1459,1459,1459,6,7,retained,0;1;2;3;4;5
1460,1460,1460,6,6,retained,0;1;2;3;4;5
1461,1461,1461,6,8,retained,0;1;2;3;4;5
1462,1462,1462,6,8,retained,0;1;2;3;4;5
1463,1463,1463,6,7,retained,0;1;2;3;4;5
1464,1464,1464,6,7,retained,0;1;2;3;4;5
1465,1465,1465,6,6,retained,0;1;2;3;4;5
1466,1466,1466,6,7,retained,0;1;2;3;4;5
1467,1467,1467,6,8,retained,0;1;2;3;4;5
1468,1468,1468,6,6,retained,0;1;2;3;4;5
1469,1469,1469,6,8,retained,0;1;2;3;4;5
1470,1470,1470,6,8,retained,0;1;2;3;4;5
1471,1471,1471,6,8,retained,0;1;2;3;4;5
1472,1472,1472,6,7,retained,0;1;2;3;4;5
1473,1473,1473,6,7,retained,0;1;2;3;4;5
1474,1474,1474,6,7,retained,0;1;2;3;4;5
1475,1475,1475,6,8,retained,0;1;2;3;4;5
1476,1476,1476,6,8,retained,0;1;2;3;4;5
1477,1477,1477,6,7,retained,0;1;2;3;4;5
1478,1478,1478,6,8,retained,0;1;2;3;4;5
1479,1479,1479,6,8,retained,0;1;2;3;4;5
1480,1480,1480,6,2,retained,0;1;2;3;4;5
1481,1481,1481,6,2,retained,0;1;2;3;4;5
1482,1482,1482,6,2,retained,0;1;2;3;4;5
1483,1483,1483,6,3,retained,0;1;2;3;4;5
1484,1484,1484,6,4,retained,0;1;2;3;4;5
1485,1485,1485,6,5,retained,0;1;2;3;4;5
1486,1486,1486,6,6,retained,0;1;2;3;4;5
1487,1487,1487,6,7,retained,0;1;2;3;4;5
1488,1488,1488,6,8,retained,0;1;2;3;4;5
1489,1489,1489,6,2,retained,0;1;2;3;4;5
1490,1490,1490,6,6,retained,0;1;2;3;4;5
1491,1491,1491,6,2,retained,0;1;2;3;4;5
1492,1492,1492,6,8,retained,0;1;2;3;4;5
1493,1493,1493,6,3,retained,0;1;2;3;4;5
1494,1494,1494,6,3,retained,0;1;2;3;4;5
1495,1495,1495,6,7,retained,0;1;2;3;4;5
1496,1496,1496,6,4,retained,0;1;2;3;4;5
1497,1497,1497,6,4,retained,0;1;2;3;4;5
1498,1498,1498,6,7,retained,0;1;2;3;4;5
1499,1499,1499,6,5,retained,0;1;2;3;4;5
1500,1500,1500,6,6,retained,0;1;2;3;4;5
1501,1501,1501,6,6,retained,0;1;2;3;4;5
1502,1502,1502,6,8,retained,0;1;2;3;4;5
1503,1503,1503,6,7,retained,0;1;2;3;4;5
1504,1504,1504,6,8,retained,0;1;2;3;4;5
1505,1505,1505,6,3,retained,0;1;2;3;4;5
1506,1506,1506,6,2,retained,0;1;2;3;4;5
1507,1507,1507,6,3,retained,0;1;2;3;4;5
1508,1508,1508,6,6,retained,0;1;2;3;4;5
1509,1509,1509,6,4,retained,0;1;2;3;4;5
1510,1510,1510,6,4,retained,0;1;2;3;4;5
1511,1511,1511,6,6,retained,0;1;2;3;4;5
1512,1512,1512,6,8,retained,0;1;2;3;4;5
1513,1513,1513,6,5,retained,0;1;2;3;4;5
1514,1514,1514,6,4,retained,0;1;2;3;4;5
1515,1515,1515,6,4,retained,0;1;2;3;4;5
1516,1516,1516,6,4,retained,0;1;2;3;4;5
1517,1517,1517,6,5,retained,0;1;2;3;4;5
1518,1518,1518,6,5,retained,0;1;2;3;4;5
1519,1519,1519,6,4,retained,0;1;2;3;4;5
1520,1520,1520,6,4,retained,0;1;2;3;4;5
1521,1521,1521,6,5,retained,0;1;2;3;4;5
1522,1522,1522,6,6,retained,0;1;2;3;4;5
1523,1523,1523,6,7,retained,0;1;2;3;4;5
1524,1524,1524,6,8,retained,0;1;2;3;4;5
1525,1525,1525,6,7,retained,0;1;2;3;4;5
1526,1526,1526,6,5,retained,0;1;2;3;4;5
1527,1527,1527,6,4,retained,0;1;2;3;4;5
1528,1528,1528,6,5,retained,0;1;2;3;4;5
1529,1529,1529,6,4,retained,0;1;2;3;4;5
1530,1530,1530,6,5,retained,0;1;2;3;4;5
1531,1531,1531,6,6,retained,0;1;2;3;4;5
1532,1532,1532,6,6,retained,0;1;2;3;4;5
1533,1533,1533,6,6,retained,0;1;2;3;4;5
1534,1534,1534,6,7,retained,0;1;2;3;4;5
1535,1535,1535,6,7,retained,0;1;2;3;4;5
1536,1536,1536,6,8,retained,0;1;2;3;4;5
1537,1537,1537,6,6,retained,0;1;2;3;4;5
1538,1538,1538,6,6,retained,0;1;2;3;4;5
1539,1539,1539,6,7,retained,0;1;2;3;4;5
1540,1540,1540,6,7,retained,0;1;2;3;4;5
1541,1541,1541,6,8,retained,0;1;2;3;4;5
1542,1542,1542,6,7,retained,0;1;2;3;4;5
1543,1543,1543,6,7,retained,0;1;2;3;4;5
1544,1544,1544,6,8,retained,0;1;2;3;4;5
1545,1545,1545,6,8,retained,0;1;2;3;4;5
1546,1546,1546,6,8,retained,0;1;2;3;4;5
1547,1547,1547,6,8,retained,0;1;2;3;4;5
1548,1548,1548,6,8,retained,0;1;2;3;4;5
1549,1549,1549,6,8,retained,0;1;2;3;4;5
1550,1550,1550,6,2,retained,0;1;2;3;4;5
1551,1551,1551,6,3,retained,0;1;2;3;4;5
1552,1552,1552,6,6,retained,0;1;2;3;4;5
1553,1553,1553,6,5,retained,0;1;2;3;4;5
1554,1554,1554,6,2,retained,0;1;2;3;4;5
1555,1555,1555,6,3,retained,0;1;2;3;4;5
1556,1556,1556,6,6,retained,0;1;2;3;4;5
1557,1557,1557,6,5,retained,0;1;2;3;4;5
1558,1558,1558,6,6,retained,0;1;2;3;4;5
1559,1559,1559,6,6,retained,0;1;2;3;4;5
1560,1560,1560,6,4,retained,0;1;2;3;4;5
1561,1561,1561,6,6,retained,0;1;2;3;4;5
1562,1562,1562,6,4,retained,0;1;2;3;4;5
1563,1563,1563,6,6,retained,0;1;2;3;4;5
1564,1564,1564,6,8,retained,0;1;2;3;4;5
1565,1565,1565,6,6,retained,0;1;2;3;4;5
1566,1566,1566,6,6,retained,0;1;2;3;4;5
1567,1567,1567,6,8,retained,0;1;2;3;4;5
1568,1568,1568,6,6,retained,0;1;2;3;4;5
1569,1569,1569,6,7,retained,0;1;2;3;4;5
1570,1570,1570,6,8,retained,0;1;2;3;4;5
1571,1571,1571,6,1,retained,0;1;2;3;4;5
1572,1572,1572,6,2,retained,0;1;2;3;4;5
1573,1573,1573,6,3,retained,0;1;2;3;4;5
1574,1574,1574,6,8,retained,0;1;2;3;4;5
1575,1575,1575,6,4,retained,0;1;2;3;4;5
1576,1576,1576,6,4,retained,0;1;2;3;4;5
1577,1577,1577,6,6,retained,0;1;2;3;4;5
1578,1578,1578,6,3,retained,0;1;2;3;4;5
1579,1579,1579,6,7,retained,0;1;2;3;4;5
1580,1580,1580,6,7,retained,0;1;2;3;4;5
1581,1581,1581,6,8,retained,0;1;2;3;4;5
1582,1582,1582,6,3,retained,0;1;2;3;4;5
1583,1583,1583,6,7,retained,0;1;2;3;4;5
1584,1584,1584,6,8,retained,0;1;2;3;4;5
1585,1585,1585,6,3,retained,0;1;2;3;4;5
1586,1586,1586,6,7,retained,0;1;2;3;4;5
1587,1587,1587,6,7,retained,0;1;2;3;4;5
1588,1588,1588,6,5,retained,0;1;2;3;4;5
1589,1589,1589,6,8,retained,0;1;2;3;4;5
1590,1590,1590,6,8,retained,0;1;2;3;4;5
1591,1591,1591,6,7,retained,0;1;2;3;4;5
1592,1592,1592,6,6,retained,0;1;2;3;4;5
1593,1593,1593,6,6,retained,0;1;2;3;4;5
1594,1594,1594,6,8,retained,0;1;2;3;4;5
1595,1595,1595,6,8,retained,0;1;2;3;4;5
1596,1596,1596,6,8,retained,0;1;2;3;4;5
1597,1597,1597,6,8,retained,0;1;2;3;4;5
1598,1598,1598,6,6,retained,0;1;2;3;4;5
1599,1599,1599,6,7,retained,0;1;2;3;4;5
1600,1600,1600,6,6,retained,0;1;2;3;4;5
1601,1601,1601,6,8,retained,0;1;2;3;4;5
1602,1602,1602,6,2,retained,0;1;2;3;4;5
1603,1603,1603,6,4,retained,0;1;2;3;4;5
1604,1604,1604,6,8,retained,0;1;2;3;4;5
1605,1605,1605,6,4,retained,0;1;2;3;4;5
1606,1606,1606,6,8,retained,0;1;2;3;4;5
1607,1607,1607,6,5,retained,0;1;2;3;4;5
1608,1608,1608,6,2,retained,0;1;2;3;4;5
1609,1609,1609,6,2,retained,0;1;2;3;4;5
1610,1610,1610,6,5,retained,0;1;2;3;4;5
1611,1611,1611,6,7,retained,0;1;2;3;4;5
1612,1612,1612,6,6,retained,0;1;2;3;4;5
1613,1613,1613,6,4,retained,0;1;2;3;4;5
1614,1614,1614,6,7,retained,0;1;2;3;4;5
1615,1615,1615,6,8,retained,0;1;2;3;4;5
1616,1616,1616,6,8,retained,0;1;2;3;4;5
1617,1617,1617,6,8,retained,0;1;2;3;4;5
1618,1618,1618,6,6,retained,0;1;2;3;4;5
1619,1619,1619,6,6,retained,0;1;2;3;4;5
1620,1620,1620,6,7,retained,0;1;2;3;4;5
1621,1621,1621,6,8,retained,0;1;2;3;4;5
1622,1622,1622,6,1,retained,0;1;2;3;4;5
1623,1623,1623,6,2,retained,0;1;2;3;4;5
1624,1624,1624,6,5,retained,0;1;2;3;4;5
1625,1625,1625,6,2,retained,0;1;2;3;4;5
1626,1626,1626,6,4,retained,0;1;2;3;4;5
1627,1627,1627,6,7,retained,0;1;2;3;4;5
1628,1628,1628,6,2,retained,0;1;2;3;4;5
1629,1629,1629,6,5,retained,0;1;2;3;4;5
1630,1630,1630,6,4,retained,0;1;2;3;4;5
1631,1631,1631,6,3,retained,0;1;2;3;4;5
1632,1632,1632,6,5,retained,0;1;2;3;4;5
1633,1633,1633,6,7,retained,0;1;2;3;4;5
1634,1634,1634,6,6,retained,0;1;2;3;4;5
1635,1635,1635,6,7,retained,0;1;2;3;4;5
1636,1636,1636,6,8,retained,0;1;2;3;4;5
1637,1637,1637,6,7,retained,0;1;2;3;4;5
1638,1638,1638,6,6,retained,0;1;2;3;4;5
1639,1639,1639,6,5,retained,0;1;2;3;4;5
1640,1640,1640,6,3,retained,0;1;2;3;4;5
1641,1641,1641,6,8,retained,0;1;2;3;4;5
1642,1642,1642,6,6,retained,0;1;2;3;4;5
1643,1643,1643,6,8,retained,0;1;2;3;4;5
1644,1644,1644,6,8,retained,0;1;2;3;4;5
1645,1645,1645,6,4,retained,0;1;2;3;4;5
1646,1646,1646,6,5,retained,0;1;2;3;4;5
1647,1647,1647,6,5,retained,0;1;2;3;4;5
1648,1648,1648,6,7,retained,0;1;2;3;4;5
1649,1649,1649,6,7,retained,0;1;2;3;4;5
1650,1650,1650,6,4,retained,0;1;2;3;4;5
1651,1651,1651,6,8,retained,0;1;2;3;4;5
1652,1652,1652,6,7,retained,0;1;2;3;4;5
1653,1653,1653,6,4,retained,0;1;2;3;4;5
1654,1654,1654,6,7,retained,0;1;2;3;4;5
1655,1655,1655,6,8,retained,0;1;2;3;4;5
1656,1656,1656,6,7,retained,0;1;2;3;4;5
1657,1657,1657,6,8,retained,0;1;2;3;4;5
1658,1658,1658,6,4,retained,0;1;2;3;4;5
1659,1659,1659,6,5,retained,0;1;2;3;4;5
1660,1660,1660,6,6,retained,0;1;2;3;4;5
1661,1661,1661,6,8,retained,0;1;2;3;4;5
1662,1662,1662,6,8,retained,0;1;2;3;4;5
1663,1663,1663,6,6,retained,0;1;2;3;4;5
1664,1664,1664,6,5,retained,0;1;2;3;4;5
1665,1665,1665,6,5,retained,0;1;2;3;4;5
1666,1666,1666,6,5,retained,0;1;2;3;4;5
1667,1667,1667,6,7,retained,0;1;2;3;4;5
1668,1668,1668,6,8,retained,0;1;2;3;4;5
1669,1669,1669,6,7,retained,0;1;2;3;4;5
1670,1670,1670,6,8,retained,0;1;2;3;4;5
1671,1671,1671,6,8,retained,0;1;2;3;4;5
1672,1672,1672,6,6,retained,0;1;2;3;4;5
1673,1673,1673,6,7,retained,0;1;2;3;4;5
1674,1674,1674,6,8,retained,0;1;2;3;4;5
1675,1675,1675,6,2,retained,0;1;2;3;4;5
1676,1676,1676,6,5,retained,0;1;2;3;4;5
1677,1677,1677,6,2,retained,0;1;2;3;4;5
1678,1678,1678,6,7,retained,0;1;2;3;4;5
1679,1679,1679,6,4,retained,0;1;2;3;4;5
1680,1680,1680,6,6,retained,0;1;2;3;4;5
1681,1681,1681,6,8,retained,0;1;2;3;4;5
1682,1682,1682,6,2,retained,0;1;2;3;4;5
1683,1683,1683,6,5,retained,0;1;2;3;4;5
1684,1684,1684,6,5,retained,0;1;2;3;4;5
1685,1685,1685,6,8,retained,0;1;2;3;4;5
1686,1686,1686,6,5,retained,0;1;2;3;4;5
1687,1687,1687,6,5,retained,0;1;2;3;4;5
1688,1688,1688,6,3,retained,0;1;2;3;4;5
1689,1689,1689,6,3,retained,0;1;2;3;4;5
1690,1690,1690,6,3,retained,0;1;2;3;4;5
1691,1691,1691,6,3,retained,0;1;2;3;4;5
1692,1692,1692,6,4,retained,0;1;2;3;4;5
1693,1693,1693,6,5,retained,0;1;2;3;4;5
1694,1694,1694,6,6,retained,0;1;2;3;4;5
1695,1695,1695,6,7,retained,0;1;2;3;4;5
1696,1696,1696,6,8,retained,0;1;2;3;4;5
1697,1697,1697,6,4,retained,0;1;2;3;4;5
1698,1698,1698,6,3,retained,0;1;2;3;4;5
1699,1699,1699,6,3,retained,0;1;2;3;4;5
1700,1700,1700,6,8,retained,0;1;2;3;4;5
1701,1701,1701,6,7,retained,0;1;2;3;4;5
1702,1702,1702,6,6,retained,0;1;2;3;4;5
1703,1703,1703,6,8,retained,0;1;2;3;4;5
1704,1704,1704,6,8,retained,0;1;2;3;4;5
1705,1705,1705,6,4,retained,0;1;2;3;4;5
1706,1706,1706,6,8,retained,0;1;2;3;4;5
1707,1707,1707,6,8,retained,0;1;2;3;4;5
1708,1708,1708,6,4,retained,0;1;2;3;4;5
1709,1709,1709,6,8,retained,0;1;2;3;4;5
1710,1710,1710,6,6,retained,0;1;2;3;4;5
1711,1711,1711,6,7,retained,0;1;2;3;4;5
1712,1712,1712,6,8,retained,0;1;2;3;4;5
1713,1713,1713,6,2,retained,0;1;2;3;4;5
1714,1714,1714,6,3,retained,0;1;2;3;4;5
1715,1715,1715,6,7,retained,0;1;2;3;4;5
1716,1716,1716,6,2,retained,0;1;2;3;4;5
1717,1717,1717,6,2,retained,0;1;2;3;4;5
1718,1718,1718,6,2,retained,0;1;2;3;4;5
1719,1719,1719,6,3,retained,0;1;2;3;4;5
1720,1720,1720,6,7,retained,0;1;2;3;4;5
1721,1721,1721,6,3,retained,0;1;2;3;4;5
1722,1722,1722,6,5,retained,0;1;2;3;4;5
1723,1723,1723,6,2,retained,0;1;2;3;4;5
1724,1724,1724,6,4,retained,0;1;2;3;4;5
1725,1725,1725,6,5,retained,0;1;2;3;4;5
1726,1726,1726,6,8,retained,0;1;2;3;4;5
1727,1727,1727,6,7,retained,0;1;2;3;4;5
1728,1728,1728,6,7,retained,0;1;2;3;4;5
1729,1729,1729,6,2,retained,0;1;2;3;4;5
1730,1730,1730,6,4,retained,0;1;2;3;4;5
1731,1731,1731,6,5,retained,0;1;2;3;4;5
1732,1732,1732,6,5,retained,0;1;2;3;4;5
1733,1733,1733,6,6,retained,0;1;2;3;4;5
1734,1734,1734,6,8,retained,0;1;2;3;4;5
1735,1735,1735,6,4,retained,0;1;2;3;4;5
1736,1736,1736,6,5,retained,0;1;2;3;4;5
1737,1737,1737,6,8,retained,0;1;2;3;4;5
1738,1738,1738,6,5,retained,0;1;2;3;4;5
1739,1739,1739,6,4,retained,0;1;2;3;4;5
1740,1740,1740,6,4,retained,0;1;2;3;4;5
1741,1741,1741,6,5,retained,0;1;2;3;4;5
1742,1742,1742,6,7,retained,0;1;2;3;4;5
1743,1743,1743,6,8,retained,0;1;2;3;4;5
1744,1744,1744,6,5,retained,0;1;2;3;4;5
1745,1745,1745,6,6,retained,0;1;2;3;4;5
1746,1746,1746,6,8,retained,0;1;2;3;4;5
1747,1747,1747,6,5,retained,0;1;2;3;4;5
1748,1748,1748,6,5,retained,0;1;2;3;4;5
1749,1749,1749,6,6,retained,0;1;2;3;4;5
1750,1750,1750,6,7,retained,0;1;2;3;4;5
1751,1751,1751,6,7,retained,0;1;2;3;4;5
1752,1752,1752,6,8,retained,0;1;2;3;4;5
1753,1753,1753,6,2,retained,0;1;2;3;4;5
1754,1754,1754,6,8,retained,0;1;2;3;4;5
1755,1755,1755,6,4,retained,0;1;2;3;4;5
1756,1756,1756,6,7,retained,0;1;2;3;4;5
1757,1757,1757,6,8,retained,0;1;2;3;4;5
1758,1758,1758,6,7,retained,0;1;2;3;4;5
1759,1759,1759,6,5,retained,0;1;2;3;4;5
1760,1760,1760,6,8,retained,0;1;2;3;4;5
1761,1761,1761,6,4,retained,0;1;2;3;4;5
1762,1762,1762,6,5,retained,0;1;2;3;4;5
1763,1763,1763,6,8,retained,0;1;2;3;4;5
1764,1764,1764,6,8,retained,0;1;2;3;4;5
1765,1765,1765,6,7,retained,0;1;2;3;4;5
1766,1766,1766,6,3,retained,0;1;2;3;4;5
1767,1767,1767,6,6,retained,0;1;2;3;4;5
1768,1768,1768,6,6,retained,0;1;2;3;4;5
1769,1769,1769,6,4,retained,0;1;2;3;4;5
1770,1770,1770,6,8,retained,0;1;2;3;4;5
1771,1771,1771,6,5,retained,0;1;2;3;4;5
1772,1772,1772,6,8,retained,0;1;2;3;4;5
1773,1773,1773,6,6,retained,0;1;2;3;4;5
1774,1774,1774,6,7,retained,0;1;2;3;4;5
1775,1775,1775,6,8,retained,0;1;2;3;4;5
1776,1776,1776,6,3,retained,0;1;2;3;4;5
1777,1777,1777,6,3,retained,0;1;2;3;4;5
1778,1778,1778,6,6,retained,0;1;2;3;4;5
1779,1779,1779,6,3,retained,0;1;2;3;4;5
1780,1780,1780,6,6,retained,0;1;2;3;4;5
1781,1781,1781,6,5,retained,0;1;2;3;4;5
1782,1782,1782,6,3,retained,0;1;2;3;4;5
1783,1783,1783,6,3,retained,0;1;2;3;4;5
1784,1784,1784,6,6,retained,0;1;2;3;4;5
1785,1785,1785,6,6,retained,0;1;2;3;4;5
1786,1786,1786,6,4,retained,0;1;2;3;4;5
1787,1787,1787,6,4,retained,0;1;2;3;4;5
1788,1788,1788,6,4,retained,0;1;2;3;4;5
1789,1789,1789,6,8,retained,0;1;2;3;4;5
1790,1790,1790,6,6,retained,0;1;2;3;4;5
1791,1791,1791,6,6,retained,0;1;2;3;4;5
1792,1792,1792,6,8,retained,0;1;2;3;4;5
1793,1793,1793,6,8,retained,0;1;2;3;4;5
1794,1794,1794,6,6,retained,0;1;2;3;4;5
1795,1795,1795,6,7,retained,0;1;2;3;4;5
1796,1796,1796,6,8,retained,0;1;2;3;4;5
1797,1797,1797,6,3,retained,0;1;2;3;4;5
1798,1798,1798,6,4,retained,0;1;2;3;4;5
1799,1799,1799,6,3,retained,0;1;2;3;4;5
1800,1800,1800,6,3,retained,0;1;2;3;4;5
1801,1801,1801,6,3,retained,0;1;2;3;4;5
1802,1802,1802,6,6,retained,0;1;2;3;4;5
1803,1803,1803,6,6,retained,0;1;2;3;4;5
1804,1804,1804,6,8,retained,0;1;2;3;4;5
1805,1805,1805,6,5,retained,0;1;2;3;4;5
1806,1806,1806,6,6,retained,0;1;2;3;4;5
1807,1807,1807,6,3,retained,0;1;2;3;4;5
1808,1808,1808,6,4,retained,0;1;2;3;4;5
1809,1809,1809,6,5,retained,0;1;2;3;4;5
1810,1810,1810,6,8,retained,0;1;2;3;4;5
1811,1811,1811,6,4,retained,0;1;2;3;4;5
1812,1812,1812,6,5,retained,0;1;2;3;4;5
1813,1813,1813,6,7,retained,0;1;2;3;4;5
1814,1814,1814,6,5,retained,0;1;2;3;4;5
1815,1815,1815,6,5,retained,0;1;2;3;4;5
1816,1816,1816,6,6,retained,0;1;2;3;4;5
1817,1817,1817,6,6,retained,0;1;2;3;4;5
1818,1818,1818,6,3,retained,0;1;2;3;4;5
1819,1819,1819,6,5,retained,0;1;2;3;4;5
1820,1820,1820,6,8,retained,0;1;2;3;4;5
1821,1821,1821,6,3,retained,0;1;2;3;4;5
1822,1822,1822,6,5,retained,0;1;2;3;4;5
1823,1823,1823,6,6,retained,0;1;2;3;4;5
1824,1824,1824,6,8,retained,0;1;2;3;4;5
1825,1825,1825,6,8,retained,0;1;2;3;4;5
1826,1826,1826,6,6,retained,0;1;2;3;4;5
1827,1827,1827,6,7,retained,0;1;2;3;4;5
1828,1828,1828,6,8,retained,0;1;2;3;4;5
1829,1829,1829,6,4,retained,0;1;2;3;4;5
1830,1830,1830,6,8,retained,0;1;2;3;4;5
1831,1831,1831,6,6,retained,0;1;2;3;4;5
1832,1832,1832,6,6,retained,0;1;2;3;4;5
1833,1833,1833,6,8,retained,0;1;2;3;4;5
1834,1834,1834,6,8,retained,0;1;2;3;4;5
1835,1835,1835,6,8,retained,0;1;2;3;4;5
1836,1836,1836,6,8,retained,0;1;2;3;4;5
1837,1837,1837,6,4,retained,0;1;2;3;4;5
1838,1838,1838,6,4,retained,0;1;2;3;4;5
1839,1839,1839,6,8,retained,0;1;2;3;4;5
1840,1840,1840,6,4,retained,0;1;2;3;4;5
1841,1841,1841,6,4,retained,0;1;2;3;4;5
1842,1842,1842,6,4,retained,0;1;2;3;4;5
1843,1843,1843,6,6,retained,0;1;2;3;4;5
1844,1844,1844,6,8,retained,0;1;2;3;4;5
1845,1845,1845,6,4,retained,0;1;2;3;4;5
1846,1846,1846,6,4,retained,0;1;2;3;4;5
1847,1847,1847,6,5,retained,0;1;2;3;4;5
1848,1848,1848,6,7,retained,0;1;2;3;4;5
1849,1849,1849,6,4,retained,0;1;2;3;4;5
1850,1850,1850,6,4,retained,0;1;2;3;4;5
1851,1851,1851,6,6,retained,0;1;2;3;4;5
1852,1852,1852,6,8,retained,0;1;2;3;4;5
1853,1853,1853,6,4,retained,0;1;2;3;4;5
1854,1854,1854,6,5,retained,0;1;2;3;4;5
1855,1855,1855,6,7,retained,0;1;2;3;4;5
1856,1856,1856,6,4,retained,0;1;2;3;4;5
1857,1857,1857,6,6,retained,0;1;2;3;4;5
1858,1858,1858,6,8,retained,0;1;2;3;4;5
1859,1859,1859,6,5,retained,0;1;2;3;4;5
1860,1860,1860,6,7,retained,0;1;2;3;4;5
1861,1861,1861,6,6,retained,0;1;2;3;4;5
1862,1862,1862,6,8,retained,0;1;2;3;4;5
1863,1863,1863,6,7,retained,0;1;2;3;4;5
1864,1864,1864,6,8,retained,0;1;2;3;4;5
1865,1865,1865,6,4,retained,0;1;2;3;4;5
1866,1866,1866,6,7,retained,0;1;2;3;4;5
1867,1867,1867,6,5,retained,0;1;2;3;4;5
1868,1868,1868,6,4,retained,0;1;2;3;4;5
1869,1869,1869,6,6,retained,0;1;2;3;4;5
1870,1870,1870,6,7,retained,0;1;2;3;4;5
1871,1871,1871,6,5,retained,0;1;2;3;4;5
1872,1872,1872,6,4,retained,0;1;2;3;4;5
1873,1873,1873,6,8,retained,0;1;2;3;4;5
1874,1874,1874,6,5,retained,0;1;2;3;4;5
1875,1875,1875,6,4,retained,0;1;2;3;4;5
1876,1876,1876,6,8,retained,0;1;2;3;4;5
1877,1877,1877,6,8,retained,0;1;2;3;4;5
1878,1878,1878,6,5,retained,0;1;2;3;4;5
1879,1879,1879,6,6,retained,0;1;2;3;4;5
1880,1880,1880,6,6,retained,0;1;2;3;4;5
1881,1881,1881,6,8,retained,0;1;2;3;4;5
1882,1882,1882,6,8,retained,0;1;2;3;4;5
1883,1883,1883,6,8,retained,0;1;2;3;4;5
1884,1884,1884,6,4,retained,0;1;2;3;4;5
1885,1885,1885,6,5,retained,0;1;2;3;4;5
1886,1886,1886,6,4,retained,0;1;2;3;4;5
1887,1887,1887,6,4,retained,0;1;2;3;4;5
1888,1888,1888,6,6,retained,0;1;2;3;4;5
1889,1889,1889,6,8,retained,0;1;2;3;4;5
1890,1890,1890,6,4,retained,0;1;2;3;4;5
1891,1891,1891,6,4,retained,0;1;2;3;4;5
1892,1892,1892,6,5,retained,0;1;2;3;4;5
1893,1893,1893,6,4,retained,0;1;2;3;4;5
1894,1894,1894,6,4,retained,0;1;2;3;4;5
1895,1895,1895,6,4,retained,0;1;2;3;4;5
1896,1896,1896,6,6,retained,0;1;2;3;4;5
1897,1897,1897,6,6,retained,0;1;2;3;4;5
1898,1898,1898,6,5,retained,0;1;2;3;4;5
1899,1899,1899,6,8,retained,0;1;2;3;4;5
1900,1900,1900,6,8,retained,0;1;2;3;4;5
1901,1901,1901,6,5,retained,0;1;2;3;4;5
1902,1902,1902,6,6,retained,0;1;2;3;4;5
1903,1903,1903,6,7,retained,0;1;2;3;4;5
1904,1904,1904,6,6,retained,0;1;2;3;4;5
1905,1905,1905,6,8,retained,0;1;2;3;4;5
1906,1906,1906,6,5,retained,0;1;2;3;4;5
1907,1907,1907,6,4,retained,0;1;2;3;4;5
1908,1908,1908,6,4,retained,0;1;2;3;4;5
1909,1909,1909,6,5,retained,0;1;2;3;4;5
1910,1910,1910,6,8,retained,0;1;2;3;4;5
1911,1911,1911,6,8,retained,0;1;2;3;4;5
1912,1912,1912,6,4,retained,0;1;2;3;4;5
1913,1913,1913,6,8,retained,0;1;2;3;4;5
1914,1914,1914,6,4,retained,0;1;2;3;4;5
1915,1915,1915,6,4,retained,0;1;2;3;4;5
1916,1916,1916,6,4,retained,0;1;2;3;4;5
1917,1917,1917,6,5,retained,0;1;2;3;4;5
1918,1918,1918,6,6,retained,0;1;2;3;4;5
1919,1919,1919,6,8,retained,0;1;2;3;4;5
1920,1920,1920,6,4,retained,0;1;2;3;4;5
1921,1921,1921,6,4,retained,0;1;2;3;4;5
1922,1922,1922,6,6,retained,0;1;2;3;4;5
1923,1923,1923,6,8,retained,0;1;2;3;4;5
1924,1924,1924,6,8,retained,0;1;2;3;4;5
1925,1925,1925,6,8,retained,0;1;2;3;4;5
1926,1926,1926,6,6,retained,0;1;2;3;4;5
1927,1927,1927,6,7,retained,0;1;2;3;4;5
1928,1928,1928,6,8,retained,0;1;2;3;4;5
1929,1929,1929,6,5,retained,0;1;2;3;4;5
1930,1930,1930,6,8,retained,0;1;2;3;4;5
1931,1931,1931,6,7,retained,0;1;2;3;4;5
1932,1932,1932,6,7,retained,0;1;2;3;4;5
1933,1933,1933,6,8,retained,0;1;2;3;4;5
1934,1934,1934,6,6,retained,0;1;2;3;4;5
1935,1935,1935,6,8,retained,0;1;2;3;4;5
1936,1936,1936,6,5,retained,0;1;2;3;4;5
1937,1937,1937,6,7,retained,0;1;2;3;4;5
1938,1938,1938,6,8,retained,0;1;2;3;4;5
1939,1939,1939,6,4,retained,0;1;2;3;4;5
1940,1940,1940,6,6,retained,0;1;2;3;4;5
1941,1941,1941,6,7,retained,0;1;2;3;4;5
1942,1942,1942,6,8,retained,0;1;2;3;4;5
1943,1943,1943,6,8,retained,0;1;2;3;4;5
1944,1944,1944,6,5,retained,0;1;2;3;4;5
1945,1945,1945,6,7,retained,0;1;2;3;4;5
1946,1946,1946,6,8,retained,0;1;2;3;4;5
1947,1947,1947,6,6,retained,0;1;2;3;4;5
1948,1948,1948,6,4,retained,0;1;2;3;4;5
1949,1949,1949,6,8,retained,0;1;2;3;4;5
1950,1950,1950,6,8,retained,0;1;2;3;4;5
1951,1951,1951,6,7,retained,0;1;2;3;4;5
1952,1952,1952,6,5,retained,0;1;2;3;4;5
1953,1953,1953,6,6,retained,0;1;2;3;4;5
1954,1954,1954,6,7,retained,0;1;2;3;4;5
1955,1955,1955,6,8,retained,0;1;2;3;4;5
1956,1956,1956,6,5,retained,0;1;2;3;4;5
1957,1957,1957,6,5,retained,0;1;2;3;4;5
1958,1958,1958,6,5,retained,0;1;2;3;4;5
1959,1959,1959,6,8,retained,0;1;2;3;4;5
1960,1960,1960,6,5,retained,0;1;2;3;4;5
1961,1961,1961,6,5,retained,0;1;2;3;4;5
1962,1962,1962,6,5,retained,0;1;2;3;4;5
1963,1963,1963,6,6,retained,0;1;2;3;4;5
1964,1964,1964,6,5,retained,0;1;2;3;4;5
1965,1965,1965,6,8,retained,0;1;2;3;4;5
1966,1966,1966,6,8,retained,0;1;2;3;4;5
1967,1967,1967,6,7,retained,0;1;2;3;4;5
1968,1968,1968,6,6,retained,0;1;2;3;4;5
1969,1969,1969,6,8,retained,0;1;2;3;4;5
1970,1970,1970,6,5,retained,0;1;2;3;4;5
1971,1971,1971,6,6,retained,0;1;2;3;4;5
1972,1972,1972,6,5,retained,0;1;2;3;4;5
1973,1973,1973,6,5,retained,0;1;2;3;4;5
1974,1974,1974,6,7,retained,0;1;2;3;4;5
1975,1975,1975,6,5,retained,0;1;2;3;4;5
1976,1976,1976,6,7,retained,0;1;2;3;4;5
1977,1977,1977,6,8,retained,0;1;2;3;4;5
1978,1978,1978,6,6,retained,0;1;2;3;4;5
1979,1979,1979,6,6,retained,0;1;2;3;4;5
1980,1980,1980,6,8,retained,0;1;2;3;4;5
1981,1981,1981,6,5,retained,0;1;2;3;4;5
1982,1982,1982,6,5,retained,0;1;2;3;4;5
1983,1983,1983,6,5,retained,0;1;2;3;4;5
1984,1984,1984,6,5,retained,0;1;2;3;4;5
1985,1985,1985,6,7,retained,0;1;2;3;4;5
1986,1986,1986,6,5,retained,0;1;2;3;4;5
1987,1987,1987,6,7,retained,0;1;2;3;4;5
1988,1988,1988,6,5,retained,0;1;2;3;4;5
1989,1989,1989,6,8,retained,0;1;2;3;4;5
1990,1990,1990,6,5,retained,0;1;2;3;4;5
1991,1991,1991,6,6,retained,0;1;2;3;4;5
1992,1992,1992,6,7,retained,0;1;2;3;4;5
1993,1993,1993,6,7,retained,0;1;2;3;4;5
1994,1994,1994,6,5,retained,0;1;2;3;4;5
1995,1995,1995,6,8,retained,0;1;2;3;4;5
1996,1996,1996,6,5,retained,0;1;2;3;4;5
1997,1997,1997,6,5,retained,0;1;2;3;4;5
1998,1998,1998,6,5,retained,0;1;2;3;4;5
1999,1999,1999,6,7,retained,0;1;2;3;4;5
2000,2000,2000,6,7,retained,0;1;2;3;4;5
2001,2001,2001,6,6,retained,0;1;2;3;4;5
2002,2002,2002,6,8,retained,0;1;2;3;4;5
2003,2003,2003,6,8,retained,0;1;2;3;4;5
2004,2004,2004,6,8,retained,0;1;2;3;4;5
2005,2005,2005,6,7,retained,0;1;2;3;4;5
2006,2006,2006,6,5,retained,0;1;2;3;4;5
2007,2007,2007,6,5,retained,0;1;2;3;4;5
2008,2008,2008,6,5,retained,0;1;2;3;4;5
2009,2009,2009,6,7,retained,0;1;2;3;4;5
2010,2010,2010,6,6,retained,0;1;2;3;4;5
2011,2011,2011,6,8,retained,0;1;2;3;4;5
2012,2012,2012,6,5,retained,0;1;2;3;4;5
2013,2013,2013,6,7,retained,0;1;2;3;4;5
2014,2014,2014,6,7,retained,0;1;2;3;4;5
2015,2015,2015,6,8,retained,0;1;2;3;4;5
2016,2016,2016,6,8,retained,0;1;2;3;4;5
2017,2017,2017,6,8,retained,0;1;2;3;4;5
2018,2018,2018,6,8,retained,0;1;2;3;4;5
2019,2019,2019,6,6,retained,0;1;2;3;4;5
2020,2020,2020,6,6,retained,0;1;2;3;4;5
2021,2021,2021,6,6,retained,0;1;2;3;4;5
2022,2022,2022,6,6,retained,0;1;2;3;4;5
2023,2023,2023,6,6,retained,0;1;2;3;4;5
2024,2024,2024,6,7,retained,0;1;2;3;4;5
2025,2025,2025,6,6,retained,0;1;2;3;4;5
2026,2026,2026,6,6,retained,0;1;2;3;4;5
2027,2027,2027,6,6,retained,0;1;2;3;4;5
2028,2028,2028,6,7,retained,0;1;2;3;4;5
2029,2029,2029,6,6,retained,0;1;2;3;4;5
2030,2030,2030,6,8,retained,0;1;2;3;4;5
2031,2031,2031,6,7,retained,0;1;2;3;4;5
2032,2032,2032,6,7,retained,0;1;2;3;4;5
2033,2033,2033,6,8,retained,0;1;2;3;4;5
2034,2034,2034,6,6,retained,0;1;2;3;4;5
2035,2035,2035,6,8,retained,0;1;2;3;4;5
2036,2036,2036,6,8,retained,0;1;2;3;4;5
2037,2037,2037,6,6,retained,0;1;2;3;4;5
2038,2038,2038,6,7,retained,0;1;2;3;4;5
2039,2039,2039,6,6,retained,0;1;2;3;4;5
2040,2040,2040,6,7,retained,0;1;2;3;4;5
2041,2041,2041,6,6,retained,0;1;2;3;4;5
2042,2042,2042,6,6,retained,0;1;2;3;4;5
2043,2043,2043,6,7,retained,0;1;2;3;4;5
2044,2044,2044,6,6,retained,0;1;2;3;4;5
2045,2045,2045,6,6,retained,0;1;2;3;4;5
2046,2046,2046,6,6,retained,0;1;2;3;4;5
2047,2047,2047,6,6,retained,0;1;2;3;4;5
2048,2048,2048,6,8,retained,0;1;2;3;4;5
2049,2049,2049,6,8,retained,0;1;2;3;4;5
2050,2050,2050,6,6,retained,0;1;2;3;4;5
2051,2051,2051,6,6,retained,0;1;2;3;4;5
2052,2052,2052,6,6,retained,0;1;2;3;4;5
2053,2053,2053,6,6,retained,0;1;2;3;4;5
2054,2054,2054,6,6,retained,0;1;2;3;4;5
2055,2055,2055,6,7,retained,0;1;2;3;4;5
2056,2056,2056,6,6,retained,0;1;2;3;4;5
2057,2057,2057,6,6,retained,0;1;2;3;4;5
2058,2058,2058,6,6,retained,0;1;2;3;4;5
2059,2059,2059,6,7,retained,0;1;2;3;4;5
2060,2060,2060,6,8,retained,0;1;2;3;4;5
2061,2061,2061,6,6,retained,0;1;2;3;4;5
2062,2062,2062,6,6,retained,0;1;2;3;4;5
2063,2063,2063,6,6,retained,0;1;2;3;4;5
2064,2064,2064,6,6,retained,0;1;2;3;4;5
2065,2065,2065,6,8,retained,0;1;2;3;4;5
2066,2066,2066,6,6,retained,0;1;2;3;4;5
2067,2067,2067,6,6,retained,0;1;2;3;4;5
2068,2068,2068,6,6,retained,0;1;2;3;4;5
2069,2069,2069,6,6,retained,0;1;2;3;4;5
2070,2070,2070,6,7,retained,0;1;2;3;4;5
2071,2071,2071,6,6,retained,0;1;2;3;4;5
2072,2072,2072,6,7,retained,0;1;2;3;4;5
2073,2073,2073,6,8,retained,0;1;2;3;4;5
2074,2074,2074,6,8,retained,0;1;2;3;4;5
2075,2075,2075,6,6,retained,0;1;2;3;4;5
2076,2076,2076,6,8,retained,0;1;2;3;4;5
2077,2077,2077,6,6,retained,0;1;2;3;4;5
2078,2078,2078,6,6,retained,0;1;2;3;4;5
2079,2079,2079,6,7,retained,0;1;2;3;4;5
2080,2080,2080,6,6,retained,0;1;2;3;4;5
2081,2081,2081,6,6,retained,0;1;2;3;4;5
2082,2082,2082,6,6,retained,0;1;2;3;4;5
2083,2083,2083,6,6,retained,0;1;2;3;4;5
2084,2084,2084,6,6,retained,0;1;2;3;4;5
2085,2085,2085,6,6,retained,0;1;2;3;4;5
2086,2086,2086,6,7,retained,0;1;2;3;4;5
2087,2087,2087,6,8,retained,0;1;2;3;4;5
2088,2088,2088,6,7,retained,0;1;2;3;4;5
2089,2089,2089,6,6,retained,0;1;2;3;4;5
2090,2090,2090,6,6,retained,0;1;2;3;4;5
2091,2091,2091,6,6,retained,0;1;2;3;4;5
2092,2092,2092,6,6,retained,0;1;2;3;4;5
2093,2093,2093,6,8,retained,0;1;2;3;4;5
2094,2094,2094,6,8,retained,0;1;2;3;4;5
2095,2095,2095,6,7,retained,0;1;2;3;4;5
2096,2096,2096,6,6,retained,0;1;2;3;4;5
2097,2097,2097,6,6,retained,0;1;2;3;4;5
2098,2098,2098,6,8,retained,0;1;2;3;4;5
2099,2099,2099,6,8,retained,0;1;2;3;4;5
2100,2100,2100,6,6,retained,0;1;2;3;4;5
2101,2101,2101,6,6,retained,0;1;2;3;4;5
2102,2102,2102,6,8,retained,0;1;2;3;4;5
2103,2103,2103,6,7,retained,0;1;2;3;4;5
2104,2104,2104,6,6,retained,0;1;2;3;4;5
2105,2105,2105,6,6,retained,0;1;2;3;4;5
2106,2106,2106,6,6,retained,0;1;2;3;4;5
2107,2107,2107,6,6,retained,0;1;2;3;4;5
2108,2108,2108,6,7,retained,0;1;2;3;4;5
2109,2109,2109,6,8,retained,0;1;2;3;4;5
2110,2110,2110,6,7,retained,0;1;2;3;4;5
2111,2111,2111,6,7,retained,0;1;2;3;4;5
2112,2112,2112,6,7,retained,0;1;2;3;4;5
2113,2113,2113,6,7,retained,0;1;2;3;4;5
2114,2114,2114,6,7,retained,0;1;2;3;4;5
2115,2115,2115,6,7,retained,0;1;2;3;4;5
2116,2116,2116,6,8,retained,0;1;2;3;4;5
2117,2117,2117,6,7,retained,0;1;2;3;4;5
2118,2118,2118,6,8,retained,0;1;2;3;4;5
2119,2119,2119,6,7,retained,0;1;2;3;4;5
2120,2120,2120,6,8,retained,0;1;2;3;4;5
2121,2121,2121,6,7,retained,0;1;2;3;4;5
2122,2122,2122,6,8,retained,0;1;2;3;4;5
2123,2123,2123,6,7,retained,0;1;2;3;4;5
2124,2124,2124,6,7,retained,0;1;2;3;4;5
2125,2125,2125,6,8,retained,0;1;2;3;4;5
2126,2126,2126,6,7,retained,0;1;2;3;4;5
2127,2127,2127,6,7,retained,0;1;2;3;4;5
2128,2128,2128,6,7,retained,0;1;2;3;4;5
2129,2129,2129,6,7,retained,0;1;2;3;4;5
2130,2130,2130,6,8,retained,0;1;2;3;4;5
2131,2131,2131,6,8,retained,0;1;2;3;4;5
2132,2132,2132,6,7,retained,0;1;2;3;4;5
2133,2133,2133,6,7,retained,0;1;2;3;4;5
2134,2134,2134,6,7,retained,0;1;2;3;4;5
2135,2135,2135,6,7,retained,0;1;2;3;4;5
2136,2136,2136,6,7,retained,0;1;2;3;4;5
2137,2137,2137,6,7,retained,0;1;2;3;4;5
2138,2138,2138,6,7,retained,0;1;2;3;4;5
2139,2139,2139,6,7,retained,0;1;2;3;4;5
2140,2140,2140,6,7,retained,0;1;2;3;4;5
2141,2141,2141,6,7,retained,0;1;2;3;4;5
2142,2142,2142,6,8,retained,0;1;2;3;4;5
2143,2143,2143,6,7,retained,0;1;2;3;4;5
2144,2144,2144,6,8,retained,0;1;2;3;4;5
2145,2145,2145,6,8,retained,0;1;2;3;4;5
2146,2146,2146,6,7,retained,0;1;2;3;4;5
2147,2147,2147,6,8,retained,0;1;2;3;4;5
2148,2148,2148,6,8,retained,0;1;2;3;4;5
2149,2149,2149,6,7,retained,0;1;2;3;4;5
2150,2150,2150,6,7,retained,0;1;2;3;4;5
2151,2151,2151,6,7,retained,0;1;2;3;4;5
2152,2152,2152,6,8,retained,0;1;2;3;4;5
2153,2153,2153,6,7,retained,0;1;2;3;4;5
2154,2154,2154,6,7,retained,0;1;2;3;4;5
2155,2155,2155,6,8,retained,0;1;2;3;4;5
2156,2156,2156,6,7,retained,0;1;2;3;4;5
2157,2157,2157,6,7,retained,0;1;2;3;4;5
2158,2158,2158,6,7,retained,0;1;2;3;4;5
2159,2159,2159,6,7,retained,0;1;2;3;4;5
2160,2160,2160,6,7,retained,0;1;2;3;4;5
2161,2161,2161,6,7,retained,0;1;2;3;4;5
2162,2162,2162,6,7,retained,0;1;2;3;4;5
2163,2163,2163,6,7,retained,0;1;2;3;4;5
2164,2164,2164,6,8,retained,0;1;2;3;4;5
2165,2165,2165,6,7,retained,0;1;2;3;4;5
2166,2166,2166,6,7,retained,0;1;2;3;4;5
2167,2167,2167,6,7,retained,0;1;2;3;4;5
2168,2168,2168,6,7,retained,0;1;2;3;4;5
2169,2169,2169,6,7,retained,0;1;2;3;4;5
2170,2170,2170,6,7,retained,0;1;2;3;4;5
2171,2171,2171,6,8,retained,0;1;2;3;4;5
2172,2172,2172,6,8,retained,0;1;2;3;4;5
2173,2173,2173,6,7,retained,0;1;2;3;4;5
2174,2174,2174,6,8,retained,0;1;2;3;4;5
2175,2175,2175,6,8,retained,0;1;2;3;4;5
2176,2176,2176,6,8,retained,0;1;2;3;4;5
2177,2177,2177,6,7,retained,0;1;2;3;4;5
2178,2178,2178,6,7,retained,0;1;2;3;4;5
2179,2179,2179,6,7,retained,0;1;2;3;4;5
2180,2180,2180,6,8,retained,0;1;2;3;4;5
2181,2181,2181,6,8,retained,0;1;2;3;4;5
2182,2182,2182,6,8,retained,0;1;2;3;4;5
2183,2183,2183,6,8,retained,0;1;2;3;4;5
2184,2184,2184,6,8,retained,0;1;2;3;4;5
2185,2185,2185,6,8,retained,0;1;2;3;4;5
2186,2186,2186,6,8,retained,0;1;2;3;4;5
2187,2187,2187,6,8,retained,0;1;2;3;4;5
2188,2188,2188,6,8,retained,0;1;2;3;4;5
2189,2189,2189,6,8,retained,0;1;2;3;4;5
2190,2190,2190,6,8,retained,0;1;2;3;4;5
2191,2191,2191,6,8,retained,0;1;2;3;4;5
2192,2192,2192,6,8,retained,0;1;2;3;4;5
2193,2193,2193,6,8,retained,0;1;2;3;4;5
2194,2194,2194,6,8,retained,0;1;2;3;4;5
2195,2195,2195,6,8,retained,0;1;2;3;4;5
2196,2196,2196,6,8,retained,0;1;2;3;4;5
2197,2197,2197,6,8,retained,0;1;2;3;4;5
2198,2198,2198,6,8,retained,0;1;2;3;4;5
2199,2199,2199,6,8,retained,0;1;2;3;4;5
2200,2200,2200,6,8,retained,0;1;2;3;4;5
2201,2201,2201,6,8,retained,0;1;2;3;4;5
2202,2202,2202,6,8,retained,0;1;2;3;4;5
2203,2203,2203,6,8,retained,0;1;2;3;4;5
2204,2204,2204,6,8,retained,0;1;2;3;4;5
2205,2205,2205,6,8,retained,0;1;2;3;4;5
2206,2206,2206,6,8,retained,0;1;2;3;4;5
2207,2207,2207,6,8,retained,0;1;2;3;4;5
2208,2208,2208,6,8,retained,0;1;2;3;4;5
2209,2209,2209,6,8,retained,0;1;2;3;4;5
2210,2210,2210,6,8,retained,0;1;2;3;4;5
2211,2211,2211,6,8,retained,0;1;2;3;4;5
2212,2212,2212,6,8,retained,0;1;2;3;4;5
2213,2213,2213,6,8,retained,0;1;2;3;4;5
2214,2214,2214,6,8,retained,0;1;2;3;4;5
2215,2215,2215,6,8,retained,0;1;2;3;4;5
2216,2216,2216,6,8,retained,0;1;2;3;4;5
2217,2217,2217,6,8,retained,0;1;2;3;4;5
2218,2218,2218,6,8,retained,0;1;2;3;4;5
2219,2219,2219,6,8,retained,0;1;2;3;4;5
2220,2220,2220,6,8,retained,0;1;2;3;4;5
2221,2221,2221,6,8,retained,0;1;2;3;4;5
2222,2222,2222,6,8,retained,0;1;2;3;4;5
2223,2223,2223,6,8,retained,0;1;2;3;4;5
2224,2224,2224,6,8,retained,0;1;2;3;4;5
2225,2225,2225,6,8,retained,0;1;2;3;4;5
2226,2226,2226,6,8,retained,0;1;2;3;4;5
2227,2227,2227,6,8,retained,0;1;2;3;4;5
2228,2228,2228,6,8,retained,0;1;2;3;4;5
2229,2229,2229,6,8,retained,0;1;2;3;4;5
2230,2230,2230,6,8,retained,0;1;2;3;4;5
2231,2231,2231,6,8,retained,0;1;2;3;4;5
2232,2232,2232,6,8,retained,0;1;2;3;4;5
2233,2233,2233,6,8,retained,0;1;2;3;4;5
2234,2234,2234,6,8,retained,0;1;2;3;4;5
2235,2235,2235,6,8,retained,0;1;2;3;4;5
2236,2236,2236,6,8,retained,0;1;2;3;4;5
2237,2237,2237,6,8,retained,0;1;2;3;4;5
2238,2238,2238,6,8,retained,0;1;2;3;4;5
2239,2239,2239,6,8,retained,0;1;2;3;4;5
2240,2240,2240,6,8,retained,0;1;2;3;4;5
2241,2241,2241,6,8,retained,0;1;2;3;4;5
2242,2242,2242,6,8,retained,0;1;2;3;4;5
2243,2243,2243,6,8,retained,0;1;2;3;4;5
2244,2244,2244,6,8,retained,0;1;2;3;4;5
2245,2245,2245,6,8,retained,0;1;2;3;4;5
2246,2246,2246,6,8,retained,0;1;2;3;4;5
2247,2247,2247,6,8,retained,0;1;2;3;4;5
2248,2248,2248,6,8,retained,0;1;2;3;4;5
2249,2249,2249,6,8,retained,0;1;2;3;4;5
2250,2250,2250,6,8,retained,0;1;2;3;4;5
2251,2251,2251,6,8,retained,0;1;2;3;4;5
2252,2252,2252,6,8,retained,0;1;2;3;4;5
2253,2253,2253,6,8,retained,0;1;2;3;4;5
2254,2254,2254,6,8,retained,0;1;2;3;4;5
2255,2255,2255,6,8,retained,0;1;2;3;4;5
2256,2256,2256,6,8,retained,0;1;2;3;4;5
2257,2257,2257,6,8,retained,0;1;2;3;4;5
2258,2258,2258,6,8,retained,0;1;2;3;4;5
2259,2259,2259,6,8,retained,0;1;2;3;4;5
2260,2260,2260,6,8,retained,0;1;2;3;4;5
2261,2261,2261,6,8,retained,0;1;2;3;4;5
2262,2262,2262,6,8,retained,0;1;2;3;4;5
2263,2263,2263,6,8,retained,0;1;2;3;4;5
2264,2264,2264,6,8,retained,0;1;2;3;4;5
2265,2265,2265,6,8,retained,0;1;2;3;4;5
2266,2266,2266,6,8,retained,0;1;2;3;4;5
2267,2267,2267,6,8,retained,0;1;2;3;4;5
2268,2268,2268,6,8,retained,0;1;2;3;4;5
2269,2269,2269,6,8,retained,0;1;2;3;4;5
2270,2270,2270,6,8,retained,0;1;2;3;4;5
2271,2271,2271,6,8,retained,0;1;2;3;4;5
2272,2272,2272,6,8,retained,0;1;2;3;4;5
2273,2273,2273,6,8,retained,0;1;2;3;4;5
2274,2274,2274,6,8,retained,0;1;2;3;4;5
2275,2275,2275,6,2,retained,0;1;2;3;4;5
2276,2276,2276,6,5,retained,0;1;2;3;4;5
2277,2277,2277,6,2,retained,0;1;2;3;4;5
2278,2278,2278,6,7,retained,0;1;2;3;4;5
2279,2279,2279,6,4,retained,0;1;2;3;4;5
2280,2280,2280,6,6,retained,0;1;2;3;4;5
2281,2281,2281,6,8,retained,0;1;2;3;4;5
2282,2282,2282,6,2,retained,0;1;2;3;4;5
2283,2283,2283,6,5,retained,0;1;2;3;4;5
2284,2284,2284,6,5,retained,0;1;2;3;4;5
2285,2285,2285,6,8,retained,0;1;2;3;4;5
2286,2286,2286,6,5,retained,0;1;2;3;4;5
2287,2287,2287,6,5,retained,0;1;2;3;4;5
2288,2288,2288,6,3,retained,0;1;2;3;4;5
2289,2289,2289,6,3,retained,0;1;2;3;4;5
2290,2290,2290,6,3,retained,0;1;2;3;4;5
2291,2291,2291,6,3,retained,0;1;2;3;4;5
2292,2292,2292,6,4,retained,0;1;2;3;4;5
2293,2293,2293,6,5,retained,0;1;2;3;4;5
2294,2294,2294,6,6,retained,0;1;2;3;4;5
2295,2295,2295,6,7,retained,0;1;2;3;4;5
2296,2296,2296,6,8,retained,0;1;2;3;4;5
2297,2297,2297,6,4,retained,0;1;2;3;4;5
2298,2298,2298,6,3,retained,0;1;2;3;4;5
2299,2299,2299,6,3,retained,0;1;2;3;4;5
2300,2300,2300,6,8,retained,0;1;2;3;4;5
2301,2301,2301,6,7,retained,0;1;2;3;4;5
2302,2302,2302,6,6,retained,0;1;2;3;4;5
2303,2303,2303,6,8,retained,0;1;2;3;4;5
2304,2304,2304,6,8,retained,0;1;2;3;4;5
2305,2305,2305,6,4,retained,0;1;2;3;4;5
2306,2306,2306,6,8,retained,0;1;2;3;4;5
2307,2307,2307,6,8,retained,0;1;2;3;4;5
2308,2308,2308,6,4,retained,0;1;2;3;4;5
2309,2309,2309,6,8,retained,0;1;2;3;4;5
2310,2310,2310,6,6,retained,0;1;2;3;4;5
2311,2311,2311,6,7,retained,0;1;2;3;4;5
2312,2312,2312,6,8,retained,0;1;2;3;4;5
2313,2313,2313,6,1,retained,0;1;2;3;4;5
2314,2314,2314,6,3,retained,0;1;2;3;4;5
2315,2315,2315,6,7,retained,0;1;2;3;4;5
2316,2316,2316,6,2,retained,0;1;2;3;4;5
2317,2317,2317,6,1,retained,0;1;2;3;4;5
2318,2318,2318,6,2,retained,0;1;2;3;4;5
2319,2319,2319,6,3,retained,0;1;2;3;4;5
2320,2320,2320,6,7,retained,0;1;2;3;4;5
2321,2321,2321,6,3,retained,0;1;2;3;4;5
2322,2322,2322,6,5,retained,0;1;2;3;4;5
2323,2323,2323,6,2,retained,0;1;2;3;4;5
2324,2324,2324,6,4,retained,0;1;2;3;4;5
2325,2325,2325,6,5,retained,0;1;2;3;4;5
2326,2326,2326,6,8,retained,0;1;2;3;4;5
2327,2327,2327,6,7,retained,0;1;2;3;4;5
2328,2328,2328,6,7,retained,0;1;2;3;4;5
2329,2329,2329,6,2,retained,0;1;2;3;4;5
2330,2330,2330,6,4,retained,0;1;2;3;4;5
2331,2331,2331,6,5,retained,0;1;2;3;4;5
2332,2332,2332,6,5,retained,0;1;2;3;4;5
2333,2333,2333,6,6,retained,0;1;2;3;4;5
2334,2334,2334,6,8,retained,0;1;2;3;4;5
2335,2335,2335,6,4,retained,0;1;2;3;4;5
2336,2336,2336,6,5,retained,0;1;2;3;4;5
2337,2337,2337,6,8,retained,0;1;2;3;4;5
2338,2338,2338,6,5,retained,0;1;2;3;4;5
2339,2339,2339,6,4,retained,0;1;2;3;4;5
2340,2340,2340,6,4,retained,0;1;2;3;4;5
2341,2341,2341,6,5,retained,0;1;2;3;4;5
2342,2342,2342,6,7,retained,0;1;2;3;4;5
2343,2343,2343,6,8,retained,0;1;2;3;4;5
2344,2344,2344,6,5,retained,0;1;2;3;4;5
2345,2345,2345,6,6,retained,0;1;2;3;4;5
2346,2346,2346,6,8,retained,0;1;2;3;4;5
2347,2347,2347,6,5,retained,0;1;2;3;4;5
2348,2348,2348,6,5,retained,0;1;2;3;4;5
2349,2349,2349,6,6,retained,0;1;2;3;4;5
2350,2350,2350,6,7,retained,0;1;2;3;4;5
2351,2351,2351,6,7,retained,0;1;2;3;4;5
2352,2352,2352,6,8,retained,0;1;2;3;4;5
2353,2353,2353,6,2,retained,0;1;2;3;4;5
2354,2354,2354,6,8,retained,0;1;2;3;4;5
2355,2355,2355,6,4,retained,0;1;2;3;4;5
2356,2356,2356,6,7,retained,0;1;2;3;4;5
2357,2357,2357,6,8,retained,0;1;2;3;4;5
2358,2358,2358,6,7,retained,0;1;2;3;4;5
2359,2359,2359,6,5,retained,0;1;2;3;4;5
2360,2360,2360,6,8,retained,0;1;2;3;4;5
2361,2361,2361,6,4,retained,0;1;2;3;4;5
2362,2362,2362,6,5,retained,0;1;2;3;4;5
2363,2363,2363,6,8,retained,0;1;2;3;4;5
2364,2364,2364,6,8,retained,0;1;2;3;4;5
2365,2365,2365,6,7,retained,0;1;2;3;4;5
2366,2366,2366,6,3,retained,0;1;2;3;4;5
2367,2367,2367,6,6,retained,0;1;2;3;4;5
2368,2368,2368,6,6,retained,0;1;2;3;4;5
2369,2369,2369,6,4,retained,0;1;2;3;4;5
2370,2370,2370,6,8,retained,0;1;2;3;4;5
2371,2371,2371,6,5,retained,0;1;2;3;4;5
2372,2372,2372,6,8,retained,0;1;2;3;4;5
2373,2373,2373,6,6,retained,0;1;2;3;4;5
2374,2374,2374,6,7,retained,0;1;2;3;4;5
2375,2375,2375,6,8,retained,0;1;2;3;4;5
2376,2376,2376,6,3,retained,0;1;2;3;4;5
2377,2377,2377,6,3,retained,0;1;2;3;4;5
2378,2378,2378,6,6,retained,0;1;2;3;4;5
2379,2379,2379,6,3,retained,0;1;2;3;4;5
2380,2380,2380,6,6,retained,0;1;2;3;4;5
2381,2381,2381,6,5,retained,0;1;2;3;4;5
2382,2382,2382,6,3,retained,0;1;2;3;4;5
2383,2383,2383,6,3,retained,0;1;2;3;4;5
2384,2384,2384,6,6,retained,0;1;2;3;4;5
2385,2385,2385,6,6,retained,0;1;2;3;4;5
2386,2386,2386,6,4,retained,0;1;2;3;4;5
2387,2387,2387,6,4,retained,0;1;2;3;4;5
2388,2388,2388,6,4,retained,0;1;2;3;4;5
2389,2389,2389,6,8,retained,0;1;2;3;4;5
2390,2390,2390,6,6,retained,0;1;2;3;4;5
2391,2391,2391,6,6,retained,0;1;2;3;4;5
2392,2392,2392,6,8,retained,0;1;2;3;4;5
2393,2393,2393,6,8,retained,0;1;2;3;4;5
2394,2394,2394,6,6,retained,0;1;2;3;4;5
2395,2395,2395,6,7,retained,0;1;2;3;4;5
2396,2396,2396,6,8,retained,0;1;2;3;4;5
2397,2397,2397,6,2,retained,0;1;2;3;4;5
2398,2398,2398,6,4,retained,0;1;2;3;4;5
2399,2399,2399,6,2,retained,0;1;2;3;4;5
2400,2400,2400,6,3,retained,0;1;2;3;4;5
2401,2401,2401,6,3,retained,0;1;2;3;4;5
2402,2402,2402,6,6,retained,0;1;2;3;4;5
2403,2403,2403,6,6,retained,0;1;2;3;4;5
2404,2404,2404,6,8,retained,0;1;2;3;4;5
2405,2405,2405,6,5,retained,0;1;2;3;4;5
2406,2406,2406,6,6,retained,0;1;2;3;4;5
2407,2407,2407,6,2,retained,0;1;2;3;4;5
2408,2408,2408,6,4,retained,0;1;2;3;4;5
2409,2409,2409,6,5,retained,0;1;2;3;4;5
2410,2410,2410,6,8,retained,0;1;2;3;4;5
2411,2411,2411,6,4,retained,0;1;2;3;4;5
2412,2412,2412,6,5,retained,0;1;2;3;4;5
2413,2413,2413,6,7,retained,0;1;2;3;4;5
2414,2414,2414,6,5,retained,0;1;2;3;4;5
2415,2415,2415,6,5,retained,0;1;2;3;4;5
2416,2416,2416,6,6,retained,0;1;2;3;4;5
2417,2417,2417,6,6,retained,0;1;2;3;4;5
2418,2418,2418,6,3,retained,0;1;2;3;4;5
2419,2419,2419,6,5,retained,0;1;2;3;4;5
2420,2420,2420,6,8,retained,0;1;2;3;4;5
2421,2421,2421,6,3,retained,0;1;2;3;4;5
2422,2422,2422,6,5,retained,0;1;2;3;4;5
2423,2423,2423,6,6,retained,0;1;2;3;4;5
2424,2424,2424,6,8,retained,0;1;2;3;4;5
2425,2425,2425,6,8,retained,0;1;2;3;4;5
2426,2426,2426,6,6,retained,0;1;2;3;4;5
2427,2427,2427,6,7,retained,0;1;2;3;4;5
2428,2428,2428,6,8,retained,0;1;2;3;4;5
2429,2429,2429,6,4,retained,0;1;2;3;4;5
2430,2430,2430,6,8,retained,0;1;2;3;4;5
2431,2431,2431,6,6,retained,0;1;2;3;4;5
2432,2432,2432,6,6,retained,0;1;2;3;4;5
2433,2433,2433,6,8,retained,0;1;2;3;4;5
2434,2434,2434,6,8,retained,0;1;2;3;4;5
2435,2435,2435,6,8,retained,0;1;2;3;4;5
2436,2436,2436,6,8,retained,0;1;2;3;4;5
2437,2437,2437,6,4,retained,0;1;2;3;4;5
2438,2438,2438,6,4,retained,0;1;2;3;4;5
2439,2439,2439,6,8,retained,0;1;2;3;4;5
2440,2440,2440,6,3,retained,0;1;2;3;4;5
2441,2441,2441,6,3,retained,0;1;2;3;4;5
2442,2442,2442,6,4,retained,0;1;2;3;4;5
2443,2443,2443,6,6,retained,0;1;2;3;4;5
2444,2444,2444,6,8,retained,0;1;2;3;4;5
2445,2445,2445,6,3,retained,0;1;2;3;4;5
2446,2446,2446,6,3,retained,0;1;2;3;4;5
2447,2447,2447,6,5,retained,0;1;2;3;4;5
2448,2448,2448,6,7,retained,0;1;2;3;4;5
2449,2449,2449,6,3,retained,0;1;2;3;4;5
2450,2450,2450,6,4,retained,0;1;2;3;4;5
2451,2451,2451,6,6,retained,0;1;2;3;4;5
2452,2452,2452,6,8,retained,0;1;2;3;4;5
2453,2453,2453,6,3,retained,0;1;2;3;4;5
2454,2454,2454,6,5,retained,0;1;2;3;4;5
2455,2455,2455,6,7,retained,0;1;2;3;4;5
2456,2456,2456,6,4,retained,0;1;2;3;4;5
2457,2457,2457,6,6,retained,0;1;2;3;4;5
2458,2458,2458,6,8,retained,0;1;2;3;4;5
2459,2459,2459,6,5,retained,0;1;2;3;4;5
2460,2460,2460,6,7,retained,0;1;2;3;4;5
2461,2461,2461,6,6,retained,0;1;2;3;4;5
2462,2462,2462,6,8,retained,0;1;2;3;4;5
2463,2463,2463,6,7,retained,0;1;2;3;4;5
2464,2464,2464,6,8,retained,0;1;2;3;4;5
2465,2465,2465,6,4,retained,0;1;2;3;4;5
2466,2466,2466,6,7,retained,0;1;2;3;4;5
2467,2467,2467,6,5,retained,0;1;2;3;4;5
2468,2468,2468,6,4,retained,0;1;2;3;4;5
2469,2469,2469,6,6,retained,0;1;2;3;4;5
2470,2470,2470,6,7,retained,0;1;2;3;4;5
2471,2471,2471,6,5,retained,0;1;2;3;4;5
2472,2472,2472,6,4,retained,0;1;2;3;4;5
2473,2473,2473,6,8,retained,0;1;2;3;4;5
2474,2474,2474,6,5,retained,0;1;2;3;4;5
2475,2475,2475,6,4,retained,0;1;2;3;4;5
2476,2476,2476,6,8,retained,0;1;2;3;4;5
2477,2477,2477,6,8,retained,0;1;2;3;4;5
2478,2478,2478,6,5,retained,0;1;2;3;4;5
2479,2479,2479,6,6,retained,0;1;2;3;4;5
2480,2480,2480,6,6,retained,0;1;2;3;4;5
2481,2481,2481,6,8,retained,0;1;2;3;4;5
2482,2482,2482,6,8,retained,0;1;2;3;4;5
2483,2483,2483,6,8,retained,0;1;2;3;4;5
2484,2484,2484,6,3,retained,0;1;2;3;4;5
2485,2485,2485,6,5,retained,0;1;2;3;4;5
2486,2486,2486,6,3,retained,0;1;2;3;4;5
2487,2487,2487,6,4,retained,0;1;2;3;4;5
2488,2488,2488,6,6,retained,0;1;2;3;4;5
2489,2489,2489,6,8,retained,0;1;2;3;4;5
2490,2490,2490,6,3,retained,0;1;2;3;4;5
2491,2491,2491,6,3,retained,0;1;2;3;4;5
2492,2492,2492,6,5,retained,0;1;2;3;4;5
2493,2493,2493,6,4,retained,0;1;2;3;4;5
2494,2494,2494,6,3,retained,0;1;2;3;4;5
2495,2495,2495,6,3,retained,0;1;2;3;4;5
2496,2496,2496,6,6,retained,0;1;2;3;4;5
2497,2497,2497,6,6,retained,0;1;2;3;4;5
2498,2498,2498,6,5,retained,0;1;2;3;4;5
2499,2499,2499,6,8,retained,0;1;2;3;4;5
2500,2500,2500,6,8,retained,0;1;2;3;4;5
2501,2501,2501,6,5,retained,0;1;2;3;4;5
2502,2502,2502,6,6,retained,0;1;2;3;4;5
2503,2503,2503,6,7,retained,0;1;2;3;4;5
2504,2504,2504,6,6,retained,0;1;2;3;4;5
2505,2505,2505,6,8,retained,0;1;2;3;4;5
2506,2506,2506,6,5,retained,0;1;2;3;4;5
2507,2507,2507,6,4,retained,0;1;2;3;4;5
2508,2508,2508,6,4,retained,0;1;2;3;4;5
2509,2509,2509,6,5,retained,0;1;2;3;4;5
2510,2510,2510,6,8,retained,0;1;2;3;4;5
2511,2511,2511,6,8,retained,0;1;2;3;4;5
2512,2512,2512,6,4,retained,0;1;2;3;4;5
2513,2513,2513,6,8,retained,0;1;2;3;4;5
2514,2514,2514,6,4,retained,0;1;2;3;4;5
2515,2515,2515,6,3,retained,0;1;2;3;4;5
2516,2516,2516,6,3,retained,0;1;2;3;4;5
2517,2517,2517,6,5,retained,0;1;2;3;4;5
2518,2518,2518,6,6,retained,0;1;2;3;4;5
2519,2519,2519,6,8,retained,0;1;2;3;4;5
2520,2520,2520,6,4,retained,0;1;2;3;4;5
2521,2521,2521,6,3,retained,0;1;2;3;4;5
2522,2522,2522,6,6,retained,0;1;2;3;4;5
2523,2523,2523,6,8,retained,0;1;2;3;4;5
2524,2524,2524,6,8,retained,0;1;2;3;4;5
2525,2525,2525,6,8,retained,0;1;2;3;4;5
2526,2526,2526,6,6,retained,0;1;2;3;4;5
2527,2527,2527,6,7,retained,0;1;2;3;4;5
2528,2528,2528,6,8,retained,0;1;2;3;4;5
2529,2529,2529,6,5,retained,0;1;2;3;4;5
2530,2530,2530,6,8,retained,0;1;2;3;4;5
2531,2531,2531,6,7,retained,0;1;2;3;4;5
2532,2532,2532,6,7,retained,0;1;2;3;4;5
2533,2533,2533,6,8,retained,0;1;2;3;4;5
2534,2534,2534,6,6,retained,0;1;2;3;4;5
2535,2535,2535,6,8,retained,0;1;2;3;4;5
2536,2536,2536,6,5,retained,0;1;2;3;4;5
2537,2537,2537,6,7,retained,0;1;2;3;4;5
2538,2538,2538,6,8,retained,0;1;2;3;4;5
2539,2539,2539,6,3,retained,0;1;2;3;4;5
2540,2540,2540,6,6,retained,0;1;2;3;4;5
2541,2541,2541,6,7,retained,0;1;2;3;4;5
2542,2542,2542,6,8,retained,0;1;2;3;4;5
2543,2543,2543,6,8,retained,0;1;2;3;4;5
2544,2544,2544,6,5,retained,0;1;2;3;4;5
2545,2545,2545,6,7,retained,0;1;2;3;4;5
2546,2546,2546,6,8,retained,0;1;2;3;4;5
2547,2547,2547,6,6,retained,0;1;2;3;4;5
2548,2548,2548,6,4,retained,0;1;2;3;4;5
2549,2549,2549,6,8,retained,0;1;2;3;4;5
2550,2550,2550,6,8,retained,0;1;2;3;4;5
2551,2551,2551,6,7,retained,0;1;2;3;4;5
2552,2552,2552,6,5,retained,0;1;2;3;4;5
2553,2553,2553,6,6,retained,0;1;2;3;4;5
2554,2554,2554,6,7,retained,0;1;2;3;4;5
2555,2555,2555,6,8,retained,0;1;2;3;4;5
2556,2556,2556,6,5,retained,0;1;2;3;4;5
2557,2557,2557,6,5,retained,0;1;2;3;4;5
2558,2558,2558,6,5,retained,0;1;2;3;4;5
2559,2559,2559,6,8,retained,0;1;2;3;4;5
2560,2560,2560,6,4,retained,0;1;2;3;4;5
2561,2561,2561,6,4,retained,0;1;2;3;4;5
2562,2562,2562,6,5,retained,0;1;2;3;4;5
2563,2563,2563,6,6,retained,0;1;2;3;4;5
2564,2564,2564,6,5,retained,0;1;2;3;4;5
2565,2565,2565,6,8,retained,0;1;2;3;4;5
2566,2566,2566,6,8,retained,0;1;2;3;4;5
2567,2567,2567,6,7,retained,0;1;2;3;4;5
2568,2568,2568,6,6,retained,0;1;2;3;4;5
2569,2569,2569,6,8,retained,0;1;2;3;4;5
2570,2570,2570,6,4,retained,0;1;2;3;4;5
2571,2571,2571,6,6,retained,0;1;2;3;4;5
2572,2572,2572,6,4,retained,0;1;2;3;4;5
2573,2573,2573,6,4,retained,0;1;2;3;4;5
2574,2574,2574,6,7,retained,0;1;2;3;4;5
2575,2575,2575,6,4,retained,0;1;2;3;4;5
2576,2576,2576,6,7,retained,0;1;2;3;4;5
2577,2577,2577,6,8,retained,0;1;2;3;4;5
2578,2578,2578,6,6,retained,0;1;2;3;4;5
2579,2579,2579,6,6,retained,0;1;2;3;4;5
2580,2580,2580,6,8,retained,0;1;2;3;4;5
2581,2581,2581,6,5,retained,0;1;2;3;4;5
2582,2582,2582,6,4,retained,0;1;2;3;4;5
2583,2583,2583,6,4,retained,0;1;2;3;4;5
2584,2584,2584,6,5,retained,0;1;2;3;4;5
2585,2585,2585,6,7,retained,0;1;2;3;4;5
2586,2586,2586,6,5,retained,0;1;2;3;4;5
2587,2587,2587,6,7,retained,0;1;2;3;4;5
2588,2588,2588,6,4,retained,0;1;2;3;4;5
2589,2589,2589,6,8,retained,0;1;2;3;4;5
2590,2590,2590,6,4,retained,0;1;2;3;4;5
2591,2591,2591,6,6,retained,0;1;2;3;4;5
2592,2592,2592,6,7,retained,0;1;2;3;4;5
2593,2593,2593,6,7,retained,0;1;2;3;4;5
2594,2594,2594,6,5,retained,0;1;2;3;4;5
2595,2595,2595,6,8,retained,0;1;2;3;4;5
2596,2596,2596,6,4,retained,0;1;2;3;4;5
2597,2597,2597,6,4,retained,0;1;2;3;4;5
2598,2598,2598,6,5,retained,0;1;2;3;4;5
2599,2599,2599,6,7,retained,0;1;2;3;4;5
2600,2600,2600,6,7,retained,0;1;2;3;4;5
2601,2601,2601,6,6,retained,0;1;2;3;4;5
2602,2602,2602,6,8,retained,0;1;2;3;4;5
2603,2603,2603,6,8,retained,0;1;2;3;4;5
2604,2604,2604,6,8,retained,0;1;2;3;4;5
2605,2605,2605,6,7,retained,0;1;2;3;4;5
2606,2606,2606,6,4,retained,0;1;2;3;4;5
2607,2607,2607,6,5,retained,0;1;2;3;4;5
2608,2608,2608,6,4,retained,0;1;2;3;4;5
2609,2609,2609,6,7,retained,0;1;2;3;4;5
2610,2610,2610,6,6,retained,0;1;2;3;4;5
2611,2611,2611,6,8,retained,0;1;2;3;4;5
2612,2612,2612,6,5,retained,0;1;2;3;4;5
2613,2613,2613,6,7,retained,0;1;2;3;4;5
2614,2614,2614,6,7,retained,0;1;2;3;4;5
2615,2615,2615,6,8,retained,0;1;2;3;4;5
2616,2616,2616,6,8,retained,0;1;2;3;4;5
2617,2617,2617,6,8,retained,0;1;2;3;4;5
2618,2618,2618,6,8,retained,0;1;2;3;4;5
2619,2619,2619,6,6,retained,0;1;2;3;4;5
2620,2620,2620,6,6,retained,0;1;2;3;4;5
2621,2621,2621,6,5,retained,0;1;2;3;4;5
2622,2622,2622,6,5,retained,0;1;2;3;4;5
2623,2623,2623,6,5,retained,0;1;2;3;4;5
2624,2624,2624,6,7,retained,0;1;2;3;4;5
2625,2625,2625,6,6,retained,0;1;2;3;4;5
2626,2626,2626,6,6,retained,0;1;2;3;4;5
2627,2627,2627,6,6,retained,0;1;2;3;4;5
2628,2628,2628,6,7,retained,0;1;2;3;4;5
2629,2629,2629,6,6,retained,0;1;2;3;4;5
2630,2630,2630,6,8,retained,0;1;2;3;4;5
2631,2631,2631,6,7,retained,0;1;2;3;4;5
2632,2632,2632,6,7,retained,0;1;2;3;4;5
2633,2633,2633,6,8,retained,0;1;2;3;4;5
2634,2634,2634,6,6,retained,0;1;2;3;4;5
2635,2635,2635,6,8,retained,0;1;2;3;4;5
2636,2636,2636,6,8,retained,0;1;2;3;4;5
2637,2637,2637,6,5,retained,0;1;2;3;4;5
2638,2638,2638,6,7,retained,0;1;2;3;4;5
2639,2639,2639,6,5,retained,0;1;2;3;4;5
2640,2640,2640,6,7,retained,0;1;2;3;4;5
2641,2641,2641,6,5,retained,0;1;2;3;4;5
2642,2642,2642,6,5,retained,0;1;2;3;4;5
2643,2643,2643,6,7,retained,0;1;2;3;4;5
2644,2644,2644,6,5,retained,0;1;2;3;4;5
2645,2645,2645,6,5,retained,0;1;2;3;4;5
2646,2646,2646,6,5,retained,0;1;2;3;4;5
2647,2647,2647,6,6,retained,0;1;2;3;4;5
2648,2648,2648,6,8,retained,0;1;2;3;4;5
2649,2649,2649,6,8,retained,0;1;2;3;4;5
2650,2650,2650,6,6,retained,0;1;2;3;4;5
2651,2651,2651,6,5,retained,0;1;2;3;4;5
2652,2652,2652,6,5,retained,0;1;2;3;4;5
2653,2653,2653,6,6,retained,0;1;2;3;4;5
2654,2654,2654,6,6,retained,0;1;2;3;4;5
2655,2655,2655,6,7,retained,0;1;2;3;4;5
2656,2656,2656,6,6,retained,0;1;2;3;4;5
2657,2657,2657,6,5,retained,0;1;2;3;4;5
2658,2658,2658,6,6,retained,0;1;2;3;4;5
2659,2659,2659,6,7,retained,0;1;2;3;4;5
2660,2660,2660,6,8,retained,0;1;2;3;4;5
2661,2661,2661,6,5,retained,0;1;2;3;4;5
2662,2662,2662,6,5,retained,0;1;2;3;4;5
2663,2663,2663,6,5,retained,0;1;2;3;4;5
2664,2664,2664,6,5,retained,0;1;2;3;4;5
2665,2665,2665,6,8,retained,0;1;2;3;4;5
2666,2666,2666,6,5,retained,0;1;2;3;4;5
2667,2667,2667,6,5,retained,0;1;2;3;4;5
2668,2668,2668,6,5,retained,0;1;2;3;4;5
2669,2669,2669,6,5,retained,0;1;2;3;4;5
2670,2670,2670,6,7,retained,0;1;2;3;4;5
2671,2671,2671,6,6,retained,0;1;2;3;4;5
2672,2672,2672,6,7,retained,0;1;2;3;4;5
2673,2673,2673,6,8,retained,0;1;2;3;4;5
2674,2674,2674,6,8,retained,0;1;2;3;4;5
2675,2675,2675,6,5,retained,0;1;2;3;4;5
2676,2676,2676,6,8,retained,0;1;2;3;4;5
2677,2677,2677,6,6,retained,0;1;2;3;4;5
2678,2678,2678,6,5,retained,0;1;2;3;4;5
2679,2679,2679,6,7,retained,0;1;2;3;4;5
2680,2680,2680,6,5,retained,0;1;2;3;4;5
2681,2681,2681,6,6,retained,0;1;2;3;4;5
2682,2682,2682,6,5,retained,0;1;2;3;4;5
2683,2683,2683,6,5,retained,0;1;2;3;4;5
2684,2684,2684,6,5,retained,0;1;2;3;4;5
2685,2685,2685,6,5,retained,0;1;2;3;4;5
2686,2686,2686,6,7,retained,0;1;2;3;4;5
2687,2687,2687,6,8,retained,0;1;2;3;4;5
2688,2688,2688,6,7,retained,0;1;2;3;4;5
2689,2689,2689,6,6,retained,0;1;2;3;4;5
2690,2690,2690,6,5,retained,0;1;2;3;4;5
2691,2691,2691,6,5,retained,0;1;2;3;4;5
2692,2692,2692,6,6,retained,0;1;2;3;4;5
2693,2693,2693,6,8,retained,0;1;2;3;4;5
2694,2694,2694,6,8,retained,0;1;2;3;4;5
2695,2695,2695,6,7,retained,0;1;2;3;4;5
2696,2696,2696,6,5,retained,0;1;2;3;4;5
2697,2697,2697,6,5,retained,0;1;2;3;4;5
2698,2698,2698,6,8,retained,0;1;2;3;4;5
2699,2699,2699,6,8,retained,0;1;2;3;4;5
2700,2700,2700,6,6,retained,0;1;2;3;4;5
2701,2701,2701,6,6,retained,0;1;2;3;4;5
2702,2702,2702,6,8,retained,0;1;2;3;4;5
2703,2703,2703,6,7,retained,0;1;2;3;4;5
2704,2704,2704,6,5,retained,0;1;2;3;4;5
2705,2705,2705,6,6,retained,0;1;2;3;4;5
2706,2706,2706,6,5,retained,0;1;2;3;4;5
2707,2707,2707,6,6,retained,0;1;2;3;4;5
2708,2708,2708,6,7,retained,0;1;2;3;4;5
2709,2709,2709,6,8,retained,0;1;2;3;4;5
2710,2710,2710,6,7,retained,0;1;2;3;4;5
2711,2711,2711,6,7,retained,0;1;2;3;4;5
2712,2712,2712,6,7,retained,0;1;2;3;4;5
2713,2713,2713,6,7,retained,0;1;2;3;4;5
2714,2714,2714,6,6,retained,0;1;2;3;4;5
2715,2715,2715,6,6,retained,0;1;2;3;4;5
2716,2716,2716,6,8,retained,0;1;2;3;4;5
2717,2717,2717,6,7,retained,0;1;2;3;4;5
2718,2718,2718,6,8,retained,0;1;2;3;4;5
2719,2719,2719,6,7,retained,0;1;2;3;4;5
2720,2720,2720,6,8,retained,0;1;2;3;4;5
2721,2721,2721,6,6,retained,0;1;2;3;4;5
2722,2722,2722,6,8,retained,0;1;2;3;4;5
2723,2723,2723,6,7,retained,0;1;2;3;4;5
2724,2724,2724,6,6,retained,0;1;2;3;4;5
2725,2725,2725,6,8,retained,0;1;2;3;4;5
2726,2726,2726,6,6,retained,0;1;2;3;4;5
2727,2727,2727,6,6,retained,0;1;2;3;4;5
2728,2728,2728,6,6,retained,0;1;2;3;4;5
2729,2729,2729,6,7,retained,0;1;2;3;4;5
2730,2730,2730,6,8,retained,0;1;2;3;4;5
2731,2731,2731,6,8,retained,0;1;2;3;4;5
2732,2732,2732,6,6,retained,0;1;2;3;4;5
2733,2733,2733,6,6,retained,0;1;2;3;4;5
2734,2734,2734,6,6,retained,0;1;2;3;4;5
2735,2735,2735,6,6,retained,0;1;2;3;4;5
2736,2736,2736,6,6,retained,0;1;2;3;4;5
2737,2737,2737,6,7,retained,0;1;2;3;4;5
2738,2738,2738,6,6,retained,0;1;2;3;4;5
2739,2739,2739,6,7,retained,0;1;2;3;4;5
2740,2740,2740,6,7,retained,0;1;2;3;4;5
2741,2741,2741,6,6,retained,0;1;2;3;4;5
2742,2742,2742,6,8,retained,0;1;2;3;4;5
2743,2743,2743,6,6,retained,0;1;2;3;4;5
2744,2744,2744,6,8,retained,0;1;2;3;4;5
2745,2745,2745,6,8,retained,0;1;2;3;4;5
2746,2746,2746,6,6,retained,0;1;2;3;4;5
2747,2747,2747,6,8,retained,0;1;2;3;4;5
2748,2748,2748,6,8,retained,0;1;2;3;4;5
2749,2749,2749,6,6,retained,0;1;2;3;4;5
2750,2750,2750,6,6,retained,0;1;2;3;4;5
2751,2751,2751,6,6,retained,0;1;2;3;4;5
2752,2752,2752,6,8,retained,0;1;2;3;4;5
2753,2753,2753,6,6,retained,0;1;2;3;4;5
2754,2754,2754,6,6,retained,0;1;2;3;4;5
2755,2755,2755,6,8,retained,0;1;2;3;4;5
2756,2756,2756,6,7,retained,0;1;2;3;4;5
2757,2757,2757,6,6,retained,0;1;2;3;4;5
2758,2758,2758,6,6,retained,0;1;2;3;4;5
2759,2759,2759,6,6,retained,0;1;2;3;4;5
2760,2760,2760,6,6,retained,0;1;2;3;4;5
2761,2761,2761,6,7,retained,0;1;2;3;4;5
2762,2762,2762,6,6,retained,0;1;2;3;4;5
2763,2763,2763,6,6,retained,0;1;2;3;4;5
2764,2764,2764,6,8,retained,0;1;2;3;4;5
2765,2765,2765,6,6,retained,0;1;2;3;4;5
2766,2766,2766,6,7,retained,0;1;2;3;4;5
2767,2767,2767,6,6,retained,0;1;2;3;4;5
2768,2768,2768,6,6,retained,0;1;2;3;4;5
2769,2769,2769,6,7,retained,0;1;2;3;4;5
2770,2770,2770,6,7,retained,0;1;2;3;4;5
2771,2771,2771,6,8,retained,0;1;2;3;4;5
2772,2772,2772,6,8,retained,0;1;2;3;4;5
2773,2773,2773,6,7,retained,0;1;2;3;4;5
2774,2774,2774,6,8,retained,0;1;2;3;4;5
2775,2775,2775,6,8,retained,0;1;2;3;4;5
2776,2776,2776,6,8,retained,0;1;2;3;4;5
2777,2777,2777,6,7,retained,0;1;2;3;4;5
2778,2778,2778,6,6,retained,0;1;2;3;4;5
2779,2779,2779,6,7,retained,0;1;2;3;4;5
2780,2780,2780,6,8,retained,0;1;2;3;4;5
2781,2781,2781,6,8,retained,0;1;2;3;4;5
2782,2782,2782,6,7,retained,0;1;2;3;4;5
2783,2783,2783,6,7,retained,0;1;2;3;4;5
2784,2784,2784,6,7,retained,0;1;2;3;4;5
2785,2785,2785,6,8,retained,0;1;2;3;4;5
2786,2786,2786,6,7,retained,0;1;2;3;4;5
2787,2787,2787,6,7,retained,0;1;2;3;4;5
2788,2788,2788,6,7,retained,0;1;2;3;4;5
2789,2789,2789,6,7,retained,0;1;2;3;4;5
2790,2790,2790,6,7,retained,0;1;2;3;4;5
2791,2791,2791,6,7,retained,0;1;2;3;4;5
2792,2792,2792,6,7,retained,0;1;2;3;4;5
2793,2793,2793,6,8,retained,0;1;2;3;4;5
2794,2794,2794,6,8,retained,0;1;2;3;4;5
2795,2795,2795,6,8,retained,0;1;2;3;4;5
2796,2796,2796,6,8,retained,0;1;2;3;4;5
2797,2797,2797,6,7,retained,0;1;2;3;4;5
2798,2798,2798,6,8,retained,0;1;2;3;4;5
2799,2799,2799,6,8,retained,0;1;2;3;4;5
2800,2800,2800,6,8,retained,0;1;2;3;4;5
2801,2801,2801,6,8,retained,0;1;2;3;4;5
2802,2802,2802,6,7,retained,0;1;2;3;4;5
2803,2803,2803,6,8,retained,0;1;2;3;4;5
2804,2804,2804,6,8,retained,0;1;2;3;4;5
2805,2805,2805,6,8,retained,0;1;2;3;4;5
2806,2806,2806,6,8,retained,0;1;2;3;4;5
2807,2807,2807,6,7,retained,0;1;2;3;4;5
2808,2808,2808,6,7,retained,0;1;2;3;4;5
2809,2809,2809,6,8,retained,0;1;2;3;4;5
2810,2810,2810,6,7,retained,0;1;2;3;4;5
2811,2811,2811,6,7,retained,0;1;2;3;4;5
2812,2812,2812,6,8,retained,0;1;2;3;4;5
2813,2813,2813,6,7,retained,0;1;2;3;4;5
2814,2814,2814,6,7,retained,0;1;2;3;4;5
2815,2815,2815,6,7,retained,0;1;2;3;4;5
2816,2816,2816,6,7,retained,0;1;2;3;4;5
2817,2817,2817,6,7,retained,0;1;2;3;4;5
2818,2818,2818,6,8,retained,0;1;2;3;4;5
2819,2819,2819,6,7,retained,0;1;2;3;4;5
2820,2820,2820,6,8,retained,0;1;2;3;4;5
2821,2821,2821,6,8,retained,0;1;2;3;4;5
2822,2822,2822,6,7,retained,0;1;2;3;4;5
2823,2823,2823,6,7,retained,0;1;2;3;4;5
2824,2824,2824,6,8,retained,0;1;2;3;4;5
2825,2825,2825,6,8,retained,0;1;2;3;4;5
2826,2826,2826,6,7,retained,0;1;2;3;4;5
2827,2827,2827,6,8,retained,0;1;2;3;4;5
2828,2828,2828,6,7,retained,0;1;2;3;4;5
2829,2829,2829,6,8,retained,0;1;2;3;4;5
2830,2830,2830,6,7,retained,0;1;2;3;4;5
2831,2831,2831,6,7,retained,0;1;2;3;4;5
2832,2832,2832,6,8,retained,0;1;2;3;4;5
2833,2833,2833,6,7,retained,0;1;2;3;4;5
2834,2834,2834,6,7,retained,0;1;2;3;4;5
2835,2835,2835,6,7,retained,0;1;2;3;4;5
2836,2836,2836,6,8,retained,0;1;2;3;4;5
2837,2837,2837,6,8,retained,0;1;2;3;4;5
2838,2838,2838,6,7,retained,0;1;2;3;4;5
2839,2839,2839,6,7,retained,0;1;2;3;4;5
2840,2840,2840,6,7,retained,0;1;2;3;4;5
2841,2841,2841,6,7,retained,0;1;2;3;4;5
2842,2842,2842,6,7,retained,0;1;2;3;4;5
2843,2843,2843,6,7,retained,0;1;2;3;4;5
2844,2844,2844,6,7,retained,0;1;2;3;4;5
2845,2845,2845,6,7,retained,0;1;2;3;4;5
2846,2846,2846,6,7,retained,0;1;2;3;4;5
2847,2847,2847,6,8,retained,0;1;2;3;4;5
2848,2848,2848,6,7,retained,0;1;2;3;4;5
2849,2849,2849,6,7,retained,0;1;2;3;4;5
2850,2850,2850,6,8,retained,0;1;2;3;4;5
2851,2851,2851,6,8,retained,0;1;2;3;4;5
2852,2852,2852,6,7,retained,0;1;2;3;4;5
2853,2853,2853,6,7,retained,0;1;2;3;4;5
2854,2854,2854,6,7,retained,0;1;2;3;4;5
2855,2855,2855,6,7,retained,0;1;2;3;4;5
2856,2856,2856,6,7,retained,0;1;2;3;4;5
2857,2857,2857,6,8,retained,0;1;2;3;4;5
2858,2858,2858,6,7,retained,0;1;2;3;4;5
2859,2859,2859,6,7,retained,0;1;2;3;4;5
2860,2860,2860,6,7,retained,0;1;2;3;4;5
2861,2861,2861,6,8,retained,0;1;2;3;4;5
2862,2862,2862,6,8,retained,0;1;2;3;4;5
2863,2863,2863,6,7,retained,0;1;2;3;4;5
2864,2864,2864,6,7,retained,0;1;2;3;4;5
2865,2865,2865,6,8,retained,0;1;2;3;4;5
2866,2866,2866,6,7,retained,0;1;2;3;4;5
2867,2867,2867,6,7,retained,0;1;2;3;4;5
2868,2868,2868,6,8,retained,0;1;2;3;4;5
2869,2869,2869,6,7,retained,0;1;2;3;4;5
2870,2870,2870,6,7,retained,0;1;2;3;4;5
2871,2871,2871,6,7,retained,0;1;2;3;4;5
2872,2872,2872,6,7,retained,0;1;2;3;4;5
2873,2873,2873,6,7,retained,0;1;2;3;4;5
2874,2874,2874,6,8,retained,0;1;2;3;4;5
2875,2875,2875,6,8,retained,0;1;2;3;4;5
2876,2876,2876,6,8,retained,0;1;2;3;4;5
2877,2877,2877,6,8,retained,0;1;2;3;4;5
2878,2878,2878,6,8,retained,0;1;2;3;4;5
2879,2879,2879,6,8,retained,0;1;2;3;4;5
2880,2880,2880,6,8,retained,0;1;2;3;4;5
2881,2881,2881,6,8,retained,0;1;2;3;4;5
2882,2882,2882,6,8,retained,0;1;2;3;4;5
2883,2883,2883,6,8,retained,0;1;2;3;4;5
2884,2884,2884,6,8,retained,0;1;2;3;4;5
2885,2885,2885,6,8,retained,0;1;2;3;4;5
2886,2886,2886,6,8,retained,0;1;2;3;4;5
2887,2887,2887,6,8,retained,0;1;2;3;4;5
2888,2888,2888,6,8,retained,0;1;2;3;4;5
2889,2889,2889,6,8,retained,0;1;2;3;4;5
2890,2890,2890,6,8,retained,0;1;2;3;4;5
2891,2891,2891,6,8,retained,0;1;2;3;4;5
2892,2892,2892,6,8,retained,0;1;2;3;4;5
2893,2893,2893,6,8,retained,0;1;2;3;4;5
2894,2894,2894,6,8,retained,0;1;2;3;4;5
2895,2895,2895,6,8,retained,0;1;2;3;4;5
2896,2896,2896,6,8,retained,0;1;2;3;4;5
2897,2897,2897,6,8,retained,0;1;2;3;4;5
2898,2898,2898,6,8,retained,0;1;2;3;4;5
2899,2899,2899,6,8,retained,0;1;2;3;4;5
2900,2900,2900,6,8,retained,0;1;2;3;4;5
2901,2901,2901,6,8,retained,0;1;2;3;4;5
2902,2902,2902,6,8,retained,0;1;2;3;4;5
2903,2903,2903,6,8,retained,0;1;2;3;4;5
2904,2904,2904,6,8,retained,0;1;2;3;4;5
2905,2905,2905,6,8,retained,0;1;2;3;4;5
2906,2906,2906,6,8,retained,0;1;2;3;4;5
2907,2907,2907,6,8,retained,0;1;2;3;4;5
2908,2908,2908,6,8,retained,0;1;2;3;4;5
2909,2909,2909,6,8,retained,0;1;2;3;4;5
2910,2910,2910,6,8,retained,0;1;2;3;4;5
2911,2911,2911,6,8,retained,0;1;2;3;4;5
2912,2912,2912,6,8,retained,0;1;2;3;4;5
2913,2913,2913,6,4,retained,0;1;2;3;4;5
2914,2914,2914,6,4,retained,0;1;2;3;4;5
2915,2915,2915,6,8,retained,0;1;2;3;4;5
2916,2916,2916,6,3,retained,0;1;2;3;4;5
2917,2917,2917,6,3,retained,0;1;2;3;4;5
2918,2918,2918,6,4,retained,0;1;2;3;4;5
2919,2919,2919,6,6,retained,0;1;2;3;4;5
2920,2920,2920,6,8,retained,0;1;2;3;4;5
2921,2921,2921,6,3,retained,0;1;2;3;4;5
2922,2922,2922,6,3,retained,0;1;2;3;4;5
2923,2923,2923,6,5,retained,0;1;2;3;4;5
2924,2924,2924,6,7,retained,0;1;2;3;4;5
2925,2925,2925,6,3,retained,0;1;2;3;4;5
2926,2926,2926,6,4,retained,0;1;2;3;4;5
2927,2927,2927,6,6,retained,0;1;2;3;4;5
2928,2928,2928,6,8,retained,0;1;2;3;4;5
2929,2929,2929,6,3,retained,0;1;2;3;4;5
2930,2930,2930,6,5,retained,0;1;2;3;4;5
2931,2931,2931,6,7,retained,0;1;2;3;4;5
2932,2932,2932,6,4,retained,0;1;2;3;4;5
2933,2933,2933,6,6,retained,0;1;2;3;4;5
2934,2934,2934,6,8,retained,0;1;2;3;4;5
2935,2935,2935,6,5,retained,0;1;2;3;4;5
2936,2936,2936,6,7,retained,0;1;2;3;4;5
2937,2937,2937,6,6,retained,0;1;2;3;4;5
2938,2938,2938,6,8,retained,0;1;2;3;4;5
2939,2939,2939,6,7,retained,0;1;2;3;4;5
2940,2940,2940,6,8,retained,0;1;2;3;4;5
2941,2941,2941,6,4,retained,0;1;2;3;4;5
2942,2942,2942,6,7,retained,0;1;2;3;4;5
2943,2943,2943,6,5,retained,0;1;2;3;4;5
2944,2944,2944,6,4,retained,0;1;2;3;4;5
2945,2945,2945,6,6,retained,0;1;2;3;4;5
2946,2946,2946,6,7,retained,0;1;2;3;4;5
2947,2947,2947,6,5,retained,0;1;2;3;4;5
2948,2948,2948,6,4,retained,0;1;2;3;4;5
2949,2949,2949,6,8,retained,0;1;2;3;4;5
2950,2950,2950,6,5,retained,0;1;2;3;4;5
2951,2951,2951,6,4,retained,0;1;2;3;4;5
2952,2952,2952,6,8,retained,0;1;2;3;4;5
2953,2953,2953,6,8,retained,0;1;2;3;4;5
2954,2954,2954,6,5,retained,0;1;2;3;4;5
2955,2955,2955,6,6,retained,0;1;2;3;4;5
2956,2956,2956,6,6,retained,0;1;2;3;4;5
2957,2957,2957,6,8,retained,0;1;2;3;4;5
2958,2958,2958,6,8,retained,0;1;2;3;4;5
2959,2959,2959,6,8,retained,0;1;2;3;4;5
2960,2960,2960,6,2,retained,0;1;2;3;4;5
2961,2961,2961,6,5,retained,0;1;2;3;4;5
2962,2962,2962,6,3,retained,0;1;2;3;4;5
2963,2963,2963,6,4,retained,0;1;2;3;4;5
2964,2964,2964,6,6,retained,0;1;2;3;4;5
2965,2965,2965,6,8,retained,0;1;2;3;4;5
2966,2966,2966,6,2,retained,0;1;2;3;4;5
2967,2967,2967,6,3,retained,0;1;2;3;4;5
2968,2968,2968,6,5,retained,0;1;2;3;4;5
2969,2969,2969,6,4,retained,0;1;2;3;4;5
2970,2970,2970,6,3,retained,0;1;2;3;4;5
2971,2971,2971,6,3,retained,0;1;2;3;4;5
2972,2972,2972,6,6,retained,0;1;2;3;4;5
2973,2973,2973,6,6,retained,0;1;2;3;4;5
2974,2974,2974,6,5,retained,0;1;2;3;4;5
2975,2975,2975,6,8,retained,0;1;2;3;4;5
2976,2976,2976,6,8,retained,0;1;2;3;4;5
2977,2977,2977,6,5,retained,0;1;2;3;4;5
2978,2978,2978,6,6,retained,0;1;2;3;4;5
2979,2979,2979,6,7,retained,0;1;2;3;4;5
2980,2980,2980,6,6,retained,0;1;2;3;4;5
2981,2981,2981,6,8,retained,0;1;2;3;4;5
2982,2982,2982,6,5,retained,0;1;2;3;4;5
2983,2983,2983,6,4,retained,0;1;2;3;4;5
2984,2984,2984,6,4,retained,0;1;2;3;4;5
2985,2985,2985,6,5,retained,0;1;2;3;4;5
2986,2986,2986,6,8,retained,0;1;2;3;4;5
2987,2987,2987,6,8,retained,0;1;2;3;4;5
2988,2988,2988,6,4,retained,0;1;2;3;4;5
2989,2989,2989,6,8,retained,0;1;2;3;4;5
2990,2990,2990,6,4,retained,0;1;2;3;4;5
2991,2991,2991,6,3,retained,0;1;2;3;4;5
2992,2992,2992,6,3,retained,0;1;2;3;4;5
2993,2993,2993,6,5,retained,0;1;2;3;4;5
2994,2994,2994,6,6,retained,0;1;2;3;4;5
2995,2995,2995,6,8,retained,0;1;2;3;4;5
2996,2996,2996,6,4,retained,0;1;2;3;4;5
2997,2997,2997,6,3,retained,0;1;2;3;4;5
2998,2998,2998,6,6,retained,0;1;2;3;4;5
2999,2999,2999,6,8,retained,0;1;2;3;4;5
3000,3000,3000,6,8,retained,0;1;2;3;4;5
3001,3001,3001,6,8,retained,0;1;2;3;4;5
3002,3002,3002,6,6,retained,0;1;2;3;4;5
3003,3003,3003,6,7,retained,0;1;2;3;4;5
3004,3004,3004,6,8,retained,0;1;2;3;4;5
3005,3005,3005,6,5,retained,0;1;2;3;4;5
3006,3006,3006,6,8,retained,0;1;2;3;4;5
3007,3007,3007,6,7,retained,0;1;2;3;4;5
3008,3008,3008,6,7,retained,0;1;2;3;4;5
3009,3009,3009,6,8,retained,0;1;2;3;4;5
3010,3010,3010,6,6,retained,0;1;2;3;4;5
3011,3011,3011,6,8,retained,0;1;2;3;4;5
3012,3012,3012,6,5,retained,0;1;2;3;4;5
3013,3013,3013,6,7,retained,0;1;2;3;4;5
3014,3014,3014,6,8,retained,0;1;2;3;4;5
3015,3015,3015,6,3,retained,0;1;2;3;4;5
3016,3016,3016,6,6,retained,0;1;2;3;4;5
3017,3017,3017,6,7,retained,0;1;2;3;4;5
3018,3018,3018,6,8,retained,0;1;2;3;4;5
3019,3019,3019,6,8,retained,0;1;2;3;4;5
3020,3020,3020,6,5,retained,0;1;2;3;4;5
3021,3021,3021,6,7,retained,0;1;2;3;4;5
3022,3022,3022,6,8,retained,0;1;2;3;4;5
3023,3023,3023,6,6,retained,0;1;2;3;4;5
3024,3024,3024,6,4,retained,0;1;2;3;4;5
3025,3025,3025,6,8,retained,0;1;2;3;4;5
3026,3026,3026,6,8,retained,0;1;2;3;4;5
3027,3027,3027,6,7,retained,0;1;2;3;4;5
3028,3028,3028,6,5,retained,0;1;2;3;4;5
3029,3029,3029,6,6,retained,0;1;2;3;4;5
3030,3030,3030,6,7,retained,0;1;2;3;4;5
3031,3031,3031,6,8,retained,0;1;2;3;4;5
3032,3032,3032,6,5,retained,0;1;2;3;4;5
3033,3033,3033,6,5,retained,0;1;2;3;4;5
3034,3034,3034,6,5,retained,0;1;2;3;4;5
3035,3035,3035,6,8,retained,0;1;2;3;4;5
3036,3036,3036,6,4,retained,0;1;2;3;4;5
3037,3037,3037,6,4,retained,0;1;2;3;4;5
3038,3038,3038,6,5,retained,0;1;2;3;4;5
3039,3039,3039,6,6,retained,0;1;2;3;4;5
3040,3040,3040,6,5,retained,0;1;2;3;4;5
3041,3041,3041,6,8,retained,0;1;2;3;4;5
3042,3042,3042,6,8,retained,0;1;2;3;4;5
3043,3043,3043,6,7,retained,0;1;2;3;4;5
3044,3044,3044,6,6,retained,0;1;2;3;4;5
3045,3045,3045,6,8,retained,0;1;2;3;4;5
3046,3046,3046,6,3,retained,0;1;2;3;4;5
3047,3047,3047,6,6,retained,0;1;2;3;4;5
3048,3048,3048,6,3,retained,0;1;2;3;4;5
3049,3049,3049,6,3,retained,0;1;2;3;4;5
3050,3050,3050,6,7,retained,0;1;2;3;4;5
3051,3051,3051,6,3,retained,0;1;2;3;4;5
3052,3052,3052,6,7,retained,0;1;2;3;4;5
3053,3053,3053,6,8,retained,0;1;2;3;4;5
3054,3054,3054,6,6,retained,0;1;2;3;4;5
3055,3055,3055,6,6,retained,0;1;2;3;4;5
3056,3056,3056,6,8,retained,0;1;2;3;4;5
3057,3057,3057,6,5,retained,0;1;2;3;4;5
3058,3058,3058,6,3,retained,0;1;2;3;4;5
3059,3059,3059,6,3,retained,0;1;2;3;4;5
3060,3060,3060,6,5,retained,0;1;2;3;4;5
3061,3061,3061,6,7,retained,0;1;2;3;4;5
3062,3062,3062,6,5,retained,0;1;2;3;4;5
3063,3063,3063,6,7,retained,0;1;2;3;4;5
3064,3064,3064,6,3,retained,0;1;2;3;4;5
3065,3065,3065,6,8,retained,0;1;2;3;4;5
3066,3066,3066,6,4,retained,0;1;2;3;4;5
3067,3067,3067,6,6,retained,0;1;2;3;4;5
3068,3068,3068,6,7,retained,0;1;2;3;4;5
3069,3069,3069,6,7,retained,0;1;2;3;4;5
3070,3070,3070,6,5,retained,0;1;2;3;4;5
3071,3071,3071,6,8,retained,0;1;2;3;4;5
3072,3072,3072,6,4,retained,0;1;2;3;4;5
3073,3073,3073,6,4,retained,0;1;2;3;4;5
3074,3074,3074,6,5,retained,0;1;2;3;4;5
3075,3075,3075,6,7,retained,0;1;2;3;4;5
3076,3076,3076,6,7,retained,0;1;2;3;4;5
3077,3077,3077,6,6,retained,0;1;2;3;4;5
3078,3078,3078,6,8,retained,0;1;2;3;4;5
3079,3079,3079,6,8,retained,0;1;2;3;4;5
3080,3080,3080,6,8,retained,0;1;2;3;4;5
3081,3081,3081,6,7,retained,0;1;2;3;4;5
3082,3082,3082,6,4,retained,0;1;2;3;4;5
3083,3083,3083,6,5,retained,0;1;2;3;4;5
3084,3084,3084,6,4,retained,0;1;2;3;4;5
3085,3085,3085,6,7,retained,0;1;2;3;4;5
3086,3086,3086,6,6,retained,0;1;2;3;4;5
3087,3087,3087,6,8,retained,0;1;2;3;4;5
3088,3088,3088,6,5,retained,0;1;2;3;4;5
3089,3089,3089,6,7,retained,0;1;2;3;4;5
3090,3090,3090,6,7,retained,0;1;2;3;4;5
3091,3091,3091,6,8,retained,0;1;2;3;4;5
3092,3092,3092,6,8,retained,0;1;2;3;4;5
3093,3093,3093,6,8,retained,0;1;2;3;4;5
3094,3094,3094,6,8,retained,0;1;2;3;4;5
3095,3095,3095,6,6,retained,0;1;2;3;4;5
3096,3096,3096,6,6,retained,0;1;2;3;4;5
3097,3097,3097,6,4,retained,0;1;2;3;4;5
3098,3098,3098,6,5,retained,0;1;2;3;4;5
3099,3099,3099,6,4,retained,0;1;2;3;4;5
3100,3100,3100,6,7,retained,0;1;2;3;4;5
3101,3101,3101,6,6,retained,0;1;2;3;4;5
3102,3102,3102,6,6,retained,0;1;2;3;4;5
3103,3103,3103,6,6,retained,0;1;2;3;4;5
3104,3104,3104,6,7,retained,0;1;2;3;4;5
3105,3105,3105,6,6,retained,0;1;2;3;4;5
3106,3106,3106,6,8,retained,0;1;2;3;4;5
3107,3107,3107,6,7,retained,0;1;2;3;4;5
3108,3108,3108,6,7,retained,0;1;2;3;4;5
3109,3109,3109,6,8,retained,0;1;2;3;4;5
3110,3110,3110,6,6,retained,0;1;2;3;4;5
3111,3111,3111,6,8,retained,0;1;2;3;4;5
3112,3112,3112,6,8,retained,0;1;2;3;4;5
3113,3113,3113,6,4,retained,0;1;2;3;4;5
3114,3114,3114,6,7,retained,0;1;2;3;4;5
3115,3115,3115,6,4,retained,0;1;2;3;4;5
3116,3116,3116,6,7,retained,0;1;2;3;4;5
3117,3117,3117,6,4,retained,0;1;2;3;4;5
3118,3118,3118,6,5,retained,0;1;2;3;4;5
3119,3119,3119,6,7,retained,0;1;2;3;4;5
3120,3120,3120,6,4,retained,0;1;2;3;4;5
3121,3121,3121,6,4,retained,0;1;2;3;4;5
3122,3122,3122,6,4,retained,0;1;2;3;4;5
3123,3123,3123,6,6,retained,0;1;2;3;4;5
3124,3124,3124,6,8,retained,0;1;2;3;4;5
3125,3125,3125,6,8,retained,0;1;2;3;4;5
3126,3126,3126,6,6,retained,0;1;2;3;4;5
3127,3127,3127,6,5,retained,0;1;2;3;4;5
3128,3128,3128,6,4,retained,0;1;2;3;4;5
3129,3129,3129,6,6,retained,0;1;2;3;4;5
3130,3130,3130,6,6,retained,0;1;2;3;4;5
3131,3131,3131,6,7,retained,0;1;2;3;4;5
3132,3132,3132,6,6,retained,0;1;2;3;4;5
3133,3133,3133,6,5,retained,0;1;2;3;4;5
3134,3134,3134,6,6,retained,0;1;2;3;4;5
3135,3135,3135,6,7,retained,0;1;2;3;4;5
3136,3136,3136,6,8,retained,0;1;2;3;4;5
3137,3137,3137,6,4,retained,0;1;2;3;4;5
3138,3138,3138,6,4,retained,0;1;2;3;4;5
3139,3139,3139,6,5,retained,0;1;2;3;4;5
3140,3140,3140,6,4,retained,0;1;2;3;4;5
3141,3141,3141,6,8,retained,0;1;2;3;4;5
3142,3142,3142,6,4,retained,0;1;2;3;4;5
3143,3143,3143,6,4,retained,0;1;2;3;4;5
3144,3144,3144,6,4,retained,0;1;2;3;4;5
3145,3145,3145,6,4,retained,0;1;2;3;4;5
3146,3146,3146,6,7,retained,0;1;2;3;4;5
3147,3147,3147,6,6,retained,0;1;2;3;4;5
3148,3148,3148,6,7,retained,0;1;2;3;4;5
3149,3149,3149,6,8,retained,0;1;2;3;4;5
3150,3150,3150,6,8,retained,0;1;2;3;4;5
3151,3151,3151,6,5,retained,0;1;2;3;4;5
3152,3152,3152,6,8,retained,0;1;2;3;4;5
3153,3153,3153,6,6,retained,0;1;2;3;4;5
3154,3154,3154,6,5,retained,0;1;2;3;4;5
3155,3155,3155,6,7,retained,0;1;2;3;4;5
3156,3156,3156,6,5,retained,0;1;2;3;4;5
3157,3157,3157,6,6,retained,0;1;2;3;4;5
3158,3158,3158,6,5,retained,0;1;2;3;4;5
3159,3159,3159,6,4,retained,0;1;2;3;4;5
3160,3160,3160,6,4,retained,0;1;2;3;4;5
3161,3161,3161,6,5,retained,0;1;2;3;4;5
3162,3162,3162,6,7,retained,0;1;2;3;4;5
3163,3163,3163,6,8,retained,0;1;2;3;4;5
3164,3164,3164,6,7,retained,0;1;2;3;4;5
3165,3165,3165,6,6,retained,0;1;2;3;4;5
3166,3166,3166,6,5,retained,0;1;2;3;4;5
3167,3167,3167,6,4,retained,0;1;2;3;4;5
3168,3168,3168,6,6,retained,0;1;2;3;4;5
3169,3169,3169,6,8,retained,0;1;2;3;4;5
3170,3170,3170,6,8,retained,0;1;2;3;4;5
3171,3171,3171,6,7,retained,0;1;2;3;4;5
3172,3172,3172,6,5,retained,0;1;2;3;4;5
3173,3173,3173,6,5,retained,0;1;2;3;4;5
3174,3174,3174,6,8,retained,0;1;2;3;4;5
3175,3175,3175,6,8,retained,0;1;2;3;4;5
3176,3176,3176,6,6,retained,0;1;2;3;4;5
3177,3177,3177,6,6,retained,0;1;2;3;4;5
3178,3178,3178,6,8,retained,0;1;2;3;4;5
3179,3179,3179,6,7,retained,0;1;2;3;4;5
3180,3180,3180,6,4,retained,0;1;2;3;4;5
3181,3181,3181,6,6,retained,0;1;2;3;4;5
3182,3182,3182,6,5,retained,0;1;2;3;4;5
3183,3183,3183,6,6,retained,0;1;2;3;4;5
3184,3184,3184,6,7,retained,0;1;2;3;4;5
3185,3185,3185,6,8,retained,0;1;2;3;4;5
3186,3186,3186,6,7,retained,0;1;2;3;4;5
3187,3187,3187,6,7,retained,0;1;2;3;4;5
3188,3188,3188,6,7,retained,0;1;2;3;4;5
3189,3189,3189,6,7,retained,0;1;2;3;4;5
3190,3190,3190,6,5,retained,0;1;2;3;4;5
3191,3191,3191,6,5,retained,0;1;2;3;4;5
3192,3192,3192,6,8,retained,0;1;2;3;4;5
3193,3193,3193,6,7,retained,0;1;2;3;4;5
3194,3194,3194,6,8,retained,0;1;2;3;4;5
3195,3195,3195,6,7,retained,0;1;2;3;4;5
3196,3196,3196,6,8,retained,0;1;2;3;4;5
3197,3197,3197,6,5,retained,0;1;2;3;4;5
3198,3198,3198,6,8,retained,0;1;2;3;4;5
3199,3199,3199,6,7,retained,0;1;2;3;4;5
3200,3200,3200,6,5,retained,0;1;2;3;4;5
3201,3201,3201,6,8,retained,0;1;2;3;4;5
3202,3202,3202,6,5,retained,0;1;2;3;4;5
3203,3203,3203,6,5,retained,0;1;2;3;4;5
3204,3204,3204,6,6,retained,0;1;2;3;4;5
3205,3205,3205,6,7,retained,0;1;2;3;4;5
3206,3206,3206,6,8,retained,0;1;2;3;4;5
3207,3207,3207,6,8,retained,0;1;2;3;4;5
3208,3208,3208,6,5,retained,0;1;2;3;4;5
3209,3209,3209,6,5,retained,0;1;2;3;4;5
3210,3210,3210,6,5,retained,0;1;2;3;4;5
3211,3211,3211,6,5,retained,0;1;2;3;4;5
3212,3212,3212,6,6,retained,0;1;2;3;4;5
3213,3213,3213,6,7,retained,0;1;2;3;4;5
3214,3214,3214,6,5,retained,0;1;2;3;4;5
3215,3215,3215,6,7,retained,0;1;2;3;4;5
3216,3216,3216,6,7,retained,0;1;2;3;4;5
3217,3217,3217,6,5,retained,0;1;2;3;4;5
3218,3218,3218,6,8,retained,0;1;2;3;4;5
3219,3219,3219,6,6,retained,0;1;2;3;4;5
3220,3220,3220,6,8,retained,0;1;2;3;4;5
3221,3221,3221,6,8,retained,0;1;2;3;4;5
3222,3222,3222,6,5,retained,0;1;2;3;4;5
3223,3223,3223,6,8,retained,0;1;2;3;4;5
3224,3224,3224,6,8,retained,0;1;2;3;4;5
3225,3225,3225,6,5,retained,0;1;2;3;4;5
3226,3226,3226,6,5,retained,0;1;2;3;4;5
3227,3227,3227,6,5,retained,0;1;2;3;4;5
3228,3228,3228,6,8,retained,0;1;2;3;4;5
3229,3229,3229,6,5,retained,0;1;2;3;4;5
3230,3230,3230,6,5,retained,0;1;2;3;4;5
3231,3231,3231,6,8,retained,0;1;2;3;4;5
3232,3232,3232,6,7,retained,0;1;2;3;4;5
3233,3233,3233,6,6,retained,0;1;2;3;4;5
3234,3234,3234,6,5,retained,0;1;2;3;4;5
3235,3235,3235,6,5,retained,0;1;2;3;4;5
3236,3236,3236,6,5,retained,0;1;2;3;4;5
3237,3237,3237,6,7,retained,0;1;2;3;4;5
3238,3238,3238,6,5,retained,0;1;2;3;4;5
3239,3239,3239,6,6,retained,0;1;2;3;4;5
3240,3240,3240,6,8,retained,0;1;2;3;4;5
3241,3241,3241,6,6,retained,0;1;2;3;4;5
3242,3242,3242,6,7,retained,0;1;2;3;4;5
3243,3243,3243,6,5,retained,0;1;2;3;4;5
3244,3244,3244,6,6,retained,0;1;2;3;4;5
3245,3245,3245,6,7,retained,0;1;2;3;4;5
3246,3246,3246,6,7,retained,0;1;2;3;4;5
3247,3247,3247,6,8,retained,0;1;2;3;4;5
3248,3248,3248,6,8,retained,0;1;2;3;4;5
3249,3249,3249,6,7,retained,0;1;2;3;4;5
3250,3250,3250,6,8,retained,0;1;2;3;4;5
3251,3251,3251,6,8,retained,0;1;2;3;4;5
3252,3252,3252,6,8,retained,0;1;2;3;4;5
3253,3253,3253,6,7,retained,0;1;2;3;4;5
3254,3254,3254,6,5,retained,0;1;2;3;4;5
3255,3255,3255,6,7,retained,0;1;2;3;4;5
3256,3256,3256,6,8,retained,0;1;2;3;4;5
3257,3257,3257,6,8,retained,0;1;2;3;4;5
3258,3258,3258,6,6,retained,0;1;2;3;4;5
3259,3259,3259,6,6,retained,0;1;2;3;4;5
3260,3260,3260,6,6,retained,0;1;2;3;4;5
3261,3261,3261,6,8,retained,0;1;2;3;4;5
3262,3262,3262,6,6,retained,0;1;2;3;4;5
3263,3263,3263,6,6,retained,0;1;2;3;4;5
3264,3264,3264,6,6,retained,0;1;2;3;4;5
3265,3265,3265,6,6,retained,0;1;2;3;4;5
3266,3266,3266,6,7,retained,0;1;2;3;4;5
3267,3267,3267,6,6,retained,0;1;2;3;4;5
3268,3268,3268,6,6,retained,0;1;2;3;4;5
3269,3269,3269,6,8,retained,0;1;2;3;4;5
3270,3270,3270,6,8,retained,0;1;2;3;4;5
3271,3271,3271,6,8,retained,0;1;2;3;4;5
3272,3272,3272,6,8,retained,0;1;2;3;4;5
3273,3273,3273,6,6,retained,0;1;2;3;4;5
3274,3274,3274,6,8,retained,0;1;2;3;4;5
3275,3275,3275,6,8,retained,0;1;2;3;4;5
3276,3276,3276,6,8,retained,0;1;2;3;4;5
3277,3277,3277,6,8,retained,0;1;2;3;4;5
3278,3278,3278,6,7,retained,0;1;2;3;4;5
3279,3279,3279,6,8,retained,0;1;2;3;4;5
3280,3280,3280,6,8,retained,0;1;2;3;4;5
3281,3281,3281,6,8,retained,0;1;2;3;4;5
3282,3282,3282,6,8,retained,0;1;2;3;4;5
3283,3283,3283,6,6,retained,0;1;2;3;4;5
3284,3284,3284,6,6,retained,0;1;2;3;4;5
3285,3285,3285,6,8,retained,0;1;2;3;4;5
3286,3286,3286,6,7,retained,0;1;2;3;4;5
3287,3287,3287,6,6,retained,0;1;2;3;4;5
3288,3288,3288,6,8,retained,0;1;2;3;4;5
3289,3289,3289,6,6,retained,0;1;2;3;4;5
3290,3290,3290,6,6,retained,0;1;2;3;4;5
3291,3291,3291,6,6,retained,0;1;2;3;4;5
3292,3292,3292,6,6,retained,0;1;2;3;4;5
3293,3293,3293,6,6,retained,0;1;2;3;4;5
3294,3294,3294,6,8,retained,0;1;2;3;4;5
3295,3295,3295,6,6,retained,0;1;2;3;4;5
3296,3296,3296,6,8,retained,0;1;2;3;4;5
3297,3297,3297,6,8,retained,0;1;2;3;4;5
3298,3298,3298,6,7,retained,0;1;2;3;4;5
3299,3299,3299,6,7,retained,0;1;2;3;4;5
3300,3300,3300,6,8,retained,0;1;2;3;4;5
3301,3301,3301,6,8,retained,0;1;2;3;4;5
3302,3302,3302,6,6,retained,0;1;2;3;4;5
3303,3303,3303,6,8,retained,0;1;2;3;4;5
3304,3304,3304,6,6,retained,0;1;2;3;4;5
3305,3305,3305,6,8,retained,0;1;2;3;4;5
3306,3306,3306,6,6,retained,0;1;2;3;4;5
3307,3307,3307,6,6,retained,0;1;2;3;4;5
3308,3308,3308,6,8,retained,0;1;2;3;4;5
3309,3309,3309,6,6,retained,0;1;2;3;4;5
3310,3310,3310,6,6,retained,0;1;2;3;4;5
3311,3311,3311,6,7,retained,0;1;2;3;4;5
3312,3312,3312,6,8,retained,0;1;2;3;4;5
3313,3313,3313,6,8,retained,0;1;2;3;4;5
3314,3314,3314,6,6,retained,0;1;2;3;4;5
3315,3315,3315,6,6,retained,0;1;2;3;4;5
3316,3316,3316,6,6,retained,0;1;2;3;4;5
3317,3317,3317,6,6,retained,0;1;2;3;4;5
3318,3318,3318,6,6,retained,0;1;2;3;4;5
3319,3319,3319,6,6,retained,0;1;2;3;4;5
3320,3320,3320,6,6,retained,0;1;2;3;4;5
3321,3321,3321,6,6,retained,0;1;2;3;4;5
3322,3322,3322,6,7,retained,0;1;2;3;4;5
3323,3323,3323,6,8,retained,0;1;2;3;4;5
3324,3324,3324,6,6,retained,0;1;2;3;4;5
3325,3325,3325,6,6,retained,0;1;2;3;4;5
3326,3326,3326,6,8,retained,0;1;2;3;4;5
3327,3327,3327,6,8,retained,0;1;2;3;4;5
3328,3328,3328,6,7,retained,0;1;2;3;4;5
3329,3329,3329,6,6,retained,0;1;2;3;4;5
3330,3330,3330,6,6,retained,0;1;2;3;4;5
3331,3331,3331,6,6,retained,0;1;2;3;4;5
3332,3332,3332,6,7,retained,0;1;2;3;4;5
3333,3333,3333,6,8,retained,0;1;2;3;4;5
3334,3334,3334,6,7,retained,0;1;2;3;4;5
3335,3335,3335,6,6,retained,0;1;2;3;4;5
3336,3336,3336,6,6,retained,0;1;2;3;4;5
3337,3337,3337,6,8,retained,0;1;2;3;4;5
3338,3338,3338,6,8,retained,0;1;2;3;4;5
3339,3339,3339,6,6,retained,0;1;2;3;4;5
3340,3340,3340,6,7,retained,0;1;2;3;4;5
3341,3341,3341,6,8,retained,0;1;2;3;4;5
3342,3342,3342,6,6,retained,0;1;2;3;4;5
3343,3343,3343,6,7,retained,0;1;2;3;4;5
3344,3344,3344,6,8,retained,0;1;2;3;4;5
3345,3345,3345,6,7,retained,0;1;2;3;4;5
3346,3346,3346,6,6,retained,0;1;2;3;4;5
3347,3347,3347,6,7,retained,0;1;2;3;4;5
3348,3348,3348,6,6,retained,0;1;2;3;4;5
3349,3349,3349,6,7,retained,0;1;2;3;4;5
3350,3350,3350,6,8,retained,0;1;2;3;4;5
3351,3351,3351,6,8,retained,0;1;2;3;4;5
3352,3352,3352,6,8,retained,0;1;2;3;4;5
3353,3353,3353,6,7,retained,0;1;2;3;4;5
3354,3354,3354,6,7,retained,0;1;2;3;4;5
3355,3355,3355,6,7,retained,0;1;2;3;4;5
3356,3356,3356,6,7,retained,0;1;2;3;4;5
3357,3357,3357,6,8,retained,0;1;2;3;4;5
3358,3358,3358,6,7,retained,0;1;2;3;4;5
3359,3359,3359,6,7,retained,0;1;2;3;4;5
3360,3360,3360,6,7,retained,0;1;2;3;4;5
3361,3361,3361,6,7,retained,0;1;2;3;4;5
3362,3362,3362,6,7,retained,0;1;2;3;4;5
3363,3363,3363,6,7,retained,0;1;2;3;4;5
3364,3364,3364,6,7,retained,0;1;2;3;4;5
3365,3365,3365,6,7,retained,0;1;2;3;4;5
3366,3366,3366,6,7,retained,0;1;2;3;4;5
3367,3367,3367,6,8,retained,0;1;2;3;4;5
3368,3368,3368,6,7,retained,0;1;2;3;4;5
3369,3369,3369,6,7,retained,0;1;2;3;4;5
3370,3370,3370,6,7,retained,0;1;2;3;4;5
3371,3371,3371,6,7,retained,0;1;2;3;4;5
3372,3372,3372,6,7,retained,0;1;2;3;4;5
3373,3373,3373,6,8,retained,0;1;2;3;4;5
3374,3374,3374,6,7,retained,0;1;2;3;4;5
3375,3375,3375,6,8,retained,0;1;2;3;4;5
3376,3376,3376,6,8,retained,0;1;2;3;4;5
3377,3377,3377,6,8,retained,0;1;2;3;4;5
3378,3378,3378,6,7,retained,0;1;2;3;4;5
3379,3379,3379,6,7,retained,0;1;2;3;4;5
3380,3380,3380,6,8,retained,0;1;2;3;4;5
3381,3381,3381,6,8,retained,0;1;2;3;4;5
3382,3382,3382,6,7,retained,0;1;2;3;4;5
3383,3383,3383,6,8,retained,0;1;2;3;4;5
3384,3384,3384,6,8,retained,0;1;2;3;4;5
3385,3385,3385,6,7,retained,0;1;2;3;4;5
3386,3386,3386,6,7,retained,0;1;2;3;4;5
3387,3387,3387,6,7,retained,0;1;2;3;4;5
3388,3388,3388,6,7,retained,0;1;2;3;4;5
3389,3389,3389,6,8,retained,0;1;2;3;4;5
3390,3390,3390,6,8,retained,0;1;2;3;4;5
3391,3391,3391,6,8,retained,0;1;2;3;4;5
3392,3392,3392,6,8,retained,0;1;2;3;4;5
3393,3393,3393,6,8,retained,0;1;2;3;4;5
3394,3394,3394,6,8,retained,0;1;2;3;4;5
3395,3395,3395,6,8,retained,0;1;2;3;4;5
3396,3396,3396,6,8,retained,0;1;2;3;4;5
3397,3397,3397,6,8,retained,0;1;2;3;4;5
3398,3398,3398,6,8,retained,0;1;2;3;4;5
3399,3399,3399,6,8,retained,0;1;2;3;4;5
3400,3400,3400,6,8,retained,0;1;2;3;4;5
3401,3401,3401,6,8,retained,0;1;2;3;4;5
3402,3402,3402,6,8,retained,0;1;2;3;4;5
3403,3403,3403,6,8,retained,0;1;2;3;4;5
3404,3404,3404,6,8,retained,0;1;2;3;4;5
3405,3405,3405,6,8,retained,0;1;2;3;4;5
3406,3406,3406,6,8,retained,0;1;2;3;4;5
3407,3407,3407,6,8,retained,0;1;2;3;4;5
3408,3408,3408,6,8,retained,0;1;2;3;4;5
3409,3409,3409,6,8,retained,0;1;2;3;4;5
3410,3410,3410,6,8,retained,0;1;2;3;4;5
3411,3411,3411,6,8,retained,0;1;2;3;4;5
3412,3412,3412,6,8,retained,0;1;2;3;4;5
3413,3413,3413,6,8,retained,0;1;2;3;4;5
3414,3414,3414,6,8,retained,0;1;2;3;4;5
3415,3415,3415,6,8,retained,0;1;2;3;4;5
3416,3416,3416,6,8,retained,0;1;2;3;4;5
3417,3417,3417,6,8,retained,0;1;2;3;4;5
3418,3418,3418,6,8,retained,0;1;2;3;4;5
3419,3419,3419,6,8,retained,0;1;2;3;4;5
3420,3420,3420,6,8,retained,0;1;2;3;4;5
3421,3421,3421,6,8,retained,0;1;2;3;4;5
3422,3422,3422,6,8,retained,0;1;2;3;4;5
3423,3423,3423,6,8,retained,0;1;2;3;4;5
3424,3424,3424,6,8,retained,0;1;2;3;4;5
3425,3425,3425,6,8,retained,0;1;2;3;4;5
3426,3426,3426,6,8,retained,0;1;2;3;4;5
3427,3427,3427,6,8,retained,0;1;2;3;4;5
3428,3428,3428,6,8,retained,0;1;2;3;4;5
3429,3429,3429,6,8,retained,0;1;2;3;4;5
3430,3430,3430,6,8,retained,0;1;2;3;4;5
3431,3431,3431,6,8,retained,0;1;2;3;4;5
3432,3432,3432,6,8,retained,0;1;2;3;4;5
3433,3433,3433,6,8,retained,0;1;2;3;4;5
3434,3434,3434,6,8,retained,0;1;2;3;4;5
3435,3435,3435,6,8,retained,0;1;2;3;4;5
3436,3436,3436,6,8,retained,0;1;2;3;4;5
3437,3437,3437,6,8,retained,0;1;2;3;4;5
3438,3438,3438,6,8,retained,0;1;2;3;4;5
3439,3439,3439,6,8,retained,0;1;2;3;4;5
3440,3440,3440,6,8,retained,0;1;2;3;4;5
3441,3441,3441,6,8,retained,0;1;2;3;4;5
3442,3442,3442,6,8,retained,0;1;2;3;4;5
3443,3443,3443,6,8,retained,0;1;2;3;4;5
3444,3444,3444,6,8,retained,0;1;2;3;4;5
3445,3445,3445,6,8,retained,0;1;2;3;4;5
3446,3446,3446,6,8,retained,0;1;2;3;4;5
3447,3447,3447,6,8,retained,0;1;2;3;4;5
3448,3448,3448,6,8,retained,0;1;2;3;4;5
3449,3449,3449,6,8,retained,0;1;2;3;4;5
3450,3450,3450,6,8,retained,0;1;2;3;4;5
3451,3451,3451,6,8,retained,0;1;2;3;4;5
3452,3452,3452,6,8,retained,0;1;2;3;4;5
3453,3453,3453,6,6,retained,0;1;2;3;4;5
3454,3454,3454,6,6,retained,0;1;2;3;4;5
3455,3455,3455,6,4,retained,0;1;2;3;4;5
3456,3456,3456,6,5,retained,0;1;2;3;4;5
3457,3457,3457,6,4,retained,0;1;2;3;4;5
3458,3458,3458,6,7,retained,0;1;2;3;4;5
3459,3459,3459,6,6,retained,0;1;2;3;4;5
3460,3460,3460,6,6,retained,0;1;2;3;4;5
3461,3461,3461,6,6,retained,0;1;2;3;4;5
3462,3462,3462,6,7,retained,0;1;2;3;4;5
3463,3463,3463,6,6,retained,0;1;2;3;4;5
3464,3464,3464,6,8,retained,0;1;2;3;4;5
3465,3465,3465,6,7,retained,0;1;2;3;4;5
3466,3466,3466,6,7,retained,0;1;2;3;4;5
3467,3467,3467,6,8,retained,0;1;2;3;4;5
3468,3468,3468,6,6,retained,0;1;2;3;4;5
3469,3469,3469,6,8,retained,0;1;2;3;4;5
3470,3470,3470,6,8,retained,0;1;2;3;4;5
3471,3471,3471,6,3,retained,0;1;2;3;4;5
3472,3472,3472,6,7,retained,0;1;2;3;4;5
3473,3473,3473,6,4,retained,0;1;2;3;4;5
3474,3474,3474,6,7,retained,0;1;2;3;4;5
3475,3475,3475,6,3,retained,0;1;2;3;4;5
3476,3476,3476,6,5,retained,0;1;2;3;4;5
3477,3477,3477,6,7,retained,0;1;2;3;4;5
3478,3478,3478,6,3,retained,0;1;2;3;4;5
3479,3479,3479,6,3,retained,0;1;2;3;4;5
3480,3480,3480,6,4,retained,0;1;2;3;4;5
3481,3481,3481,6,6,retained,0;1;2;3;4;5
3482,3482,3482,6,8,retained,0;1;2;3;4;5
3483,3483,3483,6,8,retained,0;1;2;3;4;5
3484,3484,3484,6,6,retained,0;1;2;3;4;5
3485,3485,3485,6,5,retained,0;1;2;3;4;5
3486,3486,3486,6,3,retained,0;1;2;3;4;5
3487,3487,3487,6,6,retained,0;1;2;3;4;5
3488,3488,3488,6,6,retained,0;1;2;3;4;5
3489,3489,3489,6,7,retained,0;1;2;3;4;5
3490,3490,3490,6,6,retained,0;1;2;3;4;5
3491,3491,3491,6,5,retained,0;1;2;3;4;5
3492,3492,3492,6,6,retained,0;1;2;3;4;5
3493,3493,3493,6,7,retained,0;1;2;3;4;5
3494,3494,3494,6,8,retained,0;1;2;3;4;5
3495,3495,3495,6,3,retained,0;1;2;3;4;5
3496,3496,3496,6,4,retained,0;1;2;3;4;5
3497,3497,3497,6,5,retained,0;1;2;3;4;5
3498,3498,3498,6,4,retained,0;1;2;3;4;5
3499,3499,3499,6,8,retained,0;1;2;3;4;5
3500,3500,3500,6,3,retained,0;1;2;3;4;5
3501,3501,3501,6,3,retained,0;1;2;3;4;5
3502,3502,3502,6,4,retained,0;1;2;3;4;5
3503,3503,3503,6,3,retained,0;1;2;3;4;5
3504,3504,3504,6,7,retained,0;1;2;3;4;5
3505,3505,3505,6,6,retained,0;1;2;3;4;5
3506,3506,3506,6,7,retained,0;1;2;3;4;5
3507,3507,3507,6,8,retained,0;1;2;3;4;5
3508,3508,3508,6,8,retained,0;1;2;3;4;5
3509,3509,3509,6,5,retained,0;1;2;3;4;5
3510,3510,3510,6,8,retained,0;1;2;3;4;5
3511,3511,3511,6,6,retained,0;1;2;3;4;5
3512,3512,3512,6,5,retained,0;1;2;3;4;5
3513,3513,3513,6,7,retained,0;1;2;3;4;5
3514,3514,3514,6,5,retained,0;1;2;3;4;5
3515,3515,3515,6,6,retained,0;1;2;3;4;5
3516,3516,3516,6,5,retained,0;1;2;3;4;5
3517,3517,3517,6,4,retained,0;1;2;3;4;5
3518,3518,3518,6,4,retained,0;1;2;3;4;5
3519,3519,3519,6,5,retained,0;1;2;3;4;5
3520,3520,3520,6,7,retained,0;1;2;3;4;5
3521,3521,3521,6,8,retained,0;1;2;3;4;5
3522,3522,3522,6,7,retained,0;1;2;3;4;5
3523,3523,3523,6,6,retained,0;1;2;3;4;5
3524,3524,3524,6,5,retained,0;1;2;3;4;5
3525,3525,3525,6,4,retained,0;1;2;3;4;5
3526,3526,3526,6,6,retained,0;1;2;3;4;5
3527,3527,3527,6,8,retained,0;1;2;3;4;5
3528,3528,3528,6,8,retained,0;1;2;3;4;5
3529,3529,3529,6,7,retained,0;1;2;3;4;5
3530,3530,3530,6,5,retained,0;1;2;3;4;5
3531,3531,3531,6,5,retained,0;1;2;3;4;5
3532,3532,3532,6,8,retained,0;1;2;3;4;5
3533,3533,3533,6,8,retained,0;1;2;3;4;5
3534,3534,3534,6,6,retained,0;1;2;3;4;5
3535,3535,3535,6,6,retained,0;1;2;3;4;5
3536,3536,3536,6,8,retained,0;1;2;3;4;5
3537,3537,3537,6,7,retained,0;1;2;3;4;5
3538,3538,3538,6,4,retained,0;1;2;3;4;5
3539,3539,3539,6,6,retained,0;1;2;3;4;5
3540,3540,3540,6,5,retained,0;1;2;3;4;5
3541,3541,3541,6,6,retained,0;1;2;3;4;5
3542,3542,3542,6,7,retained,0;1;2;3;4;5
3543,3543,3543,6,8,retained,0;1;2;3;4;5
3544,3544,3544,6,7,retained,0;1;2;3;4;5
3545,3545,3545,6,7,retained,0;1;2;3;4;5
3546,3546,3546,6,7,retained,0;1;2;3;4;5
3547,3547,3547,6,7,retained,0;1;2;3;4;5
3548,3548,3548,6,5,retained,0;1;2;3;4;5
3549,3549,3549,6,5,retained,0;1;2;3;4;5
3550,3550,3550,6,8,retained,0;1;2;3;4;5
3551,3551,3551,6,7,retained,0;1;2;3;4;5
3552,3552,3552,6,8,retained,0;1;2;3;4;5
3553,3553,3553,6,7,retained,0;1;2;3;4;5
3554,3554,3554,6,8,retained,0;1;2;3;4;5
3555,3555,3555,6,4,retained,0;1;2;3;4;5
3556,3556,3556,6,8,retained,0;1;2;3;4;5
3557,3557,3557,6,7,retained,0;1;2;3;4;5
3558,3558,3558,6,5,retained,0;1;2;3;4;5
3559,3559,3559,6,8,retained,0;1;2;3;4;5
3560,3560,3560,6,5,retained,0;1;2;3;4;5
3561,3561,3561,6,4,retained,0;1;2;3;4;5
3562,3562,3562,6,6,retained,0;1;2;3;4;5
3563,3563,3563,6,7,retained,0;1;2;3;4;5
3564,3564,3564,6,8,retained,0;1;2;3;4;5
3565,3565,3565,6,8,retained,0;1;2;3;4;5
3566,3566,3566,6,5,retained,0;1;2;3;4;5
3567,3567,3567,6,4,retained,0;1;2;3;4;5
3568,3568,3568,6,4,retained,0;1;2;3;4;5
3569,3569,3569,6,4,retained,0;1;2;3;4;5
3570,3570,3570,6,6,retained,0;1;2;3;4;5
3571,3571,3571,6,7,retained,0;1;2;3;4;5
3572,3572,3572,6,4,retained,0;1;2;3;4;5
3573,3573,3573,6,7,retained,0;1;2;3;4;5
3574,3574,3574,6,7,retained,0;1;2;3;4;5
3575,3575,3575,6,4,retained,0;1;2;3;4;5
3576,3576,3576,6,8,retained,0;1;2;3;4;5
3577,3577,3577,6,6,retained,0;1;2;3;4;5
3578,3578,3578,6,8,retained,0;1;2;3;4;5
3579,3579,3579,6,8,retained,0;1;2;3;4;5
3580,3580,3580,6,4,retained,0;1;2;3;4;5
3581,3581,3581,6,8,retained,0;1;2;3;4;5
3582,3582,3582,6,8,retained,0;1;2;3;4;5
3583,3583,3583,6,4,retained,0;1;2;3;4;5
3584,3584,3584,6,5,retained,0;1;2;3;4;5
3585,3585,3585,6,4,retained,0;1;2;3;4;5
3586,3586,3586,6,8,retained,0;1;2;3;4;5
3587,3587,3587,6,4,retained,0;1;2;3;4;5
3588,3588,3588,6,5,retained,0;1;2;3;4;5
3589,3589,3589,6,8,retained,0;1;2;3;4;5
3590,3590,3590,6,7,retained,0;1;2;3;4;5
3591,3591,3591,6,6,retained,0;1;2;3;4;5
3592,3592,3592,6,4,retained,0;1;2;3;4;5
3593,3593,3593,6,5,retained,0;1;2;3;4;5
3594,3594,3594,6,4,retained,0;1;2;3;4;5
3595,3595,3595,6,7,retained,0;1;2;3;4;5
3596,3596,3596,6,5,retained,0;1;2;3;4;5
3597,3597,3597,6,6,retained,0;1;2;3;4;5
3598,3598,3598,6,8,retained,0;1;2;3;4;5
3599,3599,3599,6,6,retained,0;1;2;3;4;5
3600,3600,3600,6,7,retained,0;1;2;3;4;5
3601,3601,3601,6,4,retained,0;1;2;3;4;5
3602,3602,3602,6,6,retained,0;1;2;3;4;5
3603,3603,3603,6,7,retained,0;1;2;3;4;5
3604,3604,3604,6,7,retained,0;1;2;3;4;5
3605,3605,3605,6,8,retained,0;1;2;3;4;5
3606,3606,3606,6,8,retained,0;1;2;3;4;5
3607,3607,3607,6,7,retained,0;1;2;3;4;5
3608,3608,3608,6,8,retained,0;1;2;3;4;5
3609,3609,3609,6,8,retained,0;1;2;3;4;5
3610,3610,3610,6,8,retained,0;1;2;3;4;5
3611,3611,3611,6,7,retained,0;1;2;3;4;5
3612,3612,3612,6,5,retained,0;1;2;3;4;5
3613,3613,3613,6,7,retained,0;1;2;3;4;5
3614,3614,3614,6,8,retained,0;1;2;3;4;5
3615,3615,3615,6,8,retained,0;1;2;3;4;5
3616,3616,3616,6,5,retained,0;1;2;3;4;5
3617,3617,3617,6,5,retained,0;1;2;3;4;5
3618,3618,3618,6,5,retained,0;1;2;3;4;5
3619,3619,3619,6,8,retained,0;1;2;3;4;5
3620,3620,3620,6,5,retained,0;1;2;3;4;5
3621,3621,3621,6,6,retained,0;1;2;3;4;5
3622,3622,3622,6,5,retained,0;1;2;3;4;5
3623,3623,3623,6,5,retained,0;1;2;3;4;5
3624,3624,3624,6,7,retained,0;1;2;3;4;5
3625,3625,3625,6,6,retained,0;1;2;3;4;5
3626,3626,3626,6,6,retained,0;1;2;3;4;5
3627,3627,3627,6,8,retained,0;1;2;3;4;5
3628,3628,3628,6,8,retained,0;1;2;3;4;5
3629,3629,3629,6,8,retained,0;1;2;3;4;5
3630,3630,3630,6,8,retained,0;1;2;3;4;5
3631,3631,3631,6,6,retained,0;1;2;3;4;5
3632,3632,3632,6,8,retained,0;1;2;3;4;5
3633,3633,3633,6,8,retained,0;1;2;3;4;5
3634,3634,3634,6,8,retained,0;1;2;3;4;5
3635,3635,3635,6,8,retained,0;1;2;3;4;5
3636,3636,3636,6,7,retained,0;1;2;3;4;5
3637,3637,3637,6,8,retained,0;1;2;3;4;5
3638,3638,3638,6,8,retained,0;1;2;3;4;5
3639,3639,3639,6,8,retained,0;1;2;3;4;5
3640,3640,3640,6,8,retained,0;1;2;3;4;5
3641,3641,3641,6,5,retained,0;1;2;3;4;5
3642,3642,3642,6,5,retained,0;1;2;3;4;5
3643,3643,3643,6,8,retained,0;1;2;3;4;5
3644,3644,3644,6,7,retained,0;1;2;3;4;5
3645,3645,3645,6,6,retained,0;1;2;3;4;5
3646,3646,3646,6,8,retained,0;1;2;3;4;5
3647,3647,3647,6,5,retained,0;1;2;3;4;5
3648,3648,3648,6,5,retained,0;1;2;3;4;5
3649,3649,3649,6,5,retained,0;1;2;3;4;5
3650,3650,3650,6,5,retained,0;1;2;3;4;5
3651,3651,3651,6,6,retained,0;1;2;3;4;5
3652,3652,3652,6,8,retained,0;1;2;3;4;5
3653,3653,3653,6,5,retained,0;1;2;3;4;5
3654,3654,3654,6,8,retained,0;1;2;3;4;5
3655,3655,3655,6,8,retained,0;1;2;3;4;5
3656,3656,3656,6,7,retained,0;1;2;3;4;5
3657,3657,3657,6,7,retained,0;1;2;3;4;5
3658,3658,3658,6,8,retained,0;1;2;3;4;5
3659,3659,3659,6,8,retained,0;1;2;3;4;5
3660,3660,3660,6,5,retained,0;1;2;3;4;5
3661,3661,3661,6,8,retained,0;1;2;3;4;5
3662,3662,3662,6,5,retained,0;1;2;3;4;5
3663,3663,3663,6,8,retained,0;1;2;3;4;5
3664,3664,3664,6,5,retained,0;1;2;3;4;5
3665,3665,3665,6,5,retained,0;1;2;3;4;5
3666,3666,3666,6,8,retained,0;1;2;3;4;5
3667,3667,3667,6,5,retained,0;1;2;3;4;5
3668,3668,3668,6,5,retained,0;1;2;3;4;5
3669,3669,3669,6,7,retained,0;1;2;3;4;5
3670,3670,3670,6,8,retained,0;1;2;3;4;5
3671,3671,3671,6,8,retained,0;1;2;3;4;5
3672,3672,3672,6,5,retained,0;1;2;3;4;5
3673,3673,3673,6,6,retained,0;1;2;3;4;5
3674,3674,3674,6,5,retained,0;1;2;3;4;5
3675,3675,3675,6,6,retained,0;1;2;3;4;5
3676,3676,3676,6,5,retained,0;1;2;3;4;5
3677,3677,3677,6,5,retained,0;1;2;3;4;5
3678,3678,3678,6,5,retained,0;1;2;3;4;5
3679,3679,3679,6,5,retained,0;1;2;3;4;5
3680,3680,3680,6,7,retained,0;1;2;3;4;5
3681,3681,3681,6,8,retained,0;1;2;3;4;5
3682,3682,3682,6,5,retained,0;1;2;3;4;5
3683,3683,3683,6,5,retained,0;1;2;3;4;5
3684,3684,3684,6,8,retained,0;1;2;3;4;5
3685,3685,3685,6,8,retained,0;1;2;3;4;5
3686,3686,3686,6,7,retained,0;1;2;3;4;5
3687,3687,3687,6,6,retained,0;1;2;3;4;5
3688,3688,3688,6,5,retained,0;1;2;3;4;5
3689,3689,3689,6,5,retained,0;1;2;3;4;5
3690,3690,3690,6,7,retained,0;1;2;3;4;5
3691,3691,3691,6,8,retained,0;1;2;3;4;5
3692,3692,3692,6,7,retained,0;1;2;3;4;5
3693,3693,3693,6,6,retained,0;1;2;3;4;5
3694,3694,3694,6,5,retained,0;1;2;3;4;5
3695,3695,3695,6,8,retained,0;1;2;3;4;5
3696,3696,3696,6,8,retained,0;1;2;3;4;5
3697,3697,3697,6,5,retained,0;1;2;3;4;5
3698,3698,3698,6,7,retained,0;1;2;3;4;5
3699,3699,3699,6,8,retained,0;1;2;3;4;5
3700,3700,3700,6,6,retained,0;1;2;3;4;5
3701,3701,3701,6,7,retained,0;1;2;3;4;5
3702,3702,3702,6,8,retained,0;1;2;3;4;5
3703,3703,3703,6,7,retained,0;1;2;3;4;5
3704,3704,3704,6,5,retained,0;1;2;3;4;5
3705,3705,3705,6,7,retained,0;1;2;3;4;5
3706,3706,3706,6,6,retained,0;1;2;3;4;5
3707,3707,3707,6,7,retained,0;1;2;3;4;5
3708,3708,3708,6,8,retained,0;1;2;3;4;5
3709,3709,3709,6,8,retained,0;1;2;3;4;5
3710,3710,3710,6,8,retained,0;1;2;3;4;5
3711,3711,3711,6,6,retained,0;1;2;3;4;5
3712,3712,3712,6,6,retained,0;1;2;3;4;5
3713,3713,3713,6,6,retained,0;1;2;3;4;5
3714,3714,3714,6,7,retained,0;1;2;3;4;5
3715,3715,3715,6,8,retained,0;1;2;3;4;5
3716,3716,3716,6,6,retained,0;1;2;3;4;5
3717,3717,3717,6,6,retained,0;1;2;3;4;5
3718,3718,3718,6,7,retained,0;1;2;3;4;5
3719,3719,3719,6,6,retained,0;1;2;3;4;5
3720,3720,3720,6,6,retained,0;1;2;3;4;5
3721,3721,3721,6,6,retained,0;1;2;3;4;5
3722,3722,3722,6,6,retained,0;1;2;3;4;5
3723,3723,3723,6,6,retained,0;1;2;3;4;5
3724,3724,3724,6,6,retained,0;1;2;3;4;5
3725,3725,3725,6,8,retained,0;1;2;3;4;5
3726,3726,3726,6,6,retained,0;1;2;3;4;5
3727,3727,3727,6,6,retained,0;1;2;3;4;5
3728,3728,3728,6,7,retained,0;1;2;3;4;5
3729,3729,3729,6,6,retained,0;1;2;3;4;5
3730,3730,3730,6,6,retained,0;1;2;3;4;5
3731,3731,3731,6,8,retained,0;1;2;3;4;5
3732,3732,3732,6,7,retained,0;1;2;3;4;5
3733,3733,3733,6,8,retained,0;1;2;3;4;5
3734,3734,3734,6,8,retained,0;1;2;3;4;5
3735,3735,3735,6,8,retained,0;1;2;3;4;5
3736,3736,3736,6,6,retained,0;1;2;3;4;5
3737,3737,3737,6,6,retained,0;1;2;3;4;5
3738,3738,3738,6,8,retained,0;1;2;3;4;5
3739,3739,3739,6,8,retained,0;1;2;3;4;5
3740,3740,3740,6,6,retained,0;1;2;3;4;5
3741,3741,3741,6,8,retained,0;1;2;3;4;5
3742,3742,3742,6,8,retained,0;1;2;3;4;5
3743,3743,3743,6,6,retained,0;1;2;3;4;5
3744,3744,3744,6,6,retained,0;1;2;3;4;5
3745,3745,3745,6,6,retained,0;1;2;3;4;5
3746,3746,3746,6,7,retained,0;1;2;3;4;5
3747,3747,3747,6,7,retained,0;1;2;3;4;5
3748,3748,3748,6,7,retained,0;1;2;3;4;5
3749,3749,3749,6,7,retained,0;1;2;3;4;5
3750,3750,3750,6,7,retained,0;1;2;3;4;5
3751,3751,3751,6,7,retained,0;1;2;3;4;5
3752,3752,3752,6,7,retained,0;1;2;3;4;5
3753,3753,3753,6,8,retained,0;1;2;3;4;5
3754,3754,3754,6,7,retained,0;1;2;3;4;5
3755,3755,3755,6,7,retained,0;1;2;3;4;5
3756,3756,3756,6,8,retained,0;1;2;3;4;5
3757,3757,3757,6,8,retained,0;1;2;3;4;5
3758,3758,3758,6,7,retained,0;1;2;3;4;5
3759,3759,3759,6,7,retained,0;1;2;3;4;5
3760,3760,3760,6,7,retained,0;1;2;3;4;5
3761,3761,3761,6,7,retained,0;1;2;3;4;5
3762,3762,3762,6,7,retained,0;1;2;3;4;5
3763,3763,3763,6,8,retained,0;1;2;3;4;5
3764,3764,3764,6,8,retained,0;1;2;3;4;5
3765,3765,3765,6,7,retained,0;1;2;3;4;5
3766,3766,3766,6,7,retained,0;1;2;3;4;5
3767,3767,3767,6,7,retained,0;1;2;3;4;5
3768,3768,3768,6,7,retained,0;1;2;3;4;5
3769,3769,3769,6,7,retained,0;1;2;3;4;5
3770,3770,3770,6,7,retained,0;1;2;3;4;5
3771,3771,3771,6,7,retained,0;1;2;3;4;5
3772,3772,3772,6,7,retained,0;1;2;3;4;5
3773,3773,3773,6,7,retained,0;1;2;3;4;5
3774,3774,3774,6,7,retained,0;1;2;3;4;5
3775,3775,3775,6,8,retained,0;1;2;3;4;5
3776,3776,3776,6,7,retained,0;1;2;3;4;5
3777,3777,3777,6,7,retained,0;1;2;3;4;5
3778,3778,3778,6,7,retained,0;1;2;3;4;5
3779,3779,3779,6,7,retained,0;1;2;3;4;5
3780,3780,3780,6,7,retained,0;1;2;3;4;5
3781,3781,3781,6,7,retained,0;1;2;3;4;5
3782,3782,3782,6,7,retained,0;1;2;3;4;5
3783,3783,3783,6,7,retained,0;1;2;3;4;5
3784,3784,3784,6,7,retained,0;1;2;3;4;5
3785,3785,3785,6,7,retained,0;1;2;3;4;5
3786,3786,3786,6,7,retained,0;1;2;3;4;5
3787,3787,3787,6,7,retained,0;1;2;3;4;5
3788,3788,3788,6,7,retained,0;1;2;3;4;5
3789,3789,3789,6,7,retained,0;1;2;3;4;5
3790,3790,3790,6,7,retained,0;1;2;3;4;5
3791,3791,3791,6,7,retained,0;1;2;3;4;5
3792,3792,3792,6,8,retained,0;1;2;3;4;5
3793,3793,3793,6,7,retained,0;1;2;3;4;5
3794,3794,3794,6,7,retained,0;1;2;3;4;5
3795,3795,3795,6,7,retained,0;1;2;3;4;5
3796,3796,3796,6,8,retained,0;1;2;3;4;5
3797,3797,3797,6,7,retained,0;1;2;3;4;5
3798,3798,3798,6,7,retained,0;1;2;3;4;5
3799,3799,3799,6,7,retained,0;1;2;3;4;5
3800,3800,3800,6,7,retained,0;1;2;3;4;5
3801,3801,3801,6,8,retained,0;1;2;3;4;5
3802,3802,3802,6,8,retained,0;1;2;3;4;5
3803,3803,3803,6,7,retained,0;1;2;3;4;5
3804,3804,3804,6,8,retained,0;1;2;3;4;5
3805,3805,3805,6,7,retained,0;1;2;3;4;5
3806,3806,3806,6,7,retained,0;1;2;3;4;5
3807,3807,3807,6,7,retained,0;1;2;3;4;5
3808,3808,3808,6,8,retained,0;1;2;3;4;5
3809,3809,3809,6,7,retained,0;1;2;3;4;5
3810,3810,3810,6,8,retained,0;1;2;3;4;5
3811,3811,3811,6,8,retained,0;1;2;3;4;5
3812,3812,3812,6,8,retained,0;1;2;3;4;5
3813,3813,3813,6,8,retained,0;1;2;3;4;5
3814,3814,3814,6,8,retained,0;1;2;3;4;5
3815,3815,3815,6,8,retained,0;1;2;3;4;5
3816,3816,3816,6,8,retained,0;1;2;3;4;5
3817,3817,3817,6,8,retained,0;1;2;3;4;5
3818,3818,3818,6,8,retained,0;1;2;3;4;5
3819,3819,3819,6,8,retained,0;1;2;3;4;5
3820,3820,3820,6,8,retained,0;1;2;3;4;5
3821,3821,3821,6,8,retained,0;1;2;3;4;5
3822,3822,3822,6,8,retained,0;1;2;3;4;5
3823,3823,3823,6,8,retained,0;1;2;3;4;5
3824,3824,3824,6,8,retained,0;1;2;3;4;5
3825,3825,3825,6,8,retained,0;1;2;3;4;5
3826,3826,3826,6,8,retained,0;1;2;3;4;5
3827,3827,3827,6,8,retained,0;1;2;3;4;5
3828,3828,3828,6,8,retained,0;1;2;3;4;5
3829,3829,3829,6,8,retained,0;1;2;3;4;5
3830,3830,3830,6,8,retained,0;1;2;3;4;5
3831,3831,3831,6,8,retained,0;1;2;3;4;5
3832,3832,3832,6,8,retained,0;1;2;3;4;5
3833,3833,3833,6,8,retained,0;1;2;3;4;5
3834,3834,3834,6,8,retained,0;1;2;3;4;5
3835,3835,3835,6,8,retained,0;1;2;3;4;5
3836,3836,3836,6,8,retained,0;1;2;3;4;5
3837,3837,3837,6,8,retained,0;1;2;3;4;5
3838,3838,3838,6,8,retained,0;1;2;3;4;5
3839,3839,3839,6,8,retained,0;1;2;3;4;5
3840,3840,3840,6,8,retained,0;1;2;3;4;5
3841,3841,3841,6,8,retained,0;1;2;3;4;5
3842,3842,3842,6,8,retained,0;1;2;3;4;5
3843,3843,3843,6,8,retained,0;1;2;3;4;5
3844,3844,3844,6,8,retained,0;1;2;3;4;5
3845,3845,3845,6,8,retained,0;1;2;3;4;5
3846,3846,3846,6,8,retained,0;1;2;3;4;5
3847,3847,3847,6,8,retained,0;1;2;3;4;5
3848,3848,3848,6,8,retained,0;1;2;3;4;5
3849,3849,3849,6,8,retained,0;1;2;3;4;5
3850,3850,3850,6,8,retained,0;1;2;3;4;5
3851,3851,3851,6,8,retained,0;1;2;3;4;5
3852,3852,3852,6,8,retained,0;1;2;3;4;5
3853,3853,3853,6,8,retained,0;1;2;3;4;5
3854,3854,3854,6,8,retained,0;1;2;3;4;5
3855,3855,3855,6,8,retained,0;1;2;3;4;5
3856,3856,3856,6,8,retained,0;1;2;3;4;5
3857,3857,3857,6,8,retained,0;1;2;3;4;5
3858,3858,3858,6,8,retained,0;1;2;3;4;5
3859,3859,3859,6,8,retained,0;1;2;3;4;5
3860,3860,3860,6,8,retained,0;1;2;3;4;5
3861,3861,3861,6,8,retained,0;1;2;3;4;5
3862,3862,3862,6,8,retained,0;1;2;3;4;5
3863,3863,3863,6,8,retained,0;1;2;3;4;5
3864,3864,3864,6,8,retained,0;1;2;3;4;5
3865,3865,3865,6,8,retained,0;1;2;3;4;5
3866,3866,3866,6,8,retained,0;1;2;3;4;5
3867,3867,3867,6,8,retained,0;1;2;3;4;5
3868,3868,3868,6,8,retained,0;1;2;3;4;5
3869,3869,3869,6,8,retained,0;1;2;3;4;5
3870,3870,3870,6,8,retained,0;1;2;3;4;5
3871,3871,3871,6,5,retained,0;1;2;3;4;5
3872,3872,3872,6,5,retained,0;1;2;3;4;5
3873,3873,3873,6,5,retained,0;1;2;3;4;5
3874,3874,3874,6,8,retained,0;1;2;3;4;5
3875,3875,3875,6,5,retained,0;1;2;3;4;5
3876,3876,3876,6,6,retained,0;1;2;3;4;5
3877,3877,3877,6,5,retained,0;1;2;3;4;5
3878,3878,3878,6,5,retained,0;1;2;3;4;5
3879,3879,3879,6,7,retained,0;1;2;3;4;5
3880,3880,3880,6,6,retained,0;1;2;3;4;5
3881,3881,3881,6,6,retained,0;1;2;3;4;5
3882,3882,3882,6,8,retained,0;1;2;3;4;5
3883,3883,3883,6,8,retained,0;1;2;3;4;5
3884,3884,3884,6,8,retained,0;1;2;3;4;5
3885,3885,3885,6,8,retained,0;1;2;3;4;5
3886,3886,3886,6,6,retained,0;1;2;3;4;5
3887,3887,3887,6,8,retained,0;1;2;3;4;5
3888,3888,3888,6,8,retained,0;1;2;3;4;5
3889,3889,3889,6,8,retained,0;1;2;3;4;5
3890,3890,3890,6,8,retained,0;1;2;3;4;5
3891,3891,3891,6,7,retained,0;1;2;3;4;5
3892,3892,3892,6,8,retained,0;1;2;3;4;5
3893,3893,3893,6,8,retained,0;1;2;3;4;5
3894,3894,3894,6,8,retained,0;1;2;3;4;5
3895,3895,3895,6,8,retained,0;1;2;3;4;5
3896,3896,3896,6,4,retained,0;1;2;3;4;5
3897,3897,3897,6,5,retained,0;1;2;3;4;5
3898,3898,3898,6,8,retained,0;1;2;3;4;5
3899,3899,3899,6,7,retained,0;1;2;3;4;5
3900,3900,3900,6,6,retained,0;1;2;3;4;5
3901,3901,3901,6,8,retained,0;1;2;3;4;5
3902,3902,3902,6,5,retained,0;1;2;3;4;5
3903,3903,3903,6,4,retained,0;1;2;3;4;5
3904,3904,3904,6,4,retained,0;1;2;3;4;5
3905,3905,3905,6,5,retained,0;1;2;3;4;5
3906,3906,3906,6,6,retained,0;1;2;3;4;5
3907,3907,3907,6,8,retained,0;1;2;3;4;5
3908,3908,3908,6,4,retained,0;1;2;3;4;5
3909,3909,3909,6,8,retained,0;1;2;3;4;5
3910,3910,3910,6,8,retained,0;1;2;3;4;5
3911,3911,3911,6,7,retained,0;1;2;3;4;5
3912,3912,3912,6,7,retained,0;1;2;3;4;5
3913,3913,3913,6,8,retained,0;1;2;3;4;5
3914,3914,3914,6,8,retained,0;1;2;3;4;5
3915,3915,3915,6,4,retained,0;1;2;3;4;5
3916,3916,3916,6,8,retained,0;1;2;3;4;5
3917,3917,3917,6,5,retained,0;1;2;3;4;5
3918,3918,3918,6,8,retained,0;1;2;3;4;5
3919,3919,3919,6,4,retained,0;1;2;3;4;5
3920,3920,3920,6,5,retained,0;1;2;3;4;5
3921,3921,3921,6,8,retained,0;1;2;3;4;5
3922,3922,3922,6,4,retained,0;1;2;3;4;5
3923,3923,3923,6,5,retained,0;1;2;3;4;5
3924,3924,3924,6,7,retained,0;1;2;3;4;5
3925,3925,3925,6,8,retained,0;1;2;3;4;5
3926,3926,3926,6,8,retained,0;1;2;3;4;5
3927,3927,3927,6,4,retained,0;1;2;3;4;5
3928,3928,3928,6,6,retained,0;1;2;3;4;5
3929,3929,3929,6,4,retained,0;1;2;3;4;5
3930,3930,3930,6,6,retained,0;1;2;3;4;5
3931,3931,3931,6,5,retained,0;1;2;3;4;5
3932,3932,3932,6,4,retained,0;1;2;3;4;5
3933,3933,3933,6,5,retained,0;1;2;3;4;5
3934,3934,3934,6,4,retained,0;1;2;3;4;5
3935,3935,3935,6,7,retained,0;1;2;3;4;5
3936,3936,3936,6,8,retained,0;1;2;3;4;5
3937,3937,3937,6,4,retained,0;1;2;3;4;5
3938,3938,3938,6,5,retained,0;1;2;3;4;5
3939,3939,3939,6,8,retained,0;1;2;3;4;5
3940,3940,3940,6,8,retained,0;1;2;3;4;5
3941,3941,3941,6,7,retained,0;1;2;3;4;5
3942,3942,3942,6,6,retained,0;1;2;3;4;5
3943,3943,3943,6,5,retained,0;1;2;3;4;5
3944,3944,3944,6,5,retained,0;1;2;3;4;5
3945,3945,3945,6,7,retained,0;1;2;3;4;5
3946,3946,3946,6,8,retained,0;1;2;3;4;5
3947,3947,3947,6,7,retained,0;1;2;3;4;5
3948,3948,3948,6,6,retained,0;1;2;3;4;5
3949,3949,3949,6,5,retained,0;1;2;3;4;5
3950,3950,3950,6,8,retained,0;1;2;3;4;5
3951,3951,3951,6,8,retained,0;1;2;3;4;5
3952,3952,3952,6,5,retained,0;1;2;3;4;5
3953,3953,3953,6,7,retained,0;1;2;3;4;5
3954,3954,3954,6,8,retained,0;1;2;3;4;5
3955,3955,3955,6,6,retained,0;1;2;3;4;5
3956,3956,3956,6,7,retained,0;1;2;3;4;5
3957,3957,3957,6,8,retained,0;1;2;3;4;5
3958,3958,3958,6,7,retained,0;1;2;3;4;5
3959,3959,3959,6,5,retained,0;1;2;3;4;5
3960,3960,3960,6,7,retained,0;1;2;3;4;5
3961,3961,3961,6,6,retained,0;1;2;3;4;5
3962,3962,3962,6,7,retained,0;1;2;3;4;5
3963,3963,3963,6,8,retained,0;1;2;3;4;5
3964,3964,3964,6,8,retained,0;1;2;3;4;5
3965,3965,3965,6,8,retained,0;1;2;3;4;5
3966,3966,3966,6,6,retained,0;1;2;3;4;5
3967,3967,3967,6,6,retained,0;1;2;3;4;5
3968,3968,3968,6,5,retained,0;1;2;3;4;5
3969,3969,3969,6,7,retained,0;1;2;3;4;5
3970,3970,3970,6,8,retained,0;1;2;3;4;5
3971,3971,3971,6,5,retained,0;1;2;3;4;5
3972,3972,3972,6,5,retained,0;1;2;3;4;5
3973,3973,3973,6,7,retained,0;1;2;3;4;5
3974,3974,3974,6,6,retained,0;1;2;3;4;5
3975,3975,3975,6,5,retained,0;1;2;3;4;5
3976,3976,3976,6,5,retained,0;1;2;3;4;5
3977,3977,3977,6,5,retained,0;1;2;3;4;5
3978,3978,3978,6,5,retained,0;1;2;3;4;5
3979,3979,3979,6,5,retained,0;1;2;3;4;5
3980,3980,3980,6,8,retained,0;1;2;3;4;5
3981,3981,3981,6,6,retained,0;1;2;3;4;5
3982,3982,3982,6,5,retained,0;1;2;3;4;5
3983,3983,3983,6,7,retained,0;1;2;3;4;5
3984,3984,3984,6,5,retained,0;1;2;3;4;5
3985,3985,3985,6,5,retained,0;1;2;3;4;5
3986,3986,3986,6,8,retained,0;1;2;3;4;5
3987,3987,3987,6,7,retained,0;1;2;3;4;5
3988,3988,3988,6,8,retained,0;1;2;3;4;5
3989,3989,3989,6,8,retained,0;1;2;3;4;5
3990,3990,3990,6,8,retained,0;1;2;3;4;5
3991,3991,3991,6,6,retained,0;1;2;3;4;5
3992,3992,3992,6,6,retained,0;1;2;3;4;5
3993,3993,3993,6,8,retained,0;1;2;3;4;5
3994,3994,3994,6,8,retained,0;1;2;3;4;5
3995,3995,3995,6,5,retained,0;1;2;3;4;5
3996,3996,3996,6,8,retained,0;1;2;3;4;5
3997,3997,3997,6,8,retained,0;1;2;3;4;5
3998,3998,3998,6,6,retained,0;1;2;3;4;5
3999,3999,3999,6,6,retained,0;1;2;3;4;5
4000,4000,4000,6,6,retained,0;1;2;3;4;5
4001,4001,4001,6,7,retained,0;1;2;3;4;5
4002,4002,4002,6,6,retained,0;1;2;3;4;5
4003,4003,4003,6,7,retained,0;1;2;3;4;5
4004,4004,4004,6,6,retained,0;1;2;3;4;5
4005,4005,4005,6,7,retained,0;1;2;3;4;5
4006,4006,4006,6,6,retained,0;1;2;3;4;5
4007,4007,4007,6,6,retained,0;1;2;3;4;5
4008,4008,4008,6,8,retained,0;1;2;3;4;5
4009,4009,4009,6,6,retained,0;1;2;3;4;5
4010,4010,4010,6,6,retained,0;1;2;3;4;5
4011,4011,4011,6,8,retained,0;1;2;3;4;5
4012,4012,4012,6,8,retained,0;1;2;3;4;5
4013,4013,4013,6,6,retained,0;1;2;3;4;5
4014,4014,4014,6,6,retained,0;1;2;3;4;5
4015,4015,4015,6,6,retained,0;1;2;3;4;5
4016,4016,4016,6,7,retained,0;1;2;3;4;5
4017,4017,4017,6,6,retained,0;1;2;3;4;5
4018,4018,4018,6,8,retained,0;1;2;3;4;5
4019,4019,4019,6,8,retained,0;1;2;3;4;5
4020,4020,4020,6,6,retained,0;1;2;3;4;5
4021,4021,4021,6,7,retained,0;1;2;3;4;5
4022,4022,4022,6,6,retained,0;1;2;3;4;5
4023,4023,4023,6,6,retained,0;1;2;3;4;5
4024,4024,4024,6,6,retained,0;1;2;3;4;5
4025,4025,4025,6,6,retained,0;1;2;3;4;5
4026,4026,4026,6,6,retained,0;1;2;3;4;5
4027,4027,4027,6,7,retained,0;1;2;3;4;5
4028,4028,4028,6,6,retained,0;1;2;3;4;5
4029,4029,4029,6,6,retained,0;1;2;3;4;5
4030,4030,4030,6,8,retained,0;1;2;3;4;5
4031,4031,4031,6,6,retained,0;1;2;3;4;5
4032,4032,4032,6,7,retained,0;1;2;3;4;5
4033,4033,4033,6,6,retained,0;1;2;3;4;5
4034,4034,4034,6,7,retained,0;1;2;3;4;5
4035,4035,4035,6,6,retained,0;1;2;3;4;5
4036,4036,4036,6,7,retained,0;1;2;3;4;5
4037,4037,4037,6,7,retained,0;1;2;3;4;5
4038,4038,4038,6,7,retained,0;1;2;3;4;5
4039,4039,4039,6,6,retained,0;1;2;3;4;5
4040,4040,4040,6,6,retained,0;1;2;3;4;5
4041,4041,4041,6,6,retained,0;1;2;3;4;5
4042,4042,4042,6,7,retained,0;1;2;3;4;5
4043,4043,4043,6,6,retained,0;1;2;3;4;5
4044,4044,4044,6,6,retained,0;1;2;3;4;5
4045,4045,4045,6,6,retained,0;1;2;3;4;5
4046,4046,4046,6,7,retained,0;1;2;3;4;5
4047,4047,4047,6,8,retained,0;1;2;3;4;5
4048,4048,4048,6,7,retained,0;1;2;3;4;5
4049,4049,4049,6,6,retained,0;1;2;3;4;5
4050,4050,4050,6,6,retained,0;1;2;3;4;5
4051,4051,4051,6,8,retained,0;1;2;3;4;5
4052,4052,4052,6,7,retained,0;1;2;3;4;5
4053,4053,4053,6,6,retained,0;1;2;3;4;5
4054,4054,4054,6,6,retained,0;1;2;3;4;5
4055,4055,4055,6,7,retained,0;1;2;3;4;5
4056,4056,4056,6,8,retained,0;1;2;3;4;5
4057,4057,4057,6,8,retained,0;1;2;3;4;5
4058,4058,4058,6,6,retained,0;1;2;3;4;5
4059,4059,4059,6,8,retained,0;1;2;3;4;5
4060,4060,4060,6,6,retained,0;1;2;3;4;5
4061,4061,4061,6,7,retained,0;1;2;3;4;5
4062,4062,4062,6,7,retained,0;1;2;3;4;5
4063,4063,4063,6,8,retained,0;1;2;3;4;5
4064,4064,4064,6,7,retained,0;1;2;3;4;5
4065,4065,4065,6,8,retained,0;1;2;3;4;5
4066,4066,4066,6,8,retained,0;1;2;3;4;5
4067,4067,4067,6,8,retained,0;1;2;3;4;5
4068,4068,4068,6,8,retained,0;1;2;3;4;5
4069,4069,4069,6,8,retained,0;1;2;3;4;5
4070,4070,4070,6,8,retained,0;1;2;3;4;5
4071,4071,4071,6,8,retained,0;1;2;3;4;5
4072,4072,4072,6,8,retained,0;1;2;3;4;5
4073,4073,4073,6,8,retained,0;1;2;3;4;5
4074,4074,4074,6,8,retained,0;1;2;3;4;5
4075,4075,4075,6,8,retained,0;1;2;3;4;5
4076,4076,4076,6,8,retained,0;1;2;3;4;5
4077,4077,4077,6,8,retained,0;1;2;3;4;5
4078,4078,4078,6,8,retained,0;1;2;3;4;5
4079,4079,4079,6,8,retained,0;1;2;3;4;5
4080,4080,4080,6,8,retained,0;1;2;3;4;5
4081,4081,4081,6,8,retained,0;1;2;3;4;5
4082,4082,4082,6,8,retained,0;1;2;3;4;5
4083,4083,4083,6,8,retained,0;1;2;3;4;5
4084,4084,4084,6,8,retained,0;1;2;3;4;5
4085,4085,4085,6,8,retained,0;1;2;3;4;5
4086,4086,4086,6,8,retained,0;1;2;3;4;5
4087,4087,4087,6,8,retained,0;1;2;3;4;5
4088,4088,4088,6,8,retained,0;1;2;3;4;5
4089,4089,4089,6,8,retained,0;1;2;3;4;5
4090,4090,4090,6,8,retained,0;1;2;3;4;5
4091,4091,4091,6,7,retained,0;1;2;3;4;5
4092,4092,4092,6,7,retained,0;1;2;3;4;5
4093,4093,4093,6,7,retained,0;1;2;3;4;5
4094,4094,4094,6,7,retained,0;1;2;3;4;5
4095,4095,4095,6,7,retained,0;1;2;3;4;5
4096,4096,4096,6,7,retained,0;1;2;3;4;5
4097,4097,4097,6,8,retained,0;1;2;3;4;5
4098,4098,4098,6,7,retained,0;1;2;3;4;5
4099,4099,4099,6,8,retained,0;1;2;3;4;5
4100,4100,4100,6,8,retained,0;1;2;3;4;5
4101,4101,4101,6,7,retained,0;1;2;3;4;5
4102,4102,4102,6,7,retained,0;1;2;3;4;5
4103,4103,4103,6,7,retained,0;1;2;3;4;5
4104,4104,4104,6,7,retained,0;1;2;3;4;5
4105,4105,4105,6,7,retained,0;1;2;3;4;5
4106,4106,4106,6,7,retained,0;1;2;3;4;5
4107,4107,4107,6,7,retained,0;1;2;3;4;5
4108,4108,4108,6,8,retained,0;1;2;3;4;5
4109,4109,4109,6,8,retained,0;1;2;3;4;5
4110,4110,4110,6,7,retained,0;1;2;3;4;5
4111,4111,4111,6,7,retained,0;1;2;3;4;5
4112,4112,4112,6,8,retained,0;1;2;3;4;5
4113,4113,4113,6,8,retained,0;1;2;3;4;5
4114,4114,4114,6,8,retained,0;1;2;3;4;5
4115,4115,4115,6,8,retained,0;1;2;3;4;5
4116,4116,4116,6,8,retained,0;1;2;3;4;5
4117,4117,4117,6,7,retained,0;1;2;3;4;5
4118,4118,4118,6,7,retained,0;1;2;3;4;5
4119,4119,4119,6,7,retained,0;1;2;3;4;5
4120,4120,4120,6,7,retained,0;1;2;3;4;5
4121,4121,4121,6,7,retained,0;1;2;3;4;5
4122,4122,4122,6,7,retained,0;1;2;3;4;5
4123,4123,4123,6,8,retained,0;1;2;3;4;5
4124,4124,4124,6,8,retained,0;1;2;3;4;5
4125,4125,4125,6,8,retained,0;1;2;3;4;5
4126,4126,4126,6,8,retained,0;1;2;3;4;5
4127,4127,4127,6,8,retained,0;1;2;3;4;5
4128,4128,4128,6,8,retained,0;1;2;3;4;5
4129,4129,4129,6,8,retained,0;1;2;3;4;5
4130,4130,4130,6,8,retained,0;1;2;3;4;5
4131,4131,4131,6,8,retained,0;1;2;3;4;5
4132,4132,4132,6,8,retained,0;1;2;3;4;5
4133,4133,4133,6,8,retained,0;1;2;3;4;5
4134,4134,4134,6,8,retained,0;1;2;3;4;5
4135,4135,4135,6,8,retained,0;1;2;3;4;5
4136,4136,4136,6,8,retained,0;1;2;3;4;5
4137,4137,4137,6,8,retained,0;1;2;3;4;5
4138,4138,4138,6,8,retained,0;1;2;3;4;5
4139,4139,4139,6,8,retained,0;1;2;3;4;5
4140,4140,4140,6,8,retained,0;1;2;3;4;5
4141,4141,4141,6,8,retained,0;1;2;3;4;5
4142,4142,4142,6,8,retained,0;1;2;3;4;5
4143,4143,4143,6,8,retained,0;1;2;3;4;5
4144,4144,4144,6,8,retained,0;1;2;3;4;5
4145,4145,4145,6,8,retained,0;1;2;3;4;5
4146,4146,4146,6,8,retained,0;1;2;3;4;5
4147,4147,4147,6,8,retained,0;1;2;3;4;5
4148,4148,4148,6,8,retained,0;1;2;3;4;5
4149,4149,4149,6,8,retained,0;1;2;3;4;5
4150,4150,4150,6,8,retained,0;1;2;3;4;5
4151,4151,4151,6,8,retained,0;1;2;3;4;5
4152,4152,4152,6,8,retained,0;1;2;3;4;5
4153,4153,4153,6,8,retained,0;1;2;3;4;5
4154,4154,4154,6,8,retained,0;1;2;3;4;5
4155,4155,4155,6,8,retained,0;1;2;3;4;5
4156,4156,4156,6,8,retained,0;1;2;3;4;5
4157,4157,4157,6,8,retained,0;1;2;3;4;5
4158,4158,4158,6,8,retained,0;1;2;3;4;5
4159,4159,4159,6,8,retained,0;1;2;3;4;5
4160,4160,4160,6,8,retained,0;1;2;3;4;5
4161,4161,4161,6,8,retained,0;1;2;3;4;5
4162,4162,4162,6,8,retained,0;1;2;3;4;5
4163,4163,4163,6,8,retained,0;1;2;3;4;5
4164,4164,4164,6,8,retained,0;1;2;3;4;5
4165,4165,4165,6,8,retained,0;1;2;3;4;5
4166,4166,4166,6,8,retained,0;1;2;3;4;5
4167,4167,4167,6,8,retained,0;1;2;3;4;5
4168,4168,4168,6,8,retained,0;1;2;3;4;5
4169,4169,4169,6,8,retained,0;1;2;3;4;5
4170,4170,4170,6,8,retained,0;1;2;3;4;5
4171,4171,4171,6,8,retained,0;1;2;3;4;5
4172,4172,4172,6,8,retained,0;1;2;3;4;5
4173,4173,4173,6,8,retained,0;1;2;3;4;5
4174,4174,4174,6,8,retained,0;1;2;3;4;5
4175,4175,4175,6,8,retained,0;1;2;3;4;5
4176,4176,4176,6,8,retained,0;1;2;3;4;5
4177,4177,4177,6,8,retained,0;1;2;3;4;5
4178,4178,4178,6,6,retained,0;1;2;3;4;5
4179,4179,4179,6,7,retained,0;1;2;3;4;5
4180,4180,4180,6,6,retained,0;1;2;3;4;5
4181,4181,4181,6,7,retained,0;1;2;3;4;5
4182,4182,4182,6,5,retained,0;1;2;3;4;5
4183,4183,4183,6,6,retained,0;1;2;3;4;5
4184,4184,4184,6,8,retained,0;1;2;3;4;5
4185,4185,4185,6,5,retained,0;1;2;3;4;5
4186,4186,4186,6,5,retained,0;1;2;3;4;5
4187,4187,4187,6,8,retained,0;1;2;3;4;5
4188,4188,4188,6,8,retained,0;1;2;3;4;5
4189,4189,4189,6,5,retained,0;1;2;3;4;5
4190,4190,4190,6,5,retained,0;1;2;3;4;5
4191,4191,4191,6,5,retained,0;1;2;3;4;5
4192,4192,4192,6,7,retained,0;1;2;3;4;5
4193,4193,4193,6,5,retained,0;1;2;3;4;5
4194,4194,4194,6,8,retained,0;1;2;3;4;5
4195,4195,4195,6,8,retained,0;1;2;3;4;5
4196,4196,4196,6,6,retained,0;1;2;3;4;5
4197,4197,4197,6,7,retained,0;1;2;3;4;5
4198,4198,4198,6,5,retained,0;1;2;3;4;5
4199,4199,4199,6,5,retained,0;1;2;3;4;5
4200,4200,4200,6,5,retained,0;1;2;3;4;5
4201,4201,4201,6,6,retained,0;1;2;3;4;5
4202,4202,4202,6,5,retained,0;1;2;3;4;5
4203,4203,4203,6,7,retained,0;1;2;3;4;5
4204,4204,4204,6,5,retained,0;1;2;3;4;5
4205,4205,4205,6,6,retained,0;1;2;3;4;5
4206,4206,4206,6,8,retained,0;1;2;3;4;5
4207,4207,4207,6,5,retained,0;1;2;3;4;5
4208,4208,4208,6,7,retained,0;1;2;3;4;5
4209,4209,4209,6,6,retained,0;1;2;3;4;5
4210,4210,4210,6,7,retained,0;1;2;3;4;5
4211,4211,4211,6,6,retained,0;1;2;3;4;5
4212,4212,4212,6,7,retained,0;1;2;3;4;5
4213,4213,4213,6,7,retained,0;1;2;3;4;5
4214,4214,4214,6,7,retained,0;1;2;3;4;5
4215,4215,4215,6,5,retained,0;1;2;3;4;5
4216,4216,4216,6,6,retained,0;1;2;3;4;5
4217,4217,4217,6,5,retained,0;1;2;3;4;5
4218,4218,4218,6,7,retained,0;1;2;3;4;5
4219,4219,4219,6,6,retained,0;1;2;3;4;5
4220,4220,4220,6,5,retained,0;1;2;3;4;5
4221,4221,4221,6,5,retained,0;1;2;3;4;5
4222,4222,4222,6,7,retained,0;1;2;3;4;5
4223,4223,4223,6,8,retained,0;1;2;3;4;5
4224,4224,4224,6,7,retained,0;1;2;3;4;5
4225,4225,4225,6,6,retained,0;1;2;3;4;5
4226,4226,4226,6,6,retained,0;1;2;3;4;5
4227,4227,4227,6,8,retained,0;1;2;3;4;5
4228,4228,4228,6,7,retained,0;1;2;3;4;5
4229,4229,4229,6,6,retained,0;1;2;3;4;5
4230,4230,4230,6,6,retained,0;1;2;3;4;5
4231,4231,4231,6,7,retained,0;1;2;3;4;5
4232,4232,4232,6,8,retained,0;1;2;3;4;5
4233,4233,4233,6,8,retained,0;1;2;3;4;5
4234,4234,4234,6,6,retained,0;1;2;3;4;5
4235,4235,4235,6,8,retained,0;1;2;3;4;5
4236,4236,4236,6,6,retained,0;1;2;3;4;5
4237,4237,4237,6,7,retained,0;1;2;3;4;5
4238,4238,4238,6,7,retained,0;1;2;3;4;5
4239,4239,4239,6,8,retained,0;1;2;3;4;5
4240,4240,4240,6,7,retained,0;1;2;3;4;5
4241,4241,4241,6,8,retained,0;1;2;3;4;5
4242,4242,4242,6,8,retained,0;1;2;3;4;5
4243,4243,4243,6,8,retained,0;1;2;3;4;5
4244,4244,4244,6,8,retained,0;1;2;3;4;5
4245,4245,4245,6,8,retained,0;1;2;3;4;5
4246,4246,4246,6,8,retained,0;1;2;3;4;5
4247,4247,4247,6,8,retained,0;1;2;3;4;5
4248,4248,4248,6,8,retained,0;1;2;3;4;5
4249,4249,4249,6,8,retained,0;1;2;3;4;5
4250,4250,4250,6,8,retained,0;1;2;3;4;5
4251,4251,4251,6,8,retained,0;1;2;3;4;5
4252,4252,4252,6,8,retained,0;1;2;3;4;5
4253,4253,4253,6,8,retained,0;1;2;3;4;5
4254,4254,4254,6,8,retained,0;1;2;3;4;5
4255,4255,4255,6,8,retained,0;1;2;3;4;5
4256,4256,4256,6,8,retained,0;1;2;3;4;5
4257,4257,4257,6,8,retained,0;1;2;3;4;5
4258,4258,4258,6,8,retained,0;1;2;3;4;5
4259,4259,4259,6,8,retained,0;1;2;3;4;5
4260,4260,4260,6,8,retained,0;1;2;3;4;5
4261,4261,4261,6,8,retained,0;1;2;3;4;5
4262,4262,4262,6,8,retained,0;1;2;3;4;5
4263,4263,4263,6,8,retained,0;1;2;3;4;5
4264,4264,4264,6,8,retained,0;1;2;3;4;5
4265,4265,4265,6,8,retained,0;1;2;3;4;5
4266,4266,4266,6,8,retained,0;1;2;3;4;5
4267,4267,4267,6,7,retained,0;1;2;3;4;5
4268,4268,4268,6,7,retained,0;1;2;3;4;5
4269,4269,4269,6,6,retained,0;1;2;3;4;5
4270,4270,4270,6,7,retained,0;1;2;3;4;5
4271,4271,4271,6,6,retained,0;1;2;3;4;5
4272,4272,4272,6,6,retained,0;1;2;3;4;5
4273,4273,4273,6,8,retained,0;1;2;3;4;5
4274,4274,4274,6,6,retained,0;1;2;3;4;5
4275,4275,4275,6,8,retained,0;1;2;3;4;5
4276,4276,4276,6,8,retained,0;1;2;3;4;5
4277,4277,4277,6,7,retained,0;1;2;3;4;5
4278,4278,4278,6,6,retained,0;1;2;3;4;5
4279,4279,4279,6,6,retained,0;1;2;3;4;5
4280,4280,4280,6,6,retained,0;1;2;3;4;5
4281,4281,4281,6,6,retained,0;1;2;3;4;5
4282,4282,4282,6,6,retained,0;1;2;3;4;5
4283,4283,4283,6,6,retained,0;1;2;3;4;5
4284,4284,4284,6,8,retained,0;1;2;3;4;5
4285,4285,4285,6,8,retained,0;1;2;3;4;5
4286,4286,4286,6,6,retained,0;1;2;3;4;5
4287,4287,4287,6,6,retained,0;1;2;3;4;5
4288,4288,4288,6,8,retained,0;1;2;3;4;5
4289,4289,4289,6,8,retained,0;1;2;3;4;5
4290,4290,4290,6,8,retained,0;1;2;3;4;5
4291,4291,4291,6,8,retained,0;1;2;3;4;5
4292,4292,4292,6,8,retained,0;1;2;3;4;5
4293,4293,4293,6,7,retained,0;1;2;3;4;5
4294,4294,4294,6,7,retained,0;1;2;3;4;5
4295,4295,4295,6,7,retained,0;1;2;3;4;5
4296,4296,4296,6,7,retained,0;1;2;3;4;5
4297,4297,4297,6,7,retained,0;1;2;3;4;5
4298,4298,4298,6,7,retained,0;1;2;3;4;5
4299,4299,4299,6,8,retained,0;1;2;3;4;5
4300,4300,4300,6,7,retained,0;1;2;3;4;5
4301,4301,4301,6,7,retained,0;1;2;3;4;5
4302,4302,4302,6,7,retained,0;1;2;3;4;5
4303,4303,4303,6,7,retained,0;1;2;3;4;5
4304,4304,4304,6,8,retained,0;1;2;3;4;5
4305,4305,4305,6,7,retained,0;1;2;3;4;5
4306,4306,4306,6,7,retained,0;1;2;3;4;5
4307,4307,4307,6,8,retained,0;1;2;3;4;5
4308,4308,4308,6,7,retained,0;1;2;3;4;5
4309,4309,4309,6,7,retained,0;1;2;3;4;5
4310,4310,4310,6,7,retained,0;1;2;3;4;5
4311,4311,4311,6,7,retained,0;1;2;3;4;5
4312,4312,4312,6,7,retained,0;1;2;3;4;5
4313,4313,4313,6,7,retained,0;1;2;3;4;5
4314,4314,4314,6,8,retained,0;1;2;3;4;5
4315,4315,4315,6,7,retained,0;1;2;3;4;5
4316,4316,4316,6,7,retained,0;1;2;3;4;5
4317,4317,4317,6,7,retained,0;1;2;3;4;5
4318,4318,4318,6,7,retained,0;1;2;3;4;5
4319,4319,4319,6,7,retained,0;1;2;3;4;5
4320,4320,4320,6,7,retained,0;1;2;3;4;5
4321,4321,4321,6,7,retained,0;1;2;3;4;5
4322,4322,4322,6,8,retained,0;1;2;3;4;5
4323,4323,4323,6,7,retained,0;1;2;3;4;5
4324,4324,4324,6,7,retained,0;1;2;3;4;5
4325,4325,4325,6,7,retained,0;1;2;3;4;5
4326,4326,4326,6,7,retained,0;1;2;3;4;5
4327,4327,4327,6,7,retained,0;1;2;3;4;5
4328,4328,4328,6,7,retained,0;1;2;3;4;5
4329,4329,4329,6,7,retained,0;1;2;3;4;5
4330,4330,4330,6,7,retained,0;1;2;3;4;5
4331,4331,4331,6,8,retained,0;1;2;3;4;5
4332,4332,4332,6,7,retained,0;1;2;3;4;5
4333,4333,4333,6,7,retained,0;1;2;3;4;5
4334,4334,4334,6,7,retained,0;1;2;3;4;5
4335,4335,4335,6,7,retained,0;1;2;3;4;5
4336,4336,4336,6,7,retained,0;1;2;3;4;5
4337,4337,4337,6,7,retained,0;1;2;3;4;5
4338,4338,4338,6,7,retained,0;1;2;3;4;5
4339,4339,4339,6,7,retained,0;1;2;3;4;5
4340,4340,4340,6,7,retained,0;1;2;3;4;5
4341,4341,4341,6,7,retained,0;1;2;3;4;5
4342,4342,4342,6,7,retained,0;1;2;3;4;5
4343,4343,4343,6,7,retained,0;1;2;3;4;5
4344,4344,4344,6,7,retained,0;1;2;3;4;5
4345,4345,4345,6,8,retained,0;1;2;3;4;5
4346,4346,4346,6,8,retained,0;1;2;3;4;5
4347,4347,4347,6,7,retained,0;1;2;3;4;5
4348,4348,4348,6,7,retained,0;1;2;3;4;5
4349,4349,4349,6,8,retained,0;1;2;3;4;5
4350,4350,4350,6,7,retained,0;1;2;3;4;5
4351,4351,4351,6,7,retained,0;1;2;3;4;5
4352,4352,4352,6,8,retained,0;1;2;3;4;5
4353,4353,4353,6,8,retained,0;1;2;3;4;5
4354,4354,4354,6,8,retained,0;1;2;3;4;5
4355,4355,4355,6,8,retained,0;1;2;3;4;5
4356,4356,4356,6,8,retained,0;1;2;3;4;5
4357,4357,4357,6,8,retained,0;1;2;3;4;5
4358,4358,4358,6,8,retained,0;1;2;3;4;5
4359,4359,4359,6,8,retained,0;1;2;3;4;5
4360,4360,4360,6,8,retained,0;1;2;3;4;5
4361,4361,4361,6,8,retained,0;1;2;3;4;5
4362,4362,4362,6,8,retained,0;1;2;3;4;5
4363,4363,4363,6,8,retained,0;1;2;3;4;5
4364,4364,4364,6,8,retained,0;1;2;3;4;5
4365,4365,4365,6,8,retained,0;1;2;3;4;5
4366,4366,4366,6,8,retained,0;1;2;3;4;5
4367,4367,4367,6,8,retained,0;1;2;3;4;5
4368,4368,4368,6,8,retained,0;1;2;3;4;5
4369,4369,4369,6,8,retained,0;1;2;3;4;5
4370,4370,4370,6,8,retained,0;1;2;3;4;5
4371,4371,4371,6,8,retained,0;1;2;3;4;5
4372,4372,4372,6,8,retained,0;1;2;3;4;5
4373,4373,4373,6,8,retained,0;1;2;3;4;5
4374,4374,4374,6,8,retained,0;1;2;3;4;5
4375,4375,4375,6,8,retained,0;1;2;3;4;5
4376,4376,4376,6,8,retained,0;1;2;3;4;5
4377,4377,4377,6,8,retained,0;1;2;3;4;5
4378,4378,4378,6,8,retained,0;1;2;3;4;5
4379,4379,4379,6,8,retained,0;1;2;3;4;5
4380,4380,4380,6,8,retained,0;1;2;3;4;5
4381,4381,4381,6,8,retained,0;1;2;3;4;5
4382,4382,4382,6,8,retained,0;1;2;3;4;5
4383,4383,4383,6,8,retained,0;1;2;3;4;5
4384,4384,4384,6,8,retained,0;1;2;3;4;5
4385,4385,4385,6,8,retained,0;1;2;3;4;5
4386,4386,4386,6,8,retained,0;1;2;3;4;5
4387,4387,4387,6,8,retained,0;1;2;3;4;5
4388,4388,4388,6,8,retained,0;1;2;3;4;5
4389,4389,4389,6,8,retained,0;1;2;3;4;5
4390,4390,4390,6,8,retained,0;1;2;3;4;5
4391,4391,4391,6,8,retained,0;1;2;3;4;5
4392,4392,4392,6,8,retained,0;1;2;3;4;5
4393,4393,4393,6,8,retained,0;1;2;3;4;5
4394,4394,4394,6,7,retained,0;1;2;3;4;5
4395,4395,4395,6,7,retained,0;1;2;3;4;5
4396,4396,4396,6,7,retained,0;1;2;3;4;5
4397,4397,4397,6,7,retained,0;1;2;3;4;5
4398,4398,4398,6,8,retained,0;1;2;3;4;5
4399,4399,4399,6,7,retained,0;1;2;3;4;5
4400,4400,4400,6,7,retained,0;1;2;3;4;5
4401,4401,4401,6,8,retained,0;1;2;3;4;5
4402,4402,4402,6,6,retained,0;1;2;3;4;5
4403,4403,4403,6,7,retained,0;1;2;3;4;5
4404,4404,4404,6,6,retained,0;1;2;3;4;5
4405,4405,4405,6,6,retained,0;1;2;3;4;5
4406,4406,4406,6,6,retained,0;1;2;3;4;5
4407,4407,4407,6,6,retained,0;1;2;3;4;5
4408,4408,4408,6,8,retained,0;1;2;3;4;5
4409,4409,4409,6,6,retained,0;1;2;3;4;5
4410,4410,4410,6,7,retained,0;1;2;3;4;5
4411,4411,4411,6,7,retained,0;1;2;3;4;5
4412,4412,4412,6,6,retained,0;1;2;3;4;5
4413,4413,4413,6,6,retained,0;1;2;3;4;5
4414,4414,4414,6,6,retained,0;1;2;3;4;5
4415,4415,4415,6,7,retained,0;1;2;3;4;5
4416,4416,4416,6,8,retained,0;1;2;3;4;5
4417,4417,4417,6,7,retained,0;1;2;3;4;5
4418,4418,4418,6,6,retained,0;1;2;3;4;5
4419,4419,4419,6,6,retained,0;1;2;3;4;5
4420,4420,4420,6,6,retained,0;1;2;3;4;5
4421,4421,4421,6,7,retained,0;1;2;3;4;5
4422,4422,4422,6,6,retained,0;1;2;3;4;5
4423,4423,4423,6,7,retained,0;1;2;3;4;5
4424,4424,4424,6,6,retained,0;1;2;3;4;5
4425,4425,4425,6,8,retained,0;1;2;3;4;5
4426,4426,4426,6,6,retained,0;1;2;3;4;5
4427,4427,4427,6,6,retained,0;1;2;3;4;5
4428,4428,4428,6,7,retained,0;1;2;3;4;5
4429,4429,4429,6,7,retained,0;1;2;3;4;5
4430,4430,4430,6,6,retained,0;1;2;3;4;5
4431,4431,4431,6,7,retained,0;1;2;3;4;5
4432,4432,4432,6,7,retained,0;1;2;3;4;5
4433,4433,4433,6,6,retained,0;1;2;3;4;5
4434,4434,4434,6,6,retained,0;1;2;3;4;5
4435,4435,4435,6,7,retained,0;1;2;3;4;5
4436,4436,4436,6,6,retained,0;1;2;3;4;5
4437,4437,4437,6,7,retained,0;1;2;3;4;5
4438,4438,4438,6,6,retained,0;1;2;3;4;5
4439,4439,4439,6,8,retained,0;1;2;3;4;5
4440,4440,4440,6,8,retained,0;1;2;3;4;5
4441,4441,4441,6,7,retained,0;1;2;3;4;5
4442,4442,4442,6,7,retained,0;1;2;3;4;5
4443,4443,4443,6,8,retained,0;1;2;3;4;5
4444,4444,4444,6,7,retained,0;1;2;3;4;5
4445,4445,4445,6,7,retained,0;1;2;3;4;5
4446,4446,4446,6,8,retained,0;1;2;3;4;5
4447,4447,4447,6,8,retained,0;1;2;3;4;5
4448,4448,4448,6,8,retained,0;1;2;3;4;5
4449,4449,4449,6,8,retained,0;1;2;3;4;5
4450,4450,4450,6,8,retained,0;1;2;3;4;5
4451,4451,4451,6,7,retained,0;1;2;3;4;5
4452,4452,4452,6,7,retained,0;1;2;3;4;5
4453,4453,4453,6,7,retained,0;1;2;3;4;5
4454,4454,4454,6,7,retained,0;1;2;3;4;5
4455,4455,4455,6,7,retained,0;1;2;3;4;5
4456,4456,4456,6,7,retained,0;1;2;3;4;5
4457,4457,4457,6,7,retained,0;1;2;3;4;5
4458,4458,4458,6,7,retained,0;1;2;3;4;5
4459,4459,4459,6,7,retained,0;1;2;3;4;5
4460,4460,4460,6,7,retained,0;1;2;3;4;5
4461,4461,4461,6,7,retained,0;1;2;3;4;5
4462,4462,4462,6,8,retained,0;1;2;3;4;5
4463,4463,4463,6,7,retained,0;1;2;3;4;5
4464,4464,4464,6,7,retained,0;1;2;3;4;5
4465,4465,4465,6,7,retained,0;1;2;3;4;5
4466,4466,4466,6,7,retained,0;1;2;3;4;5
4467,4467,4467,6,7,retained,0;1;2;3;4;5
4468,4468,4468,6,7,retained,0;1;2;3;4;5
4469,4469,4469,6,8,retained,0;1;2;3;4;5
4470,4470,4470,6,7,retained,0;1;2;3;4;5
4471,4471,4471,6,7,retained,0;1;2;3;4;5
4472,4472,4472,6,7,retained,0;1;2;3;4;5
4473,4473,4473,6,7,retained,0;1;2;3;4;5
4474,4474,4474,6,7,retained,0;1;2;3;4;5
4475,4475,4475,6,7,retained,0;1;2;3;4;5
4476,4476,4476,6,8,retained,0;1;2;3;4;5
4477,4477,4477,6,7,retained,0;1;2;3;4;5
4478,4478,4478,6,8,retained,0;1;2;3;4;5
4479,4479,4479,6,7,retained,0;1;2;3;4;5
4480,4480,4480,6,7,retained,0;1;2;3;4;5
4481,4481,4481,6,8,retained,0;1;2;3;4;5
4482,4482,4482,6,7,retained,0;1;2;3;4;5
4483,4483,4483,6,8,retained,0;1;2;3;4;5
4484,4484,4484,6,7,retained,0;1;2;3;4;5
4485,4485,4485,6,8,retained,0;1;2;3;4;5
4486,4486,4486,6,8,retained,0;1;2;3;4;5
4487,4487,4487,6,8,retained,0;1;2;3;4;5
4488,4488,4488,6,8,retained,0;1;2;3;4;5
4489,4489,4489,6,8,retained,0;1;2;3;4;5
4490,4490,4490,6,8,retained,0;1;2;3;4;5
4491,4491,4491,6,8,retained,0;1;2;3;4;5
4492,4492,4492,6,8,retained,0;1;2;3;4;5
4493,4493,4493,6,8,retained,0;1;2;3;4;5
4494,4494,4494,6,8,retained,0;1;2;3;4;5
4495,4495,4495,6,8,retained,0;1;2;3;4;5
4496,4496,4496,6,8,retained,0;1;2;3;4;5
4497,4497,4497,6,8,retained,0;1;2;3;4;5
4498,4498,4498,6,8,retained,0;1;2;3;4;5
4499,4499,4499,6,8,retained,0;1;2;3;4;5
4500,4500,4500,6,8,retained,0;1;2;3;4;5
4501,4501,4501,6,8,retained,0;1;2;3;4;5
4502,4502,4502,6,8,retained,0;1;2;3;4;5
4503,4503,4503,6,8,retained,0;1;2;3;4;5
4504,4504,4504,6,8,retained,0;1;2;3;4;5
4505,4505,4505,6,8,retained,0;1;2;3;4;5
4506,4506,4506,6,8,retained,0;1;2;3;4;5
4507,4507,4507,6,8,retained,0;1;2;3;4;5
4508,4508,4508,6,8,retained,0;1;2;3;4;5
4509,4509,4509,6,8,retained,0;1;2;3;4;5
4510,4510,4510,6,8,retained,0;1;2;3;4;5
4511,4511,4511,6,8,retained,0;1;2;3;4;5
4512,4512,4512,6,8,retained,0;1;2;3;4;5
4513,4513,4513,6,8,retained,0;1;2;3;4;5
4514,4514,4514,6,8,retained,0;1;2;3;4;5
4515,4515,4515,6,8,retained,0;1;2;3;4;5
4516,4516,4516,6,8,retained,0;1;2;3;4;5
4517,4517,4517,6,8,retained,0;1;2;3;4;5
4518,4518,4518,6,8,retained,0;1;2;3;4;5
4519,4519,4519,6,8,retained,0;1;2;3;4;5
4520,4520,4520,6,8,retained,0;1;2;3;4;5
4521,4521,4521,6,8,retained,0;1;2;3;4;5
4522,4522,4522,6,8,retained,0;1;2;3;4;5
4523,4523,4523,6,8,retained,0;1;2;3;4;5
4524,4524,4524,6,8,retained,0;1;2;3;4;5
4525,4525,4525,6,8,retained,0;1;2;3;4;5
4526,4526,4526,6,8,retained,0;1;2;3;4;5
4527,4527,4527,6,8,retained,0;1;2;3;4;5
4528,4528,4528,6,8,retained,0;1;2;3;4;5
4529,4529,4529,6,8,retained,0;1;2;3;4;5
4530,4530,4530,6,8,retained,0;1;2;3;4;5
4531,4531,4531,6,8,retained,0;1;2;3;4;5
4532,4532,4532,6,8,retained,0;1;2;3;4;5
4533,4533,4533,6,8,retained,0;1;2;3;4;5
4534,4534,4534,6,8,retained,0;1;2;3;4;5
4535,4535,4535,6,8,retained,0;1;2;3;4;5
4536,4536,4536,6,8,retained,0;1;2;3;4;5
4537,4537,4537,6,7,retained,0;1;2;3;4;5
4538,4538,4538,6,8,retained,0;1;2;3;4;5
4539,4539,4539,6,8,retained,0;1;2;3;4;5
4540,4540,4540,6,7,retained,0;1;2;3;4;5
4541,4541,4541,6,7,retained,0;1;2;3;4;5
4542,4542,4542,6,7,retained,0;1;2;3;4;5
4543,4543,4543,6,7,retained,0;1;2;3;4;5
4544,4544,4544,6,7,retained,0;1;2;3;4;5
4545,4545,4545,6,8,retained,0;1;2;3;4;5
4546,4546,4546,6,8,retained,0;1;2;3;4;5
4547,4547,4547,6,8,retained,0;1;2;3;4;5
4548,4548,4548,6,7,retained,0;1;2;3;4;5
4549,4549,4549,6,8,retained,0;1;2;3;4;5
4550,4550,4550,6,8,retained,0;1;2;3;4;5
4551,4551,4551,6,7,retained,0;1;2;3;4;5
4552,4552,4552,6,7,retained,0;1;2;3;4;5
4553,4553,4553,6,8,retained,0;1;2;3;4;5
4554,4554,4554,6,8,retained,0;1;2;3;4;5
4555,4555,4555,6,7,retained,0;1;2;3;4;5
4556,4556,4556,6,7,retained,0;1;2;3;4;5
4557,4557,4557,6,7,retained,0;1;2;3;4;5
4558,4558,4558,6,7,retained,0;1;2;3;4;5
4559,4559,4559,6,7,retained,0;1;2;3;4;5
4560,4560,4560,6,8,retained,0;1;2;3;4;5
4561,4561,4561,6,7,retained,0;1;2;3;4;5
4562,4562,4562,6,7,retained,0;1;2;3;4;5
4563,4563,4563,6,7,retained,0;1;2;3;4;5
4564,4564,4564,6,7,retained,0;1;2;3;4;5
4565,4565,4565,6,8,retained,0;1;2;3;4;5
4566,4566,4566,6,7,retained,0;1;2;3;4;5
4567,4567,4567,6,8,retained,0;1;2;3;4;5
4568,4568,4568,6,8,retained,0;1;2;3;4;5
4569,4569,4569,6,7,retained,0;1;2;3;4;5
4570,4570,4570,6,7,retained,0;1;2;3;4;5
4571,4571,4571,6,7,retained,0;1;2;3;4;5
4572,4572,4572,6,8,retained,0;1;2;3;4;5
4573,4573,4573,6,8,retained,0;1;2;3;4;5
4574,4574,4574,6,7,retained,0;1;2;3;4;5
4575,4575,4575,6,7,retained,0;1;2;3;4;5
4576,4576,4576,6,7,retained,0;1;2;3;4;5
4577,4577,4577,6,8,retained,0;1;2;3;4;5
4578,4578,4578,6,8,retained,0;1;2;3;4;5
4579,4579,4579,6,8,retained,0;1;2;3;4;5
4580,4580,4580,6,8,retained,0;1;2;3;4;5
4581,4581,4581,6,8,retained,0;1;2;3;4;5
4582,4582,4582,6,8,retained,0;1;2;3;4;5
4583,4583,4583,6,8,retained,0;1;2;3;4;5
4584,4584,4584,6,8,retained,0;1;2;3;4;5
4585,4585,4585,6,8,retained,0;1;2;3;4;5
4586,4586,4586,6,8,retained,0;1;2;3;4;5
4587,4587,4587,6,8,retained,0;1;2;3;4;5
4588,4588,4588,6,8,retained,0;1;2;3;4;5
4589,4589,4589,6,8,retained,0;1;2;3;4;5
4590,4590,4590,6,8,retained,0;1;2;3;4;5
4591,4591,4591,6,8,retained,0;1;2;3;4;5
4592,4592,4592,6,8,retained,0;1;2;3;4;5
4593,4593,4593,6,8,retained,0;1;2;3;4;5
4594,4594,4594,6,8,retained,0;1;2;3;4;5
4595,4595,4595,6,8,retained,0;1;2;3;4;5
4596,4596,4596,6,8,retained,0;1;2;3;4;5
4597,4597,4597,6,8,retained,0;1;2;3;4;5
4598,4598,4598,6,8,retained,0;1;2;3;4;5
4599,4599,4599,6,8,retained,0;1;2;3;4;5
4600,4600,4600,6,8,retained,0;1;2;3;4;5
4601,4601,4601,6,8,retained,0;1;2;3;4;5
4602,4602,4602,6,8,retained,0;1;2;3;4;5
4603,4603,4603,6,8,retained,0;1;2;3;4;5
4604,4604,4604,6,8,retained,0;1;2;3;4;5
4605,4605,4605,6,8,retained,0;1;2;3;4;5
4606,4606,4606,6,8,retained,0;1;2;3;4;5
4607,4607,4607,6,8,retained,0;1;2;3;4;5
4608,4608,4608,6,8,retained,0;1;2;3;4;5
4609,4609,4609,6,8,retained,0;1;2;3;4;5
4610,4610,4610,6,8,retained,0;1;2;3;4;5
4611,4611,4611,6,8,retained,0;1;2;3;4;5
4612,4612,4612,6,8,retained,0;1;2;3;4;5
4613,4613,4613,6,8,retained,0;1;2;3;4;5
4614,4614,4614,6,8,retained,0;1;2;3;4;5
4615,4615,4615,6,8,retained,0;1;2;3;4;5
4616,4616,4616,6,8,retained,0;1;2;3;4;5
4617,4617,4617,6,8,retained,0;1;2;3;4;5
4618,4618,4618,6,8,retained,0;1;2;3;4;5
4619,4619,4619,6,8,retained,0;1;2;3;4;5
4620,4620,4620,6,8,retained,0;1;2;3;4;5
4621,4621,4621,6,8,retained,0;1;2;3;4;5
4622,4622,4622,6,8,retained,0;1;2;3;4;5
4623,4623,4623,6,8,retained,0;1;2;3;4;5
4624,4624,4624,6,8,retained,0;1;2;3;4;5
4625,4625,4625,6,8,retained,0;1;2;3;4;5
4626,4626,4626,6,8,retained,0;1;2;3;4;5
4627,4627,4627,6,8,retained,0;1;2;3;4;5
4628,4628,4628,6,8,retained,0;1;2;3;4;5
4629,4629,4629,6,8,retained,0;1;2;3;4;5
4630,4630,4630,6,8,retained,0;1;2;3;4;5
4631,4631,4631,6,8,retained,0;1;2;3;4;5
4632,4632,4632,6,8,retained,0;1;2;3;4;5
4633,4633,4633,6,8,retained,0;1;2;3;4;5
4634,4634,4634,6,8,retained,0;1;2;3;4;5
4635,4635,4635,6,8,retained,0;1;2;3;4;5
4636,4636,4636,6,8,retained,0;1;2;3;4;5
4637,4637,4637,6,8,retained,0;1;2;3;4;5
4638,4638,4638,6,8,retained,0;1;2;3;4;5
4639,4639,4639,6,8,retained,0;1;2;3;4;5
4640,4640,4640,6,8,retained,0;1;2;3;4;5
4641,4641,4641,6,8,retained,0;1;2;3;4;5
4642,4642,4642,6,8,retained,0;1;2;3;4;5
4643,4643,4643,6,8,retained,0;1;2;3;4;5
4644,4644,4644,6,5,retained,0;1;2;3;4;5
4645,4645,4645,6,5,retained,0;1;2;3;4;5
4646,4646,4646,6,5,retained,0;1;2;3;4;5
4647,4647,4647,6,5,retained,0;1;2;3;4;5
4648,4648,4648,6,7,retained,0;1;2;3;4;5
4649,4649,4649,6,2,retained,0;1;2;3;4;5
4650,4650,4650,6,8,retained,0;1;2;3;4;5
4651,4651,4651,6,7,retained,0;1;2;3;4;5
4652,4652,4652,6,7,retained,0;1;2;3;4;5
4653,4653,4653,6,4,retained,0;1;2;3;4;5
4654,4654,4654,6,6,retained,0;1;2;3;4;5
4655,4655,4655,6,8,retained,0;1;2;3;4;5
4656,4656,4656,6,8,retained,0;1;2;3;4;5
4657,4657,4657,6,5,retained,0;1;2;3;4;5
4658,4658,4658,6,7,retained,0;1;2;3;4;5
4659,4659,4659,6,5,retained,0;1;2;3;4;5
4660,4660,4660,6,7,retained,0;1;2;3;4;5
4661,4661,4661,6,7,retained,0;1;2;3;4;5
4662,4662,4662,6,7,retained,0;1;2;3;4;5
4663,4663,4663,6,4,retained,0;1;2;3;4;5
4664,4664,4664,6,5,retained,0;1;2;3;4;5
4665,4665,4665,6,6,retained,0;1;2;3;4;5
4666,4666,4666,6,8,retained,0;1;2;3;4;5
4667,4667,4667,6,8,retained,0;1;2;3;4;5
4668,4668,4668,6,5,retained,0;1;2;3;4;5
4669,4669,4669,6,6,retained,0;1;2;3;4;5
4670,4670,4670,6,8,retained,0;1;2;3;4;5
4671,4671,4671,6,6,retained,0;1;2;3;4;5
4672,4672,4672,6,6,retained,0;1;2;3;4;5
4673,4673,4673,6,8,retained,0;1;2;3;4;5
4674,4674,4674,6,8,retained,0;1;2;3;4;5
4675,4675,4675,6,8,retained,0;1;2;3;4;5
4676,4676,4676,6,3,retained,0;1;2;3;4;5
4677,4677,4677,6,6,retained,0;1;2;3;4;5
4678,4678,4678,6,6,retained,0;1;2;3;4;5
4679,4679,4679,6,4,retained,0;1;2;3;4;5
4680,4680,4680,6,8,retained,0;1;2;3;4;5
4681,4681,4681,6,8,retained,0;1;2;3;4;5
4682,4682,4682,6,5,retained,0;1;2;3;4;5
4683,4683,4683,6,6,retained,0;1;2;3;4;5
4684,4684,4684,6,7,retained,0;1;2;3;4;5
4685,4685,4685,6,8,retained,0;1;2;3;4;5
4686,4686,4686,6,8,retained,0;1;2;3;4;5
4687,4687,4687,6,8,retained,0;1;2;3;4;5
4688,4688,4688,6,8,retained,0;1;2;3;4;5
4689,4689,4689,6,8,retained,0;1;2;3;4;5
4690,4690,4690,6,8,retained,0;1;2;3;4;5
4691,4691,4691,6,8,retained,0;1;2;3;4;5
4692,4692,4692,6,8,retained,0;1;2;3;4;5
4693,4693,4693,6,8,retained,0;1;2;3;4;5
4694,4694,4694,6,8,retained,0;1;2;3;4;5
4695,4695,4695,6,8,retained,0;1;2;3;4;5
4696,4696,4696,6,8,retained,0;1;2;3;4;5
4697,4697,4697,6,8,retained,0;1;2;3;4;5
4698,4698,4698,6,5,retained,0;1;2;3;4;5
4699,4699,4699,6,1,retained,0;1;2;3;4;5
4700,4700,4700,6,3,retained,0;1;2;3;4;5
4701,4701,4701,6,5,retained,0;1;2;3;4;5
4702,4702,4702,6,4,retained,0;1;2;3;4;5
4703,4703,4703,6,6,retained,0;1;2;3;4;5
4704,4704,4704,6,4,retained,0;1;2;3;4;5
4705,4705,4705,6,5,retained,0;1;2;3;4;5
4706,4706,4706,6,8,retained,0;1;2;3;4;5
4707,4707,4707,6,3,retained,0;1;2;3;4;5
4708,4708,4708,6,5,retained,0;1;2;3;4;5
4709,4709,4709,6,4,retained,0;1;2;3;4;5
4710,4710,4710,6,6,retained,0;1;2;3;4;5
4711,4711,4711,6,3,retained,0;1;2;3;4;5
4712,4712,4712,6,5,retained,0;1;2;3;4;5
4713,4713,4713,6,3,retained,0;1;2;3;4;5
4714,4714,4714,6,8,retained,0;1;2;3;4;5
4715,4715,4715,6,3,retained,0;1;2;3;4;5
4716,4716,4716,6,6,retained,0;1;2;3;4;5
4717,4717,4717,6,4,retained,0;1;2;3;4;5
4718,4718,4718,6,4,retained,0;1;2;3;4;5
4719,4719,4719,6,7,retained,0;1;2;3;4;5
4720,4720,4720,6,6,retained,0;1;2;3;4;5
4721,4721,4721,6,6,retained,0;1;2;3;4;5
4722,4722,4722,6,8,retained,0;1;2;3;4;5
4723,4723,4723,6,8,retained,0;1;2;3;4;5
4724,4724,4724,6,8,retained,0;1;2;3;4;5
4725,4725,4725,6,8,retained,0;1;2;3;4;5
4726,4726,4726,6,5,retained,0;1;2;3;4;5
4727,4727,4727,6,4,retained,0;1;2;3;4;5
4728,4728,4728,6,7,retained,0;1;2;3;4;5
4729,4729,4729,6,7,retained,0;1;2;3;4;5
4730,4730,4730,6,4,retained,0;1;2;3;4;5
4731,4731,4731,6,7,retained,0;1;2;3;4;5
4732,4732,4732,6,5,retained,0;1;2;3;4;5
4733,4733,4733,6,5,retained,0;1;2;3;4;5
4734,4734,4734,6,7,retained,0;1;2;3;4;5
4735,4735,4735,6,7,retained,0;1;2;3;4;5
4736,4736,4736,6,7,retained,0;1;2;3;4;5
4737,4737,4737,6,8,retained,0;1;2;3;4;5
4738,4738,4738,6,8,retained,0;1;2;3;4;5
4739,4739,4739,6,8,retained,0;1;2;3;4;5
4740,4740,4740,6,7,retained,0;1;2;3;4;5
4741,4741,4741,6,8,retained,0;1;2;3;4;5
4742,4742,4742,6,7,retained,0;1;2;3;4;5
4743,4743,4743,6,7,retained,0;1;2;3;4;5
4744,4744,4744,6,2,retained,0;1;2;3;4;5
4745,4745,4745,6,2,retained,0;1;2;3;4;5
4746,4746,4746,6,2,retained,0;1;2;3;4;5
4747,4747,4747,6,3,retained,0;1;2;3;4;5
4748,4748,4748,6,4,retained,0;1;2;3;4;5
4749,4749,4749,6,5,retained,0;1;2;3;4;5
4750,4750,4750,6,6,retained,0;1;2;3;4;5
4751,4751,4751,6,7,retained,0;1;2;3;4;5
4752,4752,4752,6,8,retained,0;1;2;3;4;5
4753,4753,4753,6,3,retained,0;1;2;3;4;5
4754,4754,4754,6,5,retained,0;1;2;3;4;5
4755,4755,4755,6,7,retained,0;1;2;3;4;5
4756,4756,4756,6,3,retained,0;1;2;3;4;5
4757,4757,4757,6,3,retained,0;1;2;3;4;5
4758,4758,4758,6,8,retained,0;1;2;3;4;5
4759,4759,4759,6,5,retained,0;1;2;3;4;5
4760,4760,4760,6,4,retained,0;1;2;3;4;5
4761,4761,4761,6,7,retained,0;1;2;3;4;5
4762,4762,4762,6,4,retained,0;1;2;3;4;5
4763,4763,4763,6,7,retained,0;1;2;3;4;5
4764,4764,4764,6,5,retained,0;1;2;3;4;5
4765,4765,4765,6,7,retained,0;1;2;3;4;5
4766,4766,4766,6,7,retained,0;1;2;3;4;5
4767,4767,4767,6,3,retained,0;1;2;3;4;5
4768,4768,4768,6,7,retained,0;1;2;3;4;5
4769,4769,4769,6,5,retained,0;1;2;3;4;5
4770,4770,4770,6,3,retained,0;1;2;3;4;5
4771,4771,4771,6,5,retained,0;1;2;3;4;5
4772,4772,4772,6,8,retained,0;1;2;3;4;5
4773,4773,4773,6,5,retained,0;1;2;3;4;5
4774,4774,4774,6,8,retained,0;1;2;3;4;5
4775,4775,4775,6,6,retained,0;1;2;3;4;5
4776,4776,4776,6,7,retained,0;1;2;3;4;5
4777,4777,4777,6,4,retained,0;1;2;3;4;5
4778,4778,4778,6,4,retained,0;1;2;3;4;5
4779,4779,4779,6,7,retained,0;1;2;3;4;5
4780,4780,4780,6,4,retained,0;1;2;3;4;5
4781,4781,4781,6,4,retained,0;1;2;3;4;5
4782,4782,4782,6,5,retained,0;1;2;3;4;5
4783,4783,4783,6,5,retained,0;1;2;3;4;5
4784,4784,4784,6,7,retained,0;1;2;3;4;5
4785,4785,4785,6,8,retained,0;1;2;3;4;5
4786,4786,4786,6,6,retained,0;1;2;3;4;5
4787,4787,4787,6,5,retained,0;1;2;3;4;5
4788,4788,4788,6,5,retained,0;1;2;3;4;5
4789,4789,4789,6,6,retained,0;1;2;3;4;5
4790,4790,4790,6,7,retained,0;1;2;3;4;5
4791,4791,4791,6,5,retained,0;1;2;3;4;5
4792,4792,4792,6,5,retained,0;1;2;3;4;5
4793,4793,4793,6,5,retained,0;1;2;3;4;5
4794,4794,4794,6,6,retained,0;1;2;3;4;5
4795,4795,4795,6,7,retained,0;1;2;3;4;5
4796,4796,4796,6,8,retained,0;1;2;3;4;5
4797,4797,4797,6,6,retained,0;1;2;3;4;5
4798,4798,4798,6,5,retained,0;1;2;3;4;5
4799,4799,4799,6,5,retained,0;1;2;3;4;5
4800,4800,4800,6,6,retained,0;1;2;3;4;5
4801,4801,4801,6,5,retained,0;1;2;3;4;5
4802,4802,4802,6,6,retained,0;1;2;3;4;5
4803,4803,4803,6,6,retained,0;1;2;3;4;5
4804,4804,4804,6,6,retained,0;1;2;3;4;5
4805,4805,4805,6,6,retained,0;1;2;3;4;5
4806,4806,4806,6,7,retained,0;1;2;3;4;5
4807,4807,4807,6,8,retained,0;1;2;3;4;5
4808,4808,4808,6,5,retained,0;1;2;3;4;5
4809,4809,4809,6,7,retained,0;1;2;3;4;5
4810,4810,4810,6,7,retained,0;1;2;3;4;5
4811,4811,4811,6,7,retained,0;1;2;3;4;5
4812,4812,4812,6,8,retained,0;1;2;3;4;5
4813,4813,4813,6,8,retained,0;1;2;3;4;5
4814,4814,4814,6,8,retained,0;1;2;3;4;5
4815,4815,4815,6,8,retained,0;1;2;3;4;5
4816,4816,4816,6,6,retained,0;1;2;3;4;5
4817,4817,4817,6,7,retained,0;1;2;3;4;5
4818,4818,4818,6,7,retained,0;1;2;3;4;5
4819,4819,4819,6,4,retained,0;1;2;3;4;5
4820,4820,4820,6,3,retained,0;1;2;3;4;5
4821,4821,4821,6,6,retained,0;1;2;3;4;5
4822,4822,4822,6,7,retained,0;1;2;3;4;5
4823,4823,4823,6,5,retained,0;1;2;3;4;5
4824,4824,4824,6,4,retained,0;1;2;3;4;5
4825,4825,4825,6,7,retained,0;1;2;3;4;5
4826,4826,4826,6,4,retained,0;1;2;3;4;5
4827,4827,4827,6,6,retained,0;1;2;3;4;5
4828,4828,4828,6,8,retained,0;1;2;3;4;5
4829,4829,4829,6,6,retained,0;1;2;3;4;5
4830,4830,4830,6,4,retained,0;1;2;3;4;5
4831,4831,4831,6,8,retained,0;1;2;3;4;5
4832,4832,4832,6,7,retained,0;1;2;3;4;5
4833,4833,4833,6,5,retained,0;1;2;3;4;5
4834,4834,4834,6,7,retained,0;1;2;3;4;5
4835,4835,4835,6,6,retained,0;1;2;3;4;5
4836,4836,4836,6,7,retained,0;1;2;3;4;5
4837,4837,4837,6,8,retained,0;1;2;3;4;5
4838,4838,4838,6,7,retained,0;1;2;3;4;5
4839,4839,4839,6,7,retained,0;1;2;3;4;5
4840,4840,4840,6,3,retained,0;1;2;3;4;5
4841,4841,4841,6,4,retained,0;1;2;3;4;5
4842,4842,4842,6,8,retained,0;1;2;3;4;5
4843,4843,4843,6,6,retained,0;1;2;3;4;5
4844,4844,4844,6,1,retained,0;1;2;3;4;5
4845,4845,4845,6,5,retained,0;1;2;3;4;5
4846,4846,4846,6,8,retained,0;1;2;3;4;5
4847,4847,4847,6,5,retained,0;1;2;3;4;5
4848,4848,4848,6,6,retained,0;1;2;3;4;5
4849,4849,4849,6,8,retained,0;1;2;3;4;5
4850,4850,4850,6,7,retained,0;1;2;3;4;5
4851,4851,4851,6,3,retained,0;1;2;3;4;5
4852,4852,4852,6,4,retained,0;1;2;3;4;5
4853,4853,4853,6,8,retained,0;1;2;3;4;5
4854,4854,4854,6,5,retained,0;1;2;3;4;5
4855,4855,4855,6,6,retained,0;1;2;3;4;5
4856,4856,4856,6,7,retained,0;1;2;3;4;5
4857,4857,4857,6,4,retained,0;1;2;3;4;5
4858,4858,4858,6,5,retained,0;1;2;3;4;5
4859,4859,4859,6,3,retained,0;1;2;3;4;5
4860,4860,4860,6,7,retained,0;1;2;3;4;5
4861,4861,4861,6,7,retained,0;1;2;3;4;5
4862,4862,4862,6,7,retained,0;1;2;3;4;5
4863,4863,4863,6,8,retained,0;1;2;3;4;5
4864,4864,4864,6,5,retained,0;1;2;3;4;5
4865,4865,4865,6,4,retained,0;1;2;3;4;5
4866,4866,4866,6,4,retained,0;1;2;3;4;5
4867,4867,4867,6,6,retained,0;1;2;3;4;5
4868,4868,4868,6,8,retained,0;1;2;3;4;5
4869,4869,4869,6,7,retained,0;1;2;3;4;5
4870,4870,4870,6,3,retained,0;1;2;3;4;5
4871,4871,4871,6,6,retained,0;1;2;3;4;5
4872,4872,4872,6,5,retained,0;1;2;3;4;5
4873,4873,4873,6,4,retained,0;1;2;3;4;5
4874,4874,4874,6,7,retained,0;1;2;3;4;5
4875,4875,4875,6,8,retained,0;1;2;3;4;5
4876,4876,4876,6,7,retained,0;1;2;3;4;5
4877,4877,4877,6,7,retained,0;1;2;3;4;5
4878,4878,4878,6,7,retained,0;1;2;3;4;5
4879,4879,4879,6,8,retained,0;1;2;3;4;5
4880,4880,4880,6,8,retained,0;1;2;3;4;5
4881,4881,4881,6,8,retained,0;1;2;3;4;5
4882,4882,4882,6,7,retained,0;1;2;3;4;5
4883,4883,4883,6,8,retained,0;1;2;3;4;5
4884,4884,4884,6,8,retained,0;1;2;3;4;5
4885,4885,4885,6,8,retained,0;1;2;3;4;5
4886,4886,4886,6,2,retained,0;1;2;3;4;5
4887,4887,4887,6,5,retained,0;1;2;3;4;5
4888,4888,4888,6,8,retained,0;1;2;3;4;5
4889,4889,4889,6,4,retained,0;1;2;3;4;5
4890,4890,4890,6,6,retained,0;1;2;3;4;5
4891,4891,4891,6,7,retained,0;1;2;3;4;5
4892,4892,4892,6,4,retained,0;1;2;3;4;5
4893,4893,4893,6,5,retained,0;1;2;3;4;5
4894,4894,4894,6,8,retained,0;1;2;3;4;5
4895,4895,4895,6,3,retained,0;1;2;3;4;5
4896,4896,4896,6,8,retained,0;1;2;3;4;5
4897,4897,4897,6,3,retained,0;1;2;3;4;5
4898,4898,4898,6,7,retained,0;1;2;3;4;5
4899,4899,4899,6,7,retained,0;1;2;3;4;5
4900,4900,4900,6,4,retained,0;1;2;3;4;5
4901,4901,4901,6,6,retained,0;1;2;3;4;5
4902,4902,4902,6,7,retained,0;1;2;3;4;5
4903,4903,4903,6,7,retained,0;1;2;3;4;5
4904,4904,4904,6,6,retained,0;1;2;3;4;5
4905,4905,4905,6,8,retained,0;1;2;3;4;5
4906,4906,4906,6,4,retained,0;1;2;3;4;5
4907,4907,4907,6,6,retained,0;1;2;3;4;5
4908,4908,4908,6,7,retained,0;1;2;3;4;5
4909,4909,4909,6,8,retained,0;1;2;3;4;5
4910,4910,4910,6,7,retained,0;1;2;3;4;5
4911,4911,4911,6,6,retained,0;1;2;3;4;5
4912,4912,4912,6,6,retained,0;1;2;3;4;5
4913,4913,4913,6,5,retained,0;1;2;3;4;5
4914,4914,4914,6,6,retained,0;1;2;3;4;5
4915,4915,4915,6,4,retained,0;1;2;3;4;5
4916,4916,4916,6,5,retained,0;1;2;3;4;5
4917,4917,4917,6,6,retained,0;1;2;3;4;5
4918,4918,4918,6,6,retained,0;1;2;3;4;5
4919,4919,4919,6,6,retained,0;1;2;3;4;5
4920,4920,4920,6,8,retained,0;1;2;3;4;5
4921,4921,4921,6,7,retained,0;1;2;3;4;5
4922,4922,4922,6,8,retained,0;1;2;3;4;5
4923,4923,4923,6,8,retained,0;1;2;3;4;5
4924,4924,4924,6,8,retained,0;1;2;3;4;5
4925,4925,4925,6,8,retained,0;1;2;3;4;5
4926,4926,4926,6,8,retained,0;1;2;3;4;5
4927,4927,4927,6,8,retained,0;1;2;3;4;5
4928,4928,4928,6,8,retained,0;1;2;3;4;5
4929,4929,4929,6,8,retained,0;1;2;3;4;5
4930,4930,4930,6,8,retained,0;1;2;3;4;5
4931,4931,4931,6,8,retained,0;1;2;3;4;5
4932,4932,4932,6,8,retained,0;1;2;3;4;5
4933,4933,4933,6,8,retained,0;1;2;3;4;5
4934,4934,4934,6,6,retained,0;1;2;3;4;5
4935,4935,4935,6,5,retained,0;1;2;3;4;5
4936,4936,4936,6,6,retained,0;1;2;3;4;5
4937,4937,4937,6,8,retained,0;1;2;3;4;5
4938,4938,4938,6,8,retained,0;1;2;3;4;5
4939,4939,4939,6,7,retained,0;1;2;3;4;5
4940,4940,4940,6,3,retained,0;1;2;3;4;5
4941,4941,4941,6,5,retained,0;1;2;3;4;5
4942,4942,4942,6,7,retained,0;1;2;3;4;5
4943,4943,4943,6,6,retained,0;1;2;3;4;5
4944,4944,4944,6,7,retained,0;1;2;3;4;5
4945,4945,4945,6,7,retained,0;1;2;3;4;5
4946,4946,4946,6,6,retained,0;1;2;3;4;5
4947,4947,4947,6,6,retained,0;1;2;3;4;5
4948,4948,4948,6,6,retained,0;1;2;3;4;5
4949,4949,4949,6,8,retained,0;1;2;3;4;5
4950,4950,4950,6,4,retained,0;1;2;3;4;5
4951,4951,4951,6,5,retained,0;1;2;3;4;5
4952,4952,4952,6,8,retained,0;1;2;3;4;5
4953,4953,4953,6,5,retained,0;1;2;3;4;5
4954,4954,4954,6,8,retained,0;1;2;3;4;5
4955,4955,4955,6,8,retained,0;1;2;3;4;5
4956,4956,4956,6,6,retained,0;1;2;3;4;5
4957,4957,4957,6,8,retained,0;1;2;3;4;5
4958,4958,4958,6,7,retained,0;1;2;3;4;5
4959,4959,4959,6,7,retained,0;1;2;3;4;5
4960,4960,4960,6,8,retained,0;1;2;3;4;5
4961,4961,4961,6,7,retained,0;1;2;3;4;5
4962,4962,4962,6,4,retained,0;1;2;3;4;5
4963,4963,4963,6,8,retained,0;1;2;3;4;5
4964,4964,4964,6,8,retained,0;1;2;3;4;5
4965,4965,4965,6,3,retained,0;1;2;3;4;5
4966,4966,4966,6,6,retained,0;1;2;3;4;5
4967,4967,4967,6,6,retained,0;1;2;3;4;5
4968,4968,4968,6,2,retained,0;1;2;3;4;5
4969,4969,4969,6,4,retained,0;1;2;3;4;5
4970,4970,4970,6,4,retained,0;1;2;3;4;5
4971,4971,4971,6,7,retained,0;1;2;3;4;5
4972,4972,4972,6,3,retained,0;1;2;3;4;5
4973,4973,4973,6,8,retained,0;1;2;3;4;5
4974,4974,4974,6,8,retained,0;1;2;3;4;5
4975,4975,4975,6,7,retained,0;1;2;3;4;5
4976,4976,4976,6,7,retained,0;1;2;3;4;5
4977,4977,4977,6,4,retained,0;1;2;3;4;5
4978,4978,4978,6,3,retained,0;1;2;3;4;5
4979,4979,4979,6,8,retained,0;1;2;3;4;5
4980,4980,4980,6,8,retained,0;1;2;3;4;5
4981,4981,4981,6,4,retained,0;1;2;3;4;5
4982,4982,4982,6,7,retained,0;1;2;3;4;5
4983,4983,4983,6,5,retained,0;1;2;3;4;5
4984,4984,4984,6,7,retained,0;1;2;3;4;5
4985,4985,4985,6,6,retained,0;1;2;3;4;5
4986,4986,4986,6,8,retained,0;1;2;3;4;5
4987,4987,4987,6,5,retained,0;1;2;3;4;5
4988,4988,4988,6,7,retained,0;1;2;3;4;5
4989,4989,4989,6,7,retained,0;1;2;3;4;5
4990,4990,4990,6,4,retained,0;1;2;3;4;5
4991,4991,4991,6,6,retained,0;1;2;3;4;5
4992,4992,4992,6,5,retained,0;1;2;3;4;5
4993,4993,4993,6,5,retained,0;1;2;3;4;5
4994,4994,4994,6,7,retained,0;1;2;3;4;5
4995,4995,4995,6,7,retained,0;1;2;3;4;5
4996,4996,4996,6,7,retained,0;1;2;3;4;5
4997,4997,4997,6,7,retained,0;1;2;3;4;5
4998,4998,4998,6,6,retained,0;1;2;3;4;5
4999,4999,4999,6,6,retained,0;1;2;3;4;5
5000,5000,5000,6,6,retained,0;1;2;3;4;5
5001,5001,5001,6,6,retained,0;1;2;3;4;5
5002,5002,5002,6,6,retained,0;1;2;3;4;5
5003,5003,5003,6,6,retained,0;1;2;3;4;5
5004,5004,5004,6,6,retained,0;1;2;3;4;5
5005,5005,5005,6,7,retained,0;1;2;3;4;5
5006,5006,5006,6,8,retained,0;1;2;3;4;5
5007,5007,5007,6,6,retained,0;1;2;3;4;5
5008,5008,5008,6,8,retained,0;1;2;3;4;5
5009,5009,5009,6,6,retained,0;1;2;3;4;5
5010,5010,5010,6,4,retained,0;1;2;3;4;5
5011,5011,5011,6,8,retained,0;1;2;3;4;5
5012,5012,5012,6,6,retained,0;1;2;3;4;5
5013,5013,5013,6,5,retained,0;1;2;3;4;5
5014,5014,5014,6,6,retained,0;1;2;3;4;5
5015,5015,5015,6,8,retained,0;1;2;3;4;5
5016,5016,5016,6,8,retained,0;1;2;3;4;5
5017,5017,5017,6,7,retained,0;1;2;3;4;5
5018,5018,5018,6,5,retained,0;1;2;3;4;5
5019,5019,5019,6,8,retained,0;1;2;3;4;5
5020,5020,5020,6,5,retained,0;1;2;3;4;5
5021,5021,5021,6,6,retained,0;1;2;3;4;5
5022,5022,5022,6,6,retained,0;1;2;3;4;5
5023,5023,5023,6,7,retained,0;1;2;3;4;5
5024,5024,5024,6,8,retained,0;1;2;3;4;5
5025,5025,5025,6,6,retained,0;1;2;3;4;5
5026,5026,5026,6,6,retained,0;1;2;3;4;5
5027,5027,5027,6,7,retained,0;1;2;3;4;5
5028,5028,5028,6,8,retained,0;1;2;3;4;5
5029,5029,5029,6,7,retained,0;1;2;3;4;5
5030,5030,5030,6,8,retained,0;1;2;3;4;5
5031,5031,5031,6,8,retained,0;1;2;3;4;5
5032,5032,5032,6,7,retained,0;1;2;3;4;5
5033,5033,5033,6,8,retained,0;1;2;3;4;5
5034,5034,5034,6,5,retained,0;1;2;3;4;5
5035,5035,5035,6,8,retained,0;1;2;3;4;5
5036,5036,5036,6,2,retained,0;1;2;3;4;5
5037,5037,5037,6,7,retained,0;1;2;3;4;5
5038,5038,5038,6,6,retained,0;1;2;3;4;5
5039,5039,5039,6,3,retained,0;1;2;3;4;5
5040,5040,5040,6,3,retained,0;1;2;3;4;5
5041,5041,5041,6,4,retained,0;1;2;3;4;5
5042,5042,5042,6,3,retained,0;1;2;3;4;5
5043,5043,5043,6,5,retained,0;1;2;3;4;5
5044,5044,5044,6,5,retained,0;1;2;3;4;5
5045,5045,5045,6,6,retained,0;1;2;3;4;5
5046,5046,5046,6,6,retained,0;1;2;3;4;5
5047,5047,5047,6,8,retained,0;1;2;3;4;5
5048,5048,5048,6,7,retained,0;1;2;3;4;5
5049,5049,5049,6,6,retained,0;1;2;3;4;5
5050,5050,5050,6,5,retained,0;1;2;3;4;5
5051,5051,5051,6,8,retained,0;1;2;3;4;5
5052,5052,5052,6,6,retained,0;1;2;3;4;5
5053,5053,5053,6,3,retained,0;1;2;3;4;5
5054,5054,5054,6,4,retained,0;1;2;3;4;5
5055,5055,5055,6,5,retained,0;1;2;3;4;5
5056,5056,5056,6,8,retained,0;1;2;3;4;5
5057,5057,5057,6,4,retained,0;1;2;3;4;5
5058,5058,5058,6,8,retained,0;1;2;3;4;5
5059,5059,5059,6,5,retained,0;1;2;3;4;5
5060,5060,5060,6,4,retained,0;1;2;3;4;5
5061,5061,5061,6,4,retained,0;1;2;3;4;5
5062,5062,5062,6,4,retained,0;1;2;3;4;5
5063,5063,5063,6,5,retained,0;1;2;3;4;5
5064,5064,5064,6,4,retained,0;1;2;3;4;5
5065,5065,5065,6,4,retained,0;1;2;3;4;5
5066,5066,5066,6,8,retained,0;1;2;3;4;5
5067,5067,5067,6,4,retained,0;1;2;3;4;5
5068,5068,5068,6,3,retained,0;1;2;3;4;5
5069,5069,5069,6,4,retained,0;1;2;3;4;5
5070,5070,5070,6,4,retained,0;1;2;3;4;5
5071,5071,5071,6,7,retained,0;1;2;3;4;5
5072,5072,5072,6,7,retained,0;1;2;3;4;5
5073,5073,5073,6,5,retained,0;1;2;3;4;5
5074,5074,5074,6,5,retained,0;1;2;3;4;5
5075,5075,5075,6,6,retained,0;1;2;3;4;5
5076,5076,5076,6,8,retained,0;1;2;3;4;5
5077,5077,5077,6,8,retained,0;1;2;3;4;5
5078,5078,5078,6,4,retained,0;1;2;3;4;5
5079,5079,5079,6,7,retained,0;1;2;3;4;5
5080,5080,5080,6,7,retained,0;1;2;3;4;5
5081,5081,5081,6,6,retained,0;1;2;3;4;5
5082,5082,5082,6,5,retained,0;1;2;3;4;5
5083,5083,5083,6,5,retained,0;1;2;3;4;5
5084,5084,5084,6,6,retained,0;1;2;3;4;5
5085,5085,5085,6,7,retained,0;1;2;3;4;5
5086,5086,5086,6,5,retained,0;1;2;3;4;5
5087,5087,5087,6,4,retained,0;1;2;3;4;5
5088,5088,5088,6,7,retained,0;1;2;3;4;5
5089,5089,5089,6,7,retained,0;1;2;3;4;5
5090,5090,5090,6,6,retained,0;1;2;3;4;5
5091,5091,5091,6,8,retained,0;1;2;3;4;5
5092,5092,5092,6,8,retained,0;1;2;3;4;5
5093,5093,5093,6,5,retained,0;1;2;3;4;5
5094,5094,5094,6,7,retained,0;1;2;3;4;5
5095,5095,5095,6,7,retained,0;1;2;3;4;5
5096,5096,5096,6,7,retained,0;1;2;3;4;5
5097,5097,5097,6,7,retained,0;1;2;3;4;5
5098,5098,5098,6,8,retained,0;1;2;3;4;5
5099,5099,5099,6,8,retained,0;1;2;3;4;5
5100,5100,5100,6,7,retained,0;1;2;3;4;5
5101,5101,5101,6,3,retained,0;1;2;3;4;5
5102,5102,5102,6,8,retained,0;1;2;3;4;5
5103,5103,5103,6,6,retained,0;1;2;3;4;5
5104,5104,5104,6,7,retained,0;1;2;3;4;5
5105,5105,5105,6,5,retained,0;1;2;3;4;5
5106,5106,5106,6,7,retained,0;1;2;3;4;5
5107,5107,5107,6,7,retained,0;1;2;3;4;5
5108,5108,5108,6,8,retained,0;1;2;3;4;5
5109,5109,5109,6,6,retained,0;1;2;3;4;5
5110,5110,5110,6,7,retained,0;1;2;3;4;5
5111,5111,5111,6,8,retained,0;1;2;3;4;5
5112,5112,5112,6,7,retained,0;1;2;3;4;5
5113,5113,5113,6,4,retained,0;1;2;3;4;5
5114,5114,5114,6,7,retained,0;1;2;3;4;5
5115,5115,5115,6,8,retained,0;1;2;3;4;5
5116,5116,5116,6,8,retained,0;1;2;3;4;5
5117,5117,5117,6,8,retained,0;1;2;3;4;5
5118,5118,5118,6,8,retained,0;1;2;3;4;5
5119,5119,5119,6,4,retained,0;1;2;3;4;5
5120,5120,5120,6,3,retained,0;1;2;3;4;5
5121,5121,5121,6,2,retained,0;1;2;3;4;5
5122,5122,5122,6,6,retained,0;1;2;3;4;5
5123,5123,5123,6,4,retained,0;1;2;3;4;5
5124,5124,5124,6,3,retained,0;1;2;3;4;5
5125,5125,5125,6,4,retained,0;1;2;3;4;5
5126,5126,5126,6,5,retained,0;1;2;3;4;5
5127,5127,5127,6,7,retained,0;1;2;3;4;5
5128,5128,5128,6,5,retained,0;1;2;3;4;5
5129,5129,5129,6,4,retained,0;1;2;3;4;5
5130,5130,5130,6,6,retained,0;1;2;3;4;5
5131,5131,5131,6,7,retained,0;1;2;3;4;5
5132,5132,5132,6,8,retained,0;1;2;3;4;5
5133,5133,5133,6,8,retained,0;1;2;3;4;5
5134,5134,5134,6,7,retained,0;1;2;3;4;5
5135,5135,5135,6,6,retained,0;1;2;3;4;5
5136,5136,5136,6,8,retained,0;1;2;3;4;5
5137,5137,5137,6,7,retained,0;1;2;3;4;5
5138,5138,5138,6,6,retained,0;1;2;3;4;5
5139,5139,5139,6,5,retained,0;1;2;3;4;5
5140,5140,5140,6,4,retained,0;1;2;3;4;5
5141,5141,5141,6,4,retained,0;1;2;3;4;5
5142,5142,5142,6,4,retained,0;1;2;3;4;5
5143,5143,5143,6,7,retained,0;1;2;3;4;5
5144,5144,5144,6,8,retained,0;1;2;3;4;5
5145,5145,5145,6,8,retained,0;1;2;3;4;5
5146,5146,5146,6,7,retained,0;1;2;3;4;5
5147,5147,5147,6,6,retained,0;1;2;3;4;5
5148,5148,5148,6,8,retained,0;1;2;3;4;5
5149,5149,5149,6,7,retained,0;1;2;3;4;5
5150,5150,5150,6,6,retained,0;1;2;3;4;5
5151,5151,5151,6,7,retained,0;1;2;3;4;5
5152,5152,5152,6,8,retained,0;1;2;3;4;5
5153,5153,5153,6,8,retained,0;1;2;3;4;5
5154,5154,5154,6,8,retained,0;1;2;3;4;5
5155,5155,5155,6,3,retained,0;1;2;3;4;5
5156,5156,5156,6,4,retained,0;1;2;3;4;5
5157,5157,5157,6,6,retained,0;1;2;3;4;5
5158,5158,5158,6,6,retained,0;1;2;3;4;5
5159,5159,5159,6,6,retained,0;1;2;3;4;5
5160,5160,5160,6,6,retained,0;1;2;3;4;5
5161,5161,5161,6,6,retained,0;1;2;3;4;5
5162,5162,5162,6,8,retained,0;1;2;3;4;5
5163,5163,5163,6,5,retained,0;1;2;3;4;5
5164,5164,5164,6,6,retained,0;1;2;3;4;5
5165,5165,5165,6,7,retained,0;1;2;3;4;5
5166,5166,5166,6,8,retained,0;1;2;3;4;5
5167,5167,5167,6,3,retained,0;1;2;3;4;5
5168,5168,5168,6,4,retained,0;1;2;3;4;5
5169,5169,5169,6,6,retained,0;1;2;3;4;5
5170,5170,5170,6,8,retained,0;1;2;3;4;5
5171,5171,5171,6,5,retained,0;1;2;3;4;5
5172,5172,5172,6,5,retained,0;1;2;3;4;5
5173,5173,5173,6,7,retained,0;1;2;3;4;5
5174,5174,5174,6,5,retained,0;1;2;3;4;5
5175,5175,5175,6,4,retained,0;1;2;3;4;5
5176,5176,5176,6,7,retained,0;1;2;3;4;5
5177,5177,5177,6,7,retained,0;1;2;3;4;5
5178,5178,5178,6,4,retained,0;1;2;3;4;5
5179,5179,5179,6,4,retained,0;1;2;3;4;5
5180,5180,5180,6,6,retained,0;1;2;3;4;5
5181,5181,5181,6,7,retained,0;1;2;3;4;5
5182,5182,5182,6,7,retained,0;1;2;3;4;5
5183,5183,5183,6,6,retained,0;1;2;3;4;5
5184,5184,5184,6,4,retained,0;1;2;3;4;5
5185,5185,5185,6,5,retained,0;1;2;3;4;5
5186,5186,5186,6,7,retained,0;1;2;3;4;5
5187,5187,5187,6,6,retained,0;1;2;3;4;5
5188,5188,5188,6,4,retained,0;1;2;3;4;5
5189,5189,5189,6,8,retained,0;1;2;3;4;5
5190,5190,5190,6,4,retained,0;1;2;3;4;5
5191,5191,5191,6,8,retained,0;1;2;3;4;5
5192,5192,5192,6,6,retained,0;1;2;3;4;5
5193,5193,5193,6,5,retained,0;1;2;3;4;5
5194,5194,5194,6,6,retained,0;1;2;3;4;5
5195,5195,5195,6,8,retained,0;1;2;3;4;5
5196,5196,5196,6,7,retained,0;1;2;3;4;5
5197,5197,5197,6,8,retained,0;1;2;3;4;5
5198,5198,5198,6,8,retained,0;1;2;3;4;5
5199,5199,5199,6,3,retained,0;1;2;3;4;5
5200,5200,5200,6,5,retained,0;1;2;3;4;5
5201,5201,5201,6,8,retained,0;1;2;3;4;5
5202,5202,5202,6,6,retained,0;1;2;3;4;5
5203,5203,5203,6,8,retained,0;1;2;3;4;5
5204,5204,5204,6,8,retained,0;1;2;3;4;5
5205,5205,5205,6,4,retained,0;1;2;3;4;5
5206,5206,5206,6,6,retained,0;1;2;3;4;5
5207,5207,5207,6,4,retained,0;1;2;3;4;5
5208,5208,5208,6,6,retained,0;1;2;3;4;5
5209,5209,5209,6,8,retained,0;1;2;3;4;5
5210,5210,5210,6,7,retained,0;1;2;3;4;5
5211,5211,5211,6,8,retained,0;1;2;3;4;5
5212,5212,5212,6,8,retained,0;1;2;3;4;5
5213,5213,5213,6,6,retained,0;1;2;3;4;5
5214,5214,5214,6,6,retained,0;1;2;3;4;5
5215,5215,5215,6,8,retained,0;1;2;3;4;5
5216,5216,5216,6,8,retained,0;1;2;3;4;5
5217,5217,5217,6,8,retained,0;1;2;3;4;5
5218,5218,5218,6,5,retained,0;1;2;3;4;5
5219,5219,5219,6,7,retained,0;1;2;3;4;5
5220,5220,5220,6,8,retained,0;1;2;3;4;5
5221,5221,5221,6,8,retained,0;1;2;3;4;5
5222,5222,5222,6,7,retained,0;1;2;3;4;5
5223,5223,5223,6,6,retained,0;1;2;3;4;5
5224,5224,5224,6,5,retained,0;1;2;3;4;5
5225,5225,5225,6,5,retained,0;1;2;3;4;5
5226,5226,5226,6,6,retained,0;1;2;3;4;5
5227,5227,5227,6,8,retained,0;1;2;3;4;5
5228,5228,5228,6,5,retained,0;1;2;3;4;5
5229,5229,5229,6,7,retained,0;1;2;3;4;5
5230,5230,5230,6,7,retained,0;1;2;3;4;5
5231,5231,5231,6,7,retained,0;1;2;3;4;5
5232,5232,5232,6,7,retained,0;1;2;3;4;5
5233,5233,5233,6,8,retained,0;1;2;3;4;5
5234,5234,5234,6,8,retained,0;1;2;3;4;5
5235,5235,5235,6,6,retained,0;1;2;3;4;5
5236,5236,5236,6,7,retained,0;1;2;3;4;5
5237,5237,5237,6,6,retained,0;1;2;3;4;5
5238,5238,5238,6,7,retained,0;1;2;3;4;5
5239,5239,5239,6,6,retained,0;1;2;3;4;5
5240,5240,5240,6,6,retained,0;1;2;3;4;5
5241,5241,5241,6,8,retained,0;1;2;3;4;5
5242,5242,5242,6,8,retained,0;1;2;3;4;5
5243,5243,5243,6,8,retained,0;1;2;3;4;5
5244,5244,5244,6,7,retained,0;1;2;3;4;5
5245,5245,5245,6,7,retained,0;1;2;3;4;5
5246,5246,5246,6,8,retained,0;1;2;3;4;5
5247,5247,5247,6,6,retained,0;1;2;3;4;5
5248,5248,5248,6,7,retained,0;1;2;3;4;5
5249,5249,5249,6,7,retained,0;1;2;3;4;5
5250,5250,5250,6,7,retained,0;1;2;3;4;5
5251,5251,5251,6,8,retained,0;1;2;3;4;5
5252,5252,5252,6,8,retained,0;1;2;3;4;5
5253,5253,5253,6,8,retained,0;1;2;3;4;5
5254,5254,5254,6,5,retained,0;1;2;3;4;5
5255,5255,5255,6,8,retained,0;1;2;3;4;5
5256,5256,5256,6,4,retained,0;1;2;3;4;5
5257,5257,5257,6,8,retained,0;1;2;3;4;5
5258,5258,5258,6,8,retained,0;1;2;3;4;5
5259,5259,5259,6,7,retained,0;1;2;3;4;5
5260,5260,5260,6,8,retained,0;1;2;3;4;5
5261,5261,5261,6,8,retained,0;1;2;3;4;5
5262,5262,5262,6,8,retained,0;1;2;3;4;5
5263,5263,5263,6,7,retained,0;1;2;3;4;5
5264,5264,5264,6,4,retained,0;1;2;3;4;5
5265,5265,5265,6,7,retained,0;1;2;3;4;5
5266,5266,5266,6,7,retained,0;1;2;3;4;5
5267,5267,5267,6,6,retained,0;1;2;3;4;5
5268,5268,5268,6,5,retained,0;1;2;3;4;5
5269,5269,5269,6,7,retained,0;1;2;3;4;5
5270,5270,5270,6,7,retained,0;1;2;3;4;5
5271,5271,5271,6,6,retained,0;1;2;3;4;5
5272,5272,5272,6,6,retained,0;1;2;3;4;5
5273,5273,5273,6,7,retained,0;1;2;3;4;5
5274,5274,5274,6,8,retained,0;1;2;3;4;5
5275,5275,5275,6,6,retained,0;1;2;3;4;5
5276,5276,5276,6,5,retained,0;1;2;3;4;5
5277,5277,5277,6,5,retained,0;1;2;3;4;5
5278,5278,5278,6,4,retained,0;1;2;3;4;5
5279,5279,5279,6,6,retained,0;1;2;3;4;5
5280,5280,5280,6,6,retained,0;1;2;3;4;5
5281,5281,5281,6,6,retained,0;1;2;3;4;5
5282,5282,5282,6,7,retained,0;1;2;3;4;5
5283,5283,5283,6,5,retained,0;1;2;3;4;5
5284,5284,5284,6,7,retained,0;1;2;3;4;5
5285,5285,5285,6,8,retained,0;1;2;3;4;5
5286,5286,5286,6,7,retained,0;1;2;3;4;5
5287,5287,5287,6,7,retained,0;1;2;3;4;5
5288,5288,5288,6,3,retained,0;1;2;3;4;5
5289,5289,5289,6,3,retained,0;1;2;3;4;5
5290,5290,5290,6,5,retained,0;1;2;3;4;5
5291,5291,5291,6,6,retained,0;1;2;3;4;5
5292,5292,5292,6,3,retained,0;1;2;3;4;5
5293,5293,5293,6,8,retained,0;1;2;3;4;5
5294,5294,5294,6,4,retained,0;1;2;3;4;5
5295,5295,5295,6,8,retained,0;1;2;3;4;5
5296,5296,5296,6,7,retained,0;1;2;3;4;5
5297,5297,5297,6,6,retained,0;1;2;3;4;5
5298,5298,5298,6,4,retained,0;1;2;3;4;5
5299,5299,5299,6,6,retained,0;1;2;3;4;5
5300,5300,5300,6,8,retained,0;1;2;3;4;5
5301,5301,5301,6,3,retained,0;1;2;3;4;5
5302,5302,5302,6,6,retained,0;1;2;3;4;5
5303,5303,5303,6,8,retained,0;1;2;3;4;5
5304,5304,5304,6,8,retained,0;1;2;3;4;5
5305,5305,5305,6,5,retained,0;1;2;3;4;5
5306,5306,5306,6,6,retained,0;1;2;3;4;5
5307,5307,5307,6,8,retained,0;1;2;3;4;5
5308,5308,5308,6,8,retained,0;1;2;3;4;5
5309,5309,5309,6,4,retained,0;1;2;3;4;5
5310,5310,5310,6,4,retained,0;1;2;3;4;5
5311,5311,5311,6,8,retained,0;1;2;3;4;5
5312,5312,5312,6,4,retained,0;1;2;3;4;5
5313,5313,5313,6,7,retained,0;1;2;3;4;5
5314,5314,5314,6,8,retained,0;1;2;3;4;5
5315,5315,5315,6,5,retained,0;1;2;3;4;5
5316,5316,5316,6,7,retained,0;1;2;3;4;5
5317,5317,5317,6,5,retained,0;1;2;3;4;5
5318,5318,5318,6,7,retained,0;1;2;3;4;5
5319,5319,5319,6,7,retained,0;1;2;3;4;5
5320,5320,5320,6,7,retained,0;1;2;3;4;5
5321,5321,5321,6,6,retained,0;1;2;3;4;5
5322,5322,5322,6,6,retained,0;1;2;3;4;5
5323,5323,5323,6,7,retained,0;1;2;3;4;5
5324,5324,5324,6,6,retained,0;1;2;3;4;5
5325,5325,5325,6,8,retained,0;1;2;3;4;5
5326,5326,5326,6,7,retained,0;1;2;3;4;5
5327,5327,5327,6,8,retained,0;1;2;3;4;5
5328,5328,5328,6,7,retained,0;1;2;3;4;5
5329,5329,5329,6,8,retained,0;1;2;3;4;5
5330,5330,5330,6,7,retained,0;1;2;3;4;5
5331,5331,5331,6,4,retained,0;1;2;3;4;5
5332,5332,5332,6,7,retained,0;1;2;3;4;5
5333,5333,5333,6,6,retained,0;1;2;3;4;5
5334,5334,5334,6,7,retained,0;1;2;3;4;5
5335,5335,5335,6,7,retained,0;1;2;3;4;5
5336,5336,5336,6,4,retained,0;1;2;3;4;5
5337,5337,5337,6,8,retained,0;1;2;3;4;5
5338,5338,5338,6,6,retained,0;1;2;3;4;5
5339,5339,5339,6,7,retained,0;1;2;3;4;5
5340,5340,5340,6,7,retained,0;1;2;3;4;5
5341,5341,5341,6,5,retained,0;1;2;3;4;5
5342,5342,5342,6,6,retained,0;1;2;3;4;5
5343,5343,5343,6,5,retained,0;1;2;3;4;5
5344,5344,5344,6,8,retained,0;1;2;3;4;5
5345,5345,5345,6,8,retained,0;1;2;3;4;5
5346,5346,5346,6,8,retained,0;1;2;3;4;5
5347,5347,5347,6,7,retained,0;1;2;3;4;5
5348,5348,5348,6,8,retained,0;1;2;3;4;5
5349,5349,5349,6,6,retained,0;1;2;3;4;5
5350,5350,5350,6,6,retained,0;1;2;3;4;5
5351,5351,5351,6,7,retained,0;1;2;3;4;5
5352,5352,5352,6,8,retained,0;1;2;3;4;5
5353,5353,5353,6,8,retained,0;1;2;3;4;5
5354,5354,5354,6,7,retained,0;1;2;3;4;5
5355,5355,5355,6,8,retained,0;1;2;3;4;5
5356,5356,5356,6,8,retained,0;1;2;3;4;5
5357,5357,5357,6,7,retained,0;1;2;3;4;5
5358,5358,5358,6,8,retained,0;1;2;3;4;5
5359,5359,5359,6,5,retained,0;1;2;3;4;5
5360,5360,5360,6,7,retained,0;1;2;3;4;5
5361,5361,5361,6,6,retained,0;1;2;3;4;5
5362,5362,5362,6,7,retained,0;1;2;3;4;5
5363,5363,5363,6,8,retained,0;1;2;3;4;5
5364,5364,5364,6,6,retained,0;1;2;3;4;5
5365,5365,5365,6,8,retained,0;1;2;3;4;5
5366,5366,5366,6,6,retained,0;1;2;3;4;5
5367,5367,5367,6,6,retained,0;1;2;3;4;5
5368,5368,5368,6,6,retained,0;1;2;3;4;5
5369,5369,5369,6,8,retained,0;1;2;3;4;5
5370,5370,5370,6,7,retained,0;1;2;3;4;5
5371,5371,5371,6,7,retained,0;1;2;3;4;5
5372,5372,5372,6,8,retained,0;1;2;3;4;5
5373,5373,5373,6,7,retained,0;1;2;3;4;5
5374,5374,5374,6,8,retained,0;1;2;3;4;5
5375,5375,5375,6,6,retained,0;1;2;3;4;5
5376,5376,5376,6,6,retained,0;1;2;3;4;5
5377,5377,5377,6,6,retained,0;1;2;3;4;5
5378,5378,5378,6,7,retained,0;1;2;3;4;5
5379,5379,5379,6,8,retained,0;1;2;3;4;5
5380,5380,5380,6,8,retained,0;1;2;3;4;5
5381,5381,5381,6,7,retained,0;1;2;3;4;5
5382,5382,5382,6,8,retained,0;1;2;3;4;5
5383,5383,5383,6,8,retained,0;1;2;3;4;5
5384,5384,5384,6,8,retained,0;1;2;3;4;5
5385,5385,5385,6,8,retained,0;1;2;3;4;5
5386,5386,5386,6,7,retained,0;1;2;3;4;5
5387,5387,5387,6,8,retained,0;1;2;3;4;5
5388,5388,5388,6,5,retained,0;1;2;3;4;5
5389,5389,5389,6,4,retained,0;1;2;3;4;5
5390,5390,5390,6,5,retained,0;1;2;3;4;5
5391,5391,5391,6,4,retained,0;1;2;3;4;5
5392,5392,5392,6,4,retained,0;1;2;3;4;5
5393,5393,5393,6,6,retained,0;1;2;3;4;5
5394,5394,5394,6,5,retained,0;1;2;3;4;5
5395,5395,5395,6,4,retained,0;1;2;3;4;5
5396,5396,5396,6,7,retained,0;1;2;3;4;5
5397,5397,5397,6,7,retained,0;1;2;3;4;5
5398,5398,5398,6,7,retained,0;1;2;3;4;5
5399,5399,5399,6,8,retained,0;1;2;3;4;5
5400,5400,5400,6,5,retained,0;1;2;3;4;5
5401,5401,5401,6,8,retained,0;1;2;3;4;5
5402,5402,5402,6,7,retained,0;1;2;3;4;5
5403,5403,5403,6,7,retained,0;1;2;3;4;5
5404,5404,5404,6,7,retained,0;1;2;3;4;5
5405,5405,5405,6,8,retained,0;1;2;3;4;5
5406,5406,5406,6,5,retained,0;1;2;3;4;5
5407,5407,5407,6,6,retained,0;1;2;3;4;5
5408,5408,5408,6,6,retained,0;1;2;3;4;5
5409,5409,5409,6,5,retained,0;1;2;3;4;5
5410,5410,5410,6,7,retained,0;1;2;3;4;5
5411,5411,5411,6,8,retained,0;1;2;3;4;5
5412,5412,5412,6,8,retained,0;1;2;3;4;5
5413,5413,5413,6,5,retained,0;1;2;3;4;5
5414,5414,5414,6,6,retained,0;1;2;3;4;5
5415,5415,5415,6,6,retained,0;1;2;3;4;5
5416,5416,5416,6,7,retained,0;1;2;3;4;5
5417,5417,5417,6,8,retained,0;1;2;3;4;5
5418,5418,5418,6,6,retained,0;1;2;3;4;5
5419,5419,5419,6,5,retained,0;1;2;3;4;5
5420,5420,5420,6,5,retained,0;1;2;3;4;5
5421,5421,5421,6,8,retained,0;1;2;3;4;5
5422,5422,5422,6,6,retained,0;1;2;3;4;5
5423,5423,5423,6,8,retained,0;1;2;3;4;5
5424,5424,5424,6,5,retained,0;1;2;3;4;5
5425,5425,5425,6,5,retained,0;1;2;3;4;5
5426,5426,5426,6,7,retained,0;1;2;3;4;5
5427,5427,5427,6,8,retained,0;1;2;3;4;5
5428,5428,5428,6,7,retained,0;1;2;3;4;5
5429,5429,5429,6,8,retained,0;1;2;3;4;5
5430,5430,5430,6,8,retained,0;1;2;3;4;5
5431,5431,5431,6,8,retained,0;1;2;3;4;5
5432,5432,5432,6,7,retained,0;1;2;3;4;5
5433,5433,5433,6,6,retained,0;1;2;3;4;5
5434,5434,5434,6,8,retained,0;1;2;3;4;5
5435,5435,5435,6,7,retained,0;1;2;3;4;5
5436,5436,5436,6,7,retained,0;1;2;3;4;5
5437,5437,5437,6,8,retained,0;1;2;3;4;5
5438,5438,5438,6,7,retained,0;1;2;3;4;5
5439,5439,5439,6,6,retained,0;1;2;3;4;5
5440,5440,5440,6,8,retained,0;1;2;3;4;5
5441,5441,5441,6,6,retained,0;1;2;3;4;5
5442,5442,5442,6,7,retained,0;1;2;3;4;5
5443,5443,5443,6,6,retained,0;1;2;3;4;5
5444,5444,5444,6,6,retained,0;1;2;3;4;5
5445,5445,5445,6,6,retained,0;1;2;3;4;5
5446,5446,5446,6,8,retained,0;1;2;3;4;5
5447,5447,5447,6,6,retained,0;1;2;3;4;5
5448,5448,5448,6,6,retained,0;1;2;3;4;5
5449,5449,5449,6,7,retained,0;1;2;3;4;5
5450,5450,5450,6,8,retained,0;1;2;3;4;5
5451,5451,5451,6,7,retained,0;1;2;3;4;5
5452,5452,5452,6,7,retained,0;1;2;3;4;5
5453,5453,5453,6,8,retained,0;1;2;3;4;5
5454,5454,5454,6,7,retained,0;1;2;3;4;5
5455,5455,5455,6,8,retained,0;1;2;3;4;5
5456,5456,5456,6,7,retained,0;1;2;3;4;5
5457,5457,5457,6,7,retained,0;1;2;3;4;5
5458,5458,5458,6,7,retained,0;1;2;3;4;5
5459,5459,5459,6,8,retained,0;1;2;3;4;5
5460,5460,5460,6,8,retained,0;1;2;3;4;5
5461,5461,5461,6,8,retained,0;1;2;3;4;5
5462,5462,5462,6,8,retained,0;1;2;3;4;5
5463,5463,5463,6,8,retained,0;1;2;3;4;5
5464,5464,5464,6,8,retained,0;1;2;3;4;5
5465,5465,5465,6,8,retained,0;1;2;3;4;5
5466,5466,5466,6,8,retained,0;1;2;3;4;5
5467,5467,5467,6,8,retained,0;1;2;3;4;5
5468,5468,5468,6,8,retained,0;1;2;3;4;5
5469,5469,5469,6,8,retained,0;1;2;3;4;5
5470,5470,5470,6,5,retained,0;1;2;3;4;5
5471,5471,5471,6,8,retained,0;1;2;3;4;5
5472,5472,5472,6,8,retained,0;1;2;3;4;5
5473,5473,5473,6,6,retained,0;1;2;3;4;5
5474,5474,5474,6,7,retained,0;1;2;3;4;5
5475,5475,5475,6,8,retained,0;1;2;3;4;5
5476,5476,5476,6,7,retained,0;1;2;3;4;5
5477,5477,5477,6,7,retained,0;1;2;3;4;5
5478,5478,5478,6,7,retained,0;1;2;3;4;5
5479,5479,5479,6,8,retained,0;1;2;3;4;5
5480,5480,5480,6,8,retained,0;1;2;3;4;5
5481,5481,5481,6,6,retained,0;1;2;3;4;5
5482,5482,5482,6,7,retained,0;1;2;3;4;5
5483,5483,5483,6,8,retained,0;1;2;3;4;5
5484,5484,5484,6,7,retained,0;1;2;3;4;5
5485,5485,5485,6,6,retained,0;1;2;3;4;5
5486,5486,5486,6,6,retained,0;1;2;3;4;5
5487,5487,5487,6,6,retained,0;1;2;3;4;5
5488,5488,5488,6,6,retained,0;1;2;3;4;5
5489,5489,5489,6,8,retained,0;1;2;3;4;5
5490,5490,5490,6,7,retained,0;1;2;3;4;5
5491,5491,5491,6,8,retained,0;1;2;3;4;5
5492,5492,5492,6,7,retained,0;1;2;3;4;5
5493,5493,5493,6,7,retained,0;1;2;3;4;5
5494,5494,5494,6,7,retained,0;1;2;3;4;5
5495,5495,5495,6,7,retained,0;1;2;3;4;5
5496,5496,5496,6,7,retained,0;1;2;3;4;5
5497,5497,5497,6,7,retained,0;1;2;3;4;5
5498,5498,5498,6,8,retained,0;1;2;3;4;5
5499,5499,5499,6,7,retained,0;1;2;3;4;5
5500,5500,5500,6,8,retained,0;1;2;3;4;5
5501,5501,5501,6,8,retained,0;1;2;3;4;5
5502,5502,5502,6,8,retained,0;1;2;3;4;5
5503,5503,5503,6,7,retained,0;1;2;3;4;5
5504,5504,5504,6,8,retained,0;1;2;3;4;5
5505,5505,5505,6,6,retained,0;1;2;3;4;5
5506,5506,5506,6,6,retained,0;1;2;3;4;5
5507,5507,5507,6,7,retained,0;1;2;3;4;5
5508,5508,5508,6,8,retained,0;1;2;3;4;5
5509,5509,5509,6,6,retained,0;1;2;3;4;5
5510,5510,5510,6,8,retained,0;1;2;3;4;5
5511,5511,5511,6,8,retained,0;1;2;3;4;5
5512,5512,5512,6,8,retained,0;1;2;3;4;5
5513,5513,5513,6,8,retained,0;1;2;3;4;5
5514,5514,5514,6,7,retained,0;1;2;3;4;5
5515,5515,5515,6,7,retained,0;1;2;3;4;5
5516,5516,5516,6,8,retained,0;1;2;3;4;5
5517,5517,5517,6,7,retained,0;1;2;3;4;5
5518,5518,5518,6,7,retained,0;1;2;3;4;5
5519,5519,5519,6,7,retained,0;1;2;3;4;5
5520,5520,5520,6,7,retained,0;1;2;3;4;5
5521,5521,5521,6,7,retained,0;1;2;3;4;5
5522,5522,5522,6,8,retained,0;1;2;3;4;5
5523,5523,5523,6,8,retained,0;1;2;3;4;5
5524,5524,5524,6,8,retained,0;1;2;3;4;5
5525,5525,5525,6,8,retained,0;1;2;3;4;5
5526,5526,5526,6,8,retained,0;1;2;3;4;5
5527,5527,5527,6,8,retained,0;1;2;3;4;5
5528,5528,5528,6,8,retained,0;1;2;3;4;5
5529,5529,5529,6,8,retained,0;1;2;3;4;5
5530,5530,5530,6,8,retained,0;1;2;3;4;5
5531,5531,5531,6,1,retained,0;1;2;3;4;5
5532,5532,5532,6,1,retained,0;1;2;3;4;5
5533,5533,5533,6,3,retained,0;1;2;3;4;5
5534,5534,5534,6,2,retained,0;1;2;3;4;5
5535,5535,5535,6,2,retained,0;1;2;3;4;5
5536,5536,5536,6,5,retained,0;1;2;3;4;5
5537,5537,5537,6,3,retained,0;1;2;3;4;5
5538,5538,5538,6,5,retained,0;1;2;3;4;5
5539,5539,5539,6,7,retained,0;1;2;3;4;5
5540,5540,5540,6,5,retained,0;1;2;3;4;5
5541,5541,5541,6,4,retained,0;1;2;3;4;5
5542,5542,5542,6,7,retained,0;1;2;3;4;5
5543,5543,5543,6,7,retained,0;1;2;3;4;5
5544,5544,5544,6,5,retained,0;1;2;3;4;5
5545,5545,5545,6,8,retained,0;1;2;3;4;5
5546,5546,5546,6,6,retained,0;1;2;3;4;5
5547,5547,5547,6,8,retained,0;1;2;3;4;5
5548,5548,5548,6,6,retained,0;1;2;3;4;5
5549,5549,5549,6,8,retained,0;1;2;3;4;5
5550,5550,5550,6,7,retained,0;1;2;3;4;5
5551,5551,5551,6,8,retained,0;1;2;3;4;5
5552,5552,5552,6,8,retained,0;1;2;3;4;5
5553,5553,5553,6,2,retained,0;1;2;3;4;5
5554,5554,5554,6,2,retained,0;1;2;3;4;5
5555,5555,5555,6,4,retained,0;1;2;3;4;5
5556,5556,5556,6,3,retained,0;1;2;3;4;5
5557,5557,5557,6,3,retained,0;1;2;3;4;5
5558,5558,5558,6,6,retained,0;1;2;3;4;5
5559,5559,5559,6,4,retained,0;1;2;3;4;5
5560,5560,5560,6,6,retained,0;1;2;3;4;5
5561,5561,5561,6,8,retained,0;1;2;3;4;5
5562,5562,5562,6,6,retained,0;1;2;3;4;5
5563,5563,5563,6,5,retained,0;1;2;3;4;5
5564,5564,5564,6,8,retained,0;1;2;3;4;5
5565,5565,5565,6,8,retained,0;1;2;3;4;5
5566,5566,5566,6,6,retained,0;1;2;3;4;5
5567,5567,5567,6,7,retained,0;1;2;3;4;5
5568,5568,5568,6,7,retained,0;1;2;3;4;5
5569,5569,5569,6,8,retained,0;1;2;3;4;5
5570,5570,5570,6,3,retained,0;1;2;3;4;5
5571,5571,5571,6,3,retained,0;1;2;3;4;5
5572,5572,5572,6,5,retained,0;1;2;3;4;5
5573,5573,5573,6,4,retained,0;1;2;3;4;5
5574,5574,5574,6,4,retained,0;1;2;3;4;5
5575,5575,5575,6,7,retained,0;1;2;3;4;5
5576,5576,5576,6,5,retained,0;1;2;3;4;5
5577,5577,5577,6,7,retained,0;1;2;3;4;5
5578,5578,5578,6,7,retained,0;1;2;3;4;5
5579,5579,5579,6,6,retained,0;1;2;3;4;5
5580,5580,5580,6,7,retained,0;1;2;3;4;5
5581,5581,5581,6,8,retained,0;1;2;3;4;5
5582,5582,5582,6,8,retained,0;1;2;3;4;5
5583,5583,5583,6,4,retained,0;1;2;3;4;5
5584,5584,5584,6,4,retained,0;1;2;3;4;5
5585,5585,5585,6,6,retained,0;1;2;3;4;5
5586,5586,5586,6,5,retained,0;1;2;3;4;5
5587,5587,5587,6,5,retained,0;1;2;3;4;5
5588,5588,5588,6,8,retained,0;1;2;3;4;5
5589,5589,5589,6,6,retained,0;1;2;3;4;5
5590,5590,5590,6,8,retained,0;1;2;3;4;5
5591,5591,5591,6,8,retained,0;1;2;3;4;5
5592,5592,5592,6,7,retained,0;1;2;3;4;5
5593,5593,5593,6,8,retained,0;1;2;3;4;5
5594,5594,5594,6,5,retained,0;1;2;3;4;5
5595,5595,5595,6,5,retained,0;1;2;3;4;5
5596,5596,5596,6,7,retained,0;1;2;3;4;5
5597,5597,5597,6,6,retained,0;1;2;3;4;5
5598,5598,5598,6,6,retained,0;1;2;3;4;5
5599,5599,5599,6,7,retained,0;1;2;3;4;5
5600,5600,5600,6,8,retained,0;1;2;3;4;5
5601,5601,5601,6,6,retained,0;1;2;3;4;5
5602,5602,5602,6,6,retained,0;1;2;3;4;5
5603,5603,5603,6,8,retained,0;1;2;3;4;5
5604,5604,5604,6,7,retained,0;1;2;3;4;5
5605,5605,5605,6,7,retained,0;1;2;3;4;5
5606,5606,5606,6,8,retained,0;1;2;3;4;5
5607,5607,5607,6,7,retained,0;1;2;3;4;5
5608,5608,5608,6,7,retained,0;1;2;3;4;5
5609,5609,5609,6,8,retained,0;1;2;3;4;5
5610,5610,5610,6,8,retained,0;1;2;3;4;5
5611,5611,5611,6,8,retained,0;1;2;3;4;5
5612,5612,5612,6,8,retained,0;1;2;3;4;5
5613,5613,5613,6,6,retained,0;1;2;3;4;5
5614,5614,5614,6,4,retained,0;1;2;3;4;5
5615,5615,5615,6,8,retained,0;1;2;3;4;5
5616,5616,5616,6,5,retained,0;1;2;3;4;5
5617,5617,5617,6,5,retained,0;1;2;3;4;5
5618,5618,5618,6,6,retained,0;1;2;3;4;5
5619,5619,5619,6,8,retained,0;1;2;3;4;5
5620,5620,5620,6,5,retained,0;1;2;3;4;5
5621,5621,5621,6,5,retained,0;1;2;3;4;5
5622,5622,5622,6,5,retained,0;1;2;3;4;5
5623,5623,5623,6,5,retained,0;1;2;3;4;5
5624,5624,5624,6,6,retained,0;1;2;3;4;5
5625,5625,5625,6,7,retained,0;1;2;3;4;5
5626,5626,5626,6,8,retained,0;1;2;3;4;5
5627,5627,5627,6,5,retained,0;1;2;3;4;5
5628,5628,5628,6,5,retained,0;1;2;3;4;5
5629,5629,5629,6,6,retained,0;1;2;3;4;5
5630,5630,5630,6,5,retained,0;1;2;3;4;5
5631,5631,5631,6,5,retained,0;1;2;3;4;5
5632,5632,5632,6,6,retained,0;1;2;3;4;5
5633,5633,5633,6,6,retained,0;1;2;3;4;5
5634,5634,5634,6,7,retained,0;1;2;3;4;5
5635,5635,5635,6,7,retained,0;1;2;3;4;5
5636,5636,5636,6,8,retained,0;1;2;3;4;5
5637,5637,5637,6,8,retained,0;1;2;3;4;5
5638,5638,5638,6,6,retained,0;1;2;3;4;5
5639,5639,5639,6,6,retained,0;1;2;3;4;5
5640,5640,5640,6,5,retained,0;1;2;3;4;5
5641,5641,5641,6,7,retained,0;1;2;3;4;5
5642,5642,5642,6,7,retained,0;1;2;3;4;5
5643,5643,5643,6,7,retained,0;1;2;3;4;5
5644,5644,5644,6,7,retained,0;1;2;3;4;5
5645,5645,5645,6,8,retained,0;1;2;3;4;5
5646,5646,5646,6,8,retained,0;1;2;3;4;5
5647,5647,5647,6,6,retained,0;1;2;3;4;5
5648,5648,5648,6,6,retained,0;1;2;3;4;5
5649,5649,5649,6,8,retained,0;1;2;3;4;5
5650,5650,5650,6,7,retained,0;1;2;3;4;5
5651,5651,5651,6,5,retained,0;1;2;3;4;5
5652,5652,5652,6,8,retained,0;1;2;3;4;5
5653,5653,5653,6,8,retained,0;1;2;3;4;5
5654,5654,5654,6,3,retained,0;1;2;3;4;5
5655,5655,5655,6,4,retained,0;1;2;3;4;5
5656,5656,5656,6,7,retained,0;1;2;3;4;5
5657,5657,5657,6,7,retained,0;1;2;3;4;5
5658,5658,5658,6,8,retained,0;1;2;3;4;5
5659,5659,5659,6,3,retained,0;1;2;3;4;5
5660,5660,5660,6,4,retained,0;1;2;3;4;5
5661,5661,5661,6,5,retained,0;1;2;3;4;5
5662,5662,5662,6,7,retained,0;1;2;3;4;5
5663,5663,5663,6,6,retained,0;1;2;3;4;5
5664,5664,5664,6,7,retained,0;1;2;3;4;5
5665,5665,5665,6,8,retained,0;1;2;3;4;5
5666,5666,5666,6,4,retained,0;1;2;3;4;5
5667,5667,5667,6,4,retained,0;1;2;3;4;5
5668,5668,5668,6,6,retained,0;1;2;3;4;5
5669,5669,5669,6,8,retained,0;1;2;3;4;5
5670,5670,5670,6,5,retained,0;1;2;3;4;5
5671,5671,5671,6,8,retained,0;1;2;3;4;5
5672,5672,5672,6,5,retained,0;1;2;3;4;5
5673,5673,5673,6,7,retained,0;1;2;3;4;5
5674,5674,5674,6,7,retained,0;1;2;3;4;5
5675,5675,5675,6,8,retained,0;1;2;3;4;5
5676,5676,5676,6,6,retained,0;1;2;3;4;5
5677,5677,5677,6,6,retained,0;1;2;3;4;5
5678,5678,5678,6,6,retained,0;1;2;3;4;5
5679,5679,5679,6,6,retained,0;1;2;3;4;5
5680,5680,5680,6,6,retained,0;1;2;3;4;5
5681,5681,5681,6,6,retained,0;1;2;3;4;5
5682,5682,5682,6,7,retained,0;1;2;3;4;5
5683,5683,5683,6,8,retained,0;1;2;3;4;5
5684,5684,5684,6,6,retained,0;1;2;3;4;5
5685,5685,5685,6,7,retained,0;1;2;3;4;5
5686,5686,5686,6,7,retained,0;1;2;3;4;5
5687,5687,5687,6,7,retained,0;1;2;3;4;5
5688,5688,5688,6,7,retained,0;1;2;3;4;5
5689,5689,5689,6,7,retained,0;1;2;3;4;5
5690,5690,5690,6,7,retained,0;1;2;3;4;5
5691,5691,5691,6,7,retained,0;1;2;3;4;5
5692,5692,5692,6,8,retained,0;1;2;3;4;5
5693,5693,5693,6,6,retained,0;1;2;3;4;5
5694,5694,5694,6,5,retained,0;1;2;3;4;5
5695,5695,5695,6,6,retained,0;1;2;3;4;5
5696,5696,5696,6,5,retained,0;1;2;3;4;5
5697,5697,5697,6,7,retained,0;1;2;3;4;5
5698,5698,5698,6,7,retained,0;1;2;3;4;5
5699,5699,5699,6,8,retained,0;1;2;3;4;5
5700,5700,5700,6,5,retained,0;1;2;3;4;5
5701,5701,5701,6,7,retained,0;1;2;3;4;5
5702,5702,5702,6,6,retained,0;1;2;3;4;5
5703,5703,5703,6,5,retained,0;1;2;3;4;5
5704,5704,5704,6,8,retained,0;1;2;3;4;5
5705,5705,5705,6,5,retained,0;1;2;3;4;5
5706,5706,5706,6,6,retained,0;1;2;3;4;5
5707,5707,5707,6,7,retained,0;1;2;3;4;5
5708,5708,5708,6,6,retained,0;1;2;3;4;5
5709,5709,5709,6,7,retained,0;1;2;3;4;5
5710,5710,5710,6,4,retained,0;1;2;3;4;5
5711,5711,5711,6,5,retained,0;1;2;3;4;5
5712,5712,5712,6,5,retained,0;1;2;3;4;5
5713,5713,5713,6,6,retained,0;1;2;3;4;5
5714,5714,5714,6,7,retained,0;1;2;3;4;5
5715,5715,5715,6,7,retained,0;1;2;3;4;5
5716,5716,5716,6,7,retained,0;1;2;3;4;5
5717,5717,5717,6,7,retained,0;1;2;3;4;5
5718,5718,5718,6,6,retained,0;1;2;3;4;5
5719,5719,5719,6,7,retained,0;1;2;3;4;5
5720,5720,5720,6,7,retained,0;1;2;3;4;5
5721,5721,5721,6,8,retained,0;1;2;3;4;5
5722,5722,5722,6,8,retained,0;1;2;3;4;5
5723,5723,5723,6,5,retained,0;1;2;3;4;5
5724,5724,5724,6,8,retained,0;1;2;3;4;5
5725,5725,5725,6,5,retained,0;1;2;3;4;5
5726,5726,5726,6,6,retained,0;1;2;3;4;5
5727,5727,5727,6,6,retained,0;1;2;3;4;5
5728,5728,5728,6,6,retained,0;1;2;3;4;5
5729,5729,5729,6,6,retained,0;1;2;3;4;5
5730,5730,5730,6,7,retained,0;1;2;3;4;5
5731,5731,5731,6,7,retained,0;1;2;3;4;5
5732,5732,5732,6,8,retained,0;1;2;3;4;5
5733,5733,5733,6,8,retained,0;1;2;3;4;5
5734,5734,5734,6,8,retained,0;1;2;3;4;5
5735,5735,5735,6,6,retained,0;1;2;3;4;5
5736,5736,5736,6,7,retained,0;1;2;3;4;5
5737,5737,5737,6,6,retained,0;1;2;3;4;5
5738,5738,5738,6,6,retained,0;1;2;3;4;5
5739,5739,5739,6,6,retained,0;1;2;3;4;5
5740,5740,5740,6,7,retained,0;1;2;3;4;5
5741,5741,5741,6,8,retained,0;1;2;3;4;5
5742,5742,5742,6,8,retained,0;1;2;3;4;5
5743,5743,5743,6,5,retained,0;1;2;3;4;5
5744,5744,5744,6,8,retained,0;1;2;3;4;5
5745,5745,5745,6,8,retained,0;1;2;3;4;5
5746,5746,5746,6,8,retained,0;1;2;3;4;5
5747,5747,5747,6,7,retained,0;1;2;3;4;5
5748,5748,5748,6,8,retained,0;1;2;3;4;5
5749,5749,5749,6,7,retained,0;1;2;3;4;5
5750,5750,5750,6,8,retained,0;1;2;3;4;5
5751,5751,5751,6,8,retained,0;1;2;3;4;5
5752,5752,5752,6,6,retained,0;1;2;3;4;5
5753,5753,5753,6,6,retained,0;1;2;3;4;5
5754,5754,5754,6,7,retained,0;1;2;3;4;5
5755,5755,5755,6,8,retained,0;1;2;3;4;5
5756,5756,5756,6,7,retained,0;1;2;3;4;5
5757,5757,5757,6,7,retained,0;1;2;3;4;5
5758,5758,5758,6,8,retained,0;1;2;3;4;5
5759,5759,5759,6,8,retained,0;1;2;3;4;5
5760,5760,5760,6,8,retained,0;1;2;3;4;5
5761,5761,5761,6,8,retained,0;1;2;3;4;5
5762,5762,5762,6,8,retained,0;1;2;3;4;5
5763,5763,5763,6,4,retained,0;1;2;3;4;5
5764,5764,5764,6,8,retained,0;1;2;3;4;5
5765,5765,5765,6,6,retained,0;1;2;3;4;5
5766,5766,5766,6,7,retained,0;1;2;3;4;5
5767,5767,5767,6,3,retained,0;1;2;3;4;5
5768,5768,5768,6,6,retained,0;1;2;3;4;5
5769,5769,5769,6,6,retained,0;1;2;3;4;5
5770,5770,5770,6,8,retained,0;1;2;3;4;5
5771,5771,5771,6,6,retained,0;1;2;3;4;5
5772,5772,5772,6,6,retained,0;1;2;3;4;5
5773,5773,5773,6,6,retained,0;1;2;3;4;5
5774,5774,5774,6,6,retained,0;1;2;3;4;5
5775,5775,5775,6,6,retained,0;1;2;3;4;5
5776,5776,5776,6,6,retained,0;1;2;3;4;5
5777,5777,5777,6,6,retained,0;1;2;3;4;5
5778,5778,5778,6,7,retained,0;1;2;3;4;5
5779,5779,5779,6,8,retained,0;1;2;3;4;5
5780,5780,5780,6,8,retained,0;1;2;3;4;5
5781,5781,5781,6,4,retained,0;1;2;3;4;5
5782,5782,5782,6,7,retained,0;1;2;3;4;5
5783,5783,5783,6,3,retained,0;1;2;3;4;5
5784,5784,5784,6,8,retained,0;1;2;3;4;5
5785,5785,5785,6,6,retained,0;1;2;3;4;5
5786,5786,5786,6,7,retained,0;1;2;3;4;5
5787,5787,5787,6,7,retained,0;1;2;3;4;5
5788,5788,5788,6,4,retained,0;1;2;3;4;5
5789,5789,5789,6,5,retained,0;1;2;3;4;5
5790,5790,5790,6,8,retained,0;1;2;3;4;5
5791,5791,5791,6,6,retained,0;1;2;3;4;5
5792,5792,5792,6,6,retained,0;1;2;3;4;5
5793,5793,5793,6,7,retained,0;1;2;3;4;5
5794,5794,5794,6,8,retained,0;1;2;3;4;5
5795,5795,5795,6,8,retained,0;1;2;3;4;5
5796,5796,5796,6,8,retained,0;1;2;3;4;5
5797,5797,5797,6,8,retained,0;1;2;3;4;5
5798,5798,5798,6,6,retained,0;1;2;3;4;5
5799,5799,5799,6,6,retained,0;1;2;3;4;5
5800,5800,5800,6,5,retained,0;1;2;3;4;5
5801,5801,5801,6,4,retained,0;1;2;3;4;5
5802,5802,5802,6,7,retained,0;1;2;3;4;5
5803,5803,5803,6,5,retained,0;1;2;3;4;5
5804,5804,5804,6,7,retained,0;1;2;3;4;5
5805,5805,5805,6,5,retained,0;1;2;3;4;5
5806,5806,5806,6,7,retained,0;1;2;3;4;5
5807,5807,5807,6,7,retained,0;1;2;3;4;5
5808,5808,5808,6,8,retained,0;1;2;3;4;5
5809,5809,5809,6,6,retained,0;1;2;3;4;5
5810,5810,5810,6,8,retained,0;1;2;3;4;5
5811,5811,5811,6,4,retained,0;1;2;3;4;5
5812,5812,5812,6,7,retained,0;1;2;3;4;5
5813,5813,5813,6,6,retained,0;1;2;3;4;5
5814,5814,5814,6,8,retained,0;1;2;3;4;5
5815,5815,5815,6,6,retained,0;1;2;3;4;5
5816,5816,5816,6,7,retained,0;1;2;3;4;5
5817,5817,5817,6,8,retained,0;1;2;3;4;5
5818,5818,5818,6,8,retained,0;1;2;3;4;5
5819,5819,5819,6,7,retained,0;1;2;3;4;5
5820,5820,5820,6,8,retained,0;1;2;3;4;5
5821,5821,5821,6,6,retained,0;1;2;3;4;5
5822,5822,5822,6,7,retained,0;1;2;3;4;5
5823,5823,5823,6,8,retained,0;1;2;3;4;5
5824,5824,5824,6,8,retained,0;1;2;3;4;5
5825,5825,5825,6,6,retained,0;1;2;3;4;5
5826,5826,5826,6,8,retained,0;1;2;3;4;5
5827,5827,5827,6,8,retained,0;1;2;3;4;5
5828,5828,5828,6,6,retained,0;1;2;3;4;5
5829,5829,5829,6,7,retained,0;1;2;3;4;5
5830,5830,5830,6,8,retained,0;1;2;3;4;5
5831,5831,5831,6,8,retained,0;1;2;3;4;5
5832,5832,5832,6,8,retained,0;1;2;3;4;5
5833,5833,5833,6,8,retained,0;1;2;3;4;5
5834,5834,5834,6,8,retained,0;1;2;3;4;5
5835,5835,5835,6,6,retained,0;1;2;3;4;5
5836,5836,5836,6,6,retained,0;1;2;3;4;5
5837,5837,5837,6,7,retained,0;1;2;3;4;5
5838,5838,5838,6,6,retained,0;1;2;3;4;5
5839,5839,5839,6,8,retained,0;1;2;3;4;5
5840,5840,5840,6,7,retained,0;1;2;3;4;5
5841,5841,5841,6,6,retained,0;1;2;3;4;5
5842,5842,5842,6,7,retained,0;1;2;3;4;5
5843,5843,5843,6,8,retained,0;1;2;3;4;5
5844,5844,5844,6,7,retained,0;1;2;3;4;5
5845,5845,5845,6,6,retained,0;1;2;3;4;5
5846,5846,5846,6,8,retained,0;1;2;3;4;5
5847,5847,5847,6,8,retained,0;1;2;3;4;5
5848,5848,5848,6,6,retained,0;1;2;3;4;5
5849,5849,5849,6,7,retained,0;1;2;3;4;5
5850,5850,5850,6,8,retained,0;1;2;3;4;5
5851,5851,5851,6,5,retained,0;1;2;3;4;5
5852,5852,5852,6,6,retained,0;1;2;3;4;5
5853,5853,5853,6,8,retained,0;1;2;3;4;5
5854,5854,5854,6,8,retained,0;1;2;3;4;5
5855,5855,5855,6,5,retained,0;1;2;3;4;5
5856,5856,5856,6,5,retained,0;1;2;3;4;5
5857,5857,5857,6,8,retained,0;1;2;3;4;5
5858,5858,5858,6,8,retained,0;1;2;3;4;5
5859,5859,5859,6,8,retained,0;1;2;3;4;5
5860,5860,5860,6,8,retained,0;1;2;3;4;5
5861,5861,5861,6,8,retained,0;1;2;3;4;5
5862,5862,5862,6,7,retained,0;1;2;3;4;5
5863,5863,5863,6,6,retained,0;1;2;3;4;5
5864,5864,5864,6,6,retained,0;1;2;3;4;5
5865,5865,5865,6,5,retained,0;1;2;3;4;5
5866,5866,5866,6,8,retained,0;1;2;3;4;5
5867,5867,5867,6,7,retained,0;1;2;3;4;5
5868,5868,5868,6,7,retained,0;1;2;3;4;5
5869,5869,5869,6,7,retained,0;1;2;3;4;5
5870,5870,5870,6,7,retained,0;1;2;3;4;5
5871,5871,5871,6,8,retained,0;1;2;3;4;5
5872,5872,5872,6,8,retained,0;1;2;3;4;5
5873,5873,5873,6,7,retained,0;1;2;3;4;5
5874,5874,5874,6,7,retained,0;1;2;3;4;5
5875,5875,5875,6,8,retained,0;1;2;3;4;5
5876,5876,5876,6,8,retained,0;1;2;3;4;5
5877,5877,5877,6,7,retained,0;1;2;3;4;5
5878,5878,5878,6,8,retained,0;1;2;3;4;5
5879,5879,5879,6,8,retained,0;1;2;3;4;5
5880,5880,5880,6,8,retained,0;1;2;3;4;5
5881,5881,5881,6,7,retained,0;1;2;3;4;5
5882,5882,5882,6,7,retained,0;1;2;3;4;5
5883,5883,5883,6,6,retained,0;1;2;3;4;5
5884,5884,5884,6,7,retained,0;1;2;3;4;5
5885,5885,5885,6,6,retained,0;1;2;3;4;5
5886,5886,5886,6,8,retained,0;1;2;3;4;5
5887,5887,5887,6,5,retained,0;1;2;3;4;5
5888,5888,5888,6,8,retained,0;1;2;3;4;5
5889,5889,5889,6,8,retained,0;1;2;3;4;5
5890,5890,5890,6,8,retained,0;1;2;3;4;5
5891,5891,5891,6,7,retained,0;1;2;3;4;5
5892,5892,5892,6,8,retained,0;1;2;3;4;5
5893,5893,5893,6,8,retained,0;1;2;3;4;5
5894,5894,5894,6,7,retained,0;1;2;3;4;5
5895,5895,5895,6,8,retained,0;1;2;3;4;5
5896,5896,5896,6,6,retained,0;1;2;3;4;5
5897,5897,5897,6,6,retained,0;1;2;3;4;5
5898,5898,5898,6,8,retained,0;1;2;3;4;5
5899,5899,5899,6,6,retained,0;1;2;3;4;5
5900,5900,5900,6,8,retained,0;1;2;3;4;5
5901,5901,5901,6,8,retained,0;1;2;3;4;5
5902,5902,5902,6,7,retained,0;1;2;3;4;5
5903,5903,5903,6,6,retained,0;1;2;3;4;5
5904,5904,5904,6,8,retained,0;1;2;3;4;5
5905,5905,5905,6,8,retained,0;1;2;3;4;5
5906,5906,5906,6,7,retained,0;1;2;3;4;5
5907,5907,5907,6,7,retained,0;1;2;3;4;5
5908,5908,5908,6,8,retained,0;1;2;3;4;5
5909,5909,5909,6,8,retained,0;1;2;3;4;5
5910,5910,5910,6,8,retained,0;1;2;3;4;5
5911,5911,5911,6,6,retained,0;1;2;3;4;5
5912,5912,5912,6,6,retained,0;1;2;3;4;5
5913,5913,5913,6,8,retained,0;1;2;3;4;5
5914,5914,5914,6,8,retained,0;1;2;3;4;5
5915,5915,5915,6,8,retained,0;1;2;3;4;5
5916,5916,5916,6,7,retained,0;1;2;3;4;5
5917,5917,5917,6,8,retained,0;1;2;3;4;5
5918,5918,5918,6,8,retained,0;1;2;3;4;5
5919,5919,5919,6,7,retained,0;1;2;3;4;5
5920,5920,5920,6,8,retained,0;1;2;3;4;5
5921,5921,5921,6,7,retained,0;1;2;3;4;5
5922,5922,5922,6,7,retained,0;1;2;3;4;5
5923,5923,5923,6,8,retained,0;1;2;3;4;5
5924,5924,5924,6,8,retained,0;1;2;3;4;5
5925,5925,5925,6,8,retained,0;1;2;3;4;5
5926,5926,5926,6,8,retained,0;1;2;3;4;5
5927,5927,5927,6,8,retained,0;1;2;3;4;5
5928,5928,5928,6,4,retained,0;1;2;3;4;5
5929,5929,5929,6,7,retained,0;1;2;3;4;5
5930,5930,5930,6,8,retained,0;1;2;3;4;5
5931,5931,5931,6,5,retained,0;1;2;3;4;5
5932,5932,5932,6,8,retained,0;1;2;3;4;5
5933,5933,5933,6,8,retained,0;1;2;3;4;5
5934,5934,5934,6,8,retained,0;1;2;3;4;5
5935,5935,5935,6,5,retained,0;1;2;3;4;5
5936,5936,5936,6,3,retained,0;1;2;3;4;5
5937,5937,5937,6,5,retained,0;1;2;3;4;5
5938,5938,5938,6,5,retained,0;1;2;3;4;5
5939,5939,5939,6,7,retained,0;1;2;3;4;5
5940,5940,5940,6,8,retained,0;1;2;3;4;5
5941,5941,5941,6,7,retained,0;1;2;3;4;5
5942,5942,5942,6,3,retained,0;1;2;3;4;5
5943,5943,5943,6,5,retained,0;1;2;3;4;5
5944,5944,5944,6,3,retained,0;1;2;3;4;5
5945,5945,5945,6,6,retained,0;1;2;3;4;5
5946,5946,5946,6,6,retained,0;1;2;3;4;5
5947,5947,5947,6,6,retained,0;1;2;3;4;5
5948,5948,5948,6,5,retained,0;1;2;3;4;5
5949,5949,5949,6,7,retained,0;1;2;3;4;5
5950,5950,5950,6,7,retained,0;1;2;3;4;5
5951,5951,5951,6,7,retained,0;1;2;3;4;5
5952,5952,5952,6,7,retained,0;1;2;3;4;5
5953,5953,5953,6,7,retained,0;1;2;3;4;5
5954,5954,5954,6,6,retained,0;1;2;3;4;5
5955,5955,5955,6,7,retained,0;1;2;3;4;5
5956,5956,5956,6,8,retained,0;1;2;3;4;5
5957,5957,5957,6,7,retained,0;1;2;3;4;5
5958,5958,5958,6,5,retained,0;1;2;3;4;5
5959,5959,5959,6,6,retained,0;1;2;3;4;5
5960,5960,5960,6,6,retained,0;1;2;3;4;5
5961,5961,5961,6,8,retained,0;1;2;3;4;5
5962,5962,5962,6,5,retained,0;1;2;3;4;5
5963,5963,5963,6,8,retained,0;1;2;3;4;5
5964,5964,5964,6,4,retained,0;1;2;3;4;5
5965,5965,5965,6,8,retained,0;1;2;3;4;5
5966,5966,5966,6,8,retained,0;1;2;3;4;5
5967,5967,5967,6,7,retained,0;1;2;3;4;5
5968,5968,5968,6,5,retained,0;1;2;3;4;5
5969,5969,5969,6,8,retained,0;1;2;3;4;5
5970,5970,5970,6,7,retained,0;1;2;3;4;5
5971,5971,5971,6,6,retained,0;1;2;3;4;5
5972,5972,5972,6,8,retained,0;1;2;3;4;5
5973,5973,5973,6,8,retained,0;1;2;3;4;5
5974,5974,5974,6,7,retained,0;1;2;3;4;5
5975,5975,5975,6,6,retained,0;1;2;3;4;5
5976,5976,5976,6,6,retained,0;1;2;3;4;5
5977,5977,5977,6,8,retained,0;1;2;3;4;5
5978,5978,5978,6,8,retained,0;1;2;3;4;5
5979,5979,5979,6,8,retained,0;1;2;3;4;5
5980,5980,5980,6,7,retained,0;1;2;3;4;5
5981,5981,5981,6,7,retained,0;1;2;3;4;5
5982,5982,5982,6,6,retained,0;1;2;3;4;5
5983,5983,5983,6,6,retained,0;1;2;3;4;5
5984,5984,5984,6,7,retained,0;1;2;3;4;5
5985,5985,5985,6,8,retained,0;1;2;3;4;5
5986,5986,5986,6,5,retained,0;1;2;3;4;5
5987,5987,5987,6,7,retained,0;1;2;3;4;5
5988,5988,5988,6,6,retained,0;1;2;3;4;5
5989,5989,5989,6,8,retained,0;1;2;3;4;5
5990,5990,5990,6,7,retained,0;1;2;3;4;5
5991,5991,5991,6,5,retained,0;1;2;3;4;5
5992,5992,5992,6,6,retained,0;1;2;3;4;5
5993,5993,5993,6,4,retained,0;1;2;3;4;5
5994,5994,5994,6,5,retained,0;1;2;3;4;5
5995,5995,5995,6,5,retained,0;1;2;3;4;5
5996,5996,5996,6,6,retained,0;1;2;3;4;5
5997,5997,5997,6,8,retained,0;1;2;3;4;5
5998,5998,5998,6,6,retained,0;1;2;3;4;5
5999,5999,5999,6,8,retained,0;1;2;3;4;5
6000,6000,6000,6,7,retained,0;1;2;3;4;5
6001,6001,6001,6,6,retained,0;1;2;3;4;5
6002,6002,6002,6,6,retained,0;1;2;3;4;5
6003,6003,6003,6,7,retained,0;1;2;3;4;5
6004,6004,6004,6,7,retained,0;1;2;3;4;5
6005,6005,6005,6,8,retained,0;1;2;3;4;5
6006,6006,6006,6,7,retained,0;1;2;3;4;5
6007,6007,6007,6,8,retained,0;1;2;3;4;5
6008,6008,6008,6,6,retained,0;1;2;3;4;5
6009,6009,6009,6,6,retained,0;1;2;3;4;5
6010,6010,6010,6,6,retained,0;1;2;3;4;5
6011,6011,6011,6,6,retained,0;1;2;3;4;5
6012,6012,6012,6,6,retained,0;1;2;3;4;5
6013,6013,6013,6,6,retained,0;1;2;3;4;5
6014,6014,6014,6,7,retained,0;1;2;3;4;5
6015,6015,6015,6,8,retained,0;1;2;3;4;5
6016,6016,6016,6,8,retained,0;1;2;3;4;5
6017,6017,6017,6,7,retained,0;1;2;3;4;5
6018,6018,6018,6,6,retained,0;1;2;3;4;5
6019,6019,6019,6,5,retained,0;1;2;3;4;5
6020,6020,6020,6,8,retained,0;1;2;3;4;5
6021,6021,6021,6,6,retained,0;1;2;3;4;5
6022,6022,6022,6,8,retained,0;1;2;3;4;5
6023,6023,6023,6,3,retained,0;1;2;3;4;5
6024,6024,6024,6,7,retained,0;1;2;3;4;5
6025,6025,6025,6,6,retained,0;1;2;3;4;5
6026,6026,6026,6,8,retained,0;1;2;3;4;5
6027,6027,6027,6,7,retained,0;1;2;3;4;5
6028,6028,6028,6,4,retained,0;1;2;3;4;5
6029,6029,6029,6,7,retained,0;1;2;3;4;5
6030,6030,6030,6,5,retained,0;1;2;3;4;5
6031,6031,6031,6,7,retained,0;1;2;3;4;5
6032,6032,6032,6,6,retained,0;1;2;3;4;5
6033,6033,6033,6,7,retained,0;1;2;3;4;5
6034,6034,6034,6,7,retained,0;1;2;3;4;5
6035,6035,6035,6,8,retained,0;1;2;3;4;5
6036,6036,6036,6,8,retained,0;1;2;3;4;5
6037,6037,6037,6,8,retained,0;1;2;3;4;5
6038,6038,6038,6,7,retained,0;1;2;3;4;5
6039,6039,6039,6,7,retained,0;1;2;3;4;5
6040,6040,6040,6,3,retained,0;1;2;3;4;5
6041,6041,6041,6,4,retained,0;1;2;3;4;5
6042,6042,6042,6,6,retained,0;1;2;3;4;5
6043,6043,6043,6,8,retained,0;1;2;3;4;5
6044,6044,6044,6,6,retained,0;1;2;3;4;5
6045,6045,6045,6,6,retained,0;1;2;3;4;5
6046,6046,6046,6,8,retained,0;1;2;3;4;5
6047,6047,6047,6,5,retained,0;1;2;3;4;5
6048,6048,6048,6,6,retained,0;1;2;3;4;5
6049,6049,6049,6,6,retained,0;1;2;3;4;5
6050,6050,6050,6,4,retained,0;1;2;3;4;5
6051,6051,6051,6,8,retained,0;1;2;3;4;5
6052,6052,6052,6,8,retained,0;1;2;3;4;5
6053,6053,6053,6,5,retained,0;1;2;3;4;5
6054,6054,6054,6,8,retained,0;1;2;3;4;5
6055,6055,6055,6,8,retained,0;1;2;3;4;5
6056,6056,6056,6,8,retained,0;1;2;3;4;5
6057,6057,6057,6,8,retained,0;1;2;3;4;5
6058,6058,6058,6,4,retained,0;1;2;3;4;5
6059,6059,6059,6,4,retained,0;1;2;3;4;5
6060,6060,6060,6,4,retained,0;1;2;3;4;5
6061,6061,6061,6,8,retained,0;1;2;3;4;5
6062,6062,6062,6,5,retained,0;1;2;3;4;5
6063,6063,6063,6,4,retained,0;1;2;3;4;5
6064,6064,6064,6,6,retained,0;1;2;3;4;5
6065,6065,6065,6,7,retained,0;1;2;3;4;5
6066,6066,6066,6,8,retained,0;1;2;3;4;5
6067,6067,6067,6,8,retained,0;1;2;3;4;5
6068,6068,6068,6,7,retained,0;1;2;3;4;5
6069,6069,6069,6,8,retained,0;1;2;3;4;5
6070,6070,6070,6,8,retained,0;1;2;3;4;5
6071,6071,6071,6,4,retained,0;1;2;3;4;5
6072,6072,6072,6,8,retained,0;1;2;3;4;5
6073,6073,6073,6,6,retained,0;1;2;3;4;5
6074,6074,6074,6,5,retained,0;1;2;3;4;5
6075,6075,6075,6,8,retained,0;1;2;3;4;5
6076,6076,6076,6,8,retained,0;1;2;3;4;5
6077,6077,6077,6,7,retained,0;1;2;3;4;5
6078,6078,6078,6,8,retained,0;1;2;3;4;5
6079,6079,6079,6,8,retained,0;1;2;3;4;5
6080,6080,6080,6,8,retained,0;1;2;3;4;5
6081,6081,6081,6,8,retained,0;1;2;3;4;5
6082,6082,6082,6,5,retained,0;1;2;3;4;5
6083,6083,6083,6,8,retained,0;1;2;3;4;5
6084,6084,6084,6,5,retained,0;1;2;3;4;5
6085,6085,6085,6,8,retained,0;1;2;3;4;5
6086,6086,6086,6,8,retained,0;1;2;3;4;5
6087,6087,6087,6,8,retained,0;1;2;3;4;5
6088,6088,6088,6,8,retained,0;1;2;3;4;5
6089,6089,6089,6,7,retained,0;1;2;3;4;5
6090,6090,6090,6,6,retained,0;1;2;3;4;5
6091,6091,6091,6,7,retained,0;1;2;3;4;5
6092,6092,6092,6,7,retained,0;1;2;3;4;5
6093,6093,6093,6,7,retained,0;1;2;3;4;5
6094,6094,6094,6,8,retained,0;1;2;3;4;5
6095,6095,6095,6,7,retained,0;1;2;3;4;5
6096,6096,6096,6,8,retained,0;1;2;3;4;5
6097,6097,6097,6,6,retained,0;1;2;3;4;5
6098,6098,6098,6,8,retained,0;1;2;3;4;5
6099,6099,6099,6,8,retained,0;1;2;3;4;5
6100,6100,6100,6,8,retained,0;1;2;3;4;5
6101,6101,6101,6,7,retained,0;1;2;3;4;5
6102,6102,6102,6,7,retained,0;1;2;3;4;5
6103,6103,6103,6,6,retained,0;1;2;3;4;5
6104,6104,6104,6,8,retained,0;1;2;3;4;5
6105,6105,6105,6,8,retained,0;1;2;3;4;5
6106,6106,6106,6,8,retained,0;1;2;3;4;5
6107,6107,6107,6,8,retained,0;1;2;3;4;5
6108,6108,6108,6,6,retained,0;1;2;3;4;5
6109,6109,6109,6,8,retained,0;1;2;3;4;5
6110,6110,6110,6,7,retained,0;1;2;3;4;5
6111,6111,6111,6,6,retained,0;1;2;3;4;5
6112,6112,6112,6,4,retained,0;1;2;3;4;5
6113,6113,6113,6,8,retained,0;1;2;3;4;5
6114,6114,6114,6,7,retained,0;1;2;3;4;5
6115,6115,6115,6,7,retained,0;1;2;3;4;5
6116,6116,6116,6,8,retained,0;1;2;3;4;5
6117,6117,6117,6,8,retained,0;1;2;3;4;5
6118,6118,6118,6,4,retained,0;1;2;3;4;5
6119,6119,6119,6,3,retained,0;1;2;3;4;5
6120,6120,6120,6,4,retained,0;1;2;3;4;5
6121,6121,6121,6,5,retained,0;1;2;3;4;5
6122,6122,6122,6,6,retained,0;1;2;3;4;5
6123,6123,6123,6,8,retained,0;1;2;3;4;5
6124,6124,6124,6,6,retained,0;1;2;3;4;5
6125,6125,6125,6,3,retained,0;1;2;3;4;5
6126,6126,6126,6,8,retained,0;1;2;3;4;5
6127,6127,6127,6,8,retained,0;1;2;3;4;5
6128,6128,6128,6,8,retained,0;1;2;3;4;5
6129,6129,6129,6,6,retained,0;1;2;3;4;5
6130,6130,6130,6,6,retained,0;1;2;3;4;5
6131,6131,6131,6,5,retained,0;1;2;3;4;5
6132,6132,6132,6,8,retained,0;1;2;3;4;5
6133,6133,6133,6,4,retained,0;1;2;3;4;5
6134,6134,6134,6,4,retained,0;1;2;3;4;5
6135,6135,6135,6,6,retained,0;1;2;3;4;5
6136,6136,6136,6,6,retained,0;1;2;3;4;5
6137,6137,6137,6,7,retained,0;1;2;3;4;5
6138,6138,6138,6,8,retained,0;1;2;3;4;5
6139,6139,6139,6,8,retained,0;1;2;3;4;5
6140,6140,6140,6,7,retained,0;1;2;3;4;5
6141,6141,6141,6,7,retained,0;1;2;3;4;5
6142,6142,6142,6,7,retained,0;1;2;3;4;5
6143,6143,6143,6,5,retained,0;1;2;3;4;5
6144,6144,6144,6,8,retained,0;1;2;3;4;5
6145,6145,6145,6,7,retained,0;1;2;3;4;5
6146,6146,6146,6,5,retained,0;1;2;3;4;5
6147,6147,6147,6,7,retained,0;1;2;3;4;5
6148,6148,6148,6,8,retained,0;1;2;3;4;5
6149,6149,6149,6,6,retained,0;1;2;3;4;5
6150,6150,6150,6,6,retained,0;1;2;3;4;5
6151,6151,6151,6,6,retained,0;1;2;3;4;5
6152,6152,6152,6,7,retained,0;1;2;3;4;5
6153,6153,6153,6,4,retained,0;1;2;3;4;5
6154,6154,6154,6,6,retained,0;1;2;3;4;5
6155,6155,6155,6,7,retained,0;1;2;3;4;5
6156,6156,6156,6,8,retained,0;1;2;3;4;5
6157,6157,6157,6,4,retained,0;1;2;3;4;5
6158,6158,6158,6,5,retained,0;1;2;3;4;5
6159,6159,6159,6,7,retained,0;1;2;3;4;5
6160,6160,6160,6,7,retained,0;1;2;3;4;5
6161,6161,6161,6,7,retained,0;1;2;3;4;5
6162,6162,6162,6,6,retained,0;1;2;3;4;5
6163,6163,6163,6,8,retained,0;1;2;3;4;5
6164,6164,6164,6,6,retained,0;1;2;3;4;5
6165,6165,6165,6,6,retained,0;1;2;3;4;5
6166,6166,6166,6,8,retained,0;1;2;3;4;5
6167,6167,6167,6,4,retained,0;1;2;3;4;5
6168,6168,6168,6,8,retained,0;1;2;3;4;5
6169,6169,6169,6,5,retained,0;1;2;3;4;5
6170,6170,6170,6,7,retained,0;1;2;3;4;5
6171,6171,6171,6,6,retained,0;1;2;3;4;5
6172,6172,6172,6,8,retained,0;1;2;3;4;5
6173,6173,6173,6,7,retained,0;1;2;3;4;5
6174,6174,6174,6,8,retained,0;1;2;3;4;5
6175,6175,6175,6,7,retained,0;1;2;3;4;5
6176,6176,6176,6,6,retained,0;1;2;3;4;5
6177,6177,6177,6,6,retained,0;1;2;3;4;5
6178,6178,6178,6,8,retained,0;1;2;3;4;5
6179,6179,6179,6,6,retained,0;1;2;3;4;5
6180,6180,6180,6,7,retained,0;1;2;3;4;5
6181,6181,6181,6,8,retained,0;1;2;3;4;5
6182,6182,6182,6,8,retained,0;1;2;3;4;5
6183,6183,6183,6,8,retained,0;1;2;3;4;5
6184,6184,6184,6,7,retained,0;1;2;3;4;5
6185,6185,6185,6,7,retained,0;1;2;3;4;5
6186,6186,6186,6,5,retained,0;1;2;3;4;5
6187,6187,6187,6,7,retained,0;1;2;3;4;5
6188,6188,6188,6,7,retained,0;1;2;3;4;5
6189,6189,6189,6,6,retained,0;1;2;3;4;5
6190,6190,6190,6,8,retained,0;1;2;3;4;5
6191,6191,6191,6,4,retained,0;1;2;3;4;5
6192,6192,6192,6,6,retained,0;1;2;3;4;5
6193,6193,6193,6,8,retained,0;1;2;3;4;5
6194,6194,6194,6,8,retained,0;1;2;3;4;5
6195,6195,6195,6,7,retained,0;1;2;3;4;5
6196,6196,6196,6,7,retained,0;1;2;3;4;5
6197,6197,6197,6,7,retained,0;1;2;3;4;5
6198,6198,6198,6,8,retained,0;1;2;3;4;5
6199,6199,6199,6,6,retained,0;1;2;3;4;5
6200,6200,6200,6,8,retained,0;1;2;3;4;5
6201,6201,6201,6,7,retained,0;1;2;3;4;5
6202,6202,6202,6,7,retained,0;1;2;3;4;5
6203,6203,6203,6,7,retained,0;1;2;3;4;5
6204,6204,6204,6,7,retained,0;1;2;3;4;5
6205,6205,6205,6,8,retained,0;1;2;3;4;5
6206,6206,6206,6,8,retained,0;1;2;3;4;5
6207,6207,6207,6,8,retained,0;1;2;3;4;5
6208,6208,6208,6,7,retained,0;1;2;3;4;5
6209,6209,6209,6,7,retained,0;1;2;3;4;5
6210,6210,6210,6,6,retained,0;1;2;3;4;5
6211,6211,6211,6,5,retained,0;1;2;3;4;5
6212,6212,6212,6,4,retained,0;1;2;3;4;5
6213,6213,6213,6,4,retained,0;1;2;3;4;5
6214,6214,6214,6,5,retained,0;1;2;3;4;5
6215,6215,6215,6,7,retained,0;1;2;3;4;5
6216,6216,6216,6,8,retained,0;1;2;3;4;5
6217,6217,6217,6,5,retained,0;1;2;3;4;5
6218,6218,6218,6,8,retained,0;1;2;3;4;5
6219,6219,6219,6,8,retained,0;1;2;3;4;5
6220,6220,6220,6,8,retained,0;1;2;3;4;5
6221,6221,6221,6,5,retained,0;1;2;3;4;5
6222,6222,6222,6,7,retained,0;1;2;3;4;5
6223,6223,6223,6,6,retained,0;1;2;3;4;5
6224,6224,6224,6,4,retained,0;1;2;3;4;5
6225,6225,6225,6,4,retained,0;1;2;3;4;5
6226,6226,6226,6,5,retained,0;1;2;3;4;5
6227,6227,6227,6,4,retained,0;1;2;3;4;5
6228,6228,6228,6,7,retained,0;1;2;3;4;5
6229,6229,6229,6,7,retained,0;1;2;3;4;5
6230,6230,6230,6,8,retained,0;1;2;3;4;5
6231,6231,6231,6,8,retained,0;1;2;3;4;5
6232,6232,6232,6,8,retained,0;1;2;3;4;5
6233,6233,6233,6,4,retained,0;1;2;3;4;5
6234,6234,6234,6,8,retained,0;1;2;3;4;5
6235,6235,6235,6,4,retained,0;1;2;3;4;5
6236,6236,6236,6,8,retained,0;1;2;3;4;5
6237,6237,6237,6,6,retained,0;1;2;3;4;5
6238,6238,6238,6,5,retained,0;1;2;3;4;5
6239,6239,6239,6,8,retained,0;1;2;3;4;5
6240,6240,6240,6,8,retained,0;1;2;3;4;5
6241,6241,6241,6,7,retained,0;1;2;3;4;5
6242,6242,6242,6,7,retained,0;1;2;3;4;5
6243,6243,6243,6,7,retained,0;1;2;3;4;5
6244,6244,6244,6,6,retained,0;1;2;3;4;5
6245,6245,6245,6,7,retained,0;1;2;3;4;5
6246,6246,6246,6,8,retained,0;1;2;3;4;5
6247,6247,6247,6,6,retained,0;1;2;3;4;5
6248,6248,6248,6,6,retained,0;1;2;3;4;5
6249,6249,6249,6,6,retained,0;1;2;3;4;5
6250,6250,6250,6,6,retained,0;1;2;3;4;5
6251,6251,6251,6,8,retained,0;1;2;3;4;5
6252,6252,6252,6,6,retained,0;1;2;3;4;5
6253,6253,6253,6,4,retained,0;1;2;3;4;5
6254,6254,6254,6,5,retained,0;1;2;3;4;5
6255,6255,6255,6,7,retained,0;1;2;3;4;5
6256,6256,6256,6,8,retained,0;1;2;3;4;5
6257,6257,6257,6,8,retained,0;1;2;3;4;5
6258,6258,6258,6,8,retained,0;1;2;3;4;5
6259,6259,6259,6,8,retained,0;1;2;3;4;5
6260,6260,6260,6,8,retained,0;1;2;3;4;5
6261,6261,6261,6,8,retained,0;1;2;3;4;5
6262,6262,6262,6,4,retained,0;1;2;3;4;5
6263,6263,6263,6,7,retained,0;1;2;3;4;5
6264,6264,6264,6,8,retained,0;1;2;3;4;5
6265,6265,6265,6,7,retained,0;1;2;3;4;5
6266,6266,6266,6,8,retained,0;1;2;3;4;5
6267,6267,6267,6,8,retained,0;1;2;3;4;5
6268,6268,6268,6,7,retained,0;1;2;3;4;5
6269,6269,6269,6,7,retained,0;1;2;3;4;5
6270,6270,6270,6,4,retained,0;1;2;3;4;5
6271,6271,6271,6,8,retained,0;1;2;3;4;5
6272,6272,6272,6,5,retained,0;1;2;3;4;5
6273,6273,6273,6,7,retained,0;1;2;3;4;5
6274,6274,6274,6,6,retained,0;1;2;3;4;5
6275,6275,6275,6,5,retained,0;1;2;3;4;5
6276,6276,6276,6,8,retained,0;1;2;3;4;5
6277,6277,6277,6,4,retained,0;1;2;3;4;5
6278,6278,6278,6,6,retained,0;1;2;3;4;5
6279,6279,6279,6,5,retained,0;1;2;3;4;5
6280,6280,6280,6,8,retained,0;1;2;3;4;5
6281,6281,6281,6,7,retained,0;1;2;3;4;5
6282,6282,6282,6,4,retained,0;1;2;3;4;5
6283,6283,6283,6,8,retained,0;1;2;3;4;5
6284,6284,6284,6,6,retained,0;1;2;3;4;5
6285,6285,6285,6,4,retained,0;1;2;3;4;5
6286,6286,6286,6,7,retained,0;1;2;3;4;5
6287,6287,6287,6,6,retained,0;1;2;3;4;5
6288,6288,6288,6,8,retained,0;1;2;3;4;5
6289,6289,6289,6,8,retained,0;1;2;3;4;5
6290,6290,6290,6,7,retained,0;1;2;3;4;5
6291,6291,6291,6,6,retained,0;1;2;3;4;5
6292,6292,6292,6,6,retained,0;1;2;3;4;5
6293,6293,6293,6,7,retained,0;1;2;3;4;5
6294,6294,6294,6,5,retained,0;1;2;3;4;5
6295,6295,6295,6,6,retained,0;1;2;3;4;5
6296,6296,6296,6,8,retained,0;1;2;3;4;5
6297,6297,6297,6,7,retained,0;1;2;3;4;5
6298,6298,6298,6,5,retained,0;1;2;3;4;5
6299,6299,6299,6,4,retained,0;1;2;3;4;5
6300,6300,6300,6,7,retained,0;1;2;3;4;5
6301,6301,6301,6,6,retained,0;1;2;3;4;5
6302,6302,6302,6,4,retained,0;1;2;3;4;5
6303,6303,6303,6,5,retained,0;1;2;3;4;5
6304,6304,6304,6,4,retained,0;1;2;3;4;5
6305,6305,6305,6,6,retained,0;1;2;3;4;5
6306,6306,6306,6,7,retained,0;1;2;3;4;5
6307,6307,6307,6,8,retained,0;1;2;3;4;5
6308,6308,6308,6,8,retained,0;1;2;3;4;5
6309,6309,6309,6,7,retained,0;1;2;3;4;5
6310,6310,6310,6,6,retained,0;1;2;3;4;5
6311,6311,6311,6,8,retained,0;1;2;3;4;5
6312,6312,6312,6,8,retained,0;1;2;3;4;5
6313,6313,6313,6,8,retained,0;1;2;3;4;5
6314,6314,6314,6,8,retained,0;1;2;3;4;5
6315,6315,6315,6,8,retained,0;1;2;3;4;5
6316,6316,6316,6,8,retained,0;1;2;3;4;5
6317,6317,6317,6,5,retained,0;1;2;3;4;5
6318,6318,6318,6,7,retained,0;1;2;3;4;5
6319,6319,6319,6,5,retained,0;1;2;3;4;5
6320,6320,6320,6,8,retained,0;1;2;3;4;5
6321,6321,6321,6,7,retained,0;1;2;3;4;5
6322,6322,6322,6,6,retained,0;1;2;3;4;5
6323,6323,6323,6,5,retained,0;1;2;3;4;5
6324,6324,6324,6,8,retained,0;1;2;3;4;5
6325,6325,6325,6,8,retained,0;1;2;3;4;5
6326,6326,6326,6,7,retained,0;1;2;3;4;5
6327,6327,6327,6,8,retained,0;1;2;3;4;5
6328,6328,6328,6,8,retained,0;1;2;3;4;5
6329,6329,6329,6,8,retained,0;1;2;3;4;5
6330,6330,6330,6,6,retained,0;1;2;3;4;5
6331,6331,6331,6,6,retained,0;1;2;3;4;5
6332,6332,6332,6,6,retained,0;1;2;3;4;5
6333,6333,6333,6,7,retained,0;1;2;3;4;5
6334,6334,6334,6,6,retained,0;1;2;3;4;5
6335,6335,6335,6,7,retained,0;1;2;3;4;5
6336,6336,6336,6,6,retained,0;1;2;3;4;5
6337,6337,6337,6,6,retained,0;1;2;3;4;5
6338,6338,6338,6,6,retained,0;1;2;3;4;5
6339,6339,6339,6,8,retained,0;1;2;3;4;5
6340,6340,6340,6,7,retained,0;1;2;3;4;5
6341,6341,6341,6,6,retained,0;1;2;3;4;5
6342,6342,6342,6,7,retained,0;1;2;3;4;5
6343,6343,6343,6,8,retained,0;1;2;3;4;5
6344,6344,6344,6,6,retained,0;1;2;3;4;5
6345,6345,6345,6,7,retained,0;1;2;3;4;5
6346,6346,6346,6,8,retained,0;1;2;3;4;5
6347,6347,6347,6,8,retained,0;1;2;3;4;5
6348,6348,6348,6,7,retained,0;1;2;3;4;5
6349,6349,6349,6,8,retained,0;1;2;3;4;5
6350,6350,6350,6,8,retained,0;1;2;3;4;5
6351,6351,6351,6,8,retained,0;1;2;3;4;5
6352,6352,6352,6,7,retained,0;1;2;3;4;5
6353,6353,6353,6,7,retained,0;1;2;3;4;5
6354,6354,6354,6,6,retained,0;1;2;3;4;5
6355,6355,6355,6,7,retained,0;1;2;3;4;5
6356,6356,6356,6,8,retained,0;1;2;3;4;5
6357,6357,6357,6,8,retained,0;1;2;3;4;5
6358,6358,6358,6,7,retained,0;1;2;3;4;5
6359,6359,6359,6,8,retained,0;1;2;3;4;5
6360,6360,6360,6,7,retained,0;1;2;3;4;5
6361,6361,6361,6,6,retained,0;1;2;3;4;5
6362,6362,6362,6,7,retained,0;1;2;3;4;5
6363,6363,6363,6,8,retained,0;1;2;3;4;5
6364,6364,6364,6,7,retained,0;1;2;3;4;5
6365,6365,6365,6,4,retained,0;1;2;3;4;5
6366,6366,6366,6,5,retained,0;1;2;3;4;5
6367,6367,6367,6,8,retained,0;1;2;3;4;5
6368,6368,6368,6,5,retained,0;1;2;3;4;5
6369,6369,6369,6,5,retained,0;1;2;3;4;5
6370,6370,6370,6,6,retained,0;1;2;3;4;5
6371,6371,6371,6,5,retained,0;1;2;3;4;5
6372,6372,6372,6,7,retained,0;1;2;3;4;5
6373,6373,6373,6,4,retained,0;1;2;3;4;5
6374,6374,6374,6,5,retained,0;1;2;3;4;5
6375,6375,6375,6,7,retained,0;1;2;3;4;5
6376,6376,6376,6,8,retained,0;1;2;3;4;5
6377,6377,6377,6,8,retained,0;1;2;3;4;5
6378,6378,6378,6,5,retained,0;1;2;3;4;5
6379,6379,6379,6,6,retained,0;1;2;3;4;5
6380,6380,6380,6,7,retained,0;1;2;3;4;5
6381,6381,6381,6,8,retained,0;1;2;3;4;5
6382,6382,6382,6,8,retained,0;1;2;3;4;5
6383,6383,6383,6,5,retained,0;1;2;3;4;5
6384,6384,6384,6,6,retained,0;1;2;3;4;5
6385,6385,6385,6,7,retained,0;1;2;3;4;5
6386,6386,6386,6,8,retained,0;1;2;3;4;5
6387,6387,6387,6,8,retained,0;1;2;3;4;5
6388,6388,6388,6,8,retained,0;1;2;3;4;5
6389,6389,6389,6,8,retained,0;1;2;3;4;5
6390,6390,6390,6,6,retained,0;1;2;3;4;5
6391,6391,6391,6,8,retained,0;1;2;3;4;5
6392,6392,6392,6,7,retained,0;1;2;3;4;5
6393,6393,6393,6,8,retained,0;1;2;3;4;5
6394,6394,6394,6,7,retained,0;1;2;3;4;5
6395,6395,6395,6,8,retained,0;1;2;3;4;5
6396,6396,6396,6,6,retained,0;1;2;3;4;5
6397,6397,6397,6,8,retained,0;1;2;3;4;5
6398,6398,6398,6,6,retained,0;1;2;3;4;5
6399,6399,6399,6,7,retained,0;1;2;3;4;5
6400,6400,6400,6,8,retained,0;1;2;3;4;5
6401,6401,6401,6,8,retained,0;1;2;3;4;5
6402,6402,6402,6,6,retained,0;1;2;3;4;5
6403,6403,6403,6,7,retained,0;1;2;3;4;5
6404,6404,6404,6,6,retained,0;1;2;3;4;5
6405,6405,6405,6,7,retained,0;1;2;3;4;5
6406,6406,6406,6,7,retained,0;1;2;3;4;5
6407,6407,6407,6,7,retained,0;1;2;3;4;5
6408,6408,6408,6,5,retained,0;1;2;3;4;5
6409,6409,6409,6,7,retained,0;1;2;3;4;5
6410,6410,6410,6,8,retained,0;1;2;3;4;5
6411,6411,6411,6,8,retained,0;1;2;3;4;5
6412,6412,6412,6,8,retained,0;1;2;3;4;5
6413,6413,6413,6,7,retained,0;1;2;3;4;5
6414,6414,6414,6,6,retained,0;1;2;3;4;5
6415,6415,6415,6,5,retained,0;1;2;3;4;5
6416,6416,6416,6,6,retained,0;1;2;3;4;5
6417,6417,6417,6,7,retained,0;1;2;3;4;5
6418,6418,6418,6,6,retained,0;1;2;3;4;5
6419,6419,6419,6,5,retained,0;1;2;3;4;5
6420,6420,6420,6,8,retained,0;1;2;3;4;5
6421,6421,6421,6,7,retained,0;1;2;3;4;5
6422,6422,6422,6,6,retained,0;1;2;3;4;5
6423,6423,6423,6,8,retained,0;1;2;3;4;5
6424,6424,6424,6,8,retained,0;1;2;3;4;5
6425,6425,6425,6,8,retained,0;1;2;3;4;5
6426,6426,6426,6,7,retained,0;1;2;3;4;5
6427,6427,6427,6,6,retained,0;1;2;3;4;5
6428,6428,6428,6,6,retained,0;1;2;3;4;5
6429,6429,6429,6,7,retained,0;1;2;3;4;5
6430,6430,6430,6,7,retained,0;1;2;3;4;5
6431,6431,6431,6,8,retained,0;1;2;3;4;5
6432,6432,6432,6,7,retained,0;1;2;3;4;5
6433,6433,6433,6,6,retained,0;1;2;3;4;5
6434,6434,6434,6,6,retained,0;1;2;3;4;5
6435,6435,6435,6,6,retained,0;1;2;3;4;5
6436,6436,6436,6,7,retained,0;1;2;3;4;5
6437,6437,6437,6,7,retained,0;1;2;3;4;5
6438,6438,6438,6,8,retained,0;1;2;3;4;5
6439,6439,6439,6,7,retained,0;1;2;3;4;5
6440,6440,6440,6,8,retained,0;1;2;3;4;5
6441,6441,6441,6,7,retained,0;1;2;3;4;5
6442,6442,6442,6,8,retained,0;1;2;3;4;5
6443,6443,6443,6,7,retained,0;1;2;3;4;5
6444,6444,6444,6,8,retained,0;1;2;3;4;5
6445,6445,6445,6,8,retained,0;1;2;3;4;5
6446,6446,6446,6,7,retained,0;1;2;3;4;5
6447,6447,6447,6,7,retained,0;1;2;3;4;5
6448,6448,6448,6,7,retained,0;1;2;3;4;5
6449,6449,6449,6,7,retained,0;1;2;3;4;5
6450,6450,6450,6,8,retained,0;1;2;3;4;5
6451,6451,6451,6,8,retained,0;1;2;3;4;5
6452,6452,6452,6,8,retained,0;1;2;3;4;5
6453,6453,6453,6,8,retained,0;1;2;3;4;5
6454,6454,6454,6,8,retained,0;1;2;3;4;5
6455,6455,6455,6,8,retained,0;1;2;3;4;5
6456,6456,6456,6,8,retained,0;1;2;3;4;5
6457,6457,6457,6,8,retained,0;1;2;3;4;5
6458,6458,6458,6,8,retained,0;1;2;3;4;5
6459,6459,6459,6,6,retained,0;1;2;3;4;5
6460,6460,6460,6,6,retained,0;1;2;3;4;5
6461,6461,6461,6,7,retained,0;1;2;3;4;5
6462,6462,6462,6,6,retained,0;1;2;3;4;5
6463,6463,6463,6,6,retained,0;1;2;3;4;5
6464,6464,6464,6,8,retained,0;1;2;3;4;5
6465,6465,6465,6,8,retained,0;1;2;3;4;5
6466,6466,6466,6,7,retained,0;1;2;3;4;5
6467,6467,6467,6,8,retained,0;1;2;3;4;5
6468,6468,6468,6,7,retained,0;1;2;3;4;5
6469,6469,6469,6,7,retained,0;1;2;3;4;5
6470,6470,6470,6,8,retained,0;1;2;3;4;5
6471,6471,6471,6,7,retained,0;1;2;3;4;5
6472,6472,6472,6,7,retained,0;1;2;3;4;5
6473,6473,6473,6,8,retained,0;1;2;3;4;5
6474,6474,6474,6,8,retained,0;1;2;3;4;5
6475,6475,6475,6,8,retained,0;1;2;3;4;5
6476,6476,6476,6,8,retained,0;1;2;3;4;5
6477,6477,6477,6,8,retained,0;1;2;3;4;5
6478,6478,6478,6,8,retained,0;1;2;3;4;5
6479,6479,6479,6,8,retained,0;1;2;3;4;5
6480,6480,6480,6,7,retained,0;1;2;3;4;5
6481,6481,6481,6,8,retained,0;1;2;3;4;5
6482,6482,6482,6,7,retained,0;1;2;3;4;5
6483,6483,6483,6,8,retained,0;1;2;3;4;5
6484,6484,6484,6,8,retained,0;1;2;3;4;5
6485,6485,6485,6,8,retained,0;1;2;3;4;5
6486,6486,6486,6,7,retained,0;1;2;3;4;5
6487,6487,6487,6,8,retained,0;1;2;3;4;5
6488,6488,6488,6,8,retained,0;1;2;3;4;5
6489,6489,6489,6,8,retained,0;1;2;3;4;5
6490,6490,6490,6,8,retained,0;1;2;3;4;5
6491,6491,6491,6,8,retained,0;1;2;3;4;5
6492,6492,6492,6,8,retained,0;1;2;3;4;5
6493,6493,6493,6,8,retained,0;1;2;3;4;5
6494,6494,6494,6,8,retained,0;1;2;3;4;5
6495,6495,6495,6,8,retained,0;1;2;3;4;5
6496,6496,6496,6,8,retained,0;1;2;3;4;5
6497,6497,6497,6,6,retained,0;1;2;3;4;5
6498,6498,6498,6,6,retained,0;1;2;3;4;5
6499,6499,6499,6,5,retained,0;1;2;3;4;5
6500,6500,6500,6,5,retained,0;1;2;3;4;5
6501,6501,6501,6,7,retained,0;1;2;3;4;5
6502,6502,6502,6,8,retained,0;1;2;3;4;5
6503,6503,6503,6,7,retained,0;1;2;3;4;5
6504,6504,6504,6,7,retained,0;1;2;3;4;5
6505,6505,6505,6,7,retained,0;1;2;3;4;5
6506,6506,6506,6,6,retained,0;1;2;3;4;5
6507,6507,6507,6,8,retained,0;1;2;3;4;5
6508,6508,6508,6,6,retained,0;1;2;3;4;5
6509,6509,6509,6,5,retained,0;1;2;3;4;5
6510,6510,6510,6,4,retained,0;1;2;3;4;5
6511,6511,6511,6,6,retained,0;1;2;3;4;5
6512,6512,6512,6,7,retained,0;1;2;3;4;5
6513,6513,6513,6,8,retained,0;1;2;3;4;5
6514,6514,6514,6,7,retained,0;1;2;3;4;5
6515,6515,6515,6,8,retained,0;1;2;3;4;5
6516,6516,6516,6,5,retained,0;1;2;3;4;5
6517,6517,6517,6,5,retained,0;1;2;3;4;5
6518,6518,6518,6,3,retained,0;1;2;3;4;5
6519,6519,6519,6,5,retained,0;1;2;3;4;5
6520,6520,6520,6,5,retained,0;1;2;3;4;5
6521,6521,6521,6,5,retained,0;1;2;3;4;5
6522,6522,6522,6,7,retained,0;1;2;3;4;5
6523,6523,6523,6,8,retained,0;1;2;3;4;5
6524,6524,6524,6,8,retained,0;1;2;3;4;5
6525,6525,6525,6,5,retained,0;1;2;3;4;5
6526,6526,6526,6,7,retained,0;1;2;3;4;5
6527,6527,6527,6,6,retained,0;1;2;3;4;5
6528,6528,6528,6,6,retained,0;1;2;3;4;5
6529,6529,6529,6,7,retained,0;1;2;3;4;5
6530,6530,6530,6,7,retained,0;1;2;3;4;5
6531,6531,6531,6,8,retained,0;1;2;3;4;5
6532,6532,6532,6,8,retained,0;1;2;3;4;5
6533,6533,6533,6,7,retained,0;1;2;3;4;5
6534,6534,6534,6,8,retained,0;1;2;3;4;5
6535,6535,6535,6,5,retained,0;1;2;3;4;5
6536,6536,6536,6,8,retained,0;1;2;3;4;5
6537,6537,6537,6,7,retained,0;1;2;3;4;5
6538,6538,6538,6,6,retained,0;1;2;3;4;5
6539,6539,6539,6,8,retained,0;1;2;3;4;5
6540,6540,6540,6,8,retained,0;1;2;3;4;5
6541,6541,6541,6,8,retained,0;1;2;3;4;5
6542,6542,6542,6,7,retained,0;1;2;3;4;5
6543,6543,6543,6,6,retained,0;1;2;3;4;5
6544,6544,6544,6,6,retained,0;1;2;3;4;5
6545,6545,6545,6,7,retained,0;1;2;3;4;5
6546,6546,6546,6,4,retained,0;1;2;3;4;5
6547,6547,6547,6,7,retained,0;1;2;3;4;5
6548,6548,6548,6,6,retained,0;1;2;3;4;5
6549,6549,6549,6,4,retained,0;1;2;3;4;5
6550,6550,6550,6,6,retained,0;1;2;3;4;5
6551,6551,6551,6,5,retained,0;1;2;3;4;5
6552,6552,6552,6,6,retained,0;1;2;3;4;5
6553,6553,6553,6,8,retained,0;1;2;3;4;5
6554,6554,6554,6,7,retained,0;1;2;3;4;5
6555,6555,6555,6,8,retained,0;1;2;3;4;5
6556,6556,6556,6,8,retained,0;1;2;3;4;5
6557,6557,6557,6,6,retained,0;1;2;3;4;5
6558,6558,6558,6,8,retained,0;1;2;3;4;5
6559,6559,6559,6,5,retained,0;1;2;3;4;5
6560,6560,6560,6,7,retained,0;1;2;3;4;5
6561,6561,6561,6,8,retained,0;1;2;3;4;5
6562,6562,6562,6,7,retained,0;1;2;3;4;5
6563,6563,6563,6,8,retained,0;1;2;3;4;5
6564,6564,6564,6,8,retained,0;1;2;3;4;5
6565,6565,6565,6,8,retained,0;1;2;3;4;5
6566,6566,6566,6,8,retained,0;1;2;3;4;5
6567,6567,6567,6,8,retained,0;1;2;3;4;5
6568,6568,6568,6,7,retained,0;1;2;3;4;5
6569,6569,6569,6,7,retained,0;1;2;3;4;5
6570,6570,6570,6,6,retained,0;1;2;3;4;5
6571,6571,6571,6,5,retained,0;1;2;3;4;5
6572,6572,6572,6,7,retained,0;1;2;3;4;5
6573,6573,6573,6,8,retained,0;1;2;3;4;5
6574,6574,6574,6,7,retained,0;1;2;3;4;5
6575,6575,6575,6,8,retained,0;1;2;3;4;5
6576,6576,6576,6,8,retained,0;1;2;3;4;5
6577,6577,6577,6,7,retained,0;1;2;3;4;5
6578,6578,6578,6,7,retained,0;1;2;3;4;5
6579,6579,6579,6,7,retained,0;1;2;3;4;5
6580,6580,6580,6,7,retained,0;1;2;3;4;5
6581,6581,6581,6,8,retained,0;1;2;3;4;5
6582,6582,6582,6,7,retained,0;1;2;3;4;5
6583,6583,6583,6,6,retained,0;1;2;3;4;5
6584,6584,6584,6,8,retained,0;1;2;3;4;5
6585,6585,6585,6,8,retained,0;1;2;3;4;5
6586,6586,6586,6,6,retained,0;1;2;3;4;5
6587,6587,6587,6,7,retained,0;1;2;3;4;5
6588,6588,6588,6,5,retained,0;1;2;3;4;5
6589,6589,6589,6,7,retained,0;1;2;3;4;5
6590,6590,6590,6,8,retained,0;1;2;3;4;5
6591,6591,6591,6,5,retained,0;1;2;3;4;5
6592,6592,6592,6,6,retained,0;1;2;3;4;5
6593,6593,6593,6,4,retained,0;1;2;3;4;5
6594,6594,6594,6,5,retained,0;1;2;3;4;5
6595,6595,6595,6,4,retained,0;1;2;3;4;5
6596,6596,6596,6,7,retained,0;1;2;3;4;5
6597,6597,6597,6,8,retained,0;1;2;3;4;5
6598,6598,6598,6,8,retained,0;1;2;3;4;5
6599,6599,6599,6,5,retained,0;1;2;3;4;5
6600,6600,6600,6,8,retained,0;1;2;3;4;5
6601,6601,6601,6,8,retained,0;1;2;3;4;5
6602,6602,6602,6,8,retained,0;1;2;3;4;5
6603,6603,6603,6,7,retained,0;1;2;3;4;5
6604,6604,6604,6,8,retained,0;1;2;3;4;5
6605,6605,6605,6,8,retained,0;1;2;3;4;5
6606,6606,6606,6,8,retained,0;1;2;3;4;5
6607,6607,6607,6,7,retained,0;1;2;3;4;5
6608,6608,6608,6,6,retained,0;1;2;3;4;5
6609,6609,6609,6,6,retained,0;1;2;3;4;5
6610,6610,6610,6,6,retained,0;1;2;3;4;5
6611,6611,6611,6,5,retained,0;1;2;3;4;5
6612,6612,6612,6,8,retained,0;1;2;3;4;5
6613,6613,6613,6,8,retained,0;1;2;3;4;5
6614,6614,6614,6,8,retained,0;1;2;3;4;5
6615,6615,6615,6,7,retained,0;1;2;3;4;5
6616,6616,6616,6,6,retained,0;1;2;3;4;5
6617,6617,6617,6,6,retained,0;1;2;3;4;5
6618,6618,6618,6,7,retained,0;1;2;3;4;5
6619,6619,6619,6,6,retained,0;1;2;3;4;5
6620,6620,6620,6,7,retained,0;1;2;3;4;5
6621,6621,6621,6,8,retained,0;1;2;3;4;5
6622,6622,6622,6,8,retained,0;1;2;3;4;5
6623,6623,6623,6,4,retained,0;1;2;3;4;5
6624,6624,6624,6,7,retained,0;1;2;3;4;5
6625,6625,6625,6,7,retained,0;1;2;3;4;5
6626,6626,6626,6,6,retained,0;1;2;3;4;5
6627,6627,6627,6,5,retained,0;1;2;3;4;5
6628,6628,6628,6,7,retained,0;1;2;3;4;5
6629,6629,6629,6,7,retained,0;1;2;3;4;5
6630,6630,6630,6,6,retained,0;1;2;3;4;5
6631,6631,6631,6,8,retained,0;1;2;3;4;5
6632,6632,6632,6,8,retained,0;1;2;3;4;5
6633,6633,6633,6,8,retained,0;1;2;3;4;5
6634,6634,6634,6,8,retained,0;1;2;3;4;5
6635,6635,6635,6,8,retained,0;1;2;3;4;5
6636,6636,6636,6,6,retained,0;1;2;3;4;5
6637,6637,6637,6,8,retained,0;1;2;3;4;5
6638,6638,6638,6,6,retained,0;1;2;3;4;5
6639,6639,6639,6,7,retained,0;1;2;3;4;5
6640,6640,6640,6,7,retained,0;1;2;3;4;5
6641,6641,6641,6,8,retained,0;1;2;3;4;5
6642,6642,6642,6,8,retained,0;1;2;3;4;5
6643,6643,6643,6,5,retained,0;1;2;3;4;5
6644,6644,6644,6,4,retained,0;1;2;3;4;5
6645,6645,6645,6,8,retained,0;1;2;3;4;5
6646,6646,6646,6,8,retained,0;1;2;3;4;5
6647,6647,6647,6,8,retained,0;1;2;3;4;5
6648,6648,6648,6,7,retained,0;1;2;3;4;5
6649,6649,6649,6,8,retained,0;1;2;3;4;5
6650,6650,6650,6,8,retained,0;1;2;3;4;5
6651,6651,6651,6,8,retained,0;1;2;3;4;5
6652,6652,6652,6,7,retained,0;1;2;3;4;5
6653,6653,6653,6,5,retained,0;1;2;3;4;5
6654,6654,6654,6,8,retained,0;1;2;3;4;5
6655,6655,6655,6,6,retained,0;1;2;3;4;5
6656,6656,6656,6,5,retained,0;1;2;3;4;5
6657,6657,6657,6,8,retained,0;1;2;3;4;5
6658,6658,6658,6,8,retained,0;1;2;3;4;5
6659,6659,6659,6,7,retained,0;1;2;3;4;5
6660,6660,6660,6,7,retained,0;1;2;3;4;5
6661,6661,6661,6,8,retained,0;1;2;3;4;5
6662,6662,6662,6,6,retained,0;1;2;3;4;5
6663,6663,6663,6,7,retained,0;1;2;3;4;5
6664,6664,6664,6,8,retained,0;1;2;3;4;5
6665,6665,6665,6,6,retained,0;1;2;3;4;5
6666,6666,6666,6,7,retained,0;1;2;3;4;5
6667,6667,6667,6,8,retained,0;1;2;3;4;5
6668,6668,6668,6,8,retained,0;1;2;3;4;5
6669,6669,6669,6,8,retained,0;1;2;3;4;5
6670,6670,6670,6,4,retained,0;1;2;3;4;5
6671,6671,6671,6,5,retained,0;1;2;3;4;5
6672,6672,6672,6,8,retained,0;1;2;3;4;5
6673,6673,6673,6,6,retained,0;1;2;3;4;5
6674,6674,6674,6,8,retained,0;1;2;3;4;5
6675,6675,6675,6,7,retained,0;1;2;3;4;5
6676,6676,6676,6,7,retained,0;1;2;3;4;5
6677,6677,6677,6,5,retained,0;1;2;3;4;5
6678,6678,6678,6,8,retained,0;1;2;3;4;5
6679,6679,6679,6,6,retained,0;1;2;3;4;5
6680,6680,6680,6,7,retained,0;1;2;3;4;5
6681,6681,6681,6,6,retained,0;1;2;3;4;5
6682,6682,6682,6,8,retained,0;1;2;3;4;5
6683,6683,6683,6,4,retained,0;1;2;3;4;5
6684,6684,6684,6,6,retained,0;1;2;3;4;5
6685,6685,6685,6,8,retained,0;1;2;3;4;5
6686,6686,6686,6,7,retained,0;1;2;3;4;5
6687,6687,6687,6,8,retained,0;1;2;3;4;5
6688,6688,6688,6,8,retained,0;1;2;3;4;5
6689,6689,6689,6,7,retained,0;1;2;3;4;5
6690,6690,6690,6,6,retained,0;1;2;3;4;5
6691,6691,6691,6,7,retained,0;1;2;3;4;5
6692,6692,6692,6,8,retained,0;1;2;3;4;5
6693,6693,6693,6,7,retained,0;1;2;3;4;5
6694,6694,6694,6,7,retained,0;1;2;3;4;5
6695,6695,6695,6,7,retained,0;1;2;3;4;5
6696,6696,6696,6,5,retained,0;1;2;3;4;5
6697,6697,6697,6,7,retained,0;1;2;3;4;5
6698,6698,6698,6,7,retained,0;1;2;3;4;5
6699,6699,6699,6,8,retained,0;1;2;3;4;5
6700,6700,6700,6,7,retained,0;1;2;3;4;5
6701,6701,6701,6,7,retained,0;1;2;3;4;5
6702,6702,6702,6,8,retained,0;1;2;3;4;5
6703,6703,6703,6,6,retained,0;1;2;3;4;5
6704,6704,6704,6,8,retained,0;1;2;3;4;5
6705,6705,6705,6,8,retained,0;1;2;3;4;5
6706,6706,6706,6,6,retained,0;1;2;3;4;5
6707,6707,6707,6,6,retained,0;1;2;3;4;5
6708,6708,6708,6,8,retained,0;1;2;3;4;5
6709,6709,6709,6,8,retained,0;1;2;3;4;5
6710,6710,6710,6,8,retained,0;1;2;3;4;5
6711,6711,6711,6,7,retained,0;1;2;3;4;5
6712,6712,6712,6,7,retained,0;1;2;3;4;5
6713,6713,6713,6,8,retained,0;1;2;3;4;5
6714,6714,6714,6,7,retained,0;1;2;3;4;5
6715,6715,6715,6,8,retained,0;1;2;3;4;5
6716,6716,6716,6,5,retained,0;1;2;3;4;5
6717,6717,6717,6,8,retained,0;1;2;3;4;5
6718,6718,6718,6,7,retained,0;1;2;3;4;5
6719,6719,6719,6,7,retained,0;1;2;3;4;5
6720,6720,6720,6,7,retained,0;1;2;3;4;5
6721,6721,6721,6,7,retained,0;1;2;3;4;5
6722,6722,6722,6,8,retained,0;1;2;3;4;5
6723,6723,6723,6,8,retained,0;1;2;3;4;5
6724,6724,6724,6,7,retained,0;1;2;3;4;5
6725,6725,6725,6,8,retained,0;1;2;3;4;5
6726,6726,6726,6,6,retained,0;1;2;3;4;5
6727,6727,6727,6,7,retained,0;1;2;3;4;5
6728,6728,6728,6,6,retained,0;1;2;3;4;5
6729,6729,6729,6,7,retained,0;1;2;3;4;5
6730,6730,6730,6,7,retained,0;1;2;3;4;5
6731,6731,6731,6,8,retained,0;1;2;3;4;5
6732,6732,6732,6,8,retained,0;1;2;3;4;5
6733,6733,6733,6,8,retained,0;1;2;3;4;5
6734,6734,6734,6,6,retained,0;1;2;3;4;5
6735,6735,6735,6,8,retained,0;1;2;3;4;5
6736,6736,6736,6,5,retained,0;1;2;3;4;5
6737,6737,6737,6,8,retained,0;1;2;3;4;5
6738,6738,6738,6,7,retained,0;1;2;3;4;5
6739,6739,6739,6,5,retained,0;1;2;3;4;5
6740,6740,6740,6,5,retained,0;1;2;3;4;5
6741,6741,6741,6,6,retained,0;1;2;3;4;5
6742,6742,6742,6,5,retained,0;1;2;3;4;5
6743,6743,6743,6,5,retained,0;1;2;3;4;5
6744,6744,6744,6,7,retained,0;1;2;3;4;5
6745,6745,6745,6,6,retained,0;1;2;3;4;5
6746,6746,6746,6,7,retained,0;1;2;3;4;5
6747,6747,6747,6,7,retained,0;1;2;3;4;5
6748,6748,6748,6,8,retained,0;1;2;3;4;5
6749,6749,6749,6,8,retained,0;1;2;3;4;5
6750,6750,6750,6,8,retained,0;1;2;3;4;5
6751,6751,6751,6,8,retained,0;1;2;3;4;5
6752,6752,6752,6,8,retained,0;1;2;3;4;5
6753,6753,6753,6,5,retained,0;1;2;3;4;5
6754,6754,6754,6,6,retained,0;1;2;3;4;5
6755,6755,6755,6,6,retained,0;1;2;3;4;5
6756,6756,6756,6,8,retained,0;1;2;3;4;5
6757,6757,6757,6,7,retained,0;1;2;3;4;5
6758,6758,6758,6,8,retained,0;1;2;3;4;5
6759,6759,6759,6,7,retained,0;1;2;3;4;5
6760,6760,6760,6,6,retained,0;1;2;3;4;5
6761,6761,6761,6,7,retained,0;1;2;3;4;5
6762,6762,6762,6,5,retained,0;1;2;3;4;5
6763,6763,6763,6,7,retained,0;1;2;3;4;5
6764,6764,6764,6,6,retained,0;1;2;3;4;5
6765,6765,6765,6,8,retained,0;1;2;3;4;5
6766,6766,6766,6,6,retained,0;1;2;3;4;5
6767,6767,6767,6,6,retained,0;1;2;3;4;5
6768,6768,6768,6,5,retained,0;1;2;3;4;5
6769,6769,6769,6,8,retained,0;1;2;3;4;5
6770,6770,6770,6,7,retained,0;1;2;3;4;5
6771,6771,6771,6,8,retained,0;1;2;3;4;5
6772,6772,6772,6,5,retained,0;1;2;3;4;5
6773,6773,6773,6,7,retained,0;1;2;3;4;5
6774,6774,6774,6,8,retained,0;1;2;3;4;5
6775,6775,6775,6,6,retained,0;1;2;3;4;5
6776,6776,6776,6,5,retained,0;1;2;3;4;5
6777,6777,6777,6,7,retained,0;1;2;3;4;5
6778,6778,6778,6,6,retained,0;1;2;3;4;5
6779,6779,6779,6,6,retained,0;1;2;3;4;5
6780,6780,6780,6,6,retained,0;1;2;3;4;5
6781,6781,6781,6,8,retained,0;1;2;3;4;5
6782,6782,6782,6,7,retained,0;1;2;3;4;5
6783,6783,6783,6,7,retained,0;1;2;3;4;5
6784,6784,6784,6,7,retained,0;1;2;3;4;5
6785,6785,6785,6,7,retained,0;1;2;3;4;5
6786,6786,6786,6,8,retained,0;1;2;3;4;5
6787,6787,6787,6,8,retained,0;1;2;3;4;5
6788,6788,6788,6,7,retained,0;1;2;3;4;5
6789,6789,6789,6,6,retained,0;1;2;3;4;5
6790,6790,6790,6,8,retained,0;1;2;3;4;5
6791,6791,6791,6,7,retained,0;1;2;3;4;5
6792,6792,6792,6,7,retained,0;1;2;3;4;5
6793,6793,6793,6,7,retained,0;1;2;3;4;5
6794,6794,6794,6,7,retained,0;1;2;3;4;5
6795,6795,6795,6,8,retained,0;1;2;3;4;5
6796,6796,6796,6,7,retained,0;1;2;3;4;5
6797,6797,6797,6,8,retained,0;1;2;3;4;5
6798,6798,6798,6,8,retained,0;1;2;3;4;5
6799,6799,6799,6,8,retained,0;1;2;3;4;5
6800,6800,6800,6,8,retained,0;1;2;3;4;5
6801,6801,6801,6,7,retained,0;1;2;3;4;5
6802,6802,6802,6,8,retained,0;1;2;3;4;5
6803,6803,6803,6,7,retained,0;1;2;3;4;5
6804,6804,6804,6,8,retained,0;1;2;3;4;5
6805,6805,6805,6,8,retained,0;1;2;3;4;5
6806,6806,6806,6,7,retained,0;1;2;3;4;5
6807,6807,6807,6,5,retained,0;1;2;3;4;5
6808,6808,6808,6,6,retained,0;1;2;3;4;5
6809,6809,6809,6,6,retained,0;1;2;3;4;5
6810,6810,6810,6,7,retained,0;1;2;3;4;5
6811,6811,6811,6,6,retained,0;1;2;3;4;5
6812,6812,6812,6,7,retained,0;1;2;3;4;5
6813,6813,6813,6,6,retained,0;1;2;3;4;5
6814,6814,6814,6,8,retained,0;1;2;3;4;5
6815,6815,6815,6,5,retained,0;1;2;3;4;5
6816,6816,6816,6,7,retained,0;1;2;3;4;5
6817,6817,6817,6,7,retained,0;1;2;3;4;5
6818,6818,6818,6,8,retained,0;1;2;3;4;5
6819,6819,6819,6,8,retained,0;1;2;3;4;5
6820,6820,6820,6,8,retained,0;1;2;3;4;5
6821,6821,6821,6,6,retained,0;1;2;3;4;5
6822,6822,6822,6,6,retained,0;1;2;3;4;5
6823,6823,6823,6,7,retained,0;1;2;3;4;5
6824,6824,6824,6,7,retained,0;1;2;3;4;5
6825,6825,6825,6,8,retained,0;1;2;3;4;5
6826,6826,6826,6,8,retained,0;1;2;3;4;5
6827,6827,6827,6,8,retained,0;1;2;3;4;5
6828,6828,6828,6,8,retained,0;1;2;3;4;5
6829,6829,6829,6,8,retained,0;1;2;3;4;5
6830,6830,6830,6,6,retained,0;1;2;3;4;5
6831,6831,6831,6,7,retained,0;1;2;3;4;5
6832,6832,6832,6,7,retained,0;1;2;3;4;5
6833,6833,6833,6,7,retained,0;1;2;3;4;5
6834,6834,6834,6,8,retained,0;1;2;3;4;5
6835,6835,6835,6,8,retained,0;1;2;3;4;5
6836,6836,6836,6,8,retained,0;1;2;3;4;5
6837,6837,6837,6,8,retained,0;1;2;3;4;5
6838,6838,6838,6,8,retained,0;1;2;3;4;5
6839,6839,6839,6,8,retained,0;1;2;3;4;5
6840,6840,6840,6,7,retained,0;1;2;3;4;5
6841,6841,6841,6,6,retained,0;1;2;3;4;5
6842,6842,6842,6,7,retained,0;1;2;3;4;5
6843,6843,6843,6,8,retained,0;1;2;3;4;5
6844,6844,6844,6,7,retained,0;1;2;3;4;5
6845,6845,6845,6,6,retained,0;1;2;3;4;5
6846,6846,6846,6,7,retained,0;1;2;3;4;5
6847,6847,6847,6,7,retained,0;1;2;3;4;5
6848,6848,6848,6,8,retained,0;1;2;3;4;5
6849,6849,6849,6,7,retained,0;1;2;3;4;5
6850,6850,6850,6,8,retained,0;1;2;3;4;5
6851,6851,6851,6,7,retained,0;1;2;3;4;5
6852,6852,6852,6,8,retained,0;1;2;3;4;5
6853,6853,6853,6,8,retained,0;1;2;3;4;5
6854,6854,6854,6,7,retained,0;1;2;3;4;5
6855,6855,6855,6,7,retained,0;1;2;3;4;5
6856,6856,6856,6,8,retained,0;1;2;3;4;5
6857,6857,6857,6,8,retained,0;1;2;3;4;5
6858,6858,6858,6,8,retained,0;1;2;3;4;5
6859,6859,6859,6,8,retained,0;1;2;3;4;5
6860,6860,6860,6,8,retained,0;1;2;3;4;5
6861,6861,6861,6,8,retained,0;1;2;3;4;5
6862,6862,6862,6,8,retained,0;1;2;3;4;5
6863,6863,6863,6,8,retained,0;1;2;3;4;5
6864,6864,6864,6,8,retained,0;1;2;3;4;5
6865,6865,6865,6,8,retained,0;1;2;3;4;5
6866,6866,6866,6,8,retained,0;1;2;3;4;5
6867,6867,6867,6,8,retained,0;1;2;3;4;5
6868,6868,6868,6,8,retained,0;1;2;3;4;5
6869,6869,6869,6,8,retained,0;1;2;3;4;5
6870,6870,6870,6,8,retained,0;1;2;3;4;5
6871,6871,6871,6,8,retained,0;1;2;3;4;5
6872,6872,6872,6,8,retained,0;1;2;3;4;5
6873,6873,6873,6,8,retained,0;1;2;3;4;5
6874,6874,6874,6,8,retained,0;1;2;3;4;5
6875,6875,6875,6,6,retained,0;1;2;3;4;5
6876,6876,6876,6,7,retained,0;1;2;3;4;5
6877,6877,6877,6,6,retained,0;1;2;3;4;5
6878,6878,6878,6,8,retained,0;1;2;3;4;5
6879,6879,6879,6,7,retained,0;1;2;3;4;5
6880,6880,6880,6,7,retained,0;1;2;3;4;5
6881,6881,6881,6,6,retained,0;1;2;3;4;5
6882,6882,6882,6,5,retained,0;1;2;3;4;5
6883,6883,6883,6,7,retained,0;1;2;3;4;5
6884,6884,6884,6,6,retained,0;1;2;3;4;5
6885,6885,6885,6,8,retained,0;1;2;3;4;5
6886,6886,6886,6,8,retained,0;1;2;3;4;5
6887,6887,6887,6,6,retained,0;1;2;3;4;5
6888,6888,6888,6,8,retained,0;1;2;3;4;5
6889,6889,6889,6,7,retained,0;1;2;3;4;5
6890,6890,6890,6,5,retained,0;1;2;3;4;5
6891,6891,6891,6,6,retained,0;1;2;3;4;5
6892,6892,6892,6,8,retained,0;1;2;3;4;5
6893,6893,6893,6,6,retained,0;1;2;3;4;5
6894,6894,6894,6,7,retained,0;1;2;3;4;5
6895,6895,6895,6,5,retained,0;1;2;3;4;5
6896,6896,6896,6,6,retained,0;1;2;3;4;5
6897,6897,6897,6,7,retained,0;1;2;3;4;5
6898,6898,6898,6,6,retained,0;1;2;3;4;5
6899,6899,6899,6,7,retained,0;1;2;3;4;5
6900,6900,6900,6,8,retained,0;1;2;3;4;5
6901,6901,6901,6,7,retained,0;1;2;3;4;5
6902,6902,6902,6,8,retained,0;1;2;3;4;5
6903,6903,6903,6,5,retained,0;1;2;3;4;5
6904,6904,6904,6,8,retained,0;1;2;3;4;5
6905,6905,6905,6,8,retained,0;1;2;3;4;5
6906,6906,6906,6,7,retained,0;1;2;3;4;5
6907,6907,6907,6,8,retained,0;1;2;3;4;5
6908,6908,6908,6,8,retained,0;1;2;3;4;5
6909,6909,6909,6,8,retained,0;1;2;3;4;5
6910,6910,6910,6,8,retained,0;1;2;3;4;5
6911,6911,6911,6,7,retained,0;1;2;3;4;5
6912,6912,6912,6,8,retained,0;1;2;3;4;5
6913,6913,6913,6,8,retained,0;1;2;3;4;5
6914,6914,6914,6,7,retained,0;1;2;3;4;5
6915,6915,6915,6,6,retained,0;1;2;3;4;5
6916,6916,6916,6,7,retained,0;1;2;3;4;5
6917,6917,6917,6,5,retained,0;1;2;3;4;5
6918,6918,6918,6,6,retained,0;1;2;3;4;5
6919,6919,6919,6,5,retained,0;1;2;3;4;5
6920,6920,6920,6,8,retained,0;1;2;3;4;5
6921,6921,6921,6,6,retained,0;1;2;3;4;5
6922,6922,6922,6,7,retained,0;1;2;3;4;5
6923,6923,6923,6,8,retained,0;1;2;3;4;5
6924,6924,6924,6,6,retained,0;1;2;3;4;5
6925,6925,6925,6,6,retained,0;1;2;3;4;5
6926,6926,6926,6,8,retained,0;1;2;3;4;5
6927,6927,6927,6,7,retained,0;1;2;3;4;5
6928,6928,6928,6,7,retained,0;1;2;3;4;5
6929,6929,6929,6,7,retained,0;1;2;3;4;5
6930,6930,6930,6,8,retained,0;1;2;3;4;5
6931,6931,6931,6,8,retained,0;1;2;3;4;5
6932,6932,6932,6,8,retained,0;1;2;3;4;5
6933,6933,6933,6,7,retained,0;1;2;3;4;5
6934,6934,6934,6,7,retained,0;1;2;3;4;5
6935,6935,6935,6,8,retained,0;1;2;3;4;5
6936,6936,6936,6,8,retained,0;1;2;3;4;5
6937,6937,6937,6,8,retained,0;1;2;3;4;5
6938,6938,6938,6,8,retained,0;1;2;3;4;5
6939,6939,6939,6,8,retained,0;1;2;3;4;5
6940,6940,6940,6,8,retained,0;1;2;3;4;5
6941,6941,6941,6,8,retained,0;1;2;3;4;5
6942,6942,6942,6,7,retained,0;1;2;3;4;5
6943,6943,6943,6,7,retained,0;1;2;3;4;5
6944,6944,6944,6,8,retained,0;1;2;3;4;5
6945,6945,6945,6,7,retained,0;1;2;3;4;5
6946,6946,6946,6,6,retained,0;1;2;3;4;5
6947,6947,6947,6,8,retained,0;1;2;3;4;5
6948,6948,6948,6,6,retained,0;1;2;3;4;5
6949,6949,6949,6,6,retained,0;1;2;3;4;5
6950,6950,6950,6,5,retained,0;1;2;3;4;5
6951,6951,6951,6,6,retained,0;1;2;3;4;5
6952,6952,6952,6,6,retained,0;1;2;3;4;5
6953,6953,6953,6,8,retained,0;1;2;3;4;5
6954,6954,6954,6,8,retained,0;1;2;3;4;5
6955,6955,6955,6,6,retained,0;1;2;3;4;5
6956,6956,6956,6,7,retained,0;1;2;3;4;5
6957,6957,6957,6,8,retained,0;1;2;3;4;5
6958,6958,6958,6,7,retained,0;1;2;3;4;5
6959,6959,6959,6,7,retained,0;1;2;3;4;5
6960,6960,6960,6,6,retained,0;1;2;3;4;5
6961,6961,6961,6,8,retained,0;1;2;3;4;5
6962,6962,6962,6,7,retained,0;1;2;3;4;5
6963,6963,6963,6,6,retained,0;1;2;3;4;5
6964,6964,6964,6,8,retained,0;1;2;3;4;5
6965,6965,6965,6,8,retained,0;1;2;3;4;5
6966,6966,6966,6,7,retained,0;1;2;3;4;5
6967,6967,6967,6,7,retained,0;1;2;3;4;5
6968,6968,6968,6,8,retained,0;1;2;3;4;5
6969,6969,6969,6,6,retained,0;1;2;3;4;5
6970,6970,6970,6,8,retained,0;1;2;3;4;5
6971,6971,6971,6,6,retained,0;1;2;3;4;5
6972,6972,6972,6,5,retained,0;1;2;3;4;5
6973,6973,6973,6,8,retained,0;1;2;3;4;5
6974,6974,6974,6,8,retained,0;1;2;3;4;5
6975,6975,6975,6,5,retained,0;1;2;3;4;5
6976,6976,6976,6,8,retained,0;1;2;3;4;5
6977,6977,6977,6,8,retained,0;1;2;3;4;5
6978,6978,6978,6,8,retained,0;1;2;3;4;5
6979,6979,6979,6,6,retained,0;1;2;3;4;5
6980,6980,6980,6,6,retained,0;1;2;3;4;5
6981,6981,6981,6,7,retained,0;1;2;3;4;5
6982,6982,6982,6,6,retained,0;1;2;3;4;5
6983,6983,6983,6,8,retained,0;1;2;3;4;5
6984,6984,6984,6,8,retained,0;1;2;3;4;5
6985,6985,6985,6,8,retained,0;1;2;3;4;5
6986,6986,6986,6,7,retained,0;1;2;3;4;5
6987,6987,6987,6,6,retained,0;1;2;3;4;5
6988,6988,6988,6,7,retained,0;1;2;3;4;5
6989,6989,6989,6,7,retained,0;1;2;3;4;5
6990,6990,6990,6,8,retained,0;1;2;3;4;5
6991,6991,6991,6,8,retained,0;1;2;3;4;5
6992,6992,6992,6,8,retained,0;1;2;3;4;5
6993,6993,6993,6,7,retained,0;1;2;3;4;5
6994,6994,6994,6,8,retained,0;1;2;3;4;5
6995,6995,6995,6,8,retained,0;1;2;3;4;5
6996,6996,6996,6,8,retained,0;1;2;3;4;5
6997,6997,6997,6,8,retained,0;1;2;3;4;5
6998,6998,6998,6,8,retained,0;1;2;3;4;5
6999,6999,6999,6,8,retained,0;1;2;3;4;5
7000,7000,7000,6,8,retained,0;1;2;3;4;5
7001,7001,7001,6,8,retained,0;1;2;3;4;5
7002,7002,7002,6,6,retained,0;1;2;3;4;5
7003,7003,7003,6,7,retained,0;1;2;3;4;5
7004,7004,7004,6,5,retained,0;1;2;3;4;5
7005,7005,7005,6,7,retained,0;1;2;3;4;5
7006,7006,7006,6,6,retained,0;1;2;3;4;5
7007,7007,7007,6,8,retained,0;1;2;3;4;5
7008,7008,7008,6,5,retained,0;1;2;3;4;5
7009,7009,7009,6,8,retained,0;1;2;3;4;5
7010,7010,7010,6,6,retained,0;1;2;3;4;5
7011,7011,7011,6,8,retained,0;1;2;3;4;5
7012,7012,7012,6,8,retained,0;1;2;3;4;5
7013,7013,7013,6,8,retained,0;1;2;3;4;5
7014,7014,7014,6,7,retained,0;1;2;3;4;5
7015,7015,7015,6,8,retained,0;1;2;3;4;5
7016,7016,7016,6,8,retained,0;1;2;3;4;5
7017,7017,7017,6,8,retained,0;1;2;3;4;5
7018,7018,7018,6,8,retained,0;1;2;3;4;5
7019,7019,7019,6,8,retained,0;1;2;3;4;5
7020,7020,7020,6,8,retained,0;1;2;3;4;5
7021,7021,7021,6,8,retained,0;1;2;3;4;5
7022,7022,7022,6,8,retained,0;1;2;3;4;5
7023,7023,7023,6,7,retained,0;1;2;3;4;5
7024,7024,7024,6,8,retained,0;1;2;3;4;5
7025,7025,7025,6,8,retained,0;1;2;3;4;5
7026,7026,7026,6,6,retained,0;1;2;3;4;5
7027,7027,7027,6,6,retained,0;1;2;3;4;5
7028,7028,7028,6,7,retained,0;1;2;3;4;5
7029,7029,7029,6,8,retained,0;1;2;3;4;5
7030,7030,7030,6,8,retained,0;1;2;3;4;5
7031,7031,7031,6,8,retained,0;1;2;3;4;5
7032,7032,7032,6,8,retained,0;1;2;3;4;5
7033,7033,7033,6,8,retained,0;1;2;3;4;5
7034,7034,7034,6,8,retained,0;1;2;3;4;5
7035,7035,7035,6,7,retained,0;1;2;3;4;5
7036,7036,7036,6,7,retained,0;1;2;3;4;5
7037,7037,7037,6,8,retained,0;1;2;3;4;5
7038,7038,7038,6,7,retained,0;1;2;3;4;5
7039,7039,7039,6,6,retained,0;1;2;3;4;5
7040,7040,7040,6,7,retained,0;1;2;3;4;5
7041,7041,7041,6,6,retained,0;1;2;3;4;5
7042,7042,7042,6,7,retained,0;1;2;3;4;5
7043,7043,7043,6,6,retained,0;1;2;3;4;5
7044,7044,7044,6,6,retained,0;1;2;3;4;5
7045,7045,7045,6,8,retained,0;1;2;3;4;5
7046,7046,7046,6,6,retained,0;1;2;3;4;5
7047,7047,7047,6,6,retained,0;1;2;3;4;5
7048,7048,7048,6,7,retained,0;1;2;3;4;5
7049,7049,7049,6,6,retained,0;1;2;3;4;5
7050,7050,7050,6,7,retained,0;1;2;3;4;5
7051,7051,7051,6,7,retained,0;1;2;3;4;5
7052,7052,7052,6,8,retained,0;1;2;3;4;5
7053,7053,7053,6,8,retained,0;1;2;3;4;5
7054,7054,7054,6,7,retained,0;1;2;3;4;5
7055,7055,7055,6,8,retained,0;1;2;3;4;5
7056,7056,7056,6,6,retained,0;1;2;3;4;5
7057,7057,7057,6,8,retained,0;1;2;3;4;5
7058,7058,7058,6,8,retained,0;1;2;3;4;5
7059,7059,7059,6,8,retained,0;1;2;3;4;5
7060,7060,7060,6,7,retained,0;1;2;3;4;5
7061,7061,7061,6,6,retained,0;1;2;3;4;5
7062,7062,7062,6,6,retained,0;1;2;3;4;5
7063,7063,7063,6,8,retained,0;1;2;3;4;5
7064,7064,7064,6,7,retained,0;1;2;3;4;5
7065,7065,7065,6,8,retained,0;1;2;3;4;5
7066,7066,7066,6,7,retained,0;1;2;3;4;5
7067,7067,7067,6,6,retained,0;1;2;3;4;5
7068,7068,7068,6,6,retained,0;1;2;3;4;5
7069,7069,7069,6,6,retained,0;1;2;3;4;5
7070,7070,7070,6,8,retained,0;1;2;3;4;5
7071,7071,7071,6,6,retained,0;1;2;3;4;5
7072,7072,7072,6,8,retained,0;1;2;3;4;5
7073,7073,7073,6,8,retained,0;1;2;3;4;5
7074,7074,7074,6,6,retained,0;1;2;3;4;5
7075,7075,7075,6,7,retained,0;1;2;3;4;5
7076,7076,7076,6,7,retained,0;1;2;3;4;5
7077,7077,7077,6,6,retained,0;1;2;3;4;5
7078,7078,7078,6,7,retained,0;1;2;3;4;5
7079,7079,7079,6,8,retained,0;1;2;3;4;5
7080,7080,7080,6,7,retained,0;1;2;3;4;5
7081,7081,7081,6,8,retained,0;1;2;3;4;5
7082,7082,7082,6,8,retained,0;1;2;3;4;5
7083,7083,7083,6,8,retained,0;1;2;3;4;5
7084,7084,7084,6,8,retained,0;1;2;3;4;5
7085,7085,7085,6,8,retained,0;1;2;3;4;5
7086,7086,7086,6,8,retained,0;1;2;3;4;5
7087,7087,7087,6,8,retained,0;1;2;3;4;5
7088,7088,7088,6,8,retained,0;1;2;3;4;5
7089,7089,7089,6,8,retained,0;1;2;3;4;5
7090,7090,7090,6,8,retained,0;1;2;3;4;5
7091,7091,7091,6,8,retained,0;1;2;3;4;5
7092,7092,7092,6,6,retained,0;1;2;3;4;5
7093,7093,7093,6,7,retained,0;1;2;3;4;5
7094,7094,7094,6,8,retained,0;1;2;3;4;5
7095,7095,7095,6,7,retained,0;1;2;3;4;5
7096,7096,7096,6,6,retained,0;1;2;3;4;5
7097,7097,7097,6,7,retained,0;1;2;3;4;5
7098,7098,7098,6,8,retained,0;1;2;3;4;5
7099,7099,7099,6,7,retained,0;1;2;3;4;5
7100,7100,7100,6,7,retained,0;1;2;3;4;5
7101,7101,7101,6,8,retained,0;1;2;3;4;5
7102,7102,7102,6,8,retained,0;1;2;3;4;5
7103,7103,7103,6,8,retained,0;1;2;3;4;5
7104,7104,7104,6,8,retained,0;1;2;3;4;5
7105,7105,7105,6,8,retained,0;1;2;3;4;5
7106,7106,7106,6,8,retained,0;1;2;3;4;5
7107,7107,7107,6,8,retained,0;1;2;3;4;5
7108,7108,7108,6,8,retained,0;1;2;3;4;5
7109,7109,7109,6,7,retained,0;1;2;3;4;5
7110,7110,7110,6,8,retained,0;1;2;3;4;5
7111,7111,7111,6,8,retained,0;1;2;3;4;5
7112,7112,7112,6,7,retained,0;1;2;3;4;5
7113,7113,7113,6,8,retained,0;1;2;3;4;5
7114,7114,7114,6,8,retained,0;1;2;3;4;5
7115,7115,7115,6,8,retained,0;1;2;3;4;5
7116,7116,7116,6,8,retained,0;1;2;3;4;5
7117,7117,7117,6,8,retained,0;1;2;3;4;5
7118,7118,7118,6,8,retained,0;1;2;3;4;5
7119,7119,7119,6,8,retained,0;1;2;3;4;5
7120,7120,7120,6,7,retained,0;1;2;3;4;5
7121,7121,7121,6,8,retained,0;1;2;3;4;5
7122,7122,7122,6,7,retained,0;1;2;3;4;5
7123,7123,7123,6,7,retained,0;1;2;3;4;5
7124,7124,7124,6,6,retained,0;1;2;3;4;5
7125,7125,7125,6,7,retained,0;1;2;3;4;5
7126,7126,7126,6,8,retained,0;1;2;3;4;5
7127,7127,7127,6,8,retained,0;1;2;3;4;5
7128,7128,7128,6,8,retained,0;1;2;3;4;5
7129,7129,7129,6,8,retained,0;1;2;3;4;5
7130,7130,7130,6,6,retained,0;1;2;3;4;5
7131,7131,7131,6,8,retained,0;1;2;3;4;5
7132,7132,7132,6,7,retained,0;1;2;3;4;5
7133,7133,7133,6,8,retained,0;1;2;3;4;5
7134,7134,7134,6,8,retained,0;1;2;3;4;5
7135,7135,7135,6,8,retained,0;1;2;3;4;5
7136,7136,7136,6,7,retained,0;1;2;3;4;5
7137,7137,7137,6,7,retained,0;1;2;3;4;5
7138,7138,7138,6,6,retained,0;1;2;3;4;5
7139,7139,7139,6,7,retained,0;1;2;3;4;5
7140,7140,7140,6,8,retained,0;1;2;3;4;5
7141,7141,7141,6,7,retained,0;1;2;3;4;5
7142,7142,7142,6,8,retained,0;1;2;3;4;5
7143,7143,7143,6,8,retained,0;1;2;3;4;5
7144,7144,7144,6,8,retained,0;1;2;3;4;5
7145,7145,7145,6,8,retained,0;1;2;3;4;5
7146,7146,7146,6,8,retained,0;1;2;3;4;5
7147,7147,7147,6,8,retained,0;1;2;3;4;5
7148,7148,7148,6,7,retained,0;1;2;3;4;5
7149,7149,7149,6,8,retained,0;1;2;3;4;5
7150,7150,7150,6,7,retained,0;1;2;3;4;5
7151,7151,7151,6,8,retained,0;1;2;3;4;5
7152,7152,7152,6,8,retained,0;1;2;3;4;5
7153,7153,7153,6,8,retained,0;1;2;3;4;5
7154,7154,7154,6,7,retained,0;1;2;3;4;5
7155,7155,7155,6,8,retained,0;1;2;3;4;5
7156,7156,7156,6,7,retained,0;1;2;3;4;5
7157,7157,7157,6,6,retained,0;1;2;3;4;5
7158,7158,7158,6,7,retained,0;1;2;3;4;5
7159,7159,7159,6,8,retained,0;1;2;3;4;5
7160,7160,7160,6,8,retained,0;1;2;3;4;5
7161,7161,7161,6,7,retained,0;1;2;3;4;5
7162,7162,7162,6,8,retained,0;1;2;3;4;5
7163,7163,7163,6,7,retained,0;1;2;3;4;5
7164,7164,7164,6,6,retained,0;1;2;3;4;5
7165,7165,7165,6,7,retained,0;1;2;3;4;5
7166,7166,7166,6,8,retained,0;1;2;3;4;5
7167,7167,7167,6,8,retained,0;1;2;3;4;5
7168,7168,7168,6,7,retained,0;1;2;3;4;5
7169,7169,7169,6,7,retained,0;1;2;3;4;5
7170,7170,7170,6,8,retained,0;1;2;3;4;5
7171,7171,7171,6,8,retained,0;1;2;3;4;5
7172,7172,7172,6,7,retained,0;1;2;3;4;5
7173,7173,7173,6,8,retained,0;1;2;3;4;5
7174,7174,7174,6,7,retained,0;1;2;3;4;5
7175,7175,7175,6,6,retained,0;1;2;3;4;5
7176,7176,7176,6,8,retained,0;1;2;3;4;5
7177,7177,7177,6,8,retained,0;1;2;3;4;5
7178,7178,7178,6,8,retained,0;1;2;3;4;5
7179,7179,7179,6,8,retained,0;1;2;3;4;5
7180,7180,7180,6,8,retained,0;1;2;3;4;5
7181,7181,7181,6,7,retained,0;1;2;3;4;5
7182,7182,7182,6,7,retained,0;1;2;3;4;5
7183,7183,7183,6,8,retained,0;1;2;3;4;5
7184,7184,7184,6,8,retained,0;1;2;3;4;5
7185,7185,7185,6,8,retained,0;1;2;3;4;5
7186,7186,7186,6,8,retained,0;1;2;3;4;5
7187,7187,7187,6,8,retained,0;1;2;3;4;5
7188,7188,7188,6,8,retained,0;1;2;3;4;5
7189,7189,7189,6,8,retained,0;1;2;3;4;5
7190,7190,7190,6,7,retained,0;1;2;3;4;5
7191,7191,7191,6,8,retained,0;1;2;3;4;5
7192,7192,7192,6,7,retained,0;1;2;3;4;5
7193,7193,7193,6,7,retained,0;1;2;3;4;5
7194,7194,7194,6,8,retained,0;1;2;3;4;5
7195,7195,7195,6,7,retained,0;1;2;3;4;5
7196,7196,7196,6,8,retained,0;1;2;3;4;5
7197,7197,7197,6,8,retained,0;1;2;3;4;5
7198,7198,7198,6,7,retained,0;1;2;3;4;5
7199,7199,7199,6,8,retained,0;1;2;3;4;5
7200,7200,7200,6,7,retained,0;1;2;3;4;5
7201,7201,7201,6,8,retained,0;1;2;3;4;5
7202,7202,7202,6,7,retained,0;1;2;3;4;5
7203,7203,7203,6,8,retained,0;1;2;3;4;5
7204,7204,7204,6,7,retained,0;1;2;3;4;5
7205,7205,7205,6,8,retained,0;1;2;3;4;5
7206,7206,7206,6,7,retained,0;1;2;3;4;5
7207,7207,7207,6,8,retained,0;1;2;3;4;5
7208,7208,7208,6,8,retained,0;1;2;3;4;5
7209,7209,7209,6,7,retained,0;1;2;3;4;5
7210,7210,7210,6,7,retained,0;1;2;3;4;5
7211,7211,7211,6,8,retained,0;1;2;3;4;5
7212,7212,7212,6,8,retained,0;1;2;3;4;5
7213,7213,7213,6,8,retained,0;1;2;3;4;5
7214,7214,7214,6,8,retained,0;1;2;3;4;5
7215,7215,7215,6,8,retained,0;1;2;3;4;5
7216,7216,7216,6,7,retained,0;1;2;3;4;5
7217,7217,7217,6,8,retained,0;1;2;3;4;5
7218,7218,7218,6,8,retained,0;1;2;3;4;5
7219,7219,7219,6,7,retained,0;1;2;3;4;5
7220,7220,7220,6,8,retained,0;1;2;3;4;5
7221,7221,7221,6,8,retained,0;1;2;3;4;5
7222,7222,7222,6,8,retained,0;1;2;3;4;5
7223,7223,7223,6,8,retained,0;1;2;3;4;5
7224,7224,7224,6,8,retained,0;1;2;3;4;5
7225,7225,7225,6,8,retained,0;1;2;3;4;5
7226,7226,7226,6,7,retained,0;1;2;3;4;5
7227,7227,7227,6,7,retained,0;1;2;3;4;5
7228,7228,7228,6,8,retained,0;1;2;3;4;5
7229,7229,7229,6,8,retained,0;1;2;3;4;5
7230,7230,7230,6,8,retained,0;1;2;3;4;5
7231,7231,7231,6,8,retained,0;1;2;3;4;5
7232,7232,7232,6,8,retained,0;1;2;3;4;5
7233,7233,7233,6,8,retained,0;1;2;3;4;5
7234,7234,7234,6,8,retained,0;1;2;3;4;5
7235,7235,7235,6,7,retained,0;1;2;3;4;5
7236,7236,7236,6,8,retained,0;1;2;3;4;5
7237,7237,7237,6,8,retained,0;1;2;3;4;5
7238,7238,7238,6,8,retained,0;1;2;3;4;5
7239,7239,7239,6,8,retained,0;1;2;3;4;5
7240,7240,7240,6,8,retained,0;1;2;3;4;5
7241,7241,7241,6,8,retained,0;1;2;3;4;5
7242,7242,7242,6,8,retained,0;1;2;3;4;5
7243,7243,7243,6,8,retained,0;1;2;3;4;5
7244,7244,7244,6,7,retained,0;1;2;3;4;5
7245,7245,7245,6,8,retained,0;1;2;3;4;5
7246,7246,7246,6,7,retained,0;1;2;3;4;5
7247,7247,7247,6,8,retained,0;1;2;3;4;5
7248,7248,7248,6,8,retained,0;1;2;3;4;5
7249,7249,7249,6,7,retained,0;1;2;3;4;5
7250,7250,7250,6,8,retained,0;1;2;3;4;5
7251,7251,7251,6,8,retained,0;1;2;3;4;5
7252,7252,7252,6,8,retained,0;1;2;3;4;5
7253,7253,7253,6,7,retained,0;1;2;3;4;5
7254,7254,7254,6,7,retained,0;1;2;3;4;5
7255,7255,7255,6,8,retained,0;1;2;3;4;5
7256,7256,7256,6,8,retained,0;1;2;3;4;5
7257,7257,7257,6,8,retained,0;1;2;3;4;5
7258,7258,7258,6,7,retained,0;1;2;3;4;5
7259,7259,7259,6,8,retained,0;1;2;3;4;5
7260,7260,7260,6,8,retained,0;1;2;3;4;5
7261,7261,7261,6,8,retained,0;1;2;3;4;5
7262,7262,7262,6,8,retained,0;1;2;3;4;5
7263,7263,7263,6,8,retained,0;1;2;3;4;5
7264,7264,7264,6,8,retained,0;1;2;3;4;5
7265,7265,7265,6,8,retained,0;1;2;3;4;5
7266,7266,7266,6,8,retained,0;1;2;3;4;5
7267,7267,7267,6,8,retained,0;1;2;3;4;5
7268,7268,7268,6,8,retained,0;1;2;3;4;5
7269,7269,7269,6,8,retained,0;1;2;3;4;5
7270,7270,7270,6,8,retained,0;1;2;3;4;5
7271,7271,7271,6,8,retained,0;1;2;3;4;5
7272,7272,7272,6,8,retained,0;1;2;3;4;5
7273,7273,7273,6,8,retained,0;1;2;3;4;5
7274,7274,7274,6,8,retained,0;1;2;3;4;5
7275,7275,7275,6,7,retained,0;1;2;3;4;5
7276,7276,7276,6,8,retained,0;1;2;3;4;5
7277,7277,7277,6,8,retained,0;1;2;3;4;5
7278,7278,7278,6,7,retained,0;1;2;3;4;5
7279,7279,7279,6,8,retained,0;1;2;3;4;5
7280,7280,7280,6,8,retained,0;1;2;3;4;5
7281,7281,7281,6,8,retained,0;1;2;3;4;5
7282,7282,7282,6,8,retained,0;1;2;3;4;5
7283,7283,7283,6,4,retained,0;1;2;3;4;5
7284,7284,7284,6,4,retained,0;1;2;3;4;5
7285,7285,7285,6,4,retained,0;1;2;3;4;5
7286,7286,7286,6,6,retained,0;1;2;3;4;5
7287,7287,7287,6,8,retained,0;1;2;3;4;5
7288,7288,7288,6,4,retained,0;1;2;3;4;5
7289,7289,7289,6,4,retained,0;1;2;3;4;5
7290,7290,7290,6,5,retained,0;1;2;3;4;5
7291,7291,7291,6,7,retained,0;1;2;3;4;5
7292,7292,7292,6,4,retained,0;1;2;3;4;5
7293,7293,7293,6,4,retained,0;1;2;3;4;5
7294,7294,7294,6,6,retained,0;1;2;3;4;5
7295,7295,7295,6,8,retained,0;1;2;3;4;5
7296,7296,7296,6,4,retained,0;1;2;3;4;5
7297,7297,7297,6,5,retained,0;1;2;3;4;5
7298,7298,7298,6,7,retained,0;1;2;3;4;5
7299,7299,7299,6,4,retained,0;1;2;3;4;5
7300,7300,7300,6,6,retained,0;1;2;3;4;5
7301,7301,7301,6,8,retained,0;1;2;3;4;5
7302,7302,7302,6,5,retained,0;1;2;3;4;5
7303,7303,7303,6,7,retained,0;1;2;3;4;5
7304,7304,7304,6,6,retained,0;1;2;3;4;5
7305,7305,7305,6,8,retained,0;1;2;3;4;5
7306,7306,7306,6,7,retained,0;1;2;3;4;5
7307,7307,7307,6,8,retained,0;1;2;3;4;5
7308,7308,7308,6,4,retained,0;1;2;3;4;5
7309,7309,7309,6,6,retained,0;1;2;3;4;5
7310,7310,7310,6,4,retained,0;1;2;3;4;5
7311,7311,7311,6,8,retained,0;1;2;3;4;5
7312,7312,7312,6,4,retained,0;1;2;3;4;5
7313,7313,7313,6,4,retained,0;1;2;3;4;5
7314,7314,7314,6,6,retained,0;1;2;3;4;5
7315,7315,7315,6,6,retained,0;1;2;3;4;5
7316,7316,7316,6,5,retained,0;1;2;3;4;5
7317,7317,7317,6,6,retained,0;1;2;3;4;5
7318,7318,7318,6,8,retained,0;1;2;3;4;5
7319,7319,7319,6,7,retained,0;1;2;3;4;5
7320,7320,7320,6,8,retained,0;1;2;3;4;5
7321,7321,7321,6,8,retained,0;1;2;3;4;5
7322,7322,7322,6,6,retained,0;1;2;3;4;5
7323,7323,7323,6,4,retained,0;1;2;3;4;5
7324,7324,7324,6,8,retained,0;1;2;3;4;5
7325,7325,7325,6,6,retained,0;1;2;3;4;5
7326,7326,7326,6,6,retained,0;1;2;3;4;5
7327,7327,7327,6,8,retained,0;1;2;3;4;5
7328,7328,7328,6,8,retained,0;1;2;3;4;5
7329,7329,7329,6,8,retained,0;1;2;3;4;5
7330,7330,7330,6,8,retained,0;1;2;3;4;5
7331,7331,7331,6,6,retained,0;1;2;3;4;5
7332,7332,7332,6,7,retained,0;1;2;3;4;5
7333,7333,7333,6,4,retained,0;1;2;3;4;5
7334,7334,7334,6,4,retained,0;1;2;3;4;5
7335,7335,7335,6,8,retained,0;1;2;3;4;5
7336,7336,7336,6,4,retained,0;1;2;3;4;5
7337,7337,7337,6,6,retained,0;1;2;3;4;5
7338,7338,7338,6,5,retained,0;1;2;3;4;5
7339,7339,7339,6,7,retained,0;1;2;3;4;5
7340,7340,7340,6,8,retained,0;1;2;3;4;5
7341,7341,7341,6,7,retained,0;1;2;3;4;5
7342,7342,7342,6,5,retained,0;1;2;3;4;5
7343,7343,7343,6,4,retained,0;1;2;3;4;5
7344,7344,7344,6,4,retained,0;1;2;3;4;5
7345,7345,7345,6,6,retained,0;1;2;3;4;5
7346,7346,7346,6,4,retained,0;1;2;3;4;5
7347,7347,7347,6,7,retained,0;1;2;3;4;5
7348,7348,7348,6,4,retained,0;1;2;3;4;5
7349,7349,7349,6,6,retained,0;1;2;3;4;5
7350,7350,7350,6,6,retained,0;1;2;3;4;5
7351,7351,7351,6,8,retained,0;1;2;3;4;5
7352,7352,7352,6,6,retained,0;1;2;3;4;5
7353,7353,7353,6,8,retained,0;1;2;3;4;5
7354,7354,7354,6,8,retained,0;1;2;3;4;5
7355,7355,7355,6,8,retained,0;1;2;3;4;5
7356,7356,7356,6,5,retained,0;1;2;3;4;5
7357,7357,7357,6,5,retained,0;1;2;3;4;5
7358,7358,7358,6,5,retained,0;1;2;3;4;5
7359,7359,7359,6,8,retained,0;1;2;3;4;5
7360,7360,7360,6,5,retained,0;1;2;3;4;5
7361,7361,7361,6,5,retained,0;1;2;3;4;5
7362,7362,7362,6,5,retained,0;1;2;3;4;5
7363,7363,7363,6,5,retained,0;1;2;3;4;5
7364,7364,7364,6,6,retained,0;1;2;3;4;5
7365,7365,7365,6,5,retained,0;1;2;3;4;5
7366,7366,7366,6,5,retained,0;1;2;3;4;5
7367,7367,7367,6,5,retained,0;1;2;3;4;5
7368,7368,7368,6,5,retained,0;1;2;3;4;5
7369,7369,7369,6,7,retained,0;1;2;3;4;5
7370,7370,7370,6,6,retained,0;1;2;3;4;5
7371,7371,7371,6,6,retained,0;1;2;3;4;5
7372,7372,7372,6,8,retained,0;1;2;3;4;5
7373,7373,7373,6,8,retained,0;1;2;3;4;5
7374,7374,7374,6,8,retained,0;1;2;3;4;5
7375,7375,7375,6,8,retained,0;1;2;3;4;5
7376,7376,7376,6,7,retained,0;1;2;3;4;5
7377,7377,7377,6,8,retained,0;1;2;3;4;5
7378,7378,7378,6,8,retained,0;1;2;3;4;5
7379,7379,7379,6,8,retained,0;1;2;3;4;5
7380,7380,7380,6,5,retained,0;1;2;3;4;5
7381,7381,7381,6,4,retained,0;1;2;3;4;5
7382,7382,7382,6,8,retained,0;1;2;3;4;5
7383,7383,7383,6,4,retained,0;1;2;3;4;5
7384,7384,7384,6,6,retained,0;1;2;3;4;5
7385,7385,7385,6,8,retained,0;1;2;3;4;5
7386,7386,7386,6,8,retained,0;1;2;3;4;5
7387,7387,7387,6,8,retained,0;1;2;3;4;5
7388,7388,7388,6,4,retained,0;1;2;3;4;5
7389,7389,7389,6,4,retained,0;1;2;3;4;5
7390,7390,7390,6,6,retained,0;1;2;3;4;5
7391,7391,7391,6,6,retained,0;1;2;3;4;5
7392,7392,7392,6,6,retained,0;1;2;3;4;5
7393,7393,7393,6,7,retained,0;1;2;3;4;5
7394,7394,7394,6,6,retained,0;1;2;3;4;5
7395,7395,7395,6,6,retained,0;1;2;3;4;5
7396,7396,7396,6,6,retained,0;1;2;3;4;5
7397,7397,7397,6,6,retained,0;1;2;3;4;5
7398,7398,7398,6,8,retained,0;1;2;3;4;5
7399,7399,7399,6,6,retained,0;1;2;3;4;5
7400,7400,7400,6,6,retained,0;1;2;3;4;5
7401,7401,7401,6,6,retained,0;1;2;3;4;5
7402,7402,7402,6,7,retained,0;1;2;3;4;5
7403,7403,7403,6,6,retained,0;1;2;3;4;5
7404,7404,7404,6,6,retained,0;1;2;3;4;5
7405,7405,7405,6,8,retained,0;1;2;3;4;5
7406,7406,7406,6,6,retained,0;1;2;3;4;5
7407,7407,7407,6,8,retained,0;1;2;3;4;5
7408,7408,7408,6,8,retained,0;1;2;3;4;5
7409,7409,7409,6,8,retained,0;1;2;3;4;5
7410,7410,7410,6,8,retained,0;1;2;3;4;5
7411,7411,7411,6,8,retained,0;1;2;3;4;5
7412,7412,7412,6,8,retained,0;1;2;3;4;5
7413,7413,7413,6,8,retained,0;1;2;3;4;5
7414,7414,7414,6,8,retained,0;1;2;3;4;5
7415,7415,7415,6,8,retained,0;1;2;3;4;5
7416,7416,7416,6,8,retained,0;1;2;3;4;5
7417,7417,7417,6,8,retained,0;1;2;3;4;5
7418,7418,7418,6,8,retained,0;1;2;3;4;5
7419,7419,7419,6,8,retained,0;1;2;3;4;5
7420,7420,7420,6,8,retained,0;1;2;3;4;5
7421,7421,7421,6,8,retained,0;1;2;3;4;5
7422,7422,7422,6,8,retained,0;1;2;3;4;5
7423,7423,7423,6,8,retained,0;1;2;3;4;5
7424,7424,7424,6,6,retained,0;1;2;3;4;5
7425,7425,7425,6,4,retained,0;1;2;3;4;5
7426,7426,7426,6,8,retained,0;1;2;3;4;5
7427,7427,7427,6,5,retained,0;1;2;3;4;5
7428,7428,7428,6,5,retained,0;1;2;3;4;5
7429,7429,7429,6,7,retained,0;1;2;3;4;5
7430,7430,7430,6,8,retained,0;1;2;3;4;5
7431,7431,7431,6,7,retained,0;1;2;3;4;5
7432,7432,7432,6,7,retained,0;1;2;3;4;5
7433,7433,7433,6,4,retained,0;1;2;3;4;5
7434,7434,7434,6,7,retained,0;1;2;3;4;5
7435,7435,7435,6,8,retained,0;1;2;3;4;5
7436,7436,7436,6,6,retained,0;1;2;3;4;5
7437,7437,7437,6,6,retained,0;1;2;3;4;5
7438,7438,7438,6,8,retained,0;1;2;3;4;5
7439,7439,7439,6,8,retained,0;1;2;3;4;5
7440,7440,7440,6,8,retained,0;1;2;3;4;5
7441,7441,7441,6,8,retained,0;1;2;3;4;5
7442,7442,7442,6,5,retained,0;1;2;3;4;5
7443,7443,7443,6,7,retained,0;1;2;3;4;5
7444,7444,7444,6,8,retained,0;1;2;3;4;5
7445,7445,7445,6,6,retained,0;1;2;3;4;5
7446,7446,7446,6,8,retained,0;1;2;3;4;5
7447,7447,7447,6,8,retained,0;1;2;3;4;5
7448,7448,7448,6,7,retained,0;1;2;3;4;5
7449,7449,7449,6,8,retained,0;1;2;3;4;5
7450,7450,7450,6,6,retained,0;1;2;3;4;5
7451,7451,7451,6,6,retained,0;1;2;3;4;5
7452,7452,7452,6,6,retained,0;1;2;3;4;5
7453,7453,7453,6,7,retained,0;1;2;3;4;5
7454,7454,7454,6,6,retained,0;1;2;3;4;5
7455,7455,7455,6,6,retained,0;1;2;3;4;5
7456,7456,7456,6,6,retained,0;1;2;3;4;5
7457,7457,7457,6,8,retained,0;1;2;3;4;5
7458,7458,7458,6,6,retained,0;1;2;3;4;5
7459,7459,7459,6,6,retained,0;1;2;3;4;5
7460,7460,7460,6,7,retained,0;1;2;3;4;5
7461,7461,7461,6,6,retained,0;1;2;3;4;5
7462,7462,7462,6,6,retained,0;1;2;3;4;5
7463,7463,7463,6,8,retained,0;1;2;3;4;5
7464,7464,7464,6,6,retained,0;1;2;3;4;5
7465,7465,7465,6,7,retained,0;1;2;3;4;5
7466,7466,7466,6,6,retained,0;1;2;3;4;5
7467,7467,7467,6,8,retained,0;1;2;3;4;5
7468,7468,7468,6,7,retained,0;1;2;3;4;5
7469,7469,7469,6,8,retained,0;1;2;3;4;5
7470,7470,7470,6,4,retained,0;1;2;3;4;5
7471,7471,7471,6,8,retained,0;1;2;3;4;5
7472,7472,7472,6,5,retained,0;1;2;3;4;5
7473,7473,7473,6,5,retained,0;1;2;3;4;5
7474,7474,7474,6,8,retained,0;1;2;3;4;5
7475,7475,7475,6,7,retained,0;1;2;3;4;5
7476,7476,7476,6,8,retained,0;1;2;3;4;5
7477,7477,7477,6,7,retained,0;1;2;3;4;5
7478,7478,7478,6,7,retained,0;1;2;3;4;5
7479,7479,7479,6,4,retained,0;1;2;3;4;5
7480,7480,7480,6,6,retained,0;1;2;3;4;5
7481,7481,7481,6,7,retained,0;1;2;3;4;5
7482,7482,7482,6,5,retained,0;1;2;3;4;5
7483,7483,7483,6,5,retained,0;1;2;3;4;5
7484,7484,7484,6,7,retained,0;1;2;3;4;5
7485,7485,7485,6,6,retained,0;1;2;3;4;5
7486,7486,7486,6,8,retained,0;1;2;3;4;5
7487,7487,7487,6,7,retained,0;1;2;3;4;5
7488,7488,7488,6,5,retained,0;1;2;3;4;5
7489,7489,7489,6,7,retained,0;1;2;3;4;5
7490,7490,7490,6,4,retained,0;1;2;3;4;5
7491,7491,7491,6,7,retained,0;1;2;3;4;5
7492,7492,7492,6,7,retained,0;1;2;3;4;5
7493,7493,7493,6,6,retained,0;1;2;3;4;5
7494,7494,7494,6,5,retained,0;1;2;3;4;5
7495,7495,7495,6,5,retained,0;1;2;3;4;5
7496,7496,7496,6,5,retained,0;1;2;3;4;5
7497,7497,7497,6,7,retained,0;1;2;3;4;5
7498,7498,7498,6,6,retained,0;1;2;3;4;5
7499,7499,7499,6,5,retained,0;1;2;3;4;5
7500,7500,7500,6,5,retained,0;1;2;3;4;5
7501,7501,7501,6,5,retained,0;1;2;3;4;5
7502,7502,7502,6,7,retained,0;1;2;3;4;5
7503,7503,7503,6,5,retained,0;1;2;3;4;5
7504,7504,7504,6,5,retained,0;1;2;3;4;5
7505,7505,7505,6,5,retained,0;1;2;3;4;5
7506,7506,7506,6,5,retained,0;1;2;3;4;5
7507,7507,7507,6,7,retained,0;1;2;3;4;5
7508,7508,7508,6,6,retained,0;1;2;3;4;5
7509,7509,7509,6,8,retained,0;1;2;3;4;5
7510,7510,7510,6,7,retained,0;1;2;3;4;5
7511,7511,7511,6,7,retained,0;1;2;3;4;5
7512,7512,7512,6,8,retained,0;1;2;3;4;5
7513,7513,7513,6,7,retained,0;1;2;3;4;5
7514,7514,7514,6,4,retained,0;1;2;3;4;5
7515,7515,7515,6,7,retained,0;1;2;3;4;5
7516,7516,7516,6,7,retained,0;1;2;3;4;5
7517,7517,7517,6,5,retained,0;1;2;3;4;5
7518,7518,7518,6,8,retained,0;1;2;3;4;5
7519,7519,7519,6,6,retained,0;1;2;3;4;5
7520,7520,7520,6,7,retained,0;1;2;3;4;5
7521,7521,7521,6,6,retained,0;1;2;3;4;5
7522,7522,7522,6,6,retained,0;1;2;3;4;5
7523,7523,7523,6,7,retained,0;1;2;3;4;5
7524,7524,7524,6,6,retained,0;1;2;3;4;5
7525,7525,7525,6,8,retained,0;1;2;3;4;5
7526,7526,7526,6,6,retained,0;1;2;3;4;5
7527,7527,7527,6,6,retained,0;1;2;3;4;5
7528,7528,7528,6,6,retained,0;1;2;3;4;5
7529,7529,7529,6,8,retained,0;1;2;3;4;5
7530,7530,7530,6,6,retained,0;1;2;3;4;5
7531,7531,7531,6,6,retained,0;1;2;3;4;5
7532,7532,7532,6,8,retained,0;1;2;3;4;5
7533,7533,7533,6,6,retained,0;1;2;3;4;5
7534,7534,7534,6,6,retained,0;1;2;3;4;5
7535,7535,7535,6,7,retained,0;1;2;3;4;5
7536,7536,7536,6,8,retained,0;1;2;3;4;5
7537,7537,7537,6,7,retained,0;1;2;3;4;5
7538,7538,7538,6,8,retained,0;1;2;3;4;5
7539,7539,7539,6,8,retained,0;1;2;3;4;5
7540,7540,7540,6,8,retained,0;1;2;3;4;5
7541,7541,7541,6,8,retained,0;1;2;3;4;5
7542,7542,7542,6,8,retained,0;1;2;3;4;5
7543,7543,7543,6,8,retained,0;1;2;3;4;5
7544,7544,7544,6,6,retained,0;1;2;3;4;5
7545,7545,7545,6,8,retained,0;1;2;3;4;5
7546,7546,7546,6,8,retained,0;1;2;3;4;5
7547,7547,7547,6,5,retained,0;1;2;3;4;5
7548,7548,7548,6,6,retained,0;1;2;3;4;5
7549,7549,7549,6,7,retained,0;1;2;3;4;5
7550,7550,7550,6,7,retained,0;1;2;3;4;5
7551,7551,7551,6,7,retained,0;1;2;3;4;5
7552,7552,7552,6,7,retained,0;1;2;3;4;5
7553,7553,7553,6,7,retained,0;1;2;3;4;5
7554,7554,7554,6,7,retained,0;1;2;3;4;5
7555,7555,7555,6,8,retained,0;1;2;3;4;5
7556,7556,7556,6,5,retained,0;1;2;3;4;5
7557,7557,7557,6,6,retained,0;1;2;3;4;5
7558,7558,7558,6,7,retained,0;1;2;3;4;5
7559,7559,7559,6,6,retained,0;1;2;3;4;5
7560,7560,7560,6,6,retained,0;1;2;3;4;5
7561,7561,7561,6,8,retained,0;1;2;3;4;5
7562,7562,7562,6,8,retained,0;1;2;3;4;5
7563,7563,7563,6,6,retained,0;1;2;3;4;5
7564,7564,7564,6,7,retained,0;1;2;3;4;5
7565,7565,7565,6,7,retained,0;1;2;3;4;5
7566,7566,7566,6,7,retained,0;1;2;3;4;5
7567,7567,7567,6,6,retained,0;1;2;3;4;5
7568,7568,7568,6,8,retained,0;1;2;3;4;5
7569,7569,7569,6,7,retained,0;1;2;3;4;5
7570,7570,7570,6,8,retained,0;1;2;3;4;5
7571,7571,7571,6,4,retained,0;1;2;3;4;5
7572,7572,7572,6,6,retained,0;1;2;3;4;5
7573,7573,7573,6,8,retained,0;1;2;3;4;5
7574,7574,7574,6,8,retained,0;1;2;3;4;5
7575,7575,7575,6,6,retained,0;1;2;3;4;5
7576,7576,7576,6,7,retained,0;1;2;3;4;5
7577,7577,7577,6,8,retained,0;1;2;3;4;5
7578,7578,7578,6,7,retained,0;1;2;3;4;5
7579,7579,7579,6,6,retained,0;1;2;3;4;5
7580,7580,7580,6,7,retained,0;1;2;3;4;5
7581,7581,7581,6,8,retained,0;1;2;3;4;5
7582,7582,7582,6,7,retained,0;1;2;3;4;5
7583,7583,7583,6,7,retained,0;1;2;3;4;5
7584,7584,7584,6,5,retained,0;1;2;3;4;5
7585,7585,7585,6,6,retained,0;1;2;3;4;5
7586,7586,7586,6,5,retained,0;1;2;3;4;5
7587,7587,7587,6,7,retained,0;1;2;3;4;5
7588,7588,7588,6,5,retained,0;1;2;3;4;5
7589,7589,7589,6,5,retained,0;1;2;3;4;5
7590,7590,7590,6,5,retained,0;1;2;3;4;5
7591,7591,7591,6,6,retained,0;1;2;3;4;5
7592,7592,7592,6,8,retained,0;1;2;3;4;5
7593,7593,7593,6,6,retained,0;1;2;3;4;5
7594,7594,7594,6,6,retained,0;1;2;3;4;5
7595,7595,7595,6,8,retained,0;1;2;3;4;5
7596,7596,7596,6,8,retained,0;1;2;3;4;5
7597,7597,7597,6,8,retained,0;1;2;3;4;5
7598,7598,7598,6,8,retained,0;1;2;3;4;5
7599,7599,7599,6,6,retained,0;1;2;3;4;5
7600,7600,7600,6,6,retained,0;1;2;3;4;5
7601,7601,7601,6,8,retained,0;1;2;3;4;5
7602,7602,7602,6,6,retained,0;1;2;3;4;5
7603,7603,7603,6,8,retained,0;1;2;3;4;5
7604,7604,7604,6,4,retained,0;1;2;3;4;5
7605,7605,7605,6,8,retained,0;1;2;3;4;5
7606,7606,7606,6,6,retained,0;1;2;3;4;5
7607,7607,7607,6,6,retained,0;1;2;3;4;5
7608,7608,7608,6,6,retained,0;1;2;3;4;5
7609,7609,7609,6,6,retained,0;1;2;3;4;5
7610,7610,7610,6,8,retained,0;1;2;3;4;5
7611,7611,7611,6,8,retained,0;1;2;3;4;5
7612,7612,7612,6,8,retained,0;1;2;3;4;5
7613,7613,7613,6,8,retained,0;1;2;3;4;5
7614,7614,7614,6,8,retained,0;1;2;3;4;5
7615,7615,7615,6,8,retained,0;1;2;3;4;5
7616,7616,7616,6,8,retained,0;1;2;3;4;5
7617,7617,7617,6,7,retained,0;1;2;3;4;5
7618,7618,7618,6,6,retained,0;1;2;3;4;5
7619,7619,7619,6,8,retained,0;1;2;3;4;5
7620,7620,7620,6,8,retained,0;1;2;3;4;5
7621,7621,7621,6,8,retained,0;1;2;3;4;5
7622,7622,7622,6,8,retained,0;1;2;3;4;5
7623,7623,7623,6,8,retained,0;1;2;3;4;5
7624,7624,7624,6,8,retained,0;1;2;3;4;5
7625,7625,7625,6,8,retained,0;1;2;3;4;5
7626,7626,7626,6,8,retained,0;1;2;3;4;5
7627,7627,7627,6,7,retained,0;1;2;3;4;5
7628,7628,7628,6,5,retained,0;1;2;3;4;5
7629,7629,7629,6,5,retained,0;1;2;3;4;5
7630,7630,7630,6,7,retained,0;1;2;3;4;5
7631,7631,7631,6,5,retained,0;1;2;3;4;5
7632,7632,7632,6,6,retained,0;1;2;3;4;5
7633,7633,7633,6,8,retained,0;1;2;3;4;5
7634,7634,7634,6,5,retained,0;1;2;3;4;5
7635,7635,7635,6,7,retained,0;1;2;3;4;5
7636,7636,7636,6,6,retained,0;1;2;3;4;5
7637,7637,7637,6,8,retained,0;1;2;3;4;5
7638,7638,7638,6,7,retained,0;1;2;3;4;5
7639,7639,7639,6,8,retained,0;1;2;3;4;5
7640,7640,7640,6,6,retained,0;1;2;3;4;5
7641,7641,7641,6,5,retained,0;1;2;3;4;5
7642,7642,7642,6,7,retained,0;1;2;3;4;5
7643,7643,7643,6,7,retained,0;1;2;3;4;5
7644,7644,7644,6,8,retained,0;1;2;3;4;5
7645,7645,7645,6,7,retained,0;1;2;3;4;5
7646,7646,7646,6,7,retained,0;1;2;3;4;5
7647,7647,7647,6,5,retained,0;1;2;3;4;5
7648,7648,7648,6,8,retained,0;1;2;3;4;5
7649,7649,7649,6,5,retained,0;1;2;3;4;5
7650,7650,7650,6,8,retained,0;1;2;3;4;5
7651,7651,7651,6,7,retained,0;1;2;3;4;5
7652,7652,7652,6,7,retained,0;1;2;3;4;5
7653,7653,7653,6,7,retained,0;1;2;3;4;5
7654,7654,7654,6,7,retained,0;1;2;3;4;5
7655,7655,7655,6,8,retained,0;1;2;3;4;5
7656,7656,7656,6,7,retained,0;1;2;3;4;5
7657,7657,7657,6,6,retained,0;1;2;3;4;5
7658,7658,7658,6,7,retained,0;1;2;3;4;5
7659,7659,7659,6,8,retained,0;1;2;3;4;5
7660,7660,7660,6,8,retained,0;1;2;3;4;5
7661,7661,7661,6,8,retained,0;1;2;3;4;5
7662,7662,7662,6,7,retained,0;1;2;3;4;5
7663,7663,7663,6,7,retained,0;1;2;3;4;5
7664,7664,7664,6,7,retained,0;1;2;3;4;5
7665,7665,7665,6,5,retained,0;1;2;3;4;5
7666,7666,7666,6,6,retained,0;1;2;3;4;5
7667,7667,7667,6,7,retained,0;1;2;3;4;5
7668,7668,7668,6,6,retained,0;1;2;3;4;5
7669,7669,7669,6,8,retained,0;1;2;3;4;5
7670,7670,7670,6,8,retained,0;1;2;3;4;5
7671,7671,7671,6,5,retained,0;1;2;3;4;5
7672,7672,7672,6,7,retained,0;1;2;3;4;5
7673,7673,7673,6,7,retained,0;1;2;3;4;5
7674,7674,7674,6,6,retained,0;1;2;3;4;5
7675,7675,7675,6,8,retained,0;1;2;3;4;5
7676,7676,7676,6,7,retained,0;1;2;3;4;5
7677,7677,7677,6,8,retained,0;1;2;3;4;5
7678,7678,7678,6,7,retained,0;1;2;3;4;5
7679,7679,7679,6,6,retained,0;1;2;3;4;5
7680,7680,7680,6,8,retained,0;1;2;3;4;5
7681,7681,7681,6,7,retained,0;1;2;3;4;5
7682,7682,7682,6,8,retained,0;1;2;3;4;5
7683,7683,7683,6,8,retained,0;1;2;3;4;5
7684,7684,7684,6,8,retained,0;1;2;3;4;5
7685,7685,7685,6,7,retained,0;1;2;3;4;5
7686,7686,7686,6,8,retained,0;1;2;3;4;5
7687,7687,7687,6,7,retained,0;1;2;3;4;5
7688,7688,7688,6,8,retained,0;1;2;3;4;5
7689,7689,7689,6,7,retained,0;1;2;3;4;5
7690,7690,7690,6,8,retained,0;1;2;3;4;5
7691,7691,7691,6,7,retained,0;1;2;3;4;5
7692,7692,7692,6,8,retained,0;1;2;3;4;5
7693,7693,7693,6,8,retained,0;1;2;3;4;5
7694,7694,7694,6,7,retained,0;1;2;3;4;5
7695,7695,7695,6,8,retained,0;1;2;3;4;5
7696,7696,7696,6,8,retained,0;1;2;3;4;5
7697,7697,7697,6,8,retained,0;1;2;3;4;5
7698,7698,7698,6,8,retained,0;1;2;3;4;5
7699,7699,7699,6,7,retained,0;1;2;3;4;5
7700,7700,7700,6,8,retained,0;1;2;3;4;5
7701,7701,7701,6,8,retained,0;1;2;3;4;5
7702,7702,7702,6,7,retained,0;1;2;3;4;5
7703,7703,7703,6,8,retained,0;1;2;3;4;5
7704,7704,7704,6,8,retained,0;1;2;3;4;5
7705,7705,7705,6,8,retained,0;1;2;3;4;5
7706,7706,7706,6,8,retained,0;1;2;3;4;5
7707,7707,7707,6,8,retained,0;1;2;3;4;5
7708,7708,7708,6,8,retained,0;1;2;3;4;5
7709,7709,7709,6,8,retained,0;1;2;3;4;5
7710,7710,7710,6,8,retained,0;1;2;3;4;5
7711,7711,7711,6,8,retained,0;1;2;3;4;5
7712,7712,7712,6,8,retained,0;1;2;3;4;5
7713,7713,7713,6,8,retained,0;1;2;3;4;5
7714,7714,7714,6,8,retained,0;1;2;3;4;5
7715,7715,7715,6,8,retained,0;1;2;3;4;5
7716,7716,7716,6,8,retained,0;1;2;3;4;5
7717,7717,7717,6,8,retained,0;1;2;3;4;5
7718,7718,7718,6,8,retained,0;1;2;3;4;5
7719,7719,7719,6,8,retained,0;1;2;3;4;5
7720,7720,7720,6,8,retained,0;1;2;3;4;5
7721,7721,7721,6,8,retained,0;1;2;3;4;5
7722,7722,7722,6,8,retained,0;1;2;3;4;5
7723,7723,7723,6,8,retained,0;1;2;3;4;5
7724,7724,7724,6,8,retained,0;1;2;3;4;5
7725,7725,7725,6,8,retained,0;1;2;3;4;5
7726,7726,7726,6,8,retained,0;1;2;3;4;5
7727,7727,7727,6,8,retained,0;1;2;3;4;5
7728,7728,7728,6,8,retained,0;1;2;3;4;5
7729,7729,7729,6,8,retained,0;1;2;3;4;5
7730,7730,7730,6,8,retained,0;1;2;3;4;5
7731,7731,7731,6,8,retained,0;1;2;3;4;5
7732,7732,7732,6,8,retained,0;1;2;3;4;5
7733,7733,7733,6,8,retained,0;1;2;3;4;5
7734,7734,7734,6,8,retained,0;1;2;3;4;5
7735,7735,7735,6,8,retained,0;1;2;3;4;5
7736,7736,7736,6,8,retained,0;1;2;3;4;5
7737,7737,7737,6,8,retained,0;1;2;3;4;5
7738,7738,7738,6,8,retained,0;1;2;3;4;5
7739,7739,7739,6,8,retained,0;1;2;3;4;5
7740,7740,7740,6,8,retained,0;1;2;3;4;5
7741,7741,7741,6,8,retained,0;1;2;3;4;5
7742,7742,7742,6,8,retained,0;1;2;3;4;5
7743,7743,7743,6,8,retained,0;1;2;3;4;5
7744,7744,7744,6,8,retained,0;1;2;3;4;5
7745,7745,7745,6,8,retained,0;1;2;3;4;5
7746,7746,7746,6,8,retained,0;1;2;3;4;5
7747,7747,7747,6,8,retained,0;1;2;3;4;5
7748,7748,7748,6,8,retained,0;1;2;3;4;5
7749,7749,7749,6,8,retained,0;1;2;3;4;5
7750,7750,7750,6,8,retained,0;1;2;3;4;5
7751,7751,7751,6,8,retained,0;1;2;3;4;5
7752,7752,7752,6,8,retained,0;1;2;3;4;5
7753,7753,7753,6,8,retained,0;1;2;3;4;5
7754,7754,7754,6,8,retained,0;1;2;3;4;5
7755,7755,7755,6,8,retained,0;1;2;3;4;5
7756,7756,7756,6,8,retained,0;1;2;3;4;5
7757,7757,7757,6,8,retained,0;1;2;3;4;5
7758,7758,7758,6,8,retained,0;1;2;3;4;5
7759,7759,7759,6,8,retained,0;1;2;3;4;5
7760,7760,7760,6,8,retained,0;1;2;3;4;5
7761,7761,7761,6,8,retained,0;1;2;3;4;5
7762,7762,7762,6,8,retained,0;1;2;3;4;5
7763,7763,7763,6,8,retained,0;1;2;3;4;5
7764,7764,7764,6,8,retained,0;1;2;3;4;5
7765,7765,7765,6,2,retained,0;1;2;3;4;5
7766,7766,7766,6,4,retained,0;1;2;3;4;5
7767,7767,7767,6,3,retained,0;1;2;3;4;5
7768,7768,7768,6,8,retained,0;1;2;3;4;5
7769,7769,7769,6,8,retained,0;1;2;3;4;5
7770,7770,7770,6,3,retained,0;1;2;3;4;5
7771,7771,7771,6,6,retained,0;1;2;3;4;5
7772,7772,7772,6,6,retained,0;1;2;3;4;5
7773,7773,7773,6,2,retained,0;1;2;3;4;5
7774,7774,7774,6,5,retained,0;1;2;3;4;5
7775,7775,7775,6,5,retained,0;1;2;3;4;5
7776,7776,7776,6,4,retained,0;1;2;3;4;5
7777,7777,7777,6,2,retained,0;1;2;3;4;5
7778,7778,7778,6,6,retained,0;1;2;3;4;5
7779,7779,7779,6,1,retained,0;1;2;3;4;5
7780,7780,7780,6,5,retained,0;1;2;3;4;5
7781,7781,7781,6,7,retained,0;1;2;3;4;5
7782,7782,7782,6,4,retained,0;1;2;3;4;5
7783,7783,7783,6,8,retained,0;1;2;3;4;5
7784,7784,7784,6,8,retained,0;1;2;3;4;5
7785,7785,7785,6,3,retained,0;1;2;3;4;5
7786,7786,7786,6,4,retained,0;1;2;3;4;5
7787,7787,7787,6,6,retained,0;1;2;3;4;5
7788,7788,7788,6,5,retained,0;1;2;3;4;5
7789,7789,7789,6,8,retained,0;1;2;3;4;5
7790,7790,7790,6,4,retained,0;1;2;3;4;5
7791,7791,7791,6,7,retained,0;1;2;3;4;5
7792,7792,7792,6,6,retained,0;1;2;3;4;5
7793,7793,7793,6,8,retained,0;1;2;3;4;5
7794,7794,7794,6,4,retained,0;1;2;3;4;5
7795,7795,7795,6,7,retained,0;1;2;3;4;5
7796,7796,7796,6,3,retained,0;1;2;3;4;5
7797,7797,7797,6,6,retained,0;1;2;3;4;5
7798,7798,7798,6,5,retained,0;1;2;3;4;5
7799,7799,7799,6,8,retained,0;1;2;3;4;5
7800,7800,7800,6,7,retained,0;1;2;3;4;5
7801,7801,7801,6,5,retained,0;1;2;3;4;5
7802,7802,7802,6,8,retained,0;1;2;3;4;5
7803,7803,7803,6,4,retained,0;1;2;3;4;5
7804,7804,7804,6,7,retained,0;1;2;3;4;5
7805,7805,7805,6,6,retained,0;1;2;3;4;5
7806,7806,7806,6,8,retained,0;1;2;3;4;5
7807,7807,7807,6,6,retained,0;1;2;3;4;5
7808,7808,7808,6,5,retained,0;1;2;3;4;5
7809,7809,7809,6,8,retained,0;1;2;3;4;5
7810,7810,7810,6,7,retained,0;1;2;3;4;5
7811,7811,7811,6,7,retained,0;1;2;3;4;5
7812,7812,7812,6,6,retained,0;1;2;3;4;5
7813,7813,7813,6,8,retained,0;1;2;3;4;5
7814,7814,7814,6,8,retained,0;1;2;3;4;5
7815,7815,7815,6,7,retained,0;1;2;3;4;5
7816,7816,7816,6,8,retained,0;1;2;3;4;5
7817,7817,7817,6,7,retained,0;1;2;3;4;5
7818,7818,7818,6,4,retained,0;1;2;3;4;5
7819,7819,7819,6,2,retained,0;1;2;3;4;5
7820,7820,7820,6,3,retained,0;1;2;3;4;5
7821,7821,7821,6,7,retained,0;1;2;3;4;5
7822,7822,7822,6,3,retained,0;1;2;3;4;5
7823,7823,7823,6,8,retained,0;1;2;3;4;5
7824,7824,7824,6,7,retained,0;1;2;3;4;5
7825,7825,7825,6,7,retained,0;1;2;3;4;5
7826,7826,7826,6,8,retained,0;1;2;3;4;5
7827,7827,7827,6,8,retained,0;1;2;3;4;5
7828,7828,7828,6,7,retained,0;1;2;3;4;5
7829,7829,7829,6,4,retained,0;1;2;3;4;5
7830,7830,7830,6,6,retained,0;1;2;3;4;5
7831,7831,7831,6,6,retained,0;1;2;3;4;5
7832,7832,7832,6,8,retained,0;1;2;3;4;5
7833,7833,7833,6,5,retained,0;1;2;3;4;5
7834,7834,7834,6,6,retained,0;1;2;3;4;5
7835,7835,7835,6,6,retained,0;1;2;3;4;5
7836,7836,7836,6,4,retained,0;1;2;3;4;5
7837,7837,7837,6,7,retained,0;1;2;3;4;5
7838,7838,7838,6,7,retained,0;1;2;3;4;5
7839,7839,7839,6,5,retained,0;1;2;3;4;5
7840,7840,7840,6,8,retained,0;1;2;3;4;5
7841,7841,7841,6,8,retained,0;1;2;3;4;5
7842,7842,7842,6,8,retained,0;1;2;3;4;5
7843,7843,7843,6,8,retained,0;1;2;3;4;5
7844,7844,7844,6,6,retained,0;1;2;3;4;5
7845,7845,7845,6,3,retained,0;1;2;3;4;5
7846,7846,7846,6,6,retained,0;1;2;3;4;5
7847,7847,7847,6,7,retained,0;1;2;3;4;5
7848,7848,7848,6,4,retained,0;1;2;3;4;5
7849,7849,7849,6,4,retained,0;1;2;3;4;5
7850,7850,7850,6,6,retained,0;1;2;3;4;5
7851,7851,7851,6,7,retained,0;1;2;3;4;5
7852,7852,7852,6,5,retained,0;1;2;3;4;5
7853,7853,7853,6,4,retained,0;1;2;3;4;5
7854,7854,7854,6,6,retained,0;1;2;3;4;5
7855,7855,7855,6,8,retained,0;1;2;3;4;5
7856,7856,7856,6,3,retained,0;1;2;3;4;5
7857,7857,7857,6,8,retained,0;1;2;3;4;5
7858,7858,7858,6,4,retained,0;1;2;3;4;5
7859,7859,7859,6,7,retained,0;1;2;3;4;5
7860,7860,7860,6,8,retained,0;1;2;3;4;5
7861,7861,7861,6,8,retained,0;1;2;3;4;5
7862,7862,7862,6,8,retained,0;1;2;3;4;5
7863,7863,7863,6,8,retained,0;1;2;3;4;5
7864,7864,7864,6,8,retained,0;1;2;3;4;5
7865,7865,7865,6,8,retained,0;1;2;3;4;5
7866,7866,7866,6,7,retained,0;1;2;3;4;5
7867,7867,7867,6,6,retained,0;1;2;3;4;5
7868,7868,7868,6,6,retained,0;1;2;3;4;5
7869,7869,7869,6,8,retained,0;1;2;3;4;5
7870,7870,7870,6,4,retained,0;1;2;3;4;5
7871,7871,7871,6,7,retained,0;1;2;3;4;5
7872,7872,7872,6,6,retained,0;1;2;3;4;5
7873,7873,7873,6,2,retained,0;1;2;3;4;5
7874,7874,7874,6,2,retained,0;1;2;3;4;5
7875,7875,7875,6,3,retained,0;1;2;3;4;5
7876,7876,7876,6,8,retained,0;1;2;3;4;5
7877,7877,7877,6,7,retained,0;1;2;3;4;5
7878,7878,7878,6,7,retained,0;1;2;3;4;5
7879,7879,7879,6,8,retained,0;1;2;3;4;5
7880,7880,7880,6,3,retained,0;1;2;3;4;5
7881,7881,7881,6,7,retained,0;1;2;3;4;5
7882,7882,7882,6,8,retained,0;1;2;3;4;5
7883,7883,7883,6,7,retained,0;1;2;3;4;5
7884,7884,7884,6,6,retained,0;1;2;3;4;5
7885,7885,7885,6,5,retained,0;1;2;3;4;5
7886,7886,7886,6,5,retained,0;1;2;3;4;5
7887,7887,7887,6,5,retained,0;1;2;3;4;5
7888,7888,7888,6,4,retained,0;1;2;3;4;5
7889,7889,7889,6,3,retained,0;1;2;3;4;5
7890,7890,7890,6,8,retained,0;1;2;3;4;5
7891,7891,7891,6,7,retained,0;1;2;3;4;5
7892,7892,7892,6,6,retained,0;1;2;3;4;5
7893,7893,7893,6,8,retained,0;1;2;3;4;5
7894,7894,7894,6,7,retained,0;1;2;3;4;5
7895,7895,7895,6,8,retained,0;1;2;3;4;5
7896,7896,7896,6,5,retained,0;1;2;3;4;5
7897,7897,7897,6,5,retained,0;1;2;3;4;5
7898,7898,7898,6,8,retained,0;1;2;3;4;5
7899,7899,7899,6,8,retained,0;1;2;3;4;5
7900,7900,7900,6,7,retained,0;1;2;3;4;5
7901,7901,7901,6,7,retained,0;1;2;3;4;5
7902,7902,7902,6,8,retained,0;1;2;3;4;5
7903,7903,7903,6,4,retained,0;1;2;3;4;5
7904,7904,7904,6,8,retained,0;1;2;3;4;5
7905,7905,7905,6,7,retained,0;1;2;3;4;5
7906,7906,7906,6,8,retained,0;1;2;3;4;5
7907,7907,7907,6,5,retained,0;1;2;3;4;5
7908,7908,7908,6,7,retained,0;1;2;3;4;5
7909,7909,7909,6,5,retained,0;1;2;3;4;5
7910,7910,7910,6,7,retained,0;1;2;3;4;5
7911,7911,7911,6,7,retained,0;1;2;3;4;5
7912,7912,7912,6,6,retained,0;1;2;3;4;5
7913,7913,7913,6,7,retained,0;1;2;3;4;5
7914,7914,7914,6,7,retained,0;1;2;3;4;5
7915,7915,7915,6,6,retained,0;1;2;3;4;5
7916,7916,7916,6,2,retained,0;1;2;3;4;5
7917,7917,7917,6,4,retained,0;1;2;3;4;5
7918,7918,7918,6,4,retained,0;1;2;3;4;5
7919,7919,7919,6,7,retained,0;1;2;3;4;5
7920,7920,7920,6,7,retained,0;1;2;3;4;5
7921,7921,7921,6,4,retained,0;1;2;3;4;5
7922,7922,7922,6,4,retained,0;1;2;3;4;5
7923,7923,7923,6,8,retained,0;1;2;3;4;5
7924,7924,7924,6,7,retained,0;1;2;3;4;5
7925,7925,7925,6,7,retained,0;1;2;3;4;5
7926,7926,7926,6,7,retained,0;1;2;3;4;5
7927,7927,7927,6,8,retained,0;1;2;3;4;5
7928,7928,7928,6,8,retained,0;1;2;3;4;5
7929,7929,7929,6,6,retained,0;1;2;3;4;5
7930,7930,7930,6,8,retained,0;1;2;3;4;5
7931,7931,7931,6,8,retained,0;1;2;3;4;5
7932,7932,7932,6,7,retained,0;1;2;3;4;5
7933,7933,7933,6,7,retained,0;1;2;3;4;5
7934,7934,7934,6,5,retained,0;1;2;3;4;5
7935,7935,7935,6,8,retained,0;1;2;3;4;5
7936,7936,7936,6,7,retained,0;1;2;3;4;5
7937,7937,7937,6,6,retained,0;1;2;3;4;5
7938,7938,7938,6,6,retained,0;1;2;3;4;5
7939,7939,7939,6,8,retained,0;1;2;3;4;5
7940,7940,7940,6,8,retained,0;1;2;3;4;5
7941,7941,7941,6,8,retained,0;1;2;3;4;5
7942,7942,7942,6,6,retained,0;1;2;3;4;5
7943,7943,7943,6,7,retained,0;1;2;3;4;5
7944,7944,7944,6,6,retained,0;1;2;3;4;5
7945,7945,7945,6,7,retained,0;1;2;3;4;5
7946,7946,7946,6,7,retained,0;1;2;3;4;5
7947,7947,7947,6,4,retained,0;1;2;3;4;5
7948,7948,7948,6,8,retained,0;1;2;3;4;5
7949,7949,7949,6,7,retained,0;1;2;3;4;5
7950,7950,7950,6,7,retained,0;1;2;3;4;5
7951,7951,7951,6,8,retained,0;1;2;3;4;5
7952,7952,7952,6,5,retained,0;1;2;3;4;5
7953,7953,7953,6,5,retained,0;1;2;3;4;5
7954,7954,7954,6,5,retained,0;1;2;3;4;5
7955,7955,7955,6,5,retained,0;1;2;3;4;5
7956,7956,7956,6,5,retained,0;1;2;3;4;5
7957,7957,7957,6,5,retained,0;1;2;3;4;5
7958,7958,7958,6,6,retained,0;1;2;3;4;5
7959,7959,7959,6,7,retained,0;1;2;3;4;5
7960,7960,7960,6,8,retained,0;1;2;3;4;5
7961,7961,7961,6,6,retained,0;1;2;3;4;5
7962,7962,7962,6,6,retained,0;1;2;3;4;5
7963,7963,7963,6,4,retained,0;1;2;3;4;5
7964,7964,7964,6,8,retained,0;1;2;3;4;5
7965,7965,7965,6,8,retained,0;1;2;3;4;5
7966,7966,7966,6,8,retained,0;1;2;3;4;5
7967,7967,7967,6,8,retained,0;1;2;3;4;5
7968,7968,7968,6,8,retained,0;1;2;3;4;5
7969,7969,7969,6,8,retained,0;1;2;3;4;5
7970,7970,7970,6,8,retained,0;1;2;3;4;5
7971,7971,7971,6,7,retained,0;1;2;3;4;5
7972,7972,7972,6,5,retained,0;1;2;3;4;5
7973,7973,7973,6,6,retained,0;1;2;3;4;5
7974,7974,7974,6,8,retained,0;1;2;3;4;5
7975,7975,7975,6,4,retained,0;1;2;3;4;5
7976,7976,7976,6,7,retained,0;1;2;3;4;5
7977,7977,7977,6,6,retained,0;1;2;3;4;5
7978,7978,7978,6,5,retained,0;1;2;3;4;5
7979,7979,7979,6,4,retained,0;1;2;3;4;5
7980,7980,7980,6,5,retained,0;1;2;3;4;5
7981,7981,7981,6,6,retained,0;1;2;3;4;5
7982,7982,7982,6,8,retained,0;1;2;3;4;5
7983,7983,7983,6,7,retained,0;1;2;3;4;5
7984,7984,7984,6,8,retained,0;1;2;3;4;5
7985,7985,7985,6,8,retained,0;1;2;3;4;5
7986,7986,7986,6,8,retained,0;1;2;3;4;5
7987,7987,7987,6,8,retained,0;1;2;3;4;5
7988,7988,7988,6,6,retained,0;1;2;3;4;5
7989,7989,7989,6,4,retained,0;1;2;3;4;5
7990,7990,7990,6,8,retained,0;1;2;3;4;5
7991,7991,7991,6,6,retained,0;1;2;3;4;5
7992,7992,7992,6,7,retained,0;1;2;3;4;5
7993,7993,7993,6,7,retained,0;1;2;3;4;5
7994,7994,7994,6,8,retained,0;1;2;3;4;5
7995,7995,7995,6,8,retained,0;1;2;3;4;5
7996,7996,7996,6,8,retained,0;1;2;3;4;5
7997,7997,7997,6,8,retained,0;1;2;3;4;5
7998,7998,7998,6,8,retained,0;1;2;3;4;5
7999,7999,7999,6,8,retained,0;1;2;3;4;5
8000,8000,8000,6,8,retained,0;1;2;3;4;5
8001,8001,8001,6,8,retained,0;1;2;3;4;5
8002,8002,8002,6,8,retained,0;1;2;3;4;5
8003,8003,8003,6,8,retained,0;1;2;3;4;5
8004,8004,8004,6,8,retained,0;1;2;3;4;5
8005,8005,8005,6,8,retained,0;1;2;3;4;5
8006,8006,8006,6,7,retained,0;1;2;3;4;5
8007,8007,8007,6,8,retained,0;1;2;3;4;5
8008,8008,8008,6,3,retained,0;1;2;3;4;5
8009,8009,8009,6,2,retained,0;1;2;3;4;5
8010,8010,8010,6,8,retained,0;1;2;3;4;5
8011,8011,8011,6,5,retained,0;1;2;3;4;5
8012,8012,8012,6,5,retained,0;1;2;3;4;5
8013,8013,8013,6,8,retained,0;1;2;3;4;5
8014,8014,8014,6,5,retained,0;1;2;3;4;5
8015,8015,8015,6,8,retained,0;1;2;3;4;5
8016,8016,8016,6,8,retained,0;1;2;3;4;5
8017,8017,8017,6,4,retained,0;1;2;3;4;5
8018,8018,8018,6,7,retained,0;1;2;3;4;5
8019,8019,8019,6,3,retained,0;1;2;3;4;5
8020,8020,8020,6,6,retained,0;1;2;3;4;5
8021,8021,8021,6,7,retained,0;1;2;3;4;5
8022,8022,8022,6,6,retained,0;1;2;3;4;5
8023,8023,8023,6,7,retained,0;1;2;3;4;5
8024,8024,8024,6,6,retained,0;1;2;3;4;5
8025,8025,8025,6,8,retained,0;1;2;3;4;5
8026,8026,8026,6,7,retained,0;1;2;3;4;5
8027,8027,8027,6,6,retained,0;1;2;3;4;5
8028,8028,8028,6,7,retained,0;1;2;3;4;5
8029,8029,8029,6,4,retained,0;1;2;3;4;5
8030,8030,8030,6,5,retained,0;1;2;3;4;5
8031,8031,8031,6,6,retained,0;1;2;3;4;5
8032,8032,8032,6,5,retained,0;1;2;3;4;5
8033,8033,8033,6,7,retained,0;1;2;3;4;5
8034,8034,8034,6,6,retained,0;1;2;3;4;5
8035,8035,8035,6,5,retained,0;1;2;3;4;5
8036,8036,8036,6,6,retained,0;1;2;3;4;5
8037,8037,8037,6,3,retained,0;1;2;3;4;5
8038,8038,8038,6,4,retained,0;1;2;3;4;5
8039,8039,8039,6,5,retained,0;1;2;3;4;5
8040,8040,8040,6,4,retained,0;1;2;3;4;5
8041,8041,8041,6,5,retained,0;1;2;3;4;5
8042,8042,8042,6,2,retained,0;1;2;3;4;5
8043,8043,8043,6,3,retained,0;1;2;3;4;5
8044,8044,8044,6,7,retained,0;1;2;3;4;5
8045,8045,8045,6,7,retained,0;1;2;3;4;5
8046,8046,8046,6,6,retained,0;1;2;3;4;5
8047,8047,8047,6,6,retained,0;1;2;3;4;5
8048,8048,8048,6,4,retained,0;1;2;3;4;5
8049,8049,8049,6,6,retained,0;1;2;3;4;5
8050,8050,8050,6,7,retained,0;1;2;3;4;5
8051,8051,8051,6,8,retained,0;1;2;3;4;5
8052,8052,8052,6,8,retained,0;1;2;3;4;5
8053,8053,8053,6,8,retained,0;1;2;3;4;5
8054,8054,8054,6,8,retained,0;1;2;3;4;5
8055,8055,8055,6,8,retained,0;1;2;3;4;5
8056,8056,8056,6,8,retained,0;1;2;3;4;5
8057,8057,8057,6,4,retained,0;1;2;3;4;5
8058,8058,8058,6,7,retained,0;1;2;3;4;5
8059,8059,8059,6,8,retained,0;1;2;3;4;5
8060,8060,8060,6,7,retained,0;1;2;3;4;5
8061,8061,8061,6,7,retained,0;1;2;3;4;5
8062,8062,8062,6,7,retained,0;1;2;3;4;5
8063,8063,8063,6,5,retained,0;1;2;3;4;5
8064,8064,8064,6,3,retained,0;1;2;3;4;5
8065,8065,8065,6,6,retained,0;1;2;3;4;5
8066,8066,8066,6,8,retained,0;1;2;3;4;5
8067,8067,8067,6,8,retained,0;1;2;3;4;5
8068,8068,8068,6,5,retained,0;1;2;3;4;5
8069,8069,8069,6,8,retained,0;1;2;3;4;5
8070,8070,8070,6,8,retained,0;1;2;3;4;5
8071,8071,8071,6,6,retained,0;1;2;3;4;5
8072,8072,8072,6,6,retained,0;1;2;3;4;5
8073,8073,8073,6,4,retained,0;1;2;3;4;5
8074,8074,8074,6,7,retained,0;1;2;3;4;5
8075,8075,8075,6,8,retained,0;1;2;3;4;5
8076,8076,8076,6,6,retained,0;1;2;3;4;5
8077,8077,8077,6,5,retained,0;1;2;3;4;5
8078,8078,8078,6,5,retained,0;1;2;3;4;5
8079,8079,8079,6,5,retained,0;1;2;3;4;5
8080,8080,8080,6,2,retained,0;1;2;3;4;5
8081,8081,8081,6,6,retained,0;1;2;3;4;5
8082,8082,8082,6,5,retained,0;1;2;3;4;5
8083,8083,8083,6,4,retained,0;1;2;3;4;5
8084,8084,8084,6,8,retained,0;1;2;3;4;5
8085,8085,8085,6,6,retained,0;1;2;3;4;5
8086,8086,8086,6,5,retained,0;1;2;3;4;5
8087,8087,8087,6,5,retained,0;1;2;3;4;5
8088,8088,8088,6,8,retained,0;1;2;3;4;5
8089,8089,8089,6,4,retained,0;1;2;3;4;5
8090,8090,8090,6,8,retained,0;1;2;3;4;5
8091,8091,8091,6,6,retained,0;1;2;3;4;5
8092,8092,8092,6,7,retained,0;1;2;3;4;5
8093,8093,8093,6,8,retained,0;1;2;3;4;5
8094,8094,8094,6,8,retained,0;1;2;3;4;5
8095,8095,8095,6,8,retained,0;1;2;3;4;5
8096,8096,8096,6,7,retained,0;1;2;3;4;5
8097,8097,8097,6,7,retained,0;1;2;3;4;5
8098,8098,8098,6,8,retained,0;1;2;3;4;5
8099,8099,8099,6,6,retained,0;1;2;3;4;5
8100,8100,8100,6,8,retained,0;1;2;3;4;5
8101,8101,8101,6,8,retained,0;1;2;3;4;5
8102,8102,8102,6,5,retained,0;1;2;3;4;5
8103,8103,8103,6,8,retained,0;1;2;3;4;5
8104,8104,8104,6,7,retained,0;1;2;3;4;5
8105,8105,8105,6,7,retained,0;1;2;3;4;5
8106,8106,8106,6,7,retained,0;1;2;3;4;5
8107,8107,8107,6,5,retained,0;1;2;3;4;5
8108,8108,8108,6,8,retained,0;1;2;3;4;5
8109,8109,8109,6,8,retained,0;1;2;3;4;5
8110,8110,8110,6,8,retained,0;1;2;3;4;5
8111,8111,8111,6,6,retained,0;1;2;3;4;5
8112,8112,8112,6,4,retained,0;1;2;3;4;5
8113,8113,8113,6,8,retained,0;1;2;3;4;5
8114,8114,8114,6,8,retained,0;1;2;3;4;5
8115,8115,8115,6,8,retained,0;1;2;3;4;5
8116,8116,8116,6,7,retained,0;1;2;3;4;5
8117,8117,8117,6,8,retained,0;1;2;3;4;5
8118,8118,8118,6,7,retained,0;1;2;3;4;5
8119,8119,8119,6,5,retained,0;1;2;3;4;5
8120,8120,8120,6,8,retained,0;1;2;3;4;5
8121,8121,8121,6,7,retained,0;1;2;3;4;5
8122,8122,8122,6,3,retained,0;1;2;3;4;5
8123,8123,8123,6,8,retained,0;1;2;3;4;5
8124,8124,8124,6,7,retained,0;1;2;3;4;5
8125,8125,8125,6,3,retained,0;1;2;3;4;5
8126,8126,8126,6,8,retained,0;1;2;3;4;5
8127,8127,8127,6,7,retained,0;1;2;3;4;5
8128,8128,8128,6,7,retained,0;1;2;3;4;5
8129,8129,8129,6,7,retained,0;1;2;3;4;5
8130,8130,8130,6,5,retained,0;1;2;3;4;5
8131,8131,8131,6,8,retained,0;1;2;3;4;5
8132,8132,8132,6,8,retained,0;1;2;3;4;5
8133,8133,8133,6,8,retained,0;1;2;3;4;5
8134,8134,8134,6,8,retained,0;1;2;3;4;5
8135,8135,8135,6,8,retained,0;1;2;3;4;5
8136,8136,8136,6,7,retained,0;1;2;3;4;5
8137,8137,8137,6,5,retained,0;1;2;3;4;5
8138,8138,8138,6,7,retained,0;1;2;3;4;5
8139,8139,8139,6,7,retained,0;1;2;3;4;5
8140,8140,8140,6,6,retained,0;1;2;3;4;5
8141,8141,8141,6,5,retained,0;1;2;3;4;5
8142,8142,8142,6,5,retained,0;1;2;3;4;5
8143,8143,8143,6,5,retained,0;1;2;3;4;5
8144,8144,8144,6,7,retained,0;1;2;3;4;5
8145,8145,8145,6,6,retained,0;1;2;3;4;5
8146,8146,8146,6,6,retained,0;1;2;3;4;5
8147,8147,8147,6,4,retained,0;1;2;3;4;5
8148,8148,8148,6,8,retained,0;1;2;3;4;5
8149,8149,8149,6,7,retained,0;1;2;3;4;5
8150,8150,8150,6,8,retained,0;1;2;3;4;5
8151,8151,8151,6,6,retained,0;1;2;3;4;5
8152,8152,8152,6,6,retained,0;1;2;3;4;5
8153,8153,8153,6,7,retained,0;1;2;3;4;5
8154,8154,8154,6,7,retained,0;1;2;3;4;5
8155,8155,8155,6,7,retained,0;1;2;3;4;5
8156,8156,8156,6,8,retained,0;1;2;3;4;5
8157,8157,8157,6,6,retained,0;1;2;3;4;5
8158,8158,8158,6,6,retained,0;1;2;3;4;5
8159,8159,8159,6,3,retained,0;1;2;3;4;5
8160,8160,8160,6,2,retained,0;1;2;3;4;5
8161,8161,8161,6,7,retained,0;1;2;3;4;5
8162,8162,8162,6,8,retained,0;1;2;3;4;5
8163,8163,8163,6,8,retained,0;1;2;3;4;5
8164,8164,8164,6,8,retained,0;1;2;3;4;5
8165,8165,8165,6,7,retained,0;1;2;3;4;5
8166,8166,8166,6,6,retained,0;1;2;3;4;5
8167,8167,8167,6,5,retained,0;1;2;3;4;5
8168,8168,8168,6,8,retained,0;1;2;3;4;5
8169,8169,8169,6,8,retained,0;1;2;3;4;5
8170,8170,8170,6,8,retained,0;1;2;3;4;5
8171,8171,8171,6,8,retained,0;1;2;3;4;5
8172,8172,8172,6,7,retained,0;1;2;3;4;5
8173,8173,8173,6,6,retained,0;1;2;3;4;5
8174,8174,8174,6,6,retained,0;1;2;3;4;5
8175,8175,8175,6,5,retained,0;1;2;3;4;5
8176,8176,8176,6,8,retained,0;1;2;3;4;5
8177,8177,8177,6,8,retained,0;1;2;3;4;5
8178,8178,8178,6,8,retained,0;1;2;3;4;5
8179,8179,8179,6,7,retained,0;1;2;3;4;5
8180,8180,8180,6,8,retained,0;1;2;3;4;5
8181,8181,8181,6,8,retained,0;1;2;3;4;5
8182,8182,8182,6,8,retained,0;1;2;3;4;5
8183,8183,8183,6,8,retained,0;1;2;3;4;5
8184,8184,8184,6,8,retained,0;1;2;3;4;5
8185,8185,8185,6,5,retained,0;1;2;3;4;5
8186,8186,8186,6,6,retained,0;1;2;3;4;5
8187,8187,8187,6,8,retained,0;1;2;3;4;5
8188,8188,8188,6,8,retained,0;1;2;3;4;5
8189,8189,8189,6,3,retained,0;1;2;3;4;5
8190,8190,8190,6,5,retained,0;1;2;3;4;5
8191,8191,8191,6,6,retained,0;1;2;3;4;5
8192,8192,8192,6,8,retained,0;1;2;3;4;5
8193,8193,8193,6,5,retained,0;1;2;3;4;5
8194,8194,8194,6,5,retained,0;1;2;3;4;5
8195,8195,8195,6,5,retained,0;1;2;3;4;5
8196,8196,8196,6,8,retained,0;1;2;3;4;5
8197,8197,8197,6,5,retained,0;1;2;3;4;5
8198,8198,8198,6,6,retained,0;1;2;3;4;5
8199,8199,8199,6,5,retained,0;1;2;3;4;5
8200,8200,8200,6,5,retained,0;1;2;3;4;5
8201,8201,8201,6,7,retained,0;1;2;3;4;5
8202,8202,8202,6,6,retained,0;1;2;3;4;5
8203,8203,8203,6,6,retained,0;1;2;3;4;5
8204,8204,8204,6,8,retained,0;1;2;3;4;5
8205,8205,8205,6,8,retained,0;1;2;3;4;5
8206,8206,8206,6,8,retained,0;1;2;3;4;5
8207,8207,8207,6,7,retained,0;1;2;3;4;5
8208,8208,8208,6,6,retained,0;1;2;3;4;5
8209,8209,8209,6,6,retained,0;1;2;3;4;5
8210,8210,8210,6,8,retained,0;1;2;3;4;5
8211,8211,8211,6,7,retained,0;1;2;3;4;5
8212,8212,8212,6,8,retained,0;1;2;3;4;5
8213,8213,8213,6,6,retained,0;1;2;3;4;5
8214,8214,8214,6,7,retained,0;1;2;3;4;5
8215,8215,8215,6,6,retained,0;1;2;3;4;5
8216,8216,8216,6,8,retained,0;1;2;3;4;5
8217,8217,8217,6,7,retained,0;1;2;3;4;5
8218,8218,8218,6,7,retained,0;1;2;3;4;5
8219,8219,8219,6,7,retained,0;1;2;3;4;5
8220,8220,8220,6,8,retained,0;1;2;3;4;5
8221,8221,8221,6,7,retained,0;1;2;3;4;5
8222,8222,8222,6,7,retained,0;1;2;3;4;5
8223,8223,8223,6,7,retained,0;1;2;3;4;5
8224,8224,8224,6,8,retained,0;1;2;3;4;5
8225,8225,8225,6,6,retained,0;1;2;3;4;5
8226,8226,8226,6,8,retained,0;1;2;3;4;5
8227,8227,8227,6,8,retained,0;1;2;3;4;5
8228,8228,8228,6,8,retained,0;1;2;3;4;5
8229,8229,8229,6,8,retained,0;1;2;3;4;5
8230,8230,8230,6,8,retained,0;1;2;3;4;5
8231,8231,8231,6,5,retained,0;1;2;3;4;5
8232,8232,8232,6,8,retained,0;1;2;3;4;5
8233,8233,8233,6,8,retained,0;1;2;3;4;5
8234,8234,8234,6,4,retained,0;1;2;3;4;5
8235,8235,8235,6,5,retained,0;1;2;3;4;5
8236,8236,8236,6,7,retained,0;1;2;3;4;5
8237,8237,8237,6,8,retained,0;1;2;3;4;5
8238,8238,8238,6,7,retained,0;1;2;3;4;5
8239,8239,8239,6,8,retained,0;1;2;3;4;5
8240,8240,8240,6,8,retained,0;1;2;3;4;5
8241,8241,8241,6,8,retained,0;1;2;3;4;5
8242,8242,8242,6,4,retained,0;1;2;3;4;5
8243,8243,8243,6,5,retained,0;1;2;3;4;5
8244,8244,8244,6,7,retained,0;1;2;3;4;5
8245,8245,8245,6,8,retained,0;1;2;3;4;5
8246,8246,8246,6,7,retained,0;1;2;3;4;5
8247,8247,8247,6,8,retained,0;1;2;3;4;5
8248,8248,8248,6,7,retained,0;1;2;3;4;5
8249,8249,8249,6,8,retained,0;1;2;3;4;5
8250,8250,8250,6,8,retained,0;1;2;3;4;5
8251,8251,8251,6,8,retained,0;1;2;3;4;5
8252,8252,8252,6,7,retained,0;1;2;3;4;5
8253,8253,8253,6,8,retained,0;1;2;3;4;5
8254,8254,8254,6,8,retained,0;1;2;3;4;5
8255,8255,8255,6,5,retained,0;1;2;3;4;5
8256,8256,8256,6,8,retained,0;1;2;3;4;5
8257,8257,8257,6,8,retained,0;1;2;3;4;5
8258,8258,8258,6,4,retained,0;1;2;3;4;5
8259,8259,8259,6,5,retained,0;1;2;3;4;5
8260,8260,8260,6,6,retained,0;1;2;3;4;5
8261,8261,8261,6,4,retained,0;1;2;3;4;5
8262,8262,8262,6,2,retained,0;1;2;3;4;5
8263,8263,8263,6,5,retained,0;1;2;3;4;5
8264,8264,8264,6,5,retained,0;1;2;3;4;5
8265,8265,8265,6,8,retained,0;1;2;3;4;5
8266,8266,8266,6,8,retained,0;1;2;3;4;5
8267,8267,8267,6,8,retained,0;1;2;3;4;5
8268,8268,8268,6,8,retained,0;1;2;3;4;5
8269,8269,8269,6,8,retained,0;1;2;3;4;5
8270,8270,8270,6,8,retained,0;1;2;3;4;5
8271,8271,8271,6,8,retained,0;1;2;3;4;5
8272,8272,8272,6,6,retained,0;1;2;3;4;5
8273,8273,8273,6,6,retained,0;1;2;3;4;5
8274,8274,8274,6,7,retained,0;1;2;3;4;5
8275,8275,8275,6,6,retained,0;1;2;3;4;5
8276,8276,8276,6,7,retained,0;1;2;3;4;5
8277,8277,8277,6,6,retained,0;1;2;3;4;5
8278,8278,8278,6,8,retained,0;1;2;3;4;5
8279,8279,8279,6,7,retained,0;1;2;3;4;5
8280,8280,8280,6,6,retained,0;1;2;3;4;5
8281,8281,8281,6,7,retained,0;1;2;3;4;5
8282,8282,8282,6,6,retained,0;1;2;3;4;5
8283,8283,8283,6,7,retained,0;1;2;3;4;5
8284,8284,8284,6,7,retained,0;1;2;3;4;5
8285,8285,8285,6,7,retained,0;1;2;3;4;5
8286,8286,8286,6,7,retained,0;1;2;3;4;5
8287,8287,8287,6,7,retained,0;1;2;3;4;5
8288,8288,8288,6,5,retained,0;1;2;3;4;5
8289,8289,8289,6,7,retained,0;1;2;3;4;5
8290,8290,8290,6,8,retained,0;1;2;3;4;5
8291,8291,8291,6,6,retained,0;1;2;3;4;5
8292,8292,8292,6,5,retained,0;1;2;3;4;5
8293,8293,8293,6,8,retained,0;1;2;3;4;5
8294,8294,8294,6,7,retained,0;1;2;3;4;5
8295,8295,8295,6,7,retained,0;1;2;3;4;5
8296,8296,8296,6,3,retained,0;1;2;3;4;5
8297,8297,8297,6,7,retained,0;1;2;3;4;5
8298,8298,8298,6,5,retained,0;1;2;3;4;5
8299,8299,8299,6,6,retained,0;1;2;3;4;5
8300,8300,8300,6,7,retained,0;1;2;3;4;5
8301,8301,8301,6,8,retained,0;1;2;3;4;5
8302,8302,8302,6,8,retained,0;1;2;3;4;5
8303,8303,8303,6,7,retained,0;1;2;3;4;5
8304,8304,8304,6,7,retained,0;1;2;3;4;5
8305,8305,8305,6,8,retained,0;1;2;3;4;5
8306,8306,8306,6,8,retained,0;1;2;3;4;5
8307,8307,8307,6,6,retained,0;1;2;3;4;5
8308,8308,8308,6,8,retained,0;1;2;3;4;5
8309,8309,8309,6,8,retained,0;1;2;3;4;5
8310,8310,8310,6,6,retained,0;1;2;3;4;5
8311,8311,8311,6,6,retained,0;1;2;3;4;5
8312,8312,8312,6,8,retained,0;1;2;3;4;5
8313,8313,8313,6,8,retained,0;1;2;3;4;5
8314,8314,8314,6,8,retained,0;1;2;3;4;5
8315,8315,8315,6,8,retained,0;1;2;3;4;5
8316,8316,8316,6,8,retained,0;1;2;3;4;5
8317,8317,8317,6,8,retained,0;1;2;3;4;5
8318,8318,8318,6,7,retained,0;1;2;3;4;5
8319,8319,8319,6,4,retained,0;1;2;3;4;5
8320,8320,8320,6,8,retained,0;1;2;3;4;5
8321,8321,8321,6,6,retained,0;1;2;3;4;5
8322,8322,8322,6,7,retained,0;1;2;3;4;5
8323,8323,8323,6,5,retained,0;1;2;3;4;5
8324,8324,8324,6,8,retained,0;1;2;3;4;5
8325,8325,8325,6,7,retained,0;1;2;3;4;5
8326,8326,8326,6,7,retained,0;1;2;3;4;5
8327,8327,8327,6,7,retained,0;1;2;3;4;5
8328,8328,8328,6,8,retained,0;1;2;3;4;5
8329,8329,8329,6,4,retained,0;1;2;3;4;5
8330,8330,8330,6,8,retained,0;1;2;3;4;5
8331,8331,8331,6,8,retained,0;1;2;3;4;5
8332,8332,8332,6,8,retained,0;1;2;3;4;5
8333,8333,8333,6,8,retained,0;1;2;3;4;5
8334,8334,8334,6,8,retained,0;1;2;3;4;5
8335,8335,8335,6,6,retained,0;1;2;3;4;5
8336,8336,8336,6,5,retained,0;1;2;3;4;5
8337,8337,8337,6,8,retained,0;1;2;3;4;5
8338,8338,8338,6,8,retained,0;1;2;3;4;5
8339,8339,8339,6,5,retained,0;1;2;3;4;5
8340,8340,8340,6,8,retained,0;1;2;3;4;5
8341,8341,8341,6,6,retained,0;1;2;3;4;5
8342,8342,8342,6,8,retained,0;1;2;3;4;5
8343,8343,8343,6,8,retained,0;1;2;3;4;5
8344,8344,8344,6,7,retained,0;1;2;3;4;5
8345,8345,8345,6,8,retained,0;1;2;3;4;5
8346,8346,8346,6,8,retained,0;1;2;3;4;5
8347,8347,8347,6,7,retained,0;1;2;3;4;5
8348,8348,8348,6,7,retained,0;1;2;3;4;5
8349,8349,8349,6,5,retained,0;1;2;3;4;5
8350,8350,8350,6,3,retained,0;1;2;3;4;5
8351,8351,8351,6,8,retained,0;1;2;3;4;5
8352,8352,8352,6,4,retained,0;1;2;3;4;5
8353,8353,8353,6,8,retained,0;1;2;3;4;5
8354,8354,8354,6,8,retained,0;1;2;3;4;5
8355,8355,8355,6,7,retained,0;1;2;3;4;5
8356,8356,8356,6,8,retained,0;1;2;3;4;5
8357,8357,8357,6,8,retained,0;1;2;3;4;5
8358,8358,8358,6,8,retained,0;1;2;3;4;5
8359,8359,8359,6,7,retained,0;1;2;3;4;5
8360,8360,8360,6,7,retained,0;1;2;3;4;5
8361,8361,8361,6,6,retained,0;1;2;3;4;5
8362,8362,8362,6,8,retained,0;1;2;3;4;5
8363,8363,8363,6,6,retained,0;1;2;3;4;5
8364,8364,8364,6,7,retained,0;1;2;3;4;5
8365,8365,8365,6,8,retained,0;1;2;3;4;5
8366,8366,8366,6,6,retained,0;1;2;3;4;5
8367,8367,8367,6,5,retained,0;1;2;3;4;5
8368,8368,8368,6,8,retained,0;1;2;3;4;5
8369,8369,8369,6,8,retained,0;1;2;3;4;5
8370,8370,8370,6,6,retained,0;1;2;3;4;5
8371,8371,8371,6,4,retained,0;1;2;3;4;5
8372,8372,8372,6,7,retained,0;1;2;3;4;5
8373,8373,8373,6,5,retained,0;1;2;3;4;5
8374,8374,8374,6,8,retained,0;1;2;3;4;5
8375,8375,8375,6,8,retained,0;1;2;3;4;5
8376,8376,8376,6,6,retained,0;1;2;3;4;5
8377,8377,8377,6,7,retained,0;1;2;3;4;5
8378,8378,8378,6,5,retained,0;1;2;3;4;5
8379,8379,8379,6,6,retained,0;1;2;3;4;5
8380,8380,8380,6,7,retained,0;1;2;3;4;5
8381,8381,8381,6,8,retained,0;1;2;3;4;5
8382,8382,8382,6,6,retained,0;1;2;3;4;5
8383,8383,8383,6,7,retained,0;1;2;3;4;5
8384,8384,8384,6,8,retained,0;1;2;3;4;5
8385,8385,8385,6,7,retained,0;1;2;3;4;5
8386,8386,8386,6,8,retained,0;1;2;3;4;5
8387,8387,8387,6,8,retained,0;1;2;3;4;5
8388,8388,8388,6,4,retained,0;1;2;3;4;5
8389,8389,8389,6,8,retained,0;1;2;3;4;5
8390,8390,8390,6,8,retained,0;1;2;3;4;5
8391,8391,8391,6,8,retained,0;1;2;3;4;5
8392,8392,8392,6,6,retained,0;1;2;3;4;5
8393,8393,8393,6,8,retained,0;1;2;3;4;5
8394,8394,8394,6,7,retained,0;1;2;3;4;5
8395,8395,8395,6,6,retained,0;1;2;3;4;5
8396,8396,8396,6,6,retained,0;1;2;3;4;5
8397,8397,8397,6,6,retained,0;1;2;3;4;5
8398,8398,8398,6,3,retained,0;1;2;3;4;5
8399,8399,8399,6,4,retained,0;1;2;3;4;5
8400,8400,8400,6,5,retained,0;1;2;3;4;5
8401,8401,8401,6,7,retained,0;1;2;3;4;5
8402,8402,8402,6,7,retained,0;1;2;3;4;5
8403,8403,8403,6,4,retained,0;1;2;3;4;5
8404,8404,8404,6,7,retained,0;1;2;3;4;5
8405,8405,8405,6,8,retained,0;1;2;3;4;5
8406,8406,8406,6,7,retained,0;1;2;3;4;5
8407,8407,8407,6,8,retained,0;1;2;3;4;5
8408,8408,8408,6,7,retained,0;1;2;3;4;5
8409,8409,8409,6,7,retained,0;1;2;3;4;5
8410,8410,8410,6,6,retained,0;1;2;3;4;5
8411,8411,8411,6,8,retained,0;1;2;3;4;5
8412,8412,8412,6,7,retained,0;1;2;3;4;5
8413,8413,8413,6,6,retained,0;1;2;3;4;5
8414,8414,8414,6,4,retained,0;1;2;3;4;5
8415,8415,8415,6,8,retained,0;1;2;3;4;5
8416,8416,8416,6,7,retained,0;1;2;3;4;5
8417,8417,8417,6,8,retained,0;1;2;3;4;5
8418,8418,8418,6,7,retained,0;1;2;3;4;5
8419,8419,8419,6,6,retained,0;1;2;3;4;5
8420,8420,8420,6,8,retained,0;1;2;3;4;5
8421,8421,8421,6,8,retained,0;1;2;3;4;5
8422,8422,8422,6,5,retained,0;1;2;3;4;5
8423,8423,8423,6,7,retained,0;1;2;3;4;5
8424,8424,8424,6,8,retained,0;1;2;3;4;5
8425,8425,8425,6,8,retained,0;1;2;3;4;5
8426,8426,8426,6,6,retained,0;1;2;3;4;5
8427,8427,8427,6,6,retained,0;1;2;3;4;5
8428,8428,8428,6,6,retained,0;1;2;3;4;5
8429,8429,8429,6,8,retained,0;1;2;3;4;5
8430,8430,8430,6,8,retained,0;1;2;3;4;5
8431,8431,8431,6,8,retained,0;1;2;3;4;5
8432,8432,8432,6,4,retained,0;1;2;3;4;5
8433,8433,8433,6,6,retained,0;1;2;3;4;5
8434,8434,8434,6,8,retained,0;1;2;3;4;5
8435,8435,8435,6,5,retained,0;1;2;3;4;5
8436,8436,8436,6,6,retained,0;1;2;3;4;5
8437,8437,8437,6,8,retained,0;1;2;3;4;5
8438,8438,8438,6,5,retained,0;1;2;3;4;5
8439,8439,8439,6,6,retained,0;1;2;3;4;5
8440,8440,8440,6,5,retained,0;1;2;3;4;5
8441,8441,8441,6,6,retained,0;1;2;3;4;5
8442,8442,8442,6,6,retained,0;1;2;3;4;5
8443,8443,8443,6,8,retained,0;1;2;3;4;5
8444,8444,8444,6,5,retained,0;1;2;3;4;5
8445,8445,8445,6,7,retained,0;1;2;3;4;5
8446,8446,8446,6,8,retained,0;1;2;3;4;5
8447,8447,8447,6,7,retained,0;1;2;3;4;5
8448,8448,8448,6,8,retained,0;1;2;3;4;5
8449,8449,8449,6,6,retained,0;1;2;3;4;5
8450,8450,8450,6,7,retained,0;1;2;3;4;5
8451,8451,8451,6,8,retained,0;1;2;3;4;5
8452,8452,8452,6,7,retained,0;1;2;3;4;5
8453,8453,8453,6,7,retained,0;1;2;3;4;5
8454,8454,8454,6,5,retained,0;1;2;3;4;5
8455,8455,8455,6,7,retained,0;1;2;3;4;5
8456,8456,8456,6,8,retained,0;1;2;3;4;5
8457,8457,8457,6,5,retained,0;1;2;3;4;5
8458,8458,8458,6,6,retained,0;1;2;3;4;5
8459,8459,8459,6,8,retained,0;1;2;3;4;5
8460,8460,8460,6,5,retained,0;1;2;3;4;5
8461,8461,8461,6,7,retained,0;1;2;3;4;5
8462,8462,8462,6,6,retained,0;1;2;3;4;5
8463,8463,8463,6,6,retained,0;1;2;3;4;5
8464,8464,8464,6,6,retained,0;1;2;3;4;5
8465,8465,8465,6,6,retained,0;1;2;3;4;5
8466,8466,8466,6,6,retained,0;1;2;3;4;5
8467,8467,8467,6,7,retained,0;1;2;3;4;5
8468,8468,8468,6,8,retained,0;1;2;3;4;5
8469,8469,8469,6,6,retained,0;1;2;3;4;5
8470,8470,8470,6,8,retained,0;1;2;3;4;5
8471,8471,8471,6,8,retained,0;1;2;3;4;5
8472,8472,8472,6,6,retained,0;1;2;3;4;5
8473,8473,8473,6,8,retained,0;1;2;3;4;5
8474,8474,8474,6,7,retained,0;1;2;3;4;5
8475,8475,8475,6,6,retained,0;1;2;3;4;5
8476,8476,8476,6,5,retained,0;1;2;3;4;5
8477,8477,8477,6,5,retained,0;1;2;3;4;5
8478,8478,8478,6,6,retained,0;1;2;3;4;5
8479,8479,8479,6,3,retained,0;1;2;3;4;5
8480,8480,8480,6,6,retained,0;1;2;3;4;5
8481,8481,8481,6,8,retained,0;1;2;3;4;5
8482,8482,8482,6,8,retained,0;1;2;3;4;5
8483,8483,8483,6,7,retained,0;1;2;3;4;5
8484,8484,8484,6,6,retained,0;1;2;3;4;5
8485,8485,8485,6,4,retained,0;1;2;3;4;5
8486,8486,8486,6,6,retained,0;1;2;3;4;5
8487,8487,8487,6,6,retained,0;1;2;3;4;5
8488,8488,8488,6,8,retained,0;1;2;3;4;5
8489,8489,8489,6,8,retained,0;1;2;3;4;5
8490,8490,8490,6,6,retained,0;1;2;3;4;5
8491,8491,8491,6,8,retained,0;1;2;3;4;5
8492,8492,8492,6,5,retained,0;1;2;3;4;5
8493,8493,8493,6,5,retained,0;1;2;3;4;5
8494,8494,8494,6,7,retained,0;1;2;3;4;5
8495,8495,8495,6,5,retained,0;1;2;3;4;5
8496,8496,8496,6,8,retained,0;1;2;3;4;5
8497,8497,8497,6,6,retained,0;1;2;3;4;5
8498,8498,8498,6,7,retained,0;1;2;3;4;5
8499,8499,8499,6,8,retained,0;1;2;3;4;5
8500,8500,8500,6,5,retained,0;1;2;3;4;5
8501,8501,8501,6,8,retained,0;1;2;3;4;5
8502,8502,8502,6,8,retained,0;1;2;3;4;5
8503,8503,8503,6,8,retained,0;1;2;3;4;5
8504,8504,8504,6,8,retained,0;1;2;3;4;5
8505,8505,8505,6,7,retained,0;1;2;3;4;5
8506,8506,8506,6,7,retained,0;1;2;3;4;5
8507,8507,8507,6,8,retained,0;1;2;3;4;5
8508,8508,8508,6,8,retained,0;1;2;3;4;5
8509,8509,8509,6,8,retained,0;1;2;3;4;5
8510,8510,8510,6,8,retained,0;1;2;3;4;5
8511,8511,8511,6,8,retained,0;1;2;3;4;5
8512,8512,8512,6,8,retained,0;1;2;3;4;5
8513,8513,8513,6,6,retained,0;1;2;3;4;5
8514,8514,8514,6,7,retained,0;1;2;3;4;5
8515,8515,8515,6,8,retained,0;1;2;3;4;5
8516,8516,8516,6,4,retained,0;1;2;3;4;5
8517,8517,8517,6,4,retained,0;1;2;3;4;5
8518,8518,8518,6,8,retained,0;1;2;3;4;5
8519,8519,8519,6,4,retained,0;1;2;3;4;5
8520,8520,8520,6,8,retained,0;1;2;3;4;5
8521,8521,8521,6,6,retained,0;1;2;3;4;5
8522,8522,8522,6,7,retained,0;1;2;3;4;5
8523,8523,8523,6,7,retained,0;1;2;3;4;5
8524,8524,8524,6,8,retained,0;1;2;3;4;5
8525,8525,8525,6,8,retained,0;1;2;3;4;5
8526,8526,8526,6,6,retained,0;1;2;3;4;5
8527,8527,8527,6,8,retained,0;1;2;3;4;5
8528,8528,8528,6,8,retained,0;1;2;3;4;5
8529,8529,8529,6,7,retained,0;1;2;3;4;5
8530,8530,8530,6,7,retained,0;1;2;3;4;5
8531,8531,8531,6,7,retained,0;1;2;3;4;5
8532,8532,8532,6,7,retained,0;1;2;3;4;5
8533,8533,8533,6,7,retained,0;1;2;3;4;5
8534,8534,8534,6,7,retained,0;1;2;3;4;5
8535,8535,8535,6,8,retained,0;1;2;3;4;5
8536,8536,8536,6,7,retained,0;1;2;3;4;5
8537,8537,8537,6,7,retained,0;1;2;3;4;5
8538,8538,8538,6,8,retained,0;1;2;3;4;5
8539,8539,8539,6,8,retained,0;1;2;3;4;5
8540,8540,8540,6,8,retained,0;1;2;3;4;5
8541,8541,8541,6,7,retained,0;1;2;3;4;5
8542,8542,8542,6,7,retained,0;1;2;3;4;5
8543,8543,8543,6,6,retained,0;1;2;3;4;5
8544,8544,8544,6,8,retained,0;1;2;3;4;5
8545,8545,8545,6,7,retained,0;1;2;3;4;5
8546,8546,8546,6,8,retained,0;1;2;3;4;5
8547,8547,8547,6,8,retained,0;1;2;3;4;5
8548,8548,8548,6,5,retained,0;1;2;3;4;5
8549,8549,8549,6,6,retained,0;1;2;3;4;5
8550,8550,8550,6,4,retained,0;1;2;3;4;5
8551,8551,8551,6,4,retained,0;1;2;3;4;5
8552,8552,8552,6,8,retained,0;1;2;3;4;5
8553,8553,8553,6,5,retained,0;1;2;3;4;5
8554,8554,8554,6,7,retained,0;1;2;3;4;5
8555,8555,8555,6,6,retained,0;1;2;3;4;5
8556,8556,8556,6,6,retained,0;1;2;3;4;5
8557,8557,8557,6,8,retained,0;1;2;3;4;5
8558,8558,8558,6,7,retained,0;1;2;3;4;5
8559,8559,8559,6,6,retained,0;1;2;3;4;5
8560,8560,8560,6,8,retained,0;1;2;3;4;5
8561,8561,8561,6,7,retained,0;1;2;3;4;5
8562,8562,8562,6,8,retained,0;1;2;3;4;5
8563,8563,8563,6,8,retained,0;1;2;3;4;5
8564,8564,8564,6,6,retained,0;1;2;3;4;5
8565,8565,8565,6,8,retained,0;1;2;3;4;5
8566,8566,8566,6,7,retained,0;1;2;3;4;5
8567,8567,8567,6,7,retained,0;1;2;3;4;5
8568,8568,8568,6,7,retained,0;1;2;3;4;5
8569,8569,8569,6,8,retained,0;1;2;3;4;5
8570,8570,8570,6,7,retained,0;1;2;3;4;5
8571,8571,8571,6,8,retained,0;1;2;3;4;5
8572,8572,8572,6,8,retained,0;1;2;3;4;5
8573,8573,8573,6,8,retained,0;1;2;3;4;5
8574,8574,8574,6,6,retained,0;1;2;3;4;5
8575,8575,8575,6,6,retained,0;1;2;3;4;5
8576,8576,8576,6,8,retained,0;1;2;3;4;5
8577,8577,8577,6,8,retained,0;1;2;3;4;5
8578,8578,8578,6,6,retained,0;1;2;3;4;5
8579,8579,8579,6,7,retained,0;1;2;3;4;5
8580,8580,8580,6,8,retained,0;1;2;3;4;5
8581,8581,8581,6,6,retained,0;1;2;3;4;5
8582,8582,8582,6,6,retained,0;1;2;3;4;5
8583,8583,8583,6,6,retained,0;1;2;3;4;5
8584,8584,8584,6,6,retained,0;1;2;3;4;5
8585,8585,8585,6,6,retained,0;1;2;3;4;5
8586,8586,8586,6,7,retained,0;1;2;3;4;5
8587,8587,8587,6,8,retained,0;1;2;3;4;5
8588,8588,8588,6,6,retained,0;1;2;3;4;5
8589,8589,8589,6,8,retained,0;1;2;3;4;5
8590,8590,8590,6,8,retained,0;1;2;3;4;5
8591,8591,8591,6,8,retained,0;1;2;3;4;5
8592,8592,8592,6,7,retained,0;1;2;3;4;5
8593,8593,8593,6,8,retained,0;1;2;3;4;5
8594,8594,8594,6,8,retained,0;1;2;3;4;5
8595,8595,8595,6,4,retained,0;1;2;3;4;5
8596,8596,8596,6,7,retained,0;1;2;3;4;5
8597,8597,8597,6,7,retained,0;1;2;3;4;5
8598,8598,8598,6,8,retained,0;1;2;3;4;5
8599,8599,8599,6,7,retained,0;1;2;3;4;5
8600,8600,8600,6,8,retained,0;1;2;3;4;5
8601,8601,8601,6,5,retained,0;1;2;3;4;5
8602,8602,8602,6,6,retained,0;1;2;3;4;5
8603,8603,8603,6,7,retained,0;1;2;3;4;5
8604,8604,8604,6,7,retained,0;1;2;3;4;5
8605,8605,8605,6,7,retained,0;1;2;3;4;5
8606,8606,8606,6,8,retained,0;1;2;3;4;5
8607,8607,8607,6,6,retained,0;1;2;3;4;5
8608,8608,8608,6,8,retained,0;1;2;3;4;5
8609,8609,8609,6,8,retained,0;1;2;3;4;5
8610,8610,8610,6,8,retained,0;1;2;3;4;5
8611,8611,8611,6,8,retained,0;1;2;3;4;5
8612,8612,8612,6,8,retained,0;1;2;3;4;5
8613,8613,8613,6,8,retained,0;1;2;3;4;5
8614,8614,8614,6,8,retained,0;1;2;3;4;5
8615,8615,8615,6,8,retained,0;1;2;3;4;5
8616,8616,8616,6,8,retained,0;1;2;3;4;5
8617,8617,8617,6,8,retained,0;1;2;3;4;5
8618,8618,8618,6,8,retained,0;1;2;3;4;5
8619,8619,8619,6,8,retained,0;1;2;3;4;5
8620,8620,8620,6,8,retained,0;1;2;3;4;5
8621,8621,8621,6,8,retained,0;1;2;3;4;5
8622,8622,8622,6,8,retained,0;1;2;3;4;5
8623,8623,8623,6,8,retained,0;1;2;3;4;5
8624,8624,8624,6,8,retained,0;1;2;3;4;5
8625,8625,8625,6,8,retained,0;1;2;3;4;5
8626,8626,8626,6,8,retained,0;1;2;3;4;5
8627,8627,8627,6,8,retained,0;1;2;3;4;5
8628,8628,8628,6,8,retained,0;1;2;3;4;5
8629,8629,8629,6,8,retained,0;1;2;3;4;5
8630,8630,8630,6,8,retained,0;1;2;3;4;5
8631,8631,8631,6,8,retained,0;1;2;3;4;5
8632,8632,8632,6,8,retained,0;1;2;3;4;5
8633,8633,8633,6,8,retained,0;1;2;3;4;5
8634,8634,8634,6,8,retained,0;1;2;3;4;5
8635,8635,8635,6,8,retained,0;1;2;3;4;5
8636,8636,8636,6,8,retained,0;1;2;3;4;5
8637,8637,8637,6,8,retained,0;1;2;3;4;5
8638,8638,8638,6,8,retained,0;1;2;3;4;5
8639,8639,8639,6,8,retained,0;1;2;3;4;5
8640,8640,8640,6,8,retained,0;1;2;3;4;5
8641,8641,8641,6,8,retained,0;1;2;3;4;5
8642,8642,8642,6,8,retained,0;1;2;3;4;5
8643,8643,8643,6,8,retained,0;1;2;3;4;5
8644,8644,8644,6,8,retained,0;1;2;3;4;5
8645,8645,8645,6,8,retained,0;1;2;3;4;5
8646,8646,8646,6,8,retained,0;1;2;3;4;5
8647,8647,8647,6,8,retained,0;1;2;3;4;5
8648,8648,8648,6,8,retained,0;1;2;3;4;5
8649,8649,8649,6,8,retained,0;1;2;3;4;5
8650,8650,8650,6,8,retained,0;1;2;3;4;5
8651,8651,8651,6,8,retained,0;1;2;3;4;5
8652,8652,8652,6,8,retained,0;1;2;3;4;5
8653,8653,8653,6,8,retained,0;1;2;3;4;5
8654,8654,8654,6,8,retained,0;1;2;3;4;5
8655,8655,8655,6,8,retained,0;1;2;3;4;5
8656,8656,8656,6,8,retained,0;1;2;3;4;5
8657,8657,8657,6,8,retained,0;1;2;3;4;5
8658,8658,8658,6,8,retained,0;1;2;3;4;5
8659,8659,8659,6,8,retained,0;1;2;3;4;5
8660,8660,8660,6,8,retained,0;1;2;3;4;5
8661,8661,8661,6,8,retained,0;1;2;3;4;5
8662,8662,8662,6,8,retained,0;1;2;3;4;5
8663,8663,8663,6,8,retained,0;1;2;3;4;5
8664,8664,8664,6,8,retained,0;1;2;3;4;5
8665,8665,8665,6,8,retained,0;1;2;3;4;5
8666,8666,8666,6,8,retained,0;1;2;3;4;5
8667,8667,8667,6,8,retained,0;1;2;3;4;5
8668,8668,8668,6,8,retained,0;1;2;3;4;5
8669,8669,8669,6,8,retained,0;1;2;3;4;5
8670,8670,8670,6,8,retained,0;1;2;3;4;5
8671,8671,8671,6,8,retained,0;1;2;3;4;5
8672,8672,8672,6,8,retained,0;1;2;3;4;5
8673,8673,8673,6,8,retained,0;1;2;3;4;5
8674,8674,8674,6,8,retained,0;1;2;3;4;5
8675,8675,8675,6,8,retained,0;1;2;3;4;5
8676,8676,8676,6,6,retained,0;1;2;3;4;5
8677,8677,8677,6,6,retained,0;1;2;3;4;5
8678,8678,8678,6,6,retained,0;1;2;3;4;5
8679,8679,8679,6,8,retained,0;1;2;3;4;5
8680,8680,8680,6,6,retained,0;1;2;3;4;5
8681,8681,8681,6,6,retained,0;1;2;3;4;5
8682,8682,8682,6,6,retained,0;1;2;3;4;5
8683,8683,8683,6,8,retained,0;1;2;3;4;5
8684,8684,8684,6,6,retained,0;1;2;3;4;5
8685,8685,8685,6,6,retained,0;1;2;3;4;5
8686,8686,8686,6,6,retained,0;1;2;3;4;5
8687,8687,8687,6,8,retained,0;1;2;3;4;5
8688,8688,8688,6,6,retained,0;1;2;3;4;5
8689,8689,8689,6,6,retained,0;1;2;3;4;5
8690,8690,8690,6,6,retained,0;1;2;3;4;5
8691,8691,8691,6,8,retained,0;1;2;3;4;5
8692,8692,8692,6,6,retained,0;1;2;3;4;5
8693,8693,8693,6,6,retained,0;1;2;3;4;5
8694,8694,8694,6,6,retained,0;1;2;3;4;5
8695,8695,8695,6,8,retained,0;1;2;3;4;5
8696,8696,8696,6,6,retained,0;1;2;3;4;5
8697,8697,8697,6,6,retained,0;1;2;3;4;5
8698,8698,8698,6,6,retained,0;1;2;3;4;5
8699,8699,8699,6,8,retained,0;1;2;3;4;5
8700,8700,8700,6,6,retained,0;1;2;3;4;5
8701,8701,8701,6,6,retained,0;1;2;3;4;5
8702,8702,8702,6,6,retained,0;1;2;3;4;5
8703,8703,8703,6,8,retained,0;1;2;3;4;5
8704,8704,8704,6,7,retained,0;1;2;3;4;5
8705,8705,8705,6,7,retained,0;1;2;3;4;5
8706,8706,8706,6,7,retained,0;1;2;3;4;5
8707,8707,8707,6,8,retained,0;1;2;3;4;5
8708,8708,8708,6,8,retained,0;1;2;3;4;5
8709,8709,8709,6,8,retained,0;1;2;3;4;5
8710,8710,8710,6,8,retained,0;1;2;3;4;5
8711,8711,8711,6,8,retained,0;1;2;3;4;5
8712,8712,8712,6,6,retained,0;1;2;3;4;5
8713,8713,8713,6,6,retained,0;1;2;3;4;5
8714,8714,8714,6,6,retained,0;1;2;3;4;5
8715,8715,8715,6,6,retained,0;1;2;3;4;5
8716,8716,8716,6,8,retained,0;1;2;3;4;5
8717,8717,8717,6,6,retained,0;1;2;3;4;5
8718,8718,8718,6,6,retained,0;1;2;3;4;5
8719,8719,8719,6,6,retained,0;1;2;3;4;5
8720,8720,8720,6,6,retained,0;1;2;3;4;5
8721,8721,8721,6,8,retained,0;1;2;3;4;5
8722,8722,8722,6,6,retained,0;1;2;3;4;5
8723,8723,8723,6,6,retained,0;1;2;3;4;5
8724,8724,8724,6,6,retained,0;1;2;3;4;5
8725,8725,8725,6,6,retained,0;1;2;3;4;5
8726,8726,8726,6,8,retained,0;1;2;3;4;5
8727,8727,8727,6,6,retained,0;1;2;3;4;5
8728,8728,8728,6,6,retained,0;1;2;3;4;5
8729,8729,8729,6,6,retained,0;1;2;3;4;5
8730,8730,8730,6,6,retained,0;1;2;3;4;5
8731,8731,8731,6,8,retained,0;1;2;3;4;5
8732,8732,8732,6,6,retained,0;1;2;3;4;5
8733,8733,8733,6,6,retained,0;1;2;3;4;5
8734,8734,8734,6,6,retained,0;1;2;3;4;5
8735,8735,8735,6,6,retained,0;1;2;3;4;5
8736,8736,8736,6,8,retained,0;1;2;3;4;5
8737,8737,8737,6,7,retained,0;1;2;3;4;5
8738,8738,8738,6,7,retained,0;1;2;3;4;5
8739,8739,8739,6,7,retained,0;1;2;3;4;5
8740,8740,8740,6,7,retained,0;1;2;3;4;5
8741,8741,8741,6,8,retained,0;1;2;3;4;5
8742,8742,8742,6,8,retained,0;1;2;3;4;5
8743,8743,8743,6,8,retained,0;1;2;3;4;5
8744,8744,8744,6,8,retained,0;1;2;3;4;5
8745,8745,8745,6,8,retained,0;1;2;3;4;5
8746,8746,8746,6,8,retained,0;1;2;3;4;5
8747,8747,8747,6,6,retained,0;1;2;3;4;5
8748,8748,8748,6,6,retained,0;1;2;3;4;5
8749,8749,8749,6,6,retained,0;1;2;3;4;5
8750,8750,8750,6,6,retained,0;1;2;3;4;5
8751,8751,8751,6,8,retained,0;1;2;3;4;5
8752,8752,8752,6,6,retained,0;1;2;3;4;5
8753,8753,8753,6,6,retained,0;1;2;3;4;5
8754,8754,8754,6,6,retained,0;1;2;3;4;5
8755,8755,8755,6,6,retained,0;1;2;3;4;5
8756,8756,8756,6,8,retained,0;1;2;3;4;5
8757,8757,8757,6,6,retained,0;1;2;3;4;5
8758,8758,8758,6,6,retained,0;1;2;3;4;5
8759,8759,8759,6,6,retained,0;1;2;3;4;5
8760,8760,8760,6,6,retained,0;1;2;3;4;5
8761,8761,8761,6,8,retained,0;1;2;3;4;5
8762,8762,8762,6,7,retained,0;1;2;3;4;5
8763,8763,8763,6,7,retained,0;1;2;3;4;5
8764,8764,8764,6,7,retained,0;1;2;3;4;5
8765,8765,8765,6,7,retained,0;1;2;3;4;5
8766,8766,8766,6,8,retained,0;1;2;3;4;5
8767,8767,8767,6,8,retained,0;1;2;3;4;5
8768,8768,8768,6,8,retained,0;1;2;3;4;5
8769,8769,8769,6,8,retained,0;1;2;3;4;5
8770,8770,8770,6,8,retained,0;1;2;3;4;5
8771,8771,8771,6,8,retained,0;1;2;3;4;5
8772,8772,8772,6,6,retained,0;1;2;3;4;5
8773,8773,8773,6,6,retained,0;1;2;3;4;5
8774,8774,8774,6,6,retained,0;1;2;3;4;5
8775,8775,8775,6,6,retained,0;1;2;3;4;5
8776,8776,8776,6,8,retained,0;1;2;3;4;5
8777,8777,8777,6,7,retained,0;1;2;3;4;5
8778,8778,8778,6,7,retained,0;1;2;3;4;5
8779,8779,8779,6,7,retained,0;1;2;3;4;5
8780,8780,8780,6,7,retained,0;1;2;3;4;5
8781,8781,8781,6,8,retained,0;1;2;3;4;5
8782,8782,8782,6,8,retained,0;1;2;3;4;5
8783,8783,8783,6,8,retained,0;1;2;3;4;5
8784,8784,8784,6,8,retained,0;1;2;3;4;5
8785,8785,8785,6,8,retained,0;1;2;3;4;5
8786,8786,8786,6,8,retained,0;1;2;3;4;5
8787,8787,8787,6,8,retained,0;1;2;3;4;5
8788,8788,8788,6,8,retained,0;1;2;3;4;5
8789,8789,8789,6,8,retained,0;1;2;3;4;5
8790,8790,8790,6,8,retained,0;1;2;3;4;5
8791,8791,8791,6,8,retained,0;1;2;3;4;5
8792,8792,8792,6,6,retained,0;1;2;3;4;5
8793,8793,8793,6,6,retained,0;1;2;3;4;5
8794,8794,8794,6,8,retained,0;1;2;3;4;5
8795,8795,8795,6,8,retained,0;1;2;3;4;5
8796,8796,8796,6,8,retained,0;1;2;3;4;5
8797,8797,8797,6,8,retained,0;1;2;3;4;5
8798,8798,8798,6,7,retained,0;1;2;3;4;5
8799,8799,8799,6,8,retained,0;1;2;3;4;5
8800,8800,8800,6,7,retained,0;1;2;3;4;5
8801,8801,8801,6,6,retained,0;1;2;3;4;5
8802,8802,8802,6,6,retained,0;1;2;3;4;5
8803,8803,8803,6,7,retained,0;1;2;3;4;5
8804,8804,8804,6,8,retained,0;1;2;3;4;5
8805,8805,8805,6,8,retained,0;1;2;3;4;5
8806,8806,8806,6,7,retained,0;1;2;3;4;5
8807,8807,8807,6,8,retained,0;1;2;3;4;5
8808,8808,8808,6,8,retained,0;1;2;3;4;5
8809,8809,8809,6,8,retained,0;1;2;3;4;5
8810,8810,8810,6,8,retained,0;1;2;3;4;5
8811,8811,8811,6,8,retained,0;1;2;3;4;5
8812,8812,8812,6,8,retained,0;1;2;3;4;5
8813,8813,8813,6,6,retained,0;1;2;3;4;5
8814,8814,8814,6,7,retained,0;1;2;3;4;5
8815,8815,8815,6,7,retained,0;1;2;3;4;5
8816,8816,8816,6,8,retained,0;1;2;3;4;5
8817,8817,8817,6,5,retained,0;1;2;3;4;5
8818,8818,8818,6,8,retained,0;1;2;3;4;5
8819,8819,8819,6,5,retained,0;1;2;3;4;5
8820,8820,8820,6,6,retained,0;1;2;3;4;5
8821,8821,8821,6,8,retained,0;1;2;3;4;5
8822,8822,8822,6,7,retained,0;1;2;3;4;5
8823,8823,8823,6,8,retained,0;1;2;3;4;5
8824,8824,8824,6,8,retained,0;1;2;3;4;5
8825,8825,8825,6,8,retained,0;1;2;3;4;5
8826,8826,8826,6,7,retained,0;1;2;3;4;5
8827,8827,8827,6,8,retained,0;1;2;3;4;5
8828,8828,8828,6,7,retained,0;1;2;3;4;5
8829,8829,8829,6,6,retained,0;1;2;3;4;5
8830,8830,8830,6,6,retained,0;1;2;3;4;5
8831,8831,8831,6,5,retained,0;1;2;3;4;5
8832,8832,8832,6,8,retained,0;1;2;3;4;5
8833,8833,8833,6,7,retained,0;1;2;3;4;5
8834,8834,8834,6,8,retained,0;1;2;3;4;5
8835,8835,8835,6,8,retained,0;1;2;3;4;5
8836,8836,8836,6,7,retained,0;1;2;3;4;5
8837,8837,8837,6,7,retained,0;1;2;3;4;5
8838,8838,8838,6,8,retained,0;1;2;3;4;5
8839,8839,8839,6,8,retained,0;1;2;3;4;5
8840,8840,8840,6,8,retained,0;1;2;3;4;5
8841,8841,8841,6,7,retained,0;1;2;3;4;5
8842,8842,8842,6,5,retained,0;1;2;3;4;5
8843,8843,8843,6,8,retained,0;1;2;3;4;5
8844,8844,8844,6,8,retained,0;1;2;3;4;5
8845,8845,8845,6,8,retained,0;1;2;3;4;5
8846,8846,8846,6,8,retained,0;1;2;3;4;5
8847,8847,8847,6,7,retained,0;1;2;3;4;5
8848,8848,8848,6,7,retained,0;1;2;3;4;5
8849,8849,8849,6,6,retained,0;1;2;3;4;5
8850,8850,8850,6,8,retained,0;1;2;3;4;5
8851,8851,8851,6,8,retained,0;1;2;3;4;5
8852,8852,8852,6,8,retained,0;1;2;3;4;5
8853,8853,8853,6,8,retained,0;1;2;3;4;5
8854,8854,8854,6,7,retained,0;1;2;3;4;5
8855,8855,8855,6,8,retained,0;1;2;3;4;5
8856,8856,8856,6,8,retained,0;1;2;3;4;5
8857,8857,8857,6,8,retained,0;1;2;3;4;5
8858,8858,8858,6,8,retained,0;1;2;3;4;5
8859,8859,8859,6,8,retained,0;1;2;3;4;5
8860,8860,8860,6,8,retained,0;1;2;3;4;5
8861,8861,8861,6,8,retained,0;1;2;3;4;5
8862,8862,8862,6,8,retained,0;1;2;3;4;5
8863,8863,8863,6,8,retained,0;1;2;3;4;5
8864,8864,8864,6,8,retained,0;1;2;3;4;5
8865,8865,8865,6,8,retained,0;1;2;3;4;5
8866,8866,8866,6,8,retained,0;1;2;3;4;5
8867,8867,8867,6,6,retained,0;1;2;3;4;5
8868,8868,8868,6,6,retained,0;1;2;3;4;5
8869,8869,8869,6,7,retained,0;1;2;3;4;5
8870,8870,8870,6,8,retained,0;1;2;3;4;5
8871,8871,8871,6,5,retained,0;1;2;3;4;5
8872,8872,8872,6,7,retained,0;1;2;3;4;5
8873,8873,8873,6,8,retained,0;1;2;3;4;5
8874,8874,8874,6,8,retained,0;1;2;3;4;5
8875,8875,8875,6,7,retained,0;1;2;3;4;5
8876,8876,8876,6,7,retained,0;1;2;3;4;5
8877,8877,8877,6,7,retained,0;1;2;3;4;5
8878,8878,8878,6,8,retained,0;1;2;3;4;5
8879,8879,8879,6,8,retained,0;1;2;3;4;5
8880,8880,8880,6,8,retained,0;1;2;3;4;5
8881,8881,8881,6,7,retained,0;1;2;3;4;5
8882,8882,8882,6,8,retained,0;1;2;3;4;5
8883,8883,8883,6,8,retained,0;1;2;3;4;5
8884,8884,8884,6,8,retained,0;1;2;3;4;5
8885,8885,8885,6,7,retained,0;1;2;3;4;5
8886,8886,8886,6,6,retained,0;1;2;3;4;5
8887,8887,8887,6,8,retained,0;1;2;3;4;5
8888,8888,8888,6,8,retained,0;1;2;3;4;5
8889,8889,8889,6,8,retained,0;1;2;3;4;5
8890,8890,8890,6,8,retained,0;1;2;3;4;5
8891,8891,8891,6,8,retained,0;1;2;3;4;5
8892,8892,8892,6,8,retained,0;1;2;3;4;5
8893,8893,8893,6,8,retained,0;1;2;3;4;5
8894,8894,8894,6,8,retained,0;1;2;3;4;5
8895,8895,8895,6,8,retained,0;1;2;3;4;5
8896,8896,8896,6,8,retained,0;1;2;3;4;5
8897,8897,8897,6,8,retained,0;1;2;3;4;5
8898,8898,8898,6,8,retained,0;1;2;3;4;5
8899,8899,8899,6,8,retained,0;1;2;3;4;5
8900,8900,8900,6,8,retained,0;1;2;3;4;5
8901,8901,8901,6,8,retained,0;1;2;3;4;5
8902,8902,8902,6,8,retained,0;1;2;3;4;5
8903,8903,8903,6,8,retained,0;1;2;3;4;5
8904,8904,8904,6,8,retained,0;1;2;3;4;5
8905,8905,8905,6,8,retained,0;1;2;3;4;5
8906,8906,8906,6,8,retained,0;1;2;3;4;5
8907,8907,8907,6,8,retained,0;1;2;3;4;5
8908,8908,8908,6,8,retained,0;1;2;3;4;5
8909,8909,8909,6,8,retained,0;1;2;3;4;5
8910,8910,8910,6,8,retained,0;1;2;3;4;5
8911,8911,8911,6,8,retained,0;1;2;3;4;5
8912,8912,8912,6,8,retained,0;1;2;3;4;5
8913,8913,8913,6,7,retained,0;1;2;3;4;5
8914,8914,8914,6,8,retained,0;1;2;3;4;5
8915,8915,8915,6,7,retained,0;1;2;3;4;5
8916,8916,8916,6,8,retained,0;1;2;3;4;5
8917,8917,8917,6,8,retained,0;1;2;3;4;5
8918,8918,8918,6,8,retained,0;1;2;3;4;5
8919,8919,8919,6,6,retained,0;1;2;3;4;5
8920,8920,8920,6,8,retained,0;1;2;3;4;5
8921,8921,8921,6,8,retained,0;1;2;3;4;5
8922,8922,8922,6,8,retained,0;1;2;3;4;5
8923,8923,8923,6,8,retained,0;1;2;3;4;5
8924,8924,8924,6,8,retained,0;1;2;3;4;5
8925,8925,8925,6,8,retained,0;1;2;3;4;5
8926,8926,8926,6,8,retained,0;1;2;3;4;5
8927,8927,8927,6,8,retained,0;1;2;3;4;5
8928,8928,8928,6,8,retained,0;1;2;3;4;5
8929,8929,8929,6,8,retained,0;1;2;3;4;5
8930,8930,8930,6,5,retained,0;1;2;3;4;5
8931,8931,8931,6,4,retained,0;1;2;3;4;5
8932,8932,8932,6,4,retained,0;1;2;3;4;5
8933,8933,8933,6,8,retained,0;1;2;3;4;5
8934,8934,8934,6,6,retained,0;1;2;3;4;5
8935,8935,8935,6,7,retained,0;1;2;3;4;5
8936,8936,8936,6,4,retained,0;1;2;3;4;5
8937,8937,8937,6,3,retained,0;1;2;3;4;5
8938,8938,8938,6,4,retained,0;1;2;3;4;5
8939,8939,8939,6,8,retained,0;1;2;3;4;5
8940,8940,8940,6,3,retained,0;1;2;3;4;5
8941,8941,8941,6,2,retained,0;1;2;3;4;5
8942,8942,8942,6,6,retained,0;1;2;3;4;5
8943,8943,8943,6,8,retained,0;1;2;3;4;5
8944,8944,8944,6,7,retained,0;1;2;3;4;5
8945,8945,8945,6,6,retained,0;1;2;3;4;5
8946,8946,8946,6,8,retained,0;1;2;3;4;5
8947,8947,8947,6,8,retained,0;1;2;3;4;5
8948,8948,8948,6,3,retained,0;1;2;3;4;5
8949,8949,8949,6,2,retained,0;1;2;3;4;5
8950,8950,8950,6,6,retained,0;1;2;3;4;5
8951,8951,8951,6,5,retained,0;1;2;3;4;5
8952,8952,8952,6,4,retained,0;1;2;3;4;5
8953,8953,8953,6,8,retained,0;1;2;3;4;5
8954,8954,8954,6,4,retained,0;1;2;3;4;5
8955,8955,8955,6,5,retained,0;1;2;3;4;5
8956,8956,8956,6,4,retained,0;1;2;3;4;5
8957,8957,8957,6,5,retained,0;1;2;3;4;5
8958,8958,8958,6,6,retained,0;1;2;3;4;5
8959,8959,8959,6,7,retained,0;1;2;3;4;5
8960,8960,8960,6,7,retained,0;1;2;3;4;5
8961,8961,8961,6,5,retained,0;1;2;3;4;5
8962,8962,8962,6,6,retained,0;1;2;3;4;5
8963,8963,8963,6,8,retained,0;1;2;3;4;5
8964,8964,8964,6,6,retained,0;1;2;3;4;5
8965,8965,8965,6,8,retained,0;1;2;3;4;5
8966,8966,8966,6,8,retained,0;1;2;3;4;5
8967,8967,8967,6,8,retained,0;1;2;3;4;5
8968,8968,8968,6,8,retained,0;1;2;3;4;5
8969,8969,8969,6,5,retained,0;1;2;3;4;5
8970,8970,8970,6,7,retained,0;1;2;3;4;5
8971,8971,8971,6,7,retained,0;1;2;3;4;5
8972,8972,8972,6,5,retained,0;1;2;3;4;5
8973,8973,8973,6,7,retained,0;1;2;3;4;5
8974,8974,8974,6,6,retained,0;1;2;3;4;5
8975,8975,8975,6,5,retained,0;1;2;3;4;5
8976,8976,8976,6,8,retained,0;1;2;3;4;5
8977,8977,8977,6,6,retained,0;1;2;3;4;5
8978,8978,8978,6,7,retained,0;1;2;3;4;5
8979,8979,8979,6,4,retained,0;1;2;3;4;5
8980,8980,8980,6,7,retained,0;1;2;3;4;5
8981,8981,8981,6,7,retained,0;1;2;3;4;5
8982,8982,8982,6,4,retained,0;1;2;3;4;5
8983,8983,8983,6,5,retained,0;1;2;3;4;5
8984,8984,8984,6,7,retained,0;1;2;3;4;5
8985,8985,8985,6,8,retained,0;1;2;3;4;5
8986,8986,8986,6,8,retained,0;1;2;3;4;5
8987,8987,8987,6,6,retained,0;1;2;3;4;5
8988,8988,8988,6,8,retained,0;1;2;3;4;5
8989,8989,8989,6,8,retained,0;1;2;3;4;5
8990,8990,8990,6,7,retained,0;1;2;3;4;5
8991,8991,8991,6,6,retained,0;1;2;3;4;5
8992,8992,8992,6,5,retained,0;1;2;3;4;5
8993,8993,8993,6,5,retained,0;1;2;3;4;5
8994,8994,8994,6,5,retained,0;1;2;3;4;5
8995,8995,8995,6,7,retained,0;1;2;3;4;5
8996,8996,8996,6,6,retained,0;1;2;3;4;5
8997,8997,8997,6,7,retained,0;1;2;3;4;5
8998,8998,8998,6,7,retained,0;1;2;3;4;5
8999,8999,8999,6,8,retained,0;1;2;3;4;5
9000,9000,9000,6,7,retained,0;1;2;3;4;5
9001,9001,9001,6,8,retained,0;1;2;3;4;5
9002,9002,9002,6,7,retained,0;1;2;3;4;5
9003,9003,9003,6,6,retained,0;1;2;3;4;5
9004,9004,9004,6,5,retained,0;1;2;3;4;5
9005,9005,9005,6,8,retained,0;1;2;3;4;5
9006,9006,9006,6,8,retained,0;1;2;3;4;5
9007,9007,9007,6,7,retained,0;1;2;3;4;5
9008,9008,9008,6,6,retained,0;1;2;3;4;5
9009,9009,9009,6,5,retained,0;1;2;3;4;5
9010,9010,9010,6,4,retained,0;1;2;3;4;5
9011,9011,9011,6,8,retained,0;1;2;3;4;5
9012,9012,9012,6,5,retained,0;1;2;3;4;5
9013,9013,9013,6,5,retained,0;1;2;3;4;5
9014,9014,9014,6,8,retained,0;1;2;3;4;5
9015,9015,9015,6,2,retained,0;1;2;3;4;5
9016,9016,9016,6,4,retained,0;1;2;3;4;5
9017,9017,9017,6,6,retained,0;1;2;3;4;5
9018,9018,9018,6,2,retained,0;1;2;3;4;5
9019,9019,9019,6,5,retained,0;1;2;3;4;5
9020,9020,9020,6,2,retained,0;1;2;3;4;5
9021,9021,9021,6,3,retained,0;1;2;3;4;5
9022,9022,9022,6,7,retained,0;1;2;3;4;5
9023,9023,9023,6,3,retained,0;1;2;3;4;5
9024,9024,9024,6,1,retained,0;1;2;3;4;5
9025,9025,9025,6,5,retained,0;1;2;3;4;5
9026,9026,9026,6,8,retained,0;1;2;3;4;5
9027,9027,9027,6,7,retained,0;1;2;3;4;5
9028,9028,9028,6,6,retained,0;1;2;3;4;5
9029,9029,9029,6,5,retained,0;1;2;3;4;5
9030,9030,9030,6,3,retained,0;1;2;3;4;5
9031,9031,9031,6,6,retained,0;1;2;3;4;5
9032,9032,9032,6,6,retained,0;1;2;3;4;5
9033,9033,9033,6,6,retained,0;1;2;3;4;5
9034,9034,9034,6,6,retained,0;1;2;3;4;5
9035,9035,9035,6,6,retained,0;1;2;3;4;5
9036,9036,9036,6,6,retained,0;1;2;3;4;5
9037,9037,9037,6,5,retained,0;1;2;3;4;5
9038,9038,9038,6,7,retained,0;1;2;3;4;5
9039,9039,9039,6,6,retained,0;1;2;3;4;5
9040,9040,9040,6,6,retained,0;1;2;3;4;5
9041,9041,9041,6,6,retained,0;1;2;3;4;5
9042,9042,9042,6,5,retained,0;1;2;3;4;5
9043,9043,9043,6,5,retained,0;1;2;3;4;5
9044,9044,9044,6,5,retained,0;1;2;3;4;5
9045,9045,9045,6,6,retained,0;1;2;3;4;5
9046,9046,9046,6,6,retained,0;1;2;3;4;5
9047,9047,9047,6,8,retained,0;1;2;3;4;5
9048,9048,9048,6,8,retained,0;1;2;3;4;5
9049,9049,9049,6,4,retained,0;1;2;3;4;5
9050,9050,9050,6,4,retained,0;1;2;3;4;5
9051,9051,9051,6,6,retained,0;1;2;3;4;5
9052,9052,9052,6,8,retained,0;1;2;3;4;5
9053,9053,9053,6,8,retained,0;1;2;3;4;5
9054,9054,9054,6,5,retained,0;1;2;3;4;5
9055,9055,9055,6,5,retained,0;1;2;3;4;5
9056,9056,9056,6,6,retained,0;1;2;3;4;5
9057,9057,9057,6,8,retained,0;1;2;3;4;5
9058,9058,9058,6,8,retained,0;1;2;3;4;5
9059,9059,9059,6,8,retained,0;1;2;3;4;5
9060,9060,9060,6,8,retained,0;1;2;3;4;5
9061,9061,9061,6,8,retained,0;1;2;3;4;5
9062,9062,9062,6,8,retained,0;1;2;3;4;5
9063,9063,9063,6,8,retained,0;1;2;3;4;5
9064,9064,9064,6,6,retained,0;1;2;3;4;5
9065,9065,9065,6,6,retained,0;1;2;3;4;5
9066,9066,9066,6,8,retained,0;1;2;3;4;5
9067,9067,9067,6,7,retained,0;1;2;3;4;5
9068,9068,9068,6,6,retained,0;1;2;3;4;5
9069,9069,9069,6,8,retained,0;1;2;3;4;5
9070,9070,9070,6,6,retained,0;1;2;3;4;5
9071,9071,9071,6,8,retained,0;1;2;3;4;5
9072,9072,9072,6,6,retained,0;1;2;3;4;5
9073,9073,9073,6,7,retained,0;1;2;3;4;5
9074,9074,9074,6,7,retained,0;1;2;3;4;5
9075,9075,9075,6,8,retained,0;1;2;3;4;5
9076,9076,9076,6,7,retained,0;1;2;3;4;5
9077,9077,9077,6,6,retained,0;1;2;3;4;5
9078,9078,9078,6,5,retained,0;1;2;3;4;5
9079,9079,9079,6,6,retained,0;1;2;3;4;5
9080,9080,9080,6,8,retained,0;1;2;3;4;5
9081,9081,9081,6,3,retained,0;1;2;3;4;5
9082,9082,9082,6,8,retained,0;1;2;3;4;5
9083,9083,9083,6,8,retained,0;1;2;3;4;5
9084,9084,9084,6,8,retained,0;1;2;3;4;5
9085,9085,9085,6,6,retained,0;1;2;3;4;5
9086,9086,9086,6,8,retained,0;1;2;3;4;5
9087,9087,9087,6,5,retained,0;1;2;3;4;5
9088,9088,9088,6,5,retained,0;1;2;3;4;5
9089,9089,9089,6,5,retained,0;1;2;3;4;5
9090,9090,9090,6,8,retained,0;1;2;3;4;5
9091,9091,9091,6,5,retained,0;1;2;3;4;5
9092,9092,9092,6,5,retained,0;1;2;3;4;5
9093,9093,9093,6,5,retained,0;1;2;3;4;5
9094,9094,9094,6,6,retained,0;1;2;3;4;5
9095,9095,9095,6,7,retained,0;1;2;3;4;5
9096,9096,9096,6,5,retained,0;1;2;3;4;5
9097,9097,9097,6,4,retained,0;1;2;3;4;5
9098,9098,9098,6,7,retained,0;1;2;3;4;5
9099,9099,9099,6,7,retained,0;1;2;3;4;5
9100,9100,9100,6,5,retained,0;1;2;3;4;5
9101,9101,9101,6,5,retained,0;1;2;3;4;5
9102,9102,9102,6,8,retained,0;1;2;3;4;5
9103,9103,9103,6,5,retained,0;1;2;3;4;5
9104,9104,9104,6,6,retained,0;1;2;3;4;5
9105,9105,9105,6,6,retained,0;1;2;3;4;5
9106,9106,9106,6,8,retained,0;1;2;3;4;5
9107,9107,9107,6,5,retained,0;1;2;3;4;5
9108,9108,9108,6,6,retained,0;1;2;3;4;5
9109,9109,9109,6,8,retained,0;1;2;3;4;5
9110,9110,9110,6,7,retained,0;1;2;3;4;5
9111,9111,9111,6,4,retained,0;1;2;3;4;5
9112,9112,9112,6,4,retained,0;1;2;3;4;5
9113,9113,9113,6,7,retained,0;1;2;3;4;5
9114,9114,9114,6,3,retained,0;1;2;3;4;5
9115,9115,9115,6,5,retained,0;1;2;3;4;5
9116,9116,9116,6,4,retained,0;1;2;3;4;5
9117,9117,9117,6,5,retained,0;1;2;3;4;5
9118,9118,9118,6,3,retained,0;1;2;3;4;5
9119,9119,9119,6,3,retained,0;1;2;3;4;5
9120,9120,9120,6,5,retained,0;1;2;3;4;5
9121,9121,9121,6,4,retained,0;1;2;3;4;5
9122,9122,9122,6,7,retained,0;1;2;3;4;5
9123,9123,9123,6,7,retained,0;1;2;3;4;5
9124,9124,9124,6,6,retained,0;1;2;3;4;5
9125,9125,9125,6,6,retained,0;1;2;3;4;5
9126,9126,9126,6,8,retained,0;1;2;3;4;5
9127,9127,9127,6,8,retained,0;1;2;3;4;5
9128,9128,9128,6,3,retained,0;1;2;3;4;5
9129,9129,9129,6,5,retained,0;1;2;3;4;5
9130,9130,9130,6,4,retained,0;1;2;3;4;5
9131,9131,9131,6,4,retained,0;1;2;3;4;5
9132,9132,9132,6,6,retained,0;1;2;3;4;5
9133,9133,9133,6,7,retained,0;1;2;3;4;5
9134,9134,9134,6,3,retained,0;1;2;3;4;5
9135,9135,9135,6,8,retained,0;1;2;3;4;5
9136,9136,9136,6,4,retained,0;1;2;3;4;5
9137,9137,9137,6,7,retained,0;1;2;3;4;5
9138,9138,9138,6,5,retained,0;1;2;3;4;5
9139,9139,9139,6,7,retained,0;1;2;3;4;5
9140,9140,9140,6,5,retained,0;1;2;3;4;5
9141,9141,9141,6,3,retained,0;1;2;3;4;5
9142,9142,9142,6,8,retained,0;1;2;3;4;5
9143,9143,9143,6,8,retained,0;1;2;3;4;5
9144,9144,9144,6,8,retained,0;1;2;3;4;5
9145,9145,9145,6,5,retained,0;1;2;3;4;5
9146,9146,9146,6,8,retained,0;1;2;3;4;5
9147,9147,9147,6,7,retained,0;1;2;3;4;5
9148,9148,9148,6,5,retained,0;1;2;3;4;5
9149,9149,9149,6,8,retained,0;1;2;3;4;5
9150,9150,9150,6,7,retained,0;1;2;3;4;5
9151,9151,9151,6,7,retained,0;1;2;3;4;5
9152,9152,9152,6,8,retained,0;1;2;3;4;5
9153,9153,9153,6,7,retained,0;1;2;3;4;5
9154,9154,9154,6,6,retained,0;1;2;3;4;5
9155,9155,9155,6,5,retained,0;1;2;3;4;5
9156,9156,9156,6,8,retained,0;1;2;3;4;5
9157,9157,9157,6,7,retained,0;1;2;3;4;5
9158,9158,9158,6,6,retained,0;1;2;3;4;5
9159,9159,9159,6,4,retained,0;1;2;3;4;5
9160,9160,9160,6,7,retained,0;1;2;3;4;5
9161,9161,9161,6,7,retained,0;1;2;3;4;5
9162,9162,9162,6,8,retained,0;1;2;3;4;5
9163,9163,9163,6,6,retained,0;1;2;3;4;5
9164,9164,9164,6,7,retained,0;1;2;3;4;5
9165,9165,9165,6,8,retained,0;1;2;3;4;5
9166,9166,9166,6,7,retained,0;1;2;3;4;5
9167,9167,9167,6,8,retained,0;1;2;3;4;5
9168,9168,9168,6,8,retained,0;1;2;3;4;5
9169,9169,9169,6,7,retained,0;1;2;3;4;5
9170,9170,9170,6,8,retained,0;1;2;3;4;5
9171,9171,9171,6,6,retained,0;1;2;3;4;5
9172,9172,9172,6,8,retained,0;1;2;3;4;5
9173,9173,9173,6,7,retained,0;1;2;3;4;5
9174,9174,9174,6,6,retained,0;1;2;3;4;5
9175,9175,9175,6,5,retained,0;1;2;3;4;5
9176,9176,9176,6,6,retained,0;1;2;3;4;5
9177,9177,9177,6,8,retained,0;1;2;3;4;5
9178,9178,9178,6,6,retained,0;1;2;3;4;5
9179,9179,9179,6,5,retained,0;1;2;3;4;5
9180,9180,9180,6,5,retained,0;1;2;3;4;5
9181,9181,9181,6,7,retained,0;1;2;3;4;5
9182,9182,9182,6,7,retained,0;1;2;3;4;5
9183,9183,9183,6,8,retained,0;1;2;3;4;5
9184,9184,9184,6,5,retained,0;1;2;3;4;5
9185,9185,9185,6,8,retained,0;1;2;3;4;5
9186,9186,9186,6,7,retained,0;1;2;3;4;5
9187,9187,9187,6,7,retained,0;1;2;3;4;5
9188,9188,9188,6,5,retained,0;1;2;3;4;5
9189,9189,9189,6,5,retained,0;1;2;3;4;5
9190,9190,9190,6,8,retained,0;1;2;3;4;5
9191,9191,9191,6,7,retained,0;1;2;3;4;5
9192,9192,9192,6,6,retained,0;1;2;3;4;5
9193,9193,9193,6,7,retained,0;1;2;3;4;5
9194,9194,9194,6,5,retained,0;1;2;3;4;5
9195,9195,9195,6,6,retained,0;1;2;3;4;5
9196,9196,9196,6,8,retained,0;1;2;3;4;5
9197,9197,9197,6,8,retained,0;1;2;3;4;5
9198,9198,9198,6,5,retained,0;1;2;3;4;5
9199,9199,9199,6,8,retained,0;1;2;3;4;5
9200,9200,9200,6,8,retained,0;1;2;3;4;5
9201,9201,9201,6,8,retained,0;1;2;3;4;5
9202,9202,9202,6,8,retained,0;1;2;3;4;5
9203,9203,9203,6,7,retained,0;1;2;3;4;5
9204,9204,9204,6,6,retained,0;1;2;3;4;5
9205,9205,9205,6,5,retained,0;1;2;3;4;5
9206,9206,9206,6,5,retained,0;1;2;3;4;5
9207,9207,9207,6,6,retained,0;1;2;3;4;5
9208,9208,9208,6,8,retained,0;1;2;3;4;5
9209,9209,9209,6,4,retained,0;1;2;3;4;5
9210,9210,9210,6,7,retained,0;1;2;3;4;5
9211,9211,9211,6,7,retained,0;1;2;3;4;5
9212,9212,9212,6,6,retained,0;1;2;3;4;5
9213,9213,9213,6,8,retained,0;1;2;3;4;5
9214,9214,9214,6,8,retained,0;1;2;3;4;5
9215,9215,9215,6,8,retained,0;1;2;3;4;5
9216,9216,9216,6,5,retained,0;1;2;3;4;5
9217,9217,9217,6,8,retained,0;1;2;3;4;5
9218,9218,9218,6,7,retained,0;1;2;3;4;5
9219,9219,9219,6,8,retained,0;1;2;3;4;5
9220,9220,9220,6,8,retained,0;1;2;3;4;5
9221,9221,9221,6,8,retained,0;1;2;3;4;5
9222,9222,9222,6,6,retained,0;1;2;3;4;5
9223,9223,9223,6,8,retained,0;1;2;3;4;5
9224,9224,9224,6,7,retained,0;1;2;3;4;5
9225,9225,9225,6,8,retained,0;1;2;3;4;5
9226,9226,9226,6,6,retained,0;1;2;3;4;5
9227,9227,9227,6,8,retained,0;1;2;3;4;5
9228,9228,9228,6,8,retained,0;1;2;3;4;5
9229,9229,9229,6,7,retained,0;1;2;3;4;5
9230,9230,9230,6,8,retained,0;1;2;3;4;5
9231,9231,9231,6,8,retained,0;1;2;3;4;5
9232,9232,9232,6,8,retained,0;1;2;3;4;5
9233,9233,9233,6,8,retained,0;1;2;3;4;5
9234,9234,9234,6,8,retained,0;1;2;3;4;5
9235,9235,9235,6,8,retained,0;1;2;3;4;5
9236,9236,9236,6,7,retained,0;1;2;3;4;5
9237,9237,9237,6,8,retained,0;1;2;3;4;5
9238,9238,9238,6,8,retained,0;1;2;3;4;5
9239,9239,9239,6,8,retained,0;1;2;3;4;5
9240,9240,9240,6,8,retained,0;1;2;3;4;5
9241,9241,9241,6,7,retained,0;1;2;3;4;5
9242,9242,9242,6,7,retained,0;1;2;3;4;5
9243,9243,9243,6,5,retained,0;1;2;3;4;5
9244,9244,9244,6,8,retained,0;1;2;3;4;5
9245,9245,9245,6,8,retained,0;1;2;3;4;5
9246,9246,9246,6,8,retained,0;1;2;3;4;5
9247,9247,9247,6,8,retained,0;1;2;3;4;5
9248,9248,9248,6,7,retained,0;1;2;3;4;5
9249,9249,9249,6,5,retained,0;1;2;3;4;5
9250,9250,9250,6,8,retained,0;1;2;3;4;5
9251,9251,9251,6,8,retained,0;1;2;3;4;5
9252,9252,9252,6,8,retained,0;1;2;3;4;5
9253,9253,9253,6,8,retained,0;1;2;3;4;5
9254,9254,9254,6,7,retained,0;1;2;3;4;5
9255,9255,9255,6,8,retained,0;1;2;3;4;5
9256,9256,9256,6,6,retained,0;1;2;3;4;5
9257,9257,9257,6,7,retained,0;1;2;3;4;5
9258,9258,9258,6,8,retained,0;1;2;3;4;5
9259,9259,9259,6,8,retained,0;1;2;3;4;5
9260,9260,9260,6,8,retained,0;1;2;3;4;5
9261,9261,9261,6,8,retained,0;1;2;3;4;5
9262,9262,9262,6,8,retained,0;1;2;3;4;5
9263,9263,9263,6,6,retained,0;1;2;3;4;5
9264,9264,9264,6,6,retained,0;1;2;3;4;5
9265,9265,9265,6,8,retained,0;1;2;3;4;5
9266,9266,9266,6,8,retained,0;1;2;3;4;5
9267,9267,9267,6,8,retained,0;1;2;3;4;5
9268,9268,9268,6,8,retained,0;1;2;3;4;5
9269,9269,9269,6,8,retained,0;1;2;3;4;5
9270,9270,9270,6,3,retained,0;1;2;3;4;5
9271,9271,9271,6,4,retained,0;1;2;3;4;5
9272,9272,9272,6,3,retained,0;1;2;3;4;5
9273,9273,9273,6,3,retained,0;1;2;3;4;5
9274,9274,9274,6,7,retained,0;1;2;3;4;5
9275,9275,9275,6,6,retained,0;1;2;3;4;5
9276,9276,9276,6,8,retained,0;1;2;3;4;5
9277,9277,9277,6,7,retained,0;1;2;3;4;5
9278,9278,9278,6,6,retained,0;1;2;3;4;5
9279,9279,9279,6,7,retained,0;1;2;3;4;5
9280,9280,9280,6,6,retained,0;1;2;3;4;5
9281,9281,9281,6,6,retained,0;1;2;3;4;5
9282,9282,9282,6,6,retained,0;1;2;3;4;5
9283,9283,9283,6,5,retained,0;1;2;3;4;5
9284,9284,9284,6,8,retained,0;1;2;3;4;5
9285,9285,9285,6,7,retained,0;1;2;3;4;5
9286,9286,9286,6,8,retained,0;1;2;3;4;5
9287,9287,9287,6,7,retained,0;1;2;3;4;5
9288,9288,9288,6,6,retained,0;1;2;3;4;5
9289,9289,9289,6,5,retained,0;1;2;3;4;5
9290,9290,9290,6,8,retained,0;1;2;3;4;5
9291,9291,9291,6,5,retained,0;1;2;3;4;5
9292,9292,9292,6,7,retained,0;1;2;3;4;5
9293,9293,9293,6,7,retained,0;1;2;3;4;5
9294,9294,9294,6,7,retained,0;1;2;3;4;5
9295,9295,9295,6,8,retained,0;1;2;3;4;5
9296,9296,9296,6,7,retained,0;1;2;3;4;5
9297,9297,9297,6,8,retained,0;1;2;3;4;5
9298,9298,9298,6,8,retained,0;1;2;3;4;5
9299,9299,9299,6,8,retained,0;1;2;3;4;5
9300,9300,9300,6,8,retained,0;1;2;3;4;5
9301,9301,9301,6,8,retained,0;1;2;3;4;5
9302,9302,9302,6,7,retained,0;1;2;3;4;5
9303,9303,9303,6,6,retained,0;1;2;3;4;5
9304,9304,9304,6,8,retained,0;1;2;3;4;5
9305,9305,9305,6,7,retained,0;1;2;3;4;5
9306,9306,9306,6,6,retained,0;1;2;3;4;5
9307,9307,9307,6,5,retained,0;1;2;3;4;5
9308,9308,9308,6,5,retained,0;1;2;3;4;5
9309,9309,9309,6,8,retained,0;1;2;3;4;5
9310,9310,9310,6,8,retained,0;1;2;3;4;5
9311,9311,9311,6,8,retained,0;1;2;3;4;5
9312,9312,9312,6,8,retained,0;1;2;3;4;5
9313,9313,9313,6,8,retained,0;1;2;3;4;5
9314,9314,9314,6,7,retained,0;1;2;3;4;5
9315,9315,9315,6,7,retained,0;1;2;3;4;5
9316,9316,9316,6,8,retained,0;1;2;3;4;5
9317,9317,9317,6,8,retained,0;1;2;3;4;5
9318,9318,9318,6,8,retained,0;1;2;3;4;5
9319,9319,9319,6,8,retained,0;1;2;3;4;5
9320,9320,9320,6,8,retained,0;1;2;3;4;5
9321,9321,9321,6,5,retained,0;1;2;3;4;5
9322,9322,9322,6,8,retained,0;1;2;3;4;5
9323,9323,9323,6,8,retained,0;1;2;3;4;5
9324,9324,9324,6,8,retained,0;1;2;3;4;5
9325,9325,9325,6,8,retained,0;1;2;3;4;5
9326,9326,9326,6,4,retained,0;1;2;3;4;5
9327,9327,9327,6,7,retained,0;1;2;3;4;5
9328,9328,9328,6,6,retained,0;1;2;3;4;5
9329,9329,9329,6,7,retained,0;1;2;3;4;5
9330,9330,9330,6,7,retained,0;1;2;3;4;5
9331,9331,9331,6,8,retained,0;1;2;3;4;5
9332,9332,9332,6,8,retained,0;1;2;3;4;5
9333,9333,9333,6,5,retained,0;1;2;3;4;5
9334,9334,9334,6,8,retained,0;1;2;3;4;5
9335,9335,9335,6,7,retained,0;1;2;3;4;5
9336,9336,9336,6,7,retained,0;1;2;3;4;5
9337,9337,9337,6,7,retained,0;1;2;3;4;5
9338,9338,9338,6,8,retained,0;1;2;3;4;5
9339,9339,9339,6,8,retained,0;1;2;3;4;5
9340,9340,9340,6,8,retained,0;1;2;3;4;5
9341,9341,9341,6,8,retained,0;1;2;3;4;5
9342,9342,9342,6,8,retained,0;1;2;3;4;5
9343,9343,9343,6,8,retained,0;1;2;3;4;5
9344,9344,9344,6,8,retained,0;1;2;3;4;5
9345,9345,9345,6,8,retained,0;1;2;3;4;5
9346,9346,9346,6,8,retained,0;1;2;3;4;5
9347,9347,9347,6,8,retained,0;1;2;3;4;5
9348,9348,9348,6,8,retained,0;1;2;3;4;5
9349,9349,9349,6,8,retained,0;1;2;3;4;5
9350,9350,9350,6,8,retained,0;1;2;3;4;5
9351,9351,9351,6,8,retained,0;1;2;3;4;5
9352,9352,9352,6,6,retained,0;1;2;3;4;5
9353,9353,9353,6,3,retained,0;1;2;3;4;5
9354,9354,9354,6,7,retained,0;1;2;3;4;5
9355,9355,9355,6,4,retained,0;1;2;3;4;5
9356,9356,9356,6,7,retained,0;1;2;3;4;5
9357,9357,9357,6,6,retained,0;1;2;3;4;5
9358,9358,9358,6,5,retained,0;1;2;3;4;5
9359,9359,9359,6,5,retained,0;1;2;3;4;5
9360,9360,9360,6,5,retained,0;1;2;3;4;5
9361,9361,9361,6,5,retained,0;1;2;3;4;5
9362,9362,9362,6,5,retained,0;1;2;3;4;5
9363,9363,9363,6,8,retained,0;1;2;3;4;5
9364,9364,9364,6,7,retained,0;1;2;3;4;5
9365,9365,9365,6,6,retained,0;1;2;3;4;5
9366,9366,9366,6,7,retained,0;1;2;3;4;5
9367,9367,9367,6,7,retained,0;1;2;3;4;5
9368,9368,9368,6,8,retained,0;1;2;3;4;5
9369,9369,9369,6,6,retained,0;1;2;3;4;5
9370,9370,9370,6,7,retained,0;1;2;3;4;5
9371,9371,9371,6,7,retained,0;1;2;3;4;5
9372,9372,9372,6,8,retained,0;1;2;3;4;5
9373,9373,9373,6,6,retained,0;1;2;3;4;5
9374,9374,9374,6,8,retained,0;1;2;3;4;5
9375,9375,9375,6,8,retained,0;1;2;3;4;5
9376,9376,9376,6,8,retained,0;1;2;3;4;5
9377,9377,9377,6,8,retained,0;1;2;3;4;5
9378,9378,9378,6,6,retained,0;1;2;3;4;5
9379,9379,9379,6,8,retained,0;1;2;3;4;5
9380,9380,9380,6,6,retained,0;1;2;3;4;5
9381,9381,9381,6,8,retained,0;1;2;3;4;5
9382,9382,9382,6,7,retained,0;1;2;3;4;5
9383,9383,9383,6,7,retained,0;1;2;3;4;5
9384,9384,9384,6,7,retained,0;1;2;3;4;5
9385,9385,9385,6,4,retained,0;1;2;3;4;5
9386,9386,9386,6,8,retained,0;1;2;3;4;5
9387,9387,9387,6,8,retained,0;1;2;3;4;5
9388,9388,9388,6,8,retained,0;1;2;3;4;5
9389,9389,9389,6,8,retained,0;1;2;3;4;5
9390,9390,9390,6,7,retained,0;1;2;3;4;5
9391,9391,9391,6,8,retained,0;1;2;3;4;5
9392,9392,9392,6,8,retained,0;1;2;3;4;5
9393,9393,9393,6,8,retained,0;1;2;3;4;5
9394,9394,9394,6,8,retained,0;1;2;3;4;5
9395,9395,9395,6,7,retained,0;1;2;3;4;5
9396,9396,9396,6,6,retained,0;1;2;3;4;5
9397,9397,9397,6,5,retained,0;1;2;3;4;5
9398,9398,9398,6,5,retained,0;1;2;3;4;5
9399,9399,9399,6,5,retained,0;1;2;3;4;5
9400,9400,9400,6,5,retained,0;1;2;3;4;5
9401,9401,9401,6,8,retained,0;1;2;3;4;5
9402,9402,9402,6,6,retained,0;1;2;3;4;5
9403,9403,9403,6,8,retained,0;1;2;3;4;5
9404,9404,9404,6,8,retained,0;1;2;3;4;5
9405,9405,9405,6,8,retained,0;1;2;3;4;5
9406,9406,9406,6,6,retained,0;1;2;3;4;5
9407,9407,9407,6,8,retained,0;1;2;3;4;5
9408,9408,9408,6,8,retained,0;1;2;3;4;5
9409,9409,9409,6,8,retained,0;1;2;3;4;5
9410,9410,9410,6,7,retained,0;1;2;3;4;5
9411,9411,9411,6,5,retained,0;1;2;3;4;5
9412,9412,9412,6,8,retained,0;1;2;3;4;5
9413,9413,9413,6,5,retained,0;1;2;3;4;5
9414,9414,9414,6,5,retained,0;1;2;3;4;5
9415,9415,9415,6,5,retained,0;1;2;3;4;5
9416,9416,9416,6,8,retained,0;1;2;3;4;5
9417,9417,9417,6,8,retained,0;1;2;3;4;5
9418,9418,9418,6,8,retained,0;1;2;3;4;5
9419,9419,9419,6,7,retained,0;1;2;3;4;5
9420,9420,9420,6,6,retained,0;1;2;3;4;5
9421,9421,9421,6,7,retained,0;1;2;3;4;5
9422,9422,9422,6,6,retained,0;1;2;3;4;5
9423,9423,9423,6,6,retained,0;1;2;3;4;5
9424,9424,9424,6,6,retained,0;1;2;3;4;5
9425,9425,9425,6,5,retained,0;1;2;3;4;5
9426,9426,9426,6,5,retained,0;1;2;3;4;5
9427,9427,9427,6,8,retained,0;1;2;3;4;5
9428,9428,9428,6,7,retained,0;1;2;3;4;5
9429,9429,9429,6,8,retained,0;1;2;3;4;5
9430,9430,9430,6,8,retained,0;1;2;3;4;5
9431,9431,9431,6,8,retained,0;1;2;3;4;5
9432,9432,9432,6,8,retained,0;1;2;3;4;5
9433,9433,9433,6,8,retained,0;1;2;3;4;5
9434,9434,9434,6,6,retained,0;1;2;3;4;5
9435,9435,9435,6,7,retained,0;1;2;3;4;5
9436,9436,9436,6,8,retained,0;1;2;3;4;5
9437,9437,9437,6,8,retained,0;1;2;3;4;5
9438,9438,9438,6,5,retained,0;1;2;3;4;5
9439,9439,9439,6,5,retained,0;1;2;3;4;5
9440,9440,9440,6,4,retained,0;1;2;3;4;5
9441,9441,9441,6,7,retained,0;1;2;3;4;5
9442,9442,9442,6,7,retained,0;1;2;3;4;5
9443,9443,9443,6,8,retained,0;1;2;3;4;5
9444,9444,9444,6,8,retained,0;1;2;3;4;5
9445,9445,9445,6,7,retained,0;1;2;3;4;5
9446,9446,9446,6,8,retained,0;1;2;3;4;5
9447,9447,9447,6,8,retained,0;1;2;3;4;5
9448,9448,9448,6,6,retained,0;1;2;3;4;5
9449,9449,9449,6,5,retained,0;1;2;3;4;5
9450,9450,9450,6,8,retained,0;1;2;3;4;5
9451,9451,9451,6,8,retained,0;1;2;3;4;5
9452,9452,9452,6,8,retained,0;1;2;3;4;5
9453,9453,9453,6,5,retained,0;1;2;3;4;5
9454,9454,9454,6,4,retained,0;1;2;3;4;5
9455,9455,9455,6,5,retained,0;1;2;3;4;5
9456,9456,9456,6,5,retained,0;1;2;3;4;5
9457,9457,9457,6,6,retained,0;1;2;3;4;5
9458,9458,9458,6,8,retained,0;1;2;3;4;5
9459,9459,9459,6,7,retained,0;1;2;3;4;5
9460,9460,9460,6,6,retained,0;1;2;3;4;5
9461,9461,9461,6,4,retained,0;1;2;3;4;5
9462,9462,9462,6,8,retained,0;1;2;3;4;5
9463,9463,9463,6,8,retained,0;1;2;3;4;5
9464,9464,9464,6,7,retained,0;1;2;3;4;5
9465,9465,9465,6,8,retained,0;1;2;3;4;5
9466,9466,9466,6,8,retained,0;1;2;3;4;5
9467,9467,9467,6,6,retained,0;1;2;3;4;5
9468,9468,9468,6,8,retained,0;1;2;3;4;5
9469,9469,9469,6,7,retained,0;1;2;3;4;5
9470,9470,9470,6,8,retained,0;1;2;3;4;5
9471,9471,9471,6,8,retained,0;1;2;3;4;5
9472,9472,9472,6,8,retained,0;1;2;3;4;5
9473,9473,9473,6,8,retained,0;1;2;3;4;5
9474,9474,9474,6,7,retained,0;1;2;3;4;5
9475,9475,9475,6,8,retained,0;1;2;3;4;5
9476,9476,9476,6,4,retained,0;1;2;3;4;5
9477,9477,9477,6,6,retained,0;1;2;3;4;5
9478,9478,9478,6,5,retained,0;1;2;3;4;5
9479,9479,9479,6,7,retained,0;1;2;3;4;5
9480,9480,9480,6,8,retained,0;1;2;3;4;5
9481,9481,9481,6,7,retained,0;1;2;3;4;5
9482,9482,9482,6,6,retained,0;1;2;3;4;5
9483,9483,9483,6,7,retained,0;1;2;3;4;5
9484,9484,9484,6,7,retained,0;1;2;3;4;5
9485,9485,9485,6,8,retained,0;1;2;3;4;5
9486,9486,9486,6,7,retained,0;1;2;3;4;5
9487,9487,9487,6,6,retained,0;1;2;3;4;5
9488,9488,9488,6,6,retained,0;1;2;3;4;5
9489,9489,9489,6,8,retained,0;1;2;3;4;5
9490,9490,9490,6,7,retained,0;1;2;3;4;5
9491,9491,9491,6,5,retained,0;1;2;3;4;5
9492,9492,9492,6,8,retained,0;1;2;3;4;5
9493,9493,9493,6,8,retained,0;1;2;3;4;5
9494,9494,9494,6,7,retained,0;1;2;3;4;5
9495,9495,9495,6,8,retained,0;1;2;3;4;5
9496,9496,9496,6,8,retained,0;1;2;3;4;5
9497,9497,9497,6,8,retained,0;1;2;3;4;5
9498,9498,9498,6,8,retained,0;1;2;3;4;5
9499,9499,9499,6,7,retained,0;1;2;3;4;5
9500,9500,9500,6,8,retained,0;1;2;3;4;5
9501,9501,9501,6,8,retained,0;1;2;3;4;5
9502,9502,9502,6,6,retained,0;1;2;3;4;5
9503,9503,9503,6,8,retained,0;1;2;3;4;5
9504,9504,9504,6,7,retained,0;1;2;3;4;5
9505,9505,9505,6,8,retained,0;1;2;3;4;5
9506,9506,9506,6,7,retained,0;1;2;3;4;5
9507,9507,9507,6,8,retained,0;1;2;3;4;5
9508,9508,9508,6,8,retained,0;1;2;3;4;5
9509,9509,9509,6,8,retained,0;1;2;3;4;5
9510,9510,9510,6,8,retained,0;1;2;3;4;5
9511,9511,9511,6,6,retained,0;1;2;3;4;5
9512,9512,9512,6,8,retained,0;1;2;3;4;5
9513,9513,9513,6,8,retained,0;1;2;3;4;5
9514,9514,9514,6,8,retained,0;1;2;3;4;5
9515,9515,9515,6,8,retained,0;1;2;3;4;5
9516,9516,9516,6,6,retained,0;1;2;3;4;5
9517,9517,9517,6,7,retained,0;1;2;3;4;5
9518,9518,9518,6,8,retained,0;1;2;3;4;5
9519,9519,9519,6,8,retained,0;1;2;3;4;5
9520,9520,9520,6,8,retained,0;1;2;3;4;5
9521,9521,9521,6,8,retained,0;1;2;3;4;5
9522,9522,9522,6,6,retained,0;1;2;3;4;5
9523,9523,9523,6,8,retained,0;1;2;3;4;5
9524,9524,9524,6,8,retained,0;1;2;3;4;5
9525,9525,9525,6,7,retained,0;1;2;3;4;5
9526,9526,9526,6,8,retained,0;1;2;3;4;5
9527,9527,9527,6,7,retained,0;1;2;3;4;5
9528,9528,9528,6,8,retained,0;1;2;3;4;5
9529,9529,9529,6,8,retained,0;1;2;3;4;5
9530,9530,9530,6,8,retained,0;1;2;3;4;5
9531,9531,9531,6,8,retained,0;1;2;3;4;5
9532,9532,9532,6,8,retained,0;1;2;3;4;5
9533,9533,9533,6,8,retained,0;1;2;3;4;5
9534,9534,9534,6,8,retained,0;1;2;3;4;5
9535,9535,9535,6,8,retained,0;1;2;3;4;5
9536,9536,9536,6,8,retained,0;1;2;3;4;5
9537,9537,9537,6,7,retained,0;1;2;3;4;5
9538,9538,9538,6,8,retained,0;1;2;3;4;5
9539,9539,9539,6,3,retained,0;1;2;3;4;5
9540,9540,9540,6,6,retained,0;1;2;3;4;5
9541,9541,9541,6,6,retained,0;1;2;3;4;5
9542,9542,9542,6,7,retained,0;1;2;3;4;5
9543,9543,9543,6,8,retained,0;1;2;3;4;5
9544,9544,9544,6,7,retained,0;1;2;3;4;5
9545,9545,9545,6,8,retained,0;1;2;3;4;5
9546,9546,9546,6,7,retained,0;1;2;3;4;5
9547,9547,9547,6,5,retained,0;1;2;3;4;5
9548,9548,9548,6,8,retained,0;1;2;3;4;5
9549,9549,9549,6,7,retained,0;1;2;3;4;5
9550,9550,9550,6,6,retained,0;1;2;3;4;5
9551,9551,9551,6,7,retained,0;1;2;3;4;5
9552,9552,9552,6,7,retained,0;1;2;3;4;5
9553,9553,9553,6,6,retained,0;1;2;3;4;5
9554,9554,9554,6,8,retained,0;1;2;3;4;5
9555,9555,9555,6,8,retained,0;1;2;3;4;5
9556,9556,9556,6,8,retained,0;1;2;3;4;5
9557,9557,9557,6,7,retained,0;1;2;3;4;5
9558,9558,9558,6,8,retained,0;1;2;3;4;5
9559,9559,9559,6,4,retained,0;1;2;3;4;5
9560,9560,9560,6,6,retained,0;1;2;3;4;5
9561,9561,9561,6,5,retained,0;1;2;3;4;5
9562,9562,9562,6,8,retained,0;1;2;3;4;5
9563,9563,9563,6,7,retained,0;1;2;3;4;5
9564,9564,9564,6,6,retained,0;1;2;3;4;5
9565,9565,9565,6,8,retained,0;1;2;3;4;5
9566,9566,9566,6,8,retained,0;1;2;3;4;5
9567,9567,9567,6,7,retained,0;1;2;3;4;5
9568,9568,9568,6,8,retained,0;1;2;3;4;5
9569,9569,9569,6,5,retained,0;1;2;3;4;5
9570,9570,9570,6,7,retained,0;1;2;3;4;5
9571,9571,9571,6,8,retained,0;1;2;3;4;5
9572,9572,9572,6,5,retained,0;1;2;3;4;5
9573,9573,9573,6,7,retained,0;1;2;3;4;5
9574,9574,9574,6,8,retained,0;1;2;3;4;5
9575,9575,9575,6,4,retained,0;1;2;3;4;5
9576,9576,9576,6,6,retained,0;1;2;3;4;5
9577,9577,9577,6,6,retained,0;1;2;3;4;5
9578,9578,9578,6,6,retained,0;1;2;3;4;5
9579,9579,9579,6,8,retained,0;1;2;3;4;5
9580,9580,9580,6,6,retained,0;1;2;3;4;5
9581,9581,9581,6,4,retained,0;1;2;3;4;5
9582,9582,9582,6,7,retained,0;1;2;3;4;5
9583,9583,9583,6,6,retained,0;1;2;3;4;5
9584,9584,9584,6,8,retained,0;1;2;3;4;5
9585,9585,9585,6,8,retained,0;1;2;3;4;5
9586,9586,9586,6,8,retained,0;1;2;3;4;5
9587,9587,9587,6,8,retained,0;1;2;3;4;5
9588,9588,9588,6,8,retained,0;1;2;3;4;5
9589,9589,9589,6,8,retained,0;1;2;3;4;5
9590,9590,9590,6,8,retained,0;1;2;3;4;5
9591,9591,9591,6,5,retained,0;1;2;3;4;5
9592,9592,9592,6,5,retained,0;1;2;3;4;5
9593,9593,9593,6,8,retained,0;1;2;3;4;5
9594,9594,9594,6,5,retained,0;1;2;3;4;5
9595,9595,9595,6,6,retained,0;1;2;3;4;5
9596,9596,9596,6,6,retained,0;1;2;3;4;5
9597,9597,9597,6,8,retained,0;1;2;3;4;5
9598,9598,9598,6,7,retained,0;1;2;3;4;5
9599,9599,9599,6,6,retained,0;1;2;3;4;5
9600,9600,9600,6,5,retained,0;1;2;3;4;5
9601,9601,9601,6,7,retained,0;1;2;3;4;5
9602,9602,9602,6,3,retained,0;1;2;3;4;5
9603,9603,9603,6,6,retained,0;1;2;3;4;5
9604,9604,9604,6,8,retained,0;1;2;3;4;5
9605,9605,9605,6,8,retained,0;1;2;3;4;5
9606,9606,9606,6,5,retained,0;1;2;3;4;5
9607,9607,9607,6,6,retained,0;1;2;3;4;5
9608,9608,9608,6,5,retained,0;1;2;3;4;5
9609,9609,9609,6,6,retained,0;1;2;3;4;5
9610,9610,9610,6,7,retained,0;1;2;3;4;5
9611,9611,9611,6,5,retained,0;1;2;3;4;5
9612,9612,9612,6,6,retained,0;1;2;3;4;5
9613,9613,9613,6,5,retained,0;1;2;3;4;5
9614,9614,9614,6,7,retained,0;1;2;3;4;5
9615,9615,9615,6,7,retained,0;1;2;3;4;5
9616,9616,9616,6,8,retained,0;1;2;3;4;5
9617,9617,9617,6,6,retained,0;1;2;3;4;5
9618,9618,9618,6,7,retained,0;1;2;3;4;5
9619,9619,9619,6,4,retained,0;1;2;3;4;5
9620,9620,9620,6,6,retained,0;1;2;3;4;5
9621,9621,9621,6,8,retained,0;1;2;3;4;5
9622,9622,9622,6,8,retained,0;1;2;3;4;5
9623,9623,9623,6,7,retained,0;1;2;3;4;5
9624,9624,9624,6,8,retained,0;1;2;3;4;5
9625,9625,9625,6,3,retained,0;1;2;3;4;5
9626,9626,9626,6,8,retained,0;1;2;3;4;5
9627,9627,9627,6,8,retained,0;1;2;3;4;5
9628,9628,9628,6,8,retained,0;1;2;3;4;5
9629,9629,9629,6,5,retained,0;1;2;3;4;5
9630,9630,9630,6,7,retained,0;1;2;3;4;5
9631,9631,9631,6,5,retained,0;1;2;3;4;5
9632,9632,9632,6,5,retained,0;1;2;3;4;5
9633,9633,9633,6,5,retained,0;1;2;3;4;5
9634,9634,9634,6,5,retained,0;1;2;3;4;5
9635,9635,9635,6,7,retained,0;1;2;3;4;5
9636,9636,9636,6,6,retained,0;1;2;3;4;5
9637,9637,9637,6,7,retained,0;1;2;3;4;5
9638,9638,9638,6,7,retained,0;1;2;3;4;5
9639,9639,9639,6,8,retained,0;1;2;3;4;5
9640,9640,9640,6,7,retained,0;1;2;3;4;5
9641,9641,9641,6,6,retained,0;1;2;3;4;5
9642,9642,9642,6,6,retained,0;1;2;3;4;5
9643,9643,9643,6,7,retained,0;1;2;3;4;5
9644,9644,9644,6,6,retained,0;1;2;3;4;5
9645,9645,9645,6,5,retained,0;1;2;3;4;5
9646,9646,9646,6,8,retained,0;1;2;3;4;5
9647,9647,9647,6,7,retained,0;1;2;3;4;5
9648,9648,9648,6,6,retained,0;1;2;3;4;5
9649,9649,9649,6,8,retained,0;1;2;3;4;5
9650,9650,9650,6,7,retained,0;1;2;3;4;5
9651,9651,9651,6,7,retained,0;1;2;3;4;5
9652,9652,9652,6,8,retained,0;1;2;3;4;5
9653,9653,9653,6,8,retained,0;1;2;3;4;5
9654,9654,9654,6,8,retained,0;1;2;3;4;5
9655,9655,9655,6,8,retained,0;1;2;3;4;5
9656,9656,9656,6,8,retained,0;1;2;3;4;5
9657,9657,9657,6,8,retained,0;1;2;3;4;5
9658,9658,9658,6,7,retained,0;1;2;3;4;5
9659,9659,9659,6,8,retained,0;1;2;3;4;5
9660,9660,9660,6,8,retained,0;1;2;3;4;5
9661,9661,9661,6,6,retained,0;1;2;3;4;5
9662,9662,9662,6,7,retained,0;1;2;3;4;5
9663,9663,9663,6,8,retained,0;1;2;3;4;5
9664,9664,9664,6,7,retained,0;1;2;3;4;5
9665,9665,9665,6,8,retained,0;1;2;3;4;5
9666,9666,9666,6,5,retained,0;1;2;3;4;5
9667,9667,9667,6,7,retained,0;1;2;3;4;5
9668,9668,9668,6,8,retained,0;1;2;3;4;5
9669,9669,9669,6,8,retained,0;1;2;3;4;5
9670,9670,9670,6,8,retained,0;1;2;3;4;5
9671,9671,9671,6,7,retained,0;1;2;3;4;5
9672,9672,9672,6,7,retained,0;1;2;3;4;5
9673,9673,9673,6,8,retained,0;1;2;3;4;5
9674,9674,9674,6,8,retained,0;1;2;3;4;5
9675,9675,9675,6,7,retained,0;1;2;3;4;5
9676,9676,9676,6,8,retained,0;1;2;3;4;5
9677,9677,9677,6,8,retained,0;1;2;3;4;5
9678,9678,9678,6,8,retained,0;1;2;3;4;5
9679,9679,9679,6,8,retained,0;1;2;3;4;5
9680,9680,9680,6,8,retained,0;1;2;3;4;5
9681,9681,9681,6,7,retained,0;1;2;3;4;5
9682,9682,9682,6,7,retained,0;1;2;3;4;5
9683,9683,9683,6,7,retained,0;1;2;3;4;5
9684,9684,9684,6,7,retained,0;1;2;3;4;5
9685,9685,9685,6,3,retained,0;1;2;3;4;5
9686,9686,9686,6,6,retained,0;1;2;3;4;5
9687,9687,9687,6,6,retained,0;1;2;3;4;5
9688,9688,9688,6,4,retained,0;1;2;3;4;5
9689,9689,9689,6,5,retained,0;1;2;3;4;5
9690,9690,9690,6,8,retained,0;1;2;3;4;5
9691,9691,9691,6,3,retained,0;1;2;3;4;5
9692,9692,9692,6,6,retained,0;1;2;3;4;5
9693,9693,9693,6,8,retained,0;1;2;3;4;5
9694,9694,9694,6,5,retained,0;1;2;3;4;5
9695,9695,9695,6,5,retained,0;1;2;3;4;5
9696,9696,9696,6,4,retained,0;1;2;3;4;5
9697,9697,9697,6,3,retained,0;1;2;3;4;5
9698,9698,9698,6,7,retained,0;1;2;3;4;5
9699,9699,9699,6,7,retained,0;1;2;3;4;5
9700,9700,9700,6,6,retained,0;1;2;3;4;5
9701,9701,9701,6,5,retained,0;1;2;3;4;5
9702,9702,9702,6,5,retained,0;1;2;3;4;5
9703,9703,9703,6,5,retained,0;1;2;3;4;5
9704,9704,9704,6,5,retained,0;1;2;3;4;5
9705,9705,9705,6,5,retained,0;1;2;3;4;5
9706,9706,9706,6,4,retained,0;1;2;3;4;5
9707,9707,9707,6,3,retained,0;1;2;3;4;5
9708,9708,9708,6,5,retained,0;1;2;3;4;5
9709,9709,9709,6,5,retained,0;1;2;3;4;5
9710,9710,9710,6,7,retained,0;1;2;3;4;5
9711,9711,9711,6,7,retained,0;1;2;3;4;5
9712,9712,9712,6,7,retained,0;1;2;3;4;5
9713,9713,9713,6,7,retained,0;1;2;3;4;5
9714,9714,9714,6,7,retained,0;1;2;3;4;5
9715,9715,9715,6,7,retained,0;1;2;3;4;5
9716,9716,9716,6,8,retained,0;1;2;3;4;5
9717,9717,9717,6,5,retained,0;1;2;3;4;5
9718,9718,9718,6,8,retained,0;1;2;3;4;5
9719,9719,9719,6,7,retained,0;1;2;3;4;5
9720,9720,9720,6,8,retained,0;1;2;3;4;5
9721,9721,9721,6,7,retained,0;1;2;3;4;5
9722,9722,9722,6,3,retained,0;1;2;3;4;5
9723,9723,9723,6,4,retained,0;1;2;3;4;5
9724,9724,9724,6,6,retained,0;1;2;3;4;5
9725,9725,9725,6,8,retained,0;1;2;3;4;5
9726,9726,9726,6,7,retained,0;1;2;3;4;5
9727,9727,9727,6,8,retained,0;1;2;3;4;5
9728,9728,9728,6,7,retained,0;1;2;3;4;5
9729,9729,9729,6,4,retained,0;1;2;3;4;5
9730,9730,9730,6,5,retained,0;1;2;3;4;5
9731,9731,9731,6,8,retained,0;1;2;3;4;5
9732,9732,9732,6,8,retained,0;1;2;3;4;5
9733,9733,9733,6,5,retained,0;1;2;3;4;5
9734,9734,9734,6,5,retained,0;1;2;3;4;5
9735,9735,9735,6,6,retained,0;1;2;3;4;5
9736,9736,9736,6,7,retained,0;1;2;3;4;5
9737,9737,9737,6,8,retained,0;1;2;3;4;5
9738,9738,9738,6,7,retained,0;1;2;3;4;5
9739,9739,9739,6,6,retained,0;1;2;3;4;5
9740,9740,9740,6,7,retained,0;1;2;3;4;5
9741,9741,9741,6,7,retained,0;1;2;3;4;5
9742,9742,9742,6,8,retained,0;1;2;3;4;5
9743,9743,9743,6,7,retained,0;1;2;3;4;5
9744,9744,9744,6,5,retained,0;1;2;3;4;5
9745,9745,9745,6,6,retained,0;1;2;3;4;5
9746,9746,9746,6,6,retained,0;1;2;3;4;5
9747,9747,9747,6,6,retained,0;1;2;3;4;5
9748,9748,9748,6,8,retained,0;1;2;3;4;5
9749,9749,9749,6,6,retained,0;1;2;3;4;5
9750,9750,9750,6,5,retained,0;1;2;3;4;5
9751,9751,9751,6,8,retained,0;1;2;3;4;5
9752,9752,9752,6,6,retained,0;1;2;3;4;5
9753,9753,9753,6,6,retained,0;1;2;3;4;5
9754,9754,9754,6,5,retained,0;1;2;3;4;5
9755,9755,9755,6,7,retained,0;1;2;3;4;5
9756,9756,9756,6,5,retained,0;1;2;3;4;5
9757,9757,9757,6,7,retained,0;1;2;3;4;5
9758,9758,9758,6,5,retained,0;1;2;3;4;5
9759,9759,9759,6,6,retained,0;1;2;3;4;5
9760,9760,9760,6,5,retained,0;1;2;3;4;5
9761,9761,9761,6,8,retained,0;1;2;3;4;5
9762,9762,9762,6,7,retained,0;1;2;3;4;5
9763,9763,9763,6,6,retained,0;1;2;3;4;5
9764,9764,9764,6,8,retained,0;1;2;3;4;5
9765,9765,9765,6,7,retained,0;1;2;3;4;5
9766,9766,9766,6,4,retained,0;1;2;3;4;5
9767,9767,9767,6,8,retained,0;1;2;3;4;5
9768,9768,9768,6,8,retained,0;1;2;3;4;5
9769,9769,9769,6,4,retained,0;1;2;3;4;5
9770,9770,9770,6,6,retained,0;1;2;3;4;5
9771,9771,9771,6,8,retained,0;1;2;3;4;5
9772,9772,9772,6,6,retained,0;1;2;3;4;5
9773,9773,9773,6,8,retained,0;1;2;3;4;5
9774,9774,9774,6,8,retained,0;1;2;3;4;5
9775,9775,9775,6,7,retained,0;1;2;3;4;5
9776,9776,9776,6,5,retained,0;1;2;3;4;5
9777,9777,9777,6,8,retained,0;1;2;3;4;5
9778,9778,9778,6,8,retained,0;1;2;3;4;5
9779,9779,9779,6,7,retained,0;1;2;3;4;5
9780,9780,9780,6,8,retained,0;1;2;3;4;5
9781,9781,9781,6,8,retained,0;1;2;3;4;5
9782,9782,9782,6,6,retained,0;1;2;3;4;5
9783,9783,9783,6,8,retained,0;1;2;3;4;5
9784,9784,9784,6,7,retained,0;1;2;3;4;5
9785,9785,9785,6,6,retained,0;1;2;3;4;5
9786,9786,9786,6,8,retained,0;1;2;3;4;5
9787,9787,9787,6,8,retained,0;1;2;3;4;5
9788,9788,9788,6,7,retained,0;1;2;3;4;5
9789,9789,9789,6,7,retained,0;1;2;3;4;5
9790,9790,9790,6,5,retained,0;1;2;3;4;5
9791,9791,9791,6,8,retained,0;1;2;3;4;5
9792,9792,9792,6,8,retained,0;1;2;3;4;5
9793,9793,9793,6,7,retained,0;1;2;3;4;5
9794,9794,9794,6,7,retained,0;1;2;3;4;5
9795,9795,9795,6,8,retained,0;1;2;3;4;5
9796,9796,9796,6,8,retained,0;1;2;3;4;5
9797,9797,9797,6,6,retained,0;1;2;3;4;5
9798,9798,9798,6,8,retained,0;1;2;3;4;5
9799,9799,9799,6,6,retained,0;1;2;3;4;5
9800,9800,9800,6,8,retained,0;1;2;3;4;5
9801,9801,9801,6,5,retained,0;1;2;3;4;5
9802,9802,9802,6,6,retained,0;1;2;3;4;5
9803,9803,9803,6,8,retained,0;1;2;3;4;5
9804,9804,9804,6,6,retained,0;1;2;3;4;5
9805,9805,9805,6,8,retained,0;1;2;3;4;5
9806,9806,9806,6,6,retained,0;1;2;3;4;5
9807,9807,9807,6,6,retained,0;1;2;3;4;5
9808,9808,9808,6,7,retained,0;1;2;3;4;5
9809,9809,9809,6,8,retained,0;1;2;3;4;5
9810,9810,9810,6,6,retained,0;1;2;3;4;5
9811,9811,9811,6,6,retained,0;1;2;3;4;5
9812,9812,9812,6,7,retained,0;1;2;3;4;5
9813,9813,9813,6,8,retained,0;1;2;3;4;5
9814,9814,9814,6,7,retained,0;1;2;3;4;5
9815,9815,9815,6,6,retained,0;1;2;3;4;5
9816,9816,9816,6,8,retained,0;1;2;3;4;5
9817,9817,9817,6,8,retained,0;1;2;3;4;5
9818,9818,9818,6,8,retained,0;1;2;3;4;5
9819,9819,9819,6,7,retained,0;1;2;3;4;5
9820,9820,9820,6,7,retained,0;1;2;3;4;5
9821,9821,9821,6,8,retained,0;1;2;3;4;5
9822,9822,9822,6,7,retained,0;1;2;3;4;5
9823,9823,9823,6,7,retained,0;1;2;3;4;5
9824,9824,9824,6,7,retained,0;1;2;3;4;5
9825,9825,9825,6,8,retained,0;1;2;3;4;5
9826,9826,9826,6,8,retained,0;1;2;3;4;5
9827,9827,9827,6,8,retained,0;1;2;3;4;5
9828,9828,9828,6,8,retained,0;1;2;3;4;5
9829,9829,9829,6,8,retained,0;1;2;3;4;5
9830,9830,9830,6,8,retained,0;1;2;3;4;5
9831,9831,9831,6,8,retained,0;1;2;3;4;5
9832,9832,9832,6,5,retained,0;1;2;3;4;5
9833,9833,9833,6,8,retained,0;1;2;3;4;5
9834,9834,9834,6,8,retained,0;1;2;3;4;5
9835,9835,9835,6,8,retained,0;1;2;3;4;5
9836,9836,9836,6,8,retained,0;1;2;3;4;5
9837,9837,9837,6,8,retained,0;1;2;3;4;5
9838,9838,9838,6,7,retained,0;1;2;3;4;5
9839,9839,9839,6,6,retained,0;1;2;3;4;5
9840,9840,9840,6,7,retained,0;1;2;3;4;5
9841,9841,9841,6,5,retained,0;1;2;3;4;5
9842,9842,9842,6,4,retained,0;1;2;3;4;5
9843,9843,9843,6,8,retained,0;1;2;3;4;5
9844,9844,9844,6,8,retained,0;1;2;3;4;5
9845,9845,9845,6,5,retained,0;1;2;3;4;5
9846,9846,9846,6,8,retained,0;1;2;3;4;5
9847,9847,9847,6,8,retained,0;1;2;3;4;5
9848,9848,9848,6,8,retained,0;1;2;3;4;5
9849,9849,9849,6,6,retained,0;1;2;3;4;5
9850,9850,9850,6,7,retained,0;1;2;3;4;5
9851,9851,9851,6,6,retained,0;1;2;3;4;5
9852,9852,9852,6,8,retained,0;1;2;3;4;5
9853,9853,9853,6,8,retained,0;1;2;3;4;5
9854,9854,9854,6,7,retained,0;1;2;3;4;5
9855,9855,9855,6,8,retained,0;1;2;3;4;5
9856,9856,9856,6,7,retained,0;1;2;3;4;5
9857,9857,9857,6,7,retained,0;1;2;3;4;5
9858,9858,9858,6,8,retained,0;1;2;3;4;5
9859,9859,9859,6,8,retained,0;1;2;3;4;5
9860,9860,9860,6,8,retained,0;1;2;3;4;5
9861,9861,9861,6,8,retained,0;1;2;3;4;5
9862,9862,9862,6,5,retained,0;1;2;3;4;5
9863,9863,9863,6,8,retained,0;1;2;3;4;5
9864,9864,9864,6,8,retained,0;1;2;3;4;5
9865,9865,9865,6,8,retained,0;1;2;3;4;5
9866,9866,9866,6,8,retained,0;1;2;3;4;5
9867,9867,9867,6,7,retained,0;1;2;3;4;5
9868,9868,9868,6,7,retained,0;1;2;3;4;5
9869,9869,9869,6,8,retained,0;1;2;3;4;5
9870,9870,9870,6,7,retained,0;1;2;3;4;5
9871,9871,9871,6,6,retained,0;1;2;3;4;5
9872,9872,9872,6,7,retained,0;1;2;3;4;5
9873,9873,9873,6,5,retained,0;1;2;3;4;5
9874,9874,9874,6,8,retained,0;1;2;3;4;5
9875,9875,9875,6,7,retained,0;1;2;3;4;5
9876,9876,9876,6,5,retained,0;1;2;3;4;5
9877,9877,9877,6,8,retained,0;1;2;3;4;5
9878,9878,9878,6,6,retained,0;1;2;3;4;5
9879,9879,9879,6,8,retained,0;1;2;3;4;5
9880,9880,9880,6,8,retained,0;1;2;3;4;5
9881,9881,9881,6,7,retained,0;1;2;3;4;5
9882,9882,9882,6,8,retained,0;1;2;3;4;5
9883,9883,9883,6,7,retained,0;1;2;3;4;5
9884,9884,9884,6,8,retained,0;1;2;3;4;5
9885,9885,9885,6,7,retained,0;1;2;3;4;5
9886,9886,9886,6,8,retained,0;1;2;3;4;5
9887,9887,9887,6,6,retained,0;1;2;3;4;5
9888,9888,9888,6,7,retained,0;1;2;3;4;5
9889,9889,9889,6,8,retained,0;1;2;3;4;5
9890,9890,9890,6,8,retained,0;1;2;3;4;5
9891,9891,9891,6,6,retained,0;1;2;3;4;5
9892,9892,9892,6,7,retained,0;1;2;3;4;5
9893,9893,9893,6,8,retained,0;1;2;3;4;5
9894,9894,9894,6,7,retained,0;1;2;3;4;5
9895,9895,9895,6,7,retained,0;1;2;3;4;5
9896,9896,9896,6,7,retained,0;1;2;3;4;5
9897,9897,9897,6,8,retained,0;1;2;3;4;5
9898,9898,9898,6,7,retained,0;1;2;3;4;5
9899,9899,9899,6,8,retained,0;1;2;3;4;5
9900,9900,9900,6,7,retained,0;1;2;3;4;5
9901,9901,9901,6,7,retained,0;1;2;3;4;5
9902,9902,9902,6,6,retained,0;1;2;3;4;5
9903,9903,9903,6,8,retained,0;1;2;3;4;5
9904,9904,9904,6,8,retained,0;1;2;3;4;5
9905,9905,9905,6,8,retained,0;1;2;3;4;5
9906,9906,9906,6,7,retained,0;1;2;3;4;5
9907,9907,9907,6,8,retained,0;1;2;3;4;5
9908,9908,9908,6,8,retained,0;1;2;3;4;5
9909,9909,9909,6,4,retained,0;1;2;3;4;5
9910,9910,9910,6,6,retained,0;1;2;3;4;5
9911,9911,9911,6,8,retained,0;1;2;3;4;5
9912,9912,9912,6,8,retained,0;1;2;3;4;5
9913,9913,9913,6,8,retained,0;1;2;3;4;5
9914,9914,9914,6,8,retained,0;1;2;3;4;5
9915,9915,9915,6,8,retained,0;1;2;3;4;5
9916,9916,9916,6,8,retained,0;1;2;3;4;5
9917,9917,9917,6,8,retained,0;1;2;3;4;5
9918,9918,9918,6,6,retained,0;1;2;3;4;5
9919,9919,9919,6,8,retained,0;1;2;3;4;5
9920,9920,9920,6,7,retained,0;1;2;3;4;5
9921,9921,9921,6,6,retained,0;1;2;3;4;5
9922,9922,9922,6,8,retained,0;1;2;3;4;5
9923,9923,9923,6,8,retained,0;1;2;3;4;5
9924,9924,9924,6,7,retained,0;1;2;3;4;5
9925,9925,9925,6,8,retained,0;1;2;3;4;5
9926,9926,9926,6,8,retained,0;1;2;3;4;5
9927,9927,9927,6,8,retained,0;1;2;3;4;5
9928,9928,9928,6,8,retained,0;1;2;3;4;5
9929,9929,9929,6,6,retained,0;1;2;3;4;5
9930,9930,9930,6,8,retained,0;1;2;3;4;5
9931,9931,9931,6,8,retained,0;1;2;3;4;5
9932,9932,9932,6,7,retained,0;1;2;3;4;5
9933,9933,9933,6,8,retained,0;1;2;3;4;5
9934,9934,9934,6,8,retained,0;1;2;3;4;5
9935,9935,9935,6,8,retained,0;1;2;3;4;5
9936,9936,9936,6,8,retained,0;1;2;3;4;5
9937,9937,9937,6,6,retained,0;1;2;3;4;5
9938,9938,9938,6,4,retained,0;1;2;3;4;5
9939,9939,9939,6,8,retained,0;1;2;3;4;5
9940,9940,9940,6,8,retained,0;1;2;3;4;5
9941,9941,9941,6,8,retained,0;1;2;3;4;5
9942,9942,9942,6,8,retained,0;1;2;3;4;5
9943,9943,9943,6,8,retained,0;1;2;3;4;5
9944,9944,9944,6,8,retained,0;1;2;3;4;5
9945,9945,9945,6,5,retained,0;1;2;3;4;5
9946,9946,9946,6,8,retained,0;1;2;3;4;5
9947,9947,9947,6,5,retained,0;1;2;3;4;5
9948,9948,9948,6,8,retained,0;1;2;3;4;5
9949,9949,9949,6,7,retained,0;1;2;3;4;5
9950,9950,9950,6,8,retained,0;1;2;3;4;5
9951,9951,9951,6,8,retained,0;1;2;3;4;5
9952,9952,9952,6,8,retained,0;1;2;3;4;5
9953,9953,9953,6,6,retained,0;1;2;3;4;5
9954,9954,9954,6,4,retained,0;1;2;3;4;5
9955,9955,9955,6,7,retained,0;1;2;3;4;5
9956,9956,9956,6,8,retained,0;1;2;3;4;5
9957,9957,9957,6,8,retained,0;1;2;3;4;5
9958,9958,9958,6,6,retained,0;1;2;3;4;5
9959,9959,9959,6,6,retained,0;1;2;3;4;5
9960,9960,9960,6,6,retained,0;1;2;3;4;5
9961,9961,9961,6,8,retained,0;1;2;3;4;5
9962,9962,9962,6,6,retained,0;1;2;3;4;5
9963,9963,9963,6,6,retained,0;1;2;3;4;5
9964,9964,9964,6,6,retained,0;1;2;3;4;5
9965,9965,9965,6,6,retained,0;1;2;3;4;5
9966,9966,9966,6,7,retained,0;1;2;3;4;5
9967,9967,9967,6,6,retained,0;1;2;3;4;5
9968,9968,9968,6,6,retained,0;1;2;3;4;5
9969,9969,9969,6,8,retained,0;1;2;3;4;5
9970,9970,9970,6,8,retained,0;1;2;3;4;5
9971,9971,9971,6,8,retained,0;1;2;3;4;5
9972,9972,9972,6,8,retained,0;1;2;3;4;5
9973,9973,9973,6,8,retained,0;1;2;3;4;5
9974,9974,9974,6,8,retained,0;1;2;3;4;5
9975,9975,9975,6,7,retained,0;1;2;3;4;5
9976,9976,9976,6,7,retained,0;1;2;3;4;5
9977,9977,9977,6,8,retained,0;1;2;3;4;5
9978,9978,9978,6,8,retained,0;1;2;3;4;5
9979,9979,9979,6,7,retained,0;1;2;3;4;5
9980,9980,9980,6,8,retained,0;1;2;3;4;5
9981,9981,9981,6,8,retained,0;1;2;3;4;5
9982,9982,9982,6,8,retained,0;1;2;3;4;5
9983,9983,9983,6,7,retained,0;1;2;3;4;5
9984,9984,9984,6,5,retained,0;1;2;3;4;5
9985,9985,9985,6,7,retained,0;1;2;3;4;5
9986,9986,9986,6,7,retained,0;1;2;3;4;5
9987,9987,9987,6,7,retained,0;1;2;3;4;5
9988,9988,9988,6,7,retained,0;1;2;3;4;5
9989,9989,9989,6,7,retained,0;1;2;3;4;5
9990,9990,9990,6,7,retained,0;1;2;3;4;5
9991,9991,9991,6,6,retained,0;1;2;3;4;5
9992,9992,9992,6,6,retained,0;1;2;3;4;5
9993,9993,9993,6,6,retained,0;1;2;3;4;5
9994,9994,9994,6,8,retained,0;1;2;3;4;5
9995,9995,9995,6,5,retained,0;1;2;3;4;5
9996,9996,9996,6,7,retained,0;1;2;3;4;5
9997,9997,9997,6,8,retained,0;1;2;3;4;5
9998,9998,9998,6,8,retained,0;1;2;3;4;5
9999,9999,9999,6,8,retained,0;1;2;3;4;5
10000,10000,10000,6,8,retained,0;1;2;3;4;5
10001,10001,10001,6,6,retained,0;1;2;3;4;5
10002,10002,10002,6,8,retained,0;1;2;3;4;5
10003,10003,10003,6,6,retained,0;1;2;3;4;5
10004,10004,10004,6,8,retained,0;1;2;3;4;5
10005,10005,10005,6,5,retained,0;1;2;3;4;5
10006,10006,10006,6,8,retained,0;1;2;3;4;5
10007,10007,10007,6,8,retained,0;1;2;3;4;5
10008,10008,10008,6,8,retained,0;1;2;3;4;5
10009,10009,10009,6,8,retained,0;1;2;3;4;5
10010,10010,10010,6,7,retained,0;1;2;3;4;5
10011,10011,10011,6,7,retained,0;1;2;3;4;5
10012,10012,10012,6,7,retained,0;1;2;3;4;5
10013,10013,10013,6,8,retained,0;1;2;3;4;5
10014,10014,10014,6,8,retained,0;1;2;3;4;5
10015,10015,10015,6,7,retained,0;1;2;3;4;5
10016,10016,10016,6,7,retained,0;1;2;3;4;5
10017,10017,10017,6,8,retained,0;1;2;3;4;5
10018,10018,10018,6,6,retained,0;1;2;3;4;5
10019,10019,10019,6,8,retained,0;1;2;3;4;5
10020,10020,10020,6,6,retained,0;1;2;3;4;5
10021,10021,10021,6,8,retained,0;1;2;3;4;5
10022,10022,10022,6,8,retained,0;1;2;3;4;5
10023,10023,10023,6,8,retained,0;1;2;3;4;5
10024,10024,10024,6,8,retained,0;1;2;3;4;5
10025,10025,10025,6,8,retained,0;1;2;3;4;5
10026,10026,10026,6,8,retained,0;1;2;3;4;5
10027,10027,10027,6,7,retained,0;1;2;3;4;5
10028,10028,10028,6,8,retained,0;1;2;3;4;5
10029,10029,10029,6,8,retained,0;1;2;3;4;5
10030,10030,10030,6,8,retained,0;1;2;3;4;5
10031,10031,10031,6,8,retained,0;1;2;3;4;5
10032,10032,10032,6,7,retained,0;1;2;3;4;5
10033,10033,10033,6,8,retained,0;1;2;3;4;5
10034,10034,10034,6,7,retained,0;1;2;3;4;5
10035,10035,10035,6,8,retained,0;1;2;3;4;5
10036,10036,10036,6,8,retained,0;1;2;3;4;5
10037,10037,10037,6,8,retained,0;1;2;3;4;5
10038,10038,10038,6,8,retained,0;1;2;3;4;5
10039,10039,10039,6,7,retained,0;1;2;3;4;5
10040,10040,10040,6,8,retained,0;1;2;3;4;5
10041,10041,10041,6,8,retained,0;1;2;3;4;5
10042,10042,10042,6,7,retained,0;1;2;3;4;5
10043,10043,10043,6,8,retained,0;1;2;3;4;5
10044,10044,10044,6,8,retained,0;1;2;3;4;5
10045,10045,10045,6,8,retained,0;1;2;3;4;5
10046,10046,10046,6,7,retained,0;1;2;3;4;5
10047,10047,10047,6,7,retained,0;1;2;3;4;5
10048,10048,10048,6,7,retained,0;1;2;3;4;5
10049,10049,10049,6,6,retained,0;1;2;3;4;5
10050,10050,10050,6,8,retained,0;1;2;3;4;5
10051,10051,10051,6,8,retained,0;1;2;3;4;5
10052,10052,10052,6,5,retained,0;1;2;3;4;5
10053,10053,10053,6,8,retained,0;1;2;3;4;5
10054,10054,10054,6,8,retained,0;1;2;3;4;5
10055,10055,10055,6,7,retained,0;1;2;3;4;5
10056,10056,10056,6,4,retained,0;1;2;3;4;5
10057,10057,10057,6,5,retained,0;1;2;3;4;5
10058,10058,10058,6,8,retained,0;1;2;3;4;5
10059,10059,10059,6,8,retained,0;1;2;3;4;5
10060,10060,10060,6,8,retained,0;1;2;3;4;5
10061,10061,10061,6,4,retained,0;1;2;3;4;5
10062,10062,10062,6,8,retained,0;1;2;3;4;5
10063,10063,10063,6,8,retained,0;1;2;3;4;5
10064,10064,10064,6,6,retained,0;1;2;3;4;5
10065,10065,10065,6,4,retained,0;1;2;3;4;5
10066,10066,10066,6,5,retained,0;1;2;3;4;5
10067,10067,10067,6,8,retained,0;1;2;3;4;5
10068,10068,10068,6,6,retained,0;1;2;3;4;5
10069,10069,10069,6,8,retained,0;1;2;3;4;5
10070,10070,10070,6,7,retained,0;1;2;3;4;5
10071,10071,10071,6,7,retained,0;1;2;3;4;5
10072,10072,10072,6,5,retained,0;1;2;3;4;5
10073,10073,10073,6,7,retained,0;1;2;3;4;5
10074,10074,10074,6,8,retained,0;1;2;3;4;5
10075,10075,10075,6,8,retained,0;1;2;3;4;5
10076,10076,10076,6,8,retained,0;1;2;3;4;5
10077,10077,10077,6,8,retained,0;1;2;3;4;5
10078,10078,10078,6,8,retained,0;1;2;3;4;5
10079,10079,10079,6,7,retained,0;1;2;3;4;5
10080,10080,10080,6,6,retained,0;1;2;3;4;5
10081,10081,10081,6,5,retained,0;1;2;3;4;5
10082,10082,10082,6,4,retained,0;1;2;3;4;5
10083,10083,10083,6,6,retained,0;1;2;3;4;5
10084,10084,10084,6,8,retained,0;1;2;3;4;5
10085,10085,10085,6,8,retained,0;1;2;3;4;5
10086,10086,10086,6,7,retained,0;1;2;3;4;5
10087,10087,10087,6,8,retained,0;1;2;3;4;5
10088,10088,10088,6,7,retained,0;1;2;3;4;5
10089,10089,10089,6,8,retained,0;1;2;3;4;5
10090,10090,10090,6,8,retained,0;1;2;3;4;5
10091,10091,10091,6,8,retained,0;1;2;3;4;5
10092,10092,10092,6,7,retained,0;1;2;3;4;5
10093,10093,10093,6,7,retained,0;1;2;3;4;5
10094,10094,10094,6,7,retained,0;1;2;3;4;5
10095,10095,10095,6,8,retained,0;1;2;3;4;5
10096,10096,10096,6,7,retained,0;1;2;3;4;5
10097,10097,10097,6,8,retained,0;1;2;3;4;5
10098,10098,10098,6,7,retained,0;1;2;3;4;5
10099,10099,10099,6,7,retained,0;1;2;3;4;5
10100,10100,10100,6,8,retained,0;1;2;3;4;5
10101,10101,10101,6,7,retained,0;1;2;3;4;5
10102,10102,10102,6,8,retained,0;1;2;3;4;5
10103,10103,10103,6,8,retained,0;1;2;3;4;5
10104,10104,10104,6,8,retained,0;1;2;3;4;5
10105,10105,10105,6,5,retained,0;1;2;3;4;5
10106,10106,10106,6,7,retained,0;1;2;3;4;5
10107,10107,10107,6,7,retained,0;1;2;3;4;5
10108,10108,10108,6,8,retained,0;1;2;3;4;5
10109,10109,10109,6,8,retained,0;1;2;3;4;5
10110,10110,10110,6,7,retained,0;1;2;3;4;5
10111,10111,10111,6,7,retained,0;1;2;3;4;5
10112,10112,10112,6,7,retained,0;1;2;3;4;5
10113,10113,10113,6,7,retained,0;1;2;3;4;5
10114,10114,10114,6,7,retained,0;1;2;3;4;5
10115,10115,10115,6,7,retained,0;1;2;3;4;5
10116,10116,10116,6,8,retained,0;1;2;3;4;5
10117,10117,10117,6,8,retained,0;1;2;3;4;5
10118,10118,10118,6,8,retained,0;1;2;3;4;5
10119,10119,10119,6,8,retained,0;1;2;3;4;5
10120,10120,10120,6,8,retained,0;1;2;3;4;5
10121,10121,10121,6,6,retained,0;1;2;3;4;5
10122,10122,10122,6,8,retained,0;1;2;3;4;5
10123,10123,10123,6,8,retained,0;1;2;3;4;5
10124,10124,10124,6,7,retained,0;1;2;3;4;5
10125,10125,10125,6,7,retained,0;1;2;3;4;5
10126,10126,10126,6,7,retained,0;1;2;3;4;5
10127,10127,10127,6,7,retained,0;1;2;3;4;5
10128,10128,10128,6,6,retained,0;1;2;3;4;5
10129,10129,10129,6,6,retained,0;1;2;3;4;5
10130,10130,10130,6,6,retained,0;1;2;3;4;5
10131,10131,10131,6,8,retained,0;1;2;3;4;5
10132,10132,10132,6,7,retained,0;1;2;3;4;5
10133,10133,10133,6,6,retained,0;1;2;3;4;5
10134,10134,10134,6,6,retained,0;1;2;3;4;5
10135,10135,10135,6,7,retained,0;1;2;3;4;5
10136,10136,10136,6,7,retained,0;1;2;3;4;5
10137,10137,10137,6,8,retained,0;1;2;3;4;5
10138,10138,10138,6,7,retained,0;1;2;3;4;5
10139,10139,10139,6,8,retained,0;1;2;3;4;5
10140,10140,10140,6,8,retained,0;1;2;3;4;5
10141,10141,10141,6,8,retained,0;1;2;3;4;5
10142,10142,10142,6,8,retained,0;1;2;3;4;5
10143,10143,10143,6,8,retained,0;1;2;3;4;5
10144,10144,10144,6,8,retained,0;1;2;3;4;5
10145,10145,10145,6,8,retained,0;1;2;3;4;5
10146,10146,10146,6,8,retained,0;1;2;3;4;5
10147,10147,10147,6,8,retained,0;1;2;3;4;5
10148,10148,10148,6,8,retained,0;1;2;3;4;5
10149,10149,10149,6,8,retained,0;1;2;3;4;5
10150,10150,10150,6,8,retained,0;1;2;3;4;5
10151,10151,10151,6,7,retained,0;1;2;3;4;5
10152,10152,10152,6,7,retained,0;1;2;3;4;5
10153,10153,10153,6,8,retained,0;1;2;3;4;5
10154,10154,10154,6,8,retained,0;1;2;3;4;5
10155,10155,10155,6,5,retained,0;1;2;3;4;5
10156,10156,10156,6,8,retained,0;1;2;3;4;5
10157,10157,10157,6,6,retained,0;1;2;3;4;5
10158,10158,10158,6,7,retained,0;1;2;3;4;5
10159,10159,10159,6,5,retained,0;1;2;3;4;5
10160,10160,10160,6,4,retained,0;1;2;3;4;5
10161,10161,10161,6,8,retained,0;1;2;3;4;5
10162,10162,10162,6,7,retained,0;1;2;3;4;5
10163,10163,10163,6,8,retained,0;1;2;3;4;5
10164,10164,10164,6,7,retained,0;1;2;3;4;5
10165,10165,10165,6,6,retained,0;1;2;3;4;5
10166,10166,10166,6,5,retained,0;1;2;3;4;5
10167,10167,10167,6,8,retained,0;1;2;3;4;5
10168,10168,10168,6,5,retained,0;1;2;3;4;5
10169,10169,10169,6,8,retained,0;1;2;3;4;5
10170,10170,10170,6,8,retained,0;1;2;3;4;5
10171,10171,10171,6,8,retained,0;1;2;3;4;5
10172,10172,10172,6,7,retained,0;1;2;3;4;5
10173,10173,10173,6,6,retained,0;1;2;3;4;5
10174,10174,10174,6,7,retained,0;1;2;3;4;5
10175,10175,10175,6,7,retained,0;1;2;3;4;5
10176,10176,10176,6,8,retained,0;1;2;3;4;5
10177,10177,10177,6,7,retained,0;1;2;3;4;5
10178,10178,10178,6,6,retained,0;1;2;3;4;5
10179,10179,10179,6,7,retained,0;1;2;3;4;5
10180,10180,10180,6,5,retained,0;1;2;3;4;5
10181,10181,10181,6,7,retained,0;1;2;3;4;5
10182,10182,10182,6,7,retained,0;1;2;3;4;5
10183,10183,10183,6,8,retained,0;1;2;3;4;5
10184,10184,10184,6,7,retained,0;1;2;3;4;5
10185,10185,10185,6,6,retained,0;1;2;3;4;5
10186,10186,10186,6,5,retained,0;1;2;3;4;5
10187,10187,10187,6,6,retained,0;1;2;3;4;5
10188,10188,10188,6,8,retained,0;1;2;3;4;5
10189,10189,10189,6,7,retained,0;1;2;3;4;5
10190,10190,10190,6,8,retained,0;1;2;3;4;5
10191,10191,10191,6,7,retained,0;1;2;3;4;5
10192,10192,10192,6,7,retained,0;1;2;3;4;5
10193,10193,10193,6,8,retained,0;1;2;3;4;5
10194,10194,10194,6,8,retained,0;1;2;3;4;5
10195,10195,10195,6,8,retained,0;1;2;3;4;5
10196,10196,10196,6,7,retained,0;1;2;3;4;5
10197,10197,10197,6,8,retained,0;1;2;3;4;5
10198,10198,10198,6,6,retained,0;1;2;3;4;5
10199,10199,10199,6,8,retained,0;1;2;3;4;5
10200,10200,10200,6,8,retained,0;1;2;3;4;5
10201,10201,10201,6,8,retained,0;1;2;3;4;5
10202,10202,10202,6,5,retained,0;1;2;3;4;5
10203,10203,10203,6,4,retained,0;1;2;3;4;5
10204,10204,10204,6,8,retained,0;1;2;3;4;5
10205,10205,10205,6,7,retained,0;1;2;3;4;5
10206,10206,10206,6,6,retained,0;1;2;3;4;5
10207,10207,10207,6,8,retained,0;1;2;3;4;5
10208,10208,10208,6,5,retained,0;1;2;3;4;5
10209,10209,10209,6,8,retained,0;1;2;3;4;5
10210,10210,10210,6,8,retained,0;1;2;3;4;5
10211,10211,10211,6,7,retained,0;1;2;3;4;5
10212,10212,10212,6,7,retained,0;1;2;3;4;5
10213,10213,10213,6,6,retained,0;1;2;3;4;5
10214,10214,10214,6,6,retained,0;1;2;3;4;5
10215,10215,10215,6,8,retained,0;1;2;3;4;5
10216,10216,10216,6,8,retained,0;1;2;3;4;5
10217,10217,10217,6,8,retained,0;1;2;3;4;5
10218,10218,10218,6,8,retained,0;1;2;3;4;5
10219,10219,10219,6,8,retained,0;1;2;3;4;5
10220,10220,10220,6,8,retained,0;1;2;3;4;5
10221,10221,10221,6,6,retained,0;1;2;3;4;5
10222,10222,10222,6,8,retained,0;1;2;3;4;5
10223,10223,10223,6,8,retained,0;1;2;3;4;5
10224,10224,10224,6,5,retained,0;1;2;3;4;5
10225,10225,10225,6,5,retained,0;1;2;3;4;5
10226,10226,10226,6,7,retained,0;1;2;3;4;5
10227,10227,10227,6,8,retained,0;1;2;3;4;5
10228,10228,10228,6,8,retained,0;1;2;3;4;5
10229,10229,10229,6,7,retained,0;1;2;3;4;5
10230,10230,10230,6,8,retained,0;1;2;3;4;5
10231,10231,10231,6,8,retained,0;1;2;3;4;5
10232,10232,10232,6,7,retained,0;1;2;3;4;5
10233,10233,10233,6,6,retained,0;1;2;3;4;5
10234,10234,10234,6,7,retained,0;1;2;3;4;5
10235,10235,10235,6,8,retained,0;1;2;3;4;5
10236,10236,10236,6,7,retained,0;1;2;3;4;5
10237,10237,10237,6,6,retained,0;1;2;3;4;5
10238,10238,10238,6,8,retained,0;1;2;3;4;5
10239,10239,10239,6,7,retained,0;1;2;3;4;5
10240,10240,10240,6,6,retained,0;1;2;3;4;5
10241,10241,10241,6,8,retained,0;1;2;3;4;5
10242,10242,10242,6,8,retained,0;1;2;3;4;5
10243,10243,10243,6,8,retained,0;1;2;3;4;5
10244,10244,10244,6,6,retained,0;1;2;3;4;5
10245,10245,10245,6,7,retained,0;1;2;3;4;5
10246,10246,10246,6,7,retained,0;1;2;3;4;5
10247,10247,10247,6,8,retained,0;1;2;3;4;5
10248,10248,10248,6,7,retained,0;1;2;3;4;5
10249,10249,10249,6,8,retained,0;1;2;3;4;5
10250,10250,10250,6,8,retained,0;1;2;3;4;5
10251,10251,10251,6,5,retained,0;1;2;3;4;5
10252,10252,10252,6,7,retained,0;1;2;3;4;5
10253,10253,10253,6,7,retained,0;1;2;3;4;5
10254,10254,10254,6,7,retained,0;1;2;3;4;5
10255,10255,10255,6,8,retained,0;1;2;3;4;5
10256,10256,10256,6,8,retained,0;1;2;3;4;5
10257,10257,10257,6,8,retained,0;1;2;3;4;5
10258,10258,10258,6,7,retained,0;1;2;3;4;5
10259,10259,10259,6,6,retained,0;1;2;3;4;5
10260,10260,10260,6,8,retained,0;1;2;3;4;5
10261,10261,10261,6,7,retained,0;1;2;3;4;5
10262,10262,10262,6,6,retained,0;1;2;3;4;5
10263,10263,10263,6,7,retained,0;1;2;3;4;5
10264,10264,10264,6,8,retained,0;1;2;3;4;5
10265,10265,10265,6,8,retained,0;1;2;3;4;5
10266,10266,10266,6,8,retained,0;1;2;3;4;5
10267,10267,10267,6,7,retained,0;1;2;3;4;5
10268,10268,10268,6,7,retained,0;1;2;3;4;5
10269,10269,10269,6,7,retained,0;1;2;3;4;5
10270,10270,10270,6,7,retained,0;1;2;3;4;5
10271,10271,10271,6,7,retained,0;1;2;3;4;5
10272,10272,10272,6,6,retained,0;1;2;3;4;5
10273,10273,10273,6,7,retained,0;1;2;3;4;5
10274,10274,10274,6,8,retained,0;1;2;3;4;5
10275,10275,10275,6,7,retained,0;1;2;3;4;5
10276,10276,10276,6,7,retained,0;1;2;3;4;5
10277,10277,10277,6,7,retained,0;1;2;3;4;5
10278,10278,10278,6,7,retained,0;1;2;3;4;5
10279,10279,10279,6,7,retained,0;1;2;3;4;5
10280,10280,10280,6,8,retained,0;1;2;3;4;5
10281,10281,10281,6,8,retained,0;1;2;3;4;5
10282,10282,10282,6,8,retained,0;1;2;3;4;5
10283,10283,10283,6,8,retained,0;1;2;3;4;5
10284,10284,10284,6,8,retained,0;1;2;3;4;5
10285,10285,10285,6,8,retained,0;1;2;3;4;5
10286,10286,10286,6,8,retained,0;1;2;3;4;5
10287,10287,10287,6,6,retained,0;1;2;3;4;5
10288,10288,10288,6,8,retained,0;1;2;3;4;5
10289,10289,10289,6,7,retained,0;1;2;3;4;5
10290,10290,10290,6,7,retained,0;1;2;3;4;5
10291,10291,10291,6,8,retained,0;1;2;3;4;5
10292,10292,10292,6,4,retained,0;1;2;3;4;5
10293,10293,10293,6,6,retained,0;1;2;3;4;5
10294,10294,10294,6,5,retained,0;1;2;3;4;5
10295,10295,10295,6,5,retained,0;1;2;3;4;5
10296,10296,10296,6,7,retained,0;1;2;3;4;5
10297,10297,10297,6,8,retained,0;1;2;3;4;5
10298,10298,10298,6,7,retained,0;1;2;3;4;5
10299,10299,10299,6,4,retained,0;1;2;3;4;5
10300,10300,10300,6,5,retained,0;1;2;3;4;5
10301,10301,10301,6,5,retained,0;1;2;3;4;5
10302,10302,10302,6,7,retained,0;1;2;3;4;5
10303,10303,10303,6,6,retained,0;1;2;3;4;5
10304,10304,10304,6,8,retained,0;1;2;3;4;5
10305,10305,10305,6,8,retained,0;1;2;3;4;5
10306,10306,10306,6,8,retained,0;1;2;3;4;5
10307,10307,10307,6,8,retained,0;1;2;3;4;5
10308,10308,10308,6,5,retained,0;1;2;3;4;5
10309,10309,10309,6,8,retained,0;1;2;3;4;5
10310,10310,10310,6,7,retained,0;1;2;3;4;5
10311,10311,10311,6,8,retained,0;1;2;3;4;5
10312,10312,10312,6,8,retained,0;1;2;3;4;5
10313,10313,10313,6,8,retained,0;1;2;3;4;5
10314,10314,10314,6,6,retained,0;1;2;3;4;5
10315,10315,10315,6,8,retained,0;1;2;3;4;5
10316,10316,10316,6,7,retained,0;1;2;3;4;5
10317,10317,10317,6,8,retained,0;1;2;3;4;5
10318,10318,10318,6,7,retained,0;1;2;3;4;5
10319,10319,10319,6,8,retained,0;1;2;3;4;5
10320,10320,10320,6,8,retained,0;1;2;3;4;5
10321,10321,10321,6,8,retained,0;1;2;3;4;5
10322,10322,10322,6,8,retained,0;1;2;3;4;5
10323,10323,10323,6,8,retained,0;1;2;3;4;5
10324,10324,10324,6,7,retained,0;1;2;3;4;5
10325,10325,10325,6,8,retained,0;1;2;3;4;5
10326,10326,10326,6,8,retained,0;1;2;3;4;5
10327,10327,10327,6,7,retained,0;1;2;3;4;5
10328,10328,10328,6,7,retained,0;1;2;3;4;5
10329,10329,10329,6,8,retained,0;1;2;3;4;5
10330,10330,10330,6,8,retained,0;1;2;3;4;5
10331,10331,10331,6,6,retained,0;1;2;3;4;5
10332,10332,10332,6,7,retained,0;1;2;3;4;5
10333,10333,10333,6,7,retained,0;1;2;3;4;5
10334,10334,10334,6,8,retained,0;1;2;3;4;5
10335,10335,10335,6,8,retained,0;1;2;3;4;5
10336,10336,10336,6,8,retained,0;1;2;3;4;5
10337,10337,10337,6,7,retained,0;1;2;3;4;5
10338,10338,10338,6,8,retained,0;1;2;3;4;5
10339,10339,10339,6,8,retained,0;1;2;3;4;5
10340,10340,10340,6,8,retained,0;1;2;3;4;5
10341,10341,10341,6,8,retained,0;1;2;3;4;5
10342,10342,10342,6,8,retained,0;1;2;3;4;5
10343,10343,10343,6,8,retained,0;1;2;3;4;5
10344,10344,10344,6,7,retained,0;1;2;3;4;5
10345,10345,10345,6,6,retained,0;1;2;3;4;5
10346,10346,10346,6,5,retained,0;1;2;3;4;5
10347,10347,10347,6,8,retained,0;1;2;3;4;5
10348,10348,10348,6,7,retained,0;1;2;3;4;5
10349,10349,10349,6,6,retained,0;1;2;3;4;5
10350,10350,10350,6,8,retained,0;1;2;3;4;5
10351,10351,10351,6,8,retained,0;1;2;3;4;5
10352,10352,10352,6,6,retained,0;1;2;3;4;5
10353,10353,10353,6,6,retained,0;1;2;3;4;5
10354,10354,10354,6,8,retained,0;1;2;3;4;5
10355,10355,10355,6,8,retained,0;1;2;3;4;5
10356,10356,10356,6,8,retained,0;1;2;3;4;5
10357,10357,10357,6,8,retained,0;1;2;3;4;5
10358,10358,10358,6,8,retained,0;1;2;3;4;5
10359,10359,10359,6,7,retained,0;1;2;3;4;5
10360,10360,10360,6,6,retained,0;1;2;3;4;5
10361,10361,10361,6,8,retained,0;1;2;3;4;5
10362,10362,10362,6,7,retained,0;1;2;3;4;5
10363,10363,10363,6,8,retained,0;1;2;3;4;5
10364,10364,10364,6,8,retained,0;1;2;3;4;5
10365,10365,10365,6,8,retained,0;1;2;3;4;5
10366,10366,10366,6,8,retained,0;1;2;3;4;5
10367,10367,10367,6,8,retained,0;1;2;3;4;5
10368,10368,10368,6,7,retained,0;1;2;3;4;5
10369,10369,10369,6,8,retained,0;1;2;3;4;5
10370,10370,10370,6,7,retained,0;1;2;3;4;5
10371,10371,10371,6,6,retained,0;1;2;3;4;5
10372,10372,10372,6,5,retained,0;1;2;3;4;5
10373,10373,10373,6,5,retained,0;1;2;3;4;5
10374,10374,10374,6,7,retained,0;1;2;3;4;5
10375,10375,10375,6,7,retained,0;1;2;3;4;5
10376,10376,10376,6,5,retained,0;1;2;3;4;5
10377,10377,10377,6,8,retained,0;1;2;3;4;5
10378,10378,10378,6,7,retained,0;1;2;3;4;5
10379,10379,10379,6,7,retained,0;1;2;3;4;5
10380,10380,10380,6,6,retained,0;1;2;3;4;5
10381,10381,10381,6,6,retained,0;1;2;3;4;5
10382,10382,10382,6,8,retained,0;1;2;3;4;5
10383,10383,10383,6,6,retained,0;1;2;3;4;5
10384,10384,10384,6,6,retained,0;1;2;3;4;5
10385,10385,10385,6,4,retained,0;1;2;3;4;5
10386,10386,10386,6,8,retained,0;1;2;3;4;5
10387,10387,10387,6,7,retained,0;1;2;3;4;5
10388,10388,10388,6,7,retained,0;1;2;3;4;5
10389,10389,10389,6,5,retained,0;1;2;3;4;5
10390,10390,10390,6,8,retained,0;1;2;3;4;5
10391,10391,10391,6,5,retained,0;1;2;3;4;5
10392,10392,10392,6,7,retained,0;1;2;3;4;5
10393,10393,10393,6,6,retained,0;1;2;3;4;5
10394,10394,10394,6,8,retained,0;1;2;3;4;5
10395,10395,10395,6,8,retained,0;1;2;3;4;5
10396,10396,10396,6,6,retained,0;1;2;3;4;5
10397,10397,10397,6,8,retained,0;1;2;3;4;5
10398,10398,10398,6,6,retained,0;1;2;3;4;5
10399,10399,10399,6,7,retained,0;1;2;3;4;5
10400,10400,10400,6,8,retained,0;1;2;3;4;5
10401,10401,10401,6,8,retained,0;1;2;3;4;5
10402,10402,10402,6,8,retained,0;1;2;3;4;5
10403,10403,10403,6,8,retained,0;1;2;3;4;5
10404,10404,10404,6,7,retained,0;1;2;3;4;5
10405,10405,10405,6,7,retained,0;1;2;3;4;5
10406,10406,10406,6,8,retained,0;1;2;3;4;5
10407,10407,10407,6,8,retained,0;1;2;3;4;5
10408,10408,10408,6,8,retained,0;1;2;3;4;5
10409,10409,10409,6,7,retained,0;1;2;3;4;5
10410,10410,10410,6,8,retained,0;1;2;3;4;5
10411,10411,10411,6,7,retained,0;1;2;3;4;5
10412,10412,10412,6,7,retained,0;1;2;3;4;5
10413,10413,10413,6,7,retained,0;1;2;3;4;5
10414,10414,10414,6,7,retained,0;1;2;3;4;5
10415,10415,10415,6,8,retained,0;1;2;3;4;5
10416,10416,10416,6,8,retained,0;1;2;3;4;5
10417,10417,10417,6,8,retained,0;1;2;3;4;5
10418,10418,10418,6,8,retained,0;1;2;3;4;5
10419,10419,10419,6,8,retained,0;1;2;3;4;5
10420,10420,10420,6,8,retained,0;1;2;3;4;5
10421,10421,10421,6,8,retained,0;1;2;3;4;5
10422,10422,10422,6,8,retained,0;1;2;3;4;5
10423,10423,10423,6,7,retained,0;1;2;3;4;5
10424,10424,10424,6,7,retained,0;1;2;3;4;5
10425,10425,10425,6,7,retained,0;1;2;3;4;5
10426,10426,10426,6,8,retained,0;1;2;3;4;5
10427,10427,10427,6,8,retained,0;1;2;3;4;5
10428,10428,10428,6,8,retained,0;1;2;3;4;5
10429,10429,10429,6,8,retained,0;1;2;3;4;5
10430,10430,10430,6,8,retained,0;1;2;3;4;5
10431,10431,10431,6,8,retained,0;1;2;3;4;5
10432,10432,10432,6,7,retained,0;1;2;3;4;5
10433,10433,10433,6,7,retained,0;1;2;3;4;5
10434,10434,10434,6,8,retained,0;1;2;3;4;5
10435,10435,10435,6,4,retained,0;1;2;3;4;5
10436,10436,10436,6,7,retained,0;1;2;3;4;5
10437,10437,10437,6,8,retained,0;1;2;3;4;5
10438,10438,10438,6,7,retained,0;1;2;3;4;5
10439,10439,10439,6,8,retained,0;1;2;3;4;5
10440,10440,10440,6,5,retained,0;1;2;3;4;5
10441,10441,10441,6,8,retained,0;1;2;3;4;5
10442,10442,10442,6,8,retained,0;1;2;3;4;5
10443,10443,10443,6,8,retained,0;1;2;3;4;5
10444,10444,10444,6,8,retained,0;1;2;3;4;5
10445,10445,10445,6,5,retained,0;1;2;3;4;5
10446,10446,10446,6,8,retained,0;1;2;3;4;5
10447,10447,10447,6,8,retained,0;1;2;3;4;5
10448,10448,10448,6,8,retained,0;1;2;3;4;5
10449,10449,10449,6,7,retained,0;1;2;3;4;5
10450,10450,10450,6,8,retained,0;1;2;3;4;5
10451,10451,10451,6,8,retained,0;1;2;3;4;5
10452,10452,10452,6,8,retained,0;1;2;3;4;5
10453,10453,10453,6,6,retained,0;1;2;3;4;5
10454,10454,10454,6,8,retained,0;1;2;3;4;5
10455,10455,10455,6,8,retained,0;1;2;3;4;5
10456,10456,10456,6,7,retained,0;1;2;3;4;5
10457,10457,10457,6,7,retained,0;1;2;3;4;5
10458,10458,10458,6,8,retained,0;1;2;3;4;5
10459,10459,10459,6,8,retained,0;1;2;3;4;5
10460,10460,10460,6,7,retained,0;1;2;3;4;5
10461,10461,10461,6,7,retained,0;1;2;3;4;5
10462,10462,10462,6,8,retained,0;1;2;3;4;5
10463,10463,10463,6,8,retained,0;1;2;3;4;5
10464,10464,10464,6,8,retained,0;1;2;3;4;5
10465,10465,10465,6,7,retained,0;1;2;3;4;5
10466,10466,10466,6,6,retained,0;1;2;3;4;5
10467,10467,10467,6,6,retained,0;1;2;3;4;5
10468,10468,10468,6,6,retained,0;1;2;3;4;5
10469,10469,10469,6,7,retained,0;1;2;3;4;5
10470,10470,10470,6,8,retained,0;1;2;3;4;5
10471,10471,10471,6,7,retained,0;1;2;3;4;5
10472,10472,10472,6,8,retained,0;1;2;3;4;5
10473,10473,10473,6,7,retained,0;1;2;3;4;5
10474,10474,10474,6,7,retained,0;1;2;3;4;5
10475,10475,10475,6,8,retained,0;1;2;3;4;5
10476,10476,10476,6,8,retained,0;1;2;3;4;5
10477,10477,10477,6,8,retained,0;1;2;3;4;5
10478,10478,10478,6,8,retained,0;1;2;3;4;5
10479,10479,10479,6,5,retained,0;1;2;3;4;5
10480,10480,10480,6,7,retained,0;1;2;3;4;5
10481,10481,10481,6,7,retained,0;1;2;3;4;5
10482,10482,10482,6,7,retained,0;1;2;3;4;5
10483,10483,10483,6,6,retained,0;1;2;3;4;5
10484,10484,10484,6,6,retained,0;1;2;3;4;5
10485,10485,10485,6,6,retained,0;1;2;3;4;5
10486,10486,10486,6,8,retained,0;1;2;3;4;5
10487,10487,10487,6,8,retained,0;1;2;3;4;5
10488,10488,10488,6,8,retained,0;1;2;3;4;5
10489,10489,10489,6,7,retained,0;1;2;3;4;5
10490,10490,10490,6,5,retained,0;1;2;3;4;5
10491,10491,10491,6,8,retained,0;1;2;3;4;5
10492,10492,10492,6,8,retained,0;1;2;3;4;5
10493,10493,10493,6,8,retained,0;1;2;3;4;5
10494,10494,10494,6,7,retained,0;1;2;3;4;5
10495,10495,10495,6,7,retained,0;1;2;3;4;5
10496,10496,10496,6,7,retained,0;1;2;3;4;5
10497,10497,10497,6,8,retained,0;1;2;3;4;5
10498,10498,10498,6,8,retained,0;1;2;3;4;5
10499,10499,10499,6,8,retained,0;1;2;3;4;5
10500,10500,10500,6,8,retained,0;1;2;3;4;5
10501,10501,10501,6,8,retained,0;1;2;3;4;5
10502,10502,10502,6,8,retained,0;1;2;3;4;5
10503,10503,10503,6,8,retained,0;1;2;3;4;5
10504,10504,10504,6,8,retained,0;1;2;3;4;5
10505,10505,10505,6,7,retained,0;1;2;3;4;5
10506,10506,10506,6,8,retained,0;1;2;3;4;5
10507,10507,10507,6,8,retained,0;1;2;3;4;5
10508,10508,10508,6,8,retained,0;1;2;3;4;5
10509,10509,10509,6,6,retained,0;1;2;3;4;5
10510,10510,10510,6,8,retained,0;1;2;3;4;5
10511,10511,10511,6,8,retained,0;1;2;3;4;5
10512,10512,10512,6,7,retained,0;1;2;3;4;5
10513,10513,10513,6,8,retained,0;1;2;3;4;5
10514,10514,10514,6,8,retained,0;1;2;3;4;5
10515,10515,10515,6,8,retained,0;1;2;3;4;5
10516,10516,10516,6,8,retained,0;1;2;3;4;5
10517,10517,10517,6,8,retained,0;1;2;3;4;5
10518,10518,10518,6,8,retained,0;1;2;3;4;5
10519,10519,10519,6,8,retained,0;1;2;3;4;5
10520,10520,10520,6,8,retained,0;1;2;3;4;5
10521,10521,10521,6,8,retained,0;1;2;3;4;5
10522,10522,10522,6,8,retained,0;1;2;3;4;5
10523,10523,10523,6,8,retained,0;1;2;3;4;5
10524,10524,10524,6,8,retained,0;1;2;3;4;5
10525,10525,10525,6,8,retained,0;1;2;3;4;5
10526,10526,10526,6,7,retained,0;1;2;3;4;5
10527,10527,10527,6,7,retained,0;1;2;3;4;5
10528,10528,10528,6,8,retained,0;1;2;3;4;5
10529,10529,10529,6,8,retained,0;1;2;3;4;5
10530,10530,10530,6,8,retained,0;1;2;3;4;5
10531,10531,10531,6,7,retained,0;1;2;3;4;5
10532,10532,10532,6,8,retained,0;1;2;3;4;5
10533,10533,10533,6,6,retained,0;1;2;3;4;5
10534,10534,10534,6,7,retained,0;1;2;3;4;5
10535,10535,10535,6,7,retained,0;1;2;3;4;5
10536,10536,10536,6,8,retained,0;1;2;3;4;5
10537,10537,10537,6,8,retained,0;1;2;3;4;5
10538,10538,10538,6,8,retained,0;1;2;3;4;5
10539,10539,10539,6,8,retained,0;1;2;3;4;5
10540,10540,10540,6,8,retained,0;1;2;3;4;5
10541,10541,10541,6,6,retained,0;1;2;3;4;5
10542,10542,10542,6,8,retained,0;1;2;3;4;5
10543,10543,10543,6,6,retained,0;1;2;3;4;5
10544,10544,10544,6,8,retained,0;1;2;3;4;5
10545,10545,10545,6,7,retained,0;1;2;3;4;5
10546,10546,10546,6,8,retained,0;1;2;3;4;5
10547,10547,10547,6,5,retained,0;1;2;3;4;5
10548,10548,10548,6,8,retained,0;1;2;3;4;5
10549,10549,10549,6,8,retained,0;1;2;3;4;5
10550,10550,10550,6,7,retained,0;1;2;3;4;5
10551,10551,10551,6,8,retained,0;1;2;3;4;5
10552,10552,10552,6,8,retained,0;1;2;3;4;5
10553,10553,10553,6,7,retained,0;1;2;3;4;5
10554,10554,10554,6,8,retained,0;1;2;3;4;5
10555,10555,10555,6,8,retained,0;1;2;3;4;5
10556,10556,10556,6,8,retained,0;1;2;3;4;5
10557,10557,10557,6,8,retained,0;1;2;3;4;5
10558,10558,10558,6,8,retained,0;1;2;3;4;5
10559,10559,10559,6,8,retained,0;1;2;3;4;5
10560,10560,10560,6,7,retained,0;1;2;3;4;5
10561,10561,10561,6,5,retained,0;1;2;3;4;5
10562,10562,10562,6,6,retained,0;1;2;3;4;5
10563,10563,10563,6,7,retained,0;1;2;3;4;5
10564,10564,10564,6,6,retained,0;1;2;3;4;5
10565,10565,10565,6,8,retained,0;1;2;3;4;5
10566,10566,10566,6,8,retained,0;1;2;3;4;5
10567,10567,10567,6,6,retained,0;1;2;3;4;5
10568,10568,10568,6,6,retained,0;1;2;3;4;5
10569,10569,10569,6,6,retained,0;1;2;3;4;5
10570,10570,10570,6,8,retained,0;1;2;3;4;5
10571,10571,10571,6,5,retained,0;1;2;3;4;5
10572,10572,10572,6,7,retained,0;1;2;3;4;5
10573,10573,10573,6,5,retained,0;1;2;3;4;5
10574,10574,10574,6,8,retained,0;1;2;3;4;5
10575,10575,10575,6,8,retained,0;1;2;3;4;5
10576,10576,10576,6,6,retained,0;1;2;3;4;5
10577,10577,10577,6,8,retained,0;1;2;3;4;5
10578,10578,10578,6,8,retained,0;1;2;3;4;5
10579,10579,10579,6,7,retained,0;1;2;3;4;5
10580,10580,10580,6,8,retained,0;1;2;3;4;5
10581,10581,10581,6,8,retained,0;1;2;3;4;5
10582,10582,10582,6,8,retained,0;1;2;3;4;5
10583,10583,10583,6,8,retained,0;1;2;3;4;5
10584,10584,10584,6,7,retained,0;1;2;3;4;5
10585,10585,10585,6,7,retained,0;1;2;3;4;5
10586,10586,10586,6,8,retained,0;1;2;3;4;5
10587,10587,10587,6,7,retained,0;1;2;3;4;5
10588,10588,10588,6,8,retained,0;1;2;3;4;5
10589,10589,10589,6,8,retained,0;1;2;3;4;5
10590,10590,10590,6,8,retained,0;1;2;3;4;5
10591,10591,10591,6,8,retained,0;1;2;3;4;5
10592,10592,10592,6,8,retained,0;1;2;3;4;5
10593,10593,10593,6,8,retained,0;1;2;3;4;5
10594,10594,10594,6,8,retained,0;1;2;3;4;5
10595,10595,10595,6,8,retained,0;1;2;3;4;5
10596,10596,10596,6,8,retained,0;1;2;3;4;5
10597,10597,10597,6,8,retained,0;1;2;3;4;5
10598,10598,10598,6,8,retained,0;1;2;3;4;5
10599,10599,10599,6,8,retained,0;1;2;3;4;5
10600,10600,10600,6,8,retained,0;1;2;3;4;5
10601,10601,10601,6,8,retained,0;1;2;3;4;5
10602,10602,10602,6,8,retained,0;1;2;3;4;5
10603,10603,10603,6,8,retained,0;1;2;3;4;5
10604,10604,10604,6,8,retained,0;1;2;3;4;5
10605,10605,10605,6,8,retained,0;1;2;3;4;5
10606,10606,10606,6,8,retained,0;1;2;3;4;5
10607,10607,10607,6,8,retained,0;1;2;3;4;5
10608,10608,10608,6,8,retained,0;1;2;3;4;5
10609,10609,10609,6,8,retained,0;1;2;3;4;5
10610,10610,10610,6,8,retained,0;1;2;3;4;5
10611,10611,10611,6,8,retained,0;1;2;3;4;5
10612,10612,10612,6,8,retained,0;1;2;3;4;5
10613,10613,10613,6,8,retained,0;1;2;3;4;5
10614,10614,10614,6,8,retained,0;1;2;3;4;5
10615,10615,10615,6,8,retained,0;1;2;3;4;5
10616,10616,10616,6,7,retained,0;1;2;3;4;5
10617,10617,10617,6,7,retained,0;1;2;3;4;5
10618,10618,10618,6,8,retained,0;1;2;3;4;5
10619,10619,10619,6,8,retained,0;1;2;3;4;5
10620,10620,10620,6,8,retained,0;1;2;3;4;5
10621,10621,10621,6,8,retained,0;1;2;3;4;5
10622,10622,10622,6,8,retained,0;1;2;3;4;5
10623,10623,10623,6,8,retained,0;1;2;3;4;5
10624,10624,10624,6,7,retained,0;1;2;3;4;5
10625,10625,10625,6,8,retained,0;1;2;3;4;5
10626,10626,10626,6,8,retained,0;1;2;3;4;5
10627,10627,10627,6,7,retained,0;1;2;3;4;5
10628,10628,10628,6,8,retained,0;1;2;3;4;5
10629,10629,10629,6,8,retained,0;1;2;3;4;5
10630,10630,10630,6,8,retained,0;1;2;3;4;5
10631,10631,10631,6,8,retained,0;1;2;3;4;5
10632,10632,10632,6,7,retained,0;1;2;3;4;5
10633,10633,10633,6,8,retained,0;1;2;3;4;5
10634,10634,10634,6,8,retained,0;1;2;3;4;5
10635,10635,10635,6,8,retained,0;1;2;3;4;5
10636,10636,10636,6,8,retained,0;1;2;3;4;5
10637,10637,10637,6,8,retained,0;1;2;3;4;5
10638,10638,10638,6,8,retained,0;1;2;3;4;5
10639,10639,10639,6,8,retained,0;1;2;3;4;5
10640,10640,10640,6,8,retained,0;1;2;3;4;5
10641,10641,10641,6,7,retained,0;1;2;3;4;5
10642,10642,10642,6,8,retained,0;1;2;3;4;5
10643,10643,10643,6,8,retained,0;1;2;3;4;5
10644,10644,10644,6,8,retained,0;1;2;3;4;5
10645,10645,10645,6,6,retained,0;1;2;3;4;5
10646,10646,10646,6,6,retained,0;1;2;3;4;5
10647,10647,10647,6,7,retained,0;1;2;3;4;5
10648,10648,10648,6,6,retained,0;1;2;3;4;5
10649,10649,10649,6,8,retained,0;1;2;3;4;5
10650,10650,10650,6,7,retained,0;1;2;3;4;5
10651,10651,10651,6,8,retained,0;1;2;3;4;5
10652,10652,10652,6,8,retained,0;1;2;3;4;5
10653,10653,10653,6,7,retained,0;1;2;3;4;5
10654,10654,10654,6,3,retained,0;1;2;3;4;5
10655,10655,10655,6,3,retained,0;1;2;3;4;5
10656,10656,10656,6,5,retained,0;1;2;3;4;5
10657,10657,10657,6,7,retained,0;1;2;3;4;5
10658,10658,10658,6,7,retained,0;1;2;3;4;5
10659,10659,10659,6,6,retained,0;1;2;3;4;5
10660,10660,10660,6,6,retained,0;1;2;3;4;5
10661,10661,10661,6,8,retained,0;1;2;3;4;5
10662,10662,10662,6,8,retained,0;1;2;3;4;5
10663,10663,10663,6,7,retained,0;1;2;3;4;5
10664,10664,10664,6,8,retained,0;1;2;3;4;5
10665,10665,10665,6,5,retained,0;1;2;3;4;5
10666,10666,10666,6,8,retained,0;1;2;3;4;5
10667,10667,10667,6,8,retained,0;1;2;3;4;5
10668,10668,10668,6,6,retained,0;1;2;3;4;5
10669,10669,10669,6,1,retained,0;1;2;3;4;5
10670,10670,10670,6,2,retained,0;1;2;3;4;5
10671,10671,10671,6,6,retained,0;1;2;3;4;5
10672,10672,10672,6,5,retained,0;1;2;3;4;5
10673,10673,10673,6,8,retained,0;1;2;3;4;5
10674,10674,10674,6,8,retained,0;1;2;3;4;5
10675,10675,10675,6,7,retained,0;1;2;3;4;5
10676,10676,10676,6,7,retained,0;1;2;3;4;5
10677,10677,10677,6,7,retained,0;1;2;3;4;5
10678,10678,10678,6,8,retained,0;1;2;3;4;5
10679,10679,10679,6,8,retained,0;1;2;3;4;5
10680,10680,10680,6,8,retained,0;1;2;3;4;5
10681,10681,10681,6,6,retained,0;1;2;3;4;5
10682,10682,10682,6,5,retained,0;1;2;3;4;5
10683,10683,10683,6,5,retained,0;1;2;3;4;5
10684,10684,10684,6,5,retained,0;1;2;3;4;5
10685,10685,10685,6,8,retained,0;1;2;3;4;5
10686,10686,10686,6,7,retained,0;1;2;3;4;5
10687,10687,10687,6,7,retained,0;1;2;3;4;5
10688,10688,10688,6,8,retained,0;1;2;3;4;5
10689,10689,10689,6,8,retained,0;1;2;3;4;5
10690,10690,10690,6,7,retained,0;1;2;3;4;5
10691,10691,10691,6,5,retained,0;1;2;3;4;5
10692,10692,10692,6,5,retained,0;1;2;3;4;5
10693,10693,10693,6,6,retained,0;1;2;3;4;5
10694,10694,10694,6,8,retained,0;1;2;3;4;5
10695,10695,10695,6,6,retained,0;1;2;3;4;5
10696,10696,10696,6,7,retained,0;1;2;3;4;5
10697,10697,10697,6,8,retained,0;1;2;3;4;5
10698,10698,10698,6,8,retained,0;1;2;3;4;5
10699,10699,10699,6,6,retained,0;1;2;3;4;5
10700,10700,10700,6,4,retained,0;1;2;3;4;5
10701,10701,10701,6,7,retained,0;1;2;3;4;5
10702,10702,10702,6,5,retained,0;1;2;3;4;5
10703,10703,10703,6,7,retained,0;1;2;3;4;5
10704,10704,10704,6,8,retained,0;1;2;3;4;5
10705,10705,10705,6,6,retained,0;1;2;3;4;5
10706,10706,10706,6,6,retained,0;1;2;3;4;5
10707,10707,10707,6,8,retained,0;1;2;3;4;5
10708,10708,10708,6,7,retained,0;1;2;3;4;5
10709,10709,10709,6,8,retained,0;1;2;3;4;5
10710,10710,10710,6,8,retained,0;1;2;3;4;5
10711,10711,10711,6,7,retained,0;1;2;3;4;5
10712,10712,10712,6,8,retained,0;1;2;3;4;5
10713,10713,10713,6,6,retained,0;1;2;3;4;5
10714,10714,10714,6,8,retained,0;1;2;3;4;5
10715,10715,10715,6,8,retained,0;1;2;3;4;5
10716,10716,10716,6,8,retained,0;1;2;3;4;5
10717,10717,10717,6,8,retained,0;1;2;3;4;5
10718,10718,10718,6,7,retained,0;1;2;3;4;5
10719,10719,10719,6,6,retained,0;1;2;3;4;5
10720,10720,10720,6,8,retained,0;1;2;3;4;5
10721,10721,10721,6,6,retained,0;1;2;3;4;5
10722,10722,10722,6,4,retained,0;1;2;3;4;5
10723,10723,10723,6,5,retained,0;1;2;3;4;5
10724,10724,10724,6,4,retained,0;1;2;3;4;5
10725,10725,10725,6,3,retained,0;1;2;3;4;5
10726,10726,10726,6,3,retained,0;1;2;3;4;5
10727,10727,10727,6,7,retained,0;1;2;3;4;5
10728,10728,10728,6,8,retained,0;1;2;3;4;5
10729,10729,10729,6,7,retained,0;1;2;3;4;5
10730,10730,10730,6,8,retained,0;1;2;3;4;5
10731,10731,10731,6,5,retained,0;1;2;3;4;5
10732,10732,10732,6,8,retained,0;1;2;3;4;5
10733,10733,10733,6,8,retained,0;1;2;3;4;5
10734,10734,10734,6,8,retained,0;1;2;3;4;5
10735,10735,10735,6,8,retained,0;1;2;3;4;5
10736,10736,10736,6,8,retained,0;1;2;3;4;5
10737,10737,10737,6,7,retained,0;1;2;3;4;5
10738,10738,10738,6,8,retained,0;1;2;3;4;5
10739,10739,10739,6,6,retained,0;1;2;3;4;5
10740,10740,10740,6,7,retained,0;1;2;3;4;5
10741,10741,10741,6,6,retained,0;1;2;3;4;5
10742,10742,10742,6,6,retained,0;1;2;3;4;5
10743,10743,10743,6,5,retained,0;1;2;3;4;5
10744,10744,10744,6,8,retained,0;1;2;3;4;5
10745,10745,10745,6,8,retained,0;1;2;3;4;5
10746,10746,10746,6,8,retained,0;1;2;3;4;5
10747,10747,10747,6,8,retained,0;1;2;3;4;5
10748,10748,10748,6,7,retained,0;1;2;3;4;5
10749,10749,10749,6,8,retained,0;1;2;3;4;5
10750,10750,10750,6,8,retained,0;1;2;3;4;5
10751,10751,10751,6,8,retained,0;1;2;3;4;5
10752,10752,10752,6,8,retained,0;1;2;3;4;5
10753,10753,10753,6,8,retained,0;1;2;3;4;5
10754,10754,10754,6,8,retained,0;1;2;3;4;5
10755,10755,10755,6,8,retained,0;1;2;3;4;5
10756,10756,10756,6,7,retained,0;1;2;3;4;5
10757,10757,10757,6,8,retained,0;1;2;3;4;5
10758,10758,10758,6,8,retained,0;1;2;3;4;5
10759,10759,10759,6,8,retained,0;1;2;3;4;5
10760,10760,10760,6,7,retained,0;1;2;3;4;5
10761,10761,10761,6,7,retained,0;1;2;3;4;5
10762,10762,10762,6,6,retained,0;1;2;3;4;5
10763,10763,10763,6,6,retained,0;1;2;3;4;5
10764,10764,10764,6,8,retained,0;1;2;3;4;5
10765,10765,10765,6,6,retained,0;1;2;3;4;5
10766,10766,10766,6,8,retained,0;1;2;3;4;5
10767,10767,10767,6,5,retained,0;1;2;3;4;5
10768,10768,10768,6,5,retained,0;1;2;3;4;5
10769,10769,10769,6,8,retained,0;1;2;3;4;5
10770,10770,10770,6,8,retained,0;1;2;3;4;5
10771,10771,10771,6,8,retained,0;1;2;3;4;5
10772,10772,10772,6,7,retained,0;1;2;3;4;5
10773,10773,10773,6,6,retained,0;1;2;3;4;5
10774,10774,10774,6,5,retained,0;1;2;3;4;5
10775,10775,10775,6,8,retained,0;1;2;3;4;5
10776,10776,10776,6,4,retained,0;1;2;3;4;5
10777,10777,10777,6,2,retained,0;1;2;3;4;5
10778,10778,10778,6,6,retained,0;1;2;3;4;5
10779,10779,10779,6,8,retained,0;1;2;3;4;5
10780,10780,10780,6,3,retained,0;1;2;3;4;5
10781,10781,10781,6,8,retained,0;1;2;3;4;5
10782,10782,10782,6,4,retained,0;1;2;3;4;5
10783,10783,10783,6,8,retained,0;1;2;3;4;5
10784,10784,10784,6,4,retained,0;1;2;3;4;5
10785,10785,10785,6,6,retained,0;1;2;3;4;5
10786,10786,10786,6,7,retained,0;1;2;3;4;5
10787,10787,10787,6,8,retained,0;1;2;3;4;5
10788,10788,10788,6,6,retained,0;1;2;3;4;5
10789,10789,10789,6,8,retained,0;1;2;3;4;5
10790,10790,10790,6,6,retained,0;1;2;3;4;5
10791,10791,10791,6,7,retained,0;1;2;3;4;5
10792,10792,10792,6,6,retained,0;1;2;3;4;5
10793,10793,10793,6,6,retained,0;1;2;3;4;5
10794,10794,10794,6,6,retained,0;1;2;3;4;5
10795,10795,10795,6,8,retained,0;1;2;3;4;5
10796,10796,10796,6,8,retained,0;1;2;3;4;5
10797,10797,10797,6,8,retained,0;1;2;3;4;5
10798,10798,10798,6,7,retained,0;1;2;3;4;5
10799,10799,10799,6,7,retained,0;1;2;3;4;5
10800,10800,10800,6,8,retained,0;1;2;3;4;5
10801,10801,10801,6,7,retained,0;1;2;3;4;5
10802,10802,10802,6,7,retained,0;1;2;3;4;5
10803,10803,10803,6,6,retained,0;1;2;3;4;5
10804,10804,10804,6,7,retained,0;1;2;3;4;5
10805,10805,10805,6,6,retained,0;1;2;3;4;5
10806,10806,10806,6,5,retained,0;1;2;3;4;5
10807,10807,10807,6,5,retained,0;1;2;3;4;5
10808,10808,10808,6,6,retained,0;1;2;3;4;5
10809,10809,10809,6,5,retained,0;1;2;3;4;5
10810,10810,10810,6,5,retained,0;1;2;3;4;5
10811,10811,10811,6,7,retained,0;1;2;3;4;5
10812,10812,10812,6,4,retained,0;1;2;3;4;5
10813,10813,10813,6,6,retained,0;1;2;3;4;5
10814,10814,10814,6,7,retained,0;1;2;3;4;5
10815,10815,10815,6,7,retained,0;1;2;3;4;5
10816,10816,10816,6,4,retained,0;1;2;3;4;5
10817,10817,10817,6,7,retained,0;1;2;3;4;5
10818,10818,10818,6,8,retained,0;1;2;3;4;5
10819,10819,10819,6,7,retained,0;1;2;3;4;5
10820,10820,10820,6,8,retained,0;1;2;3;4;5
10821,10821,10821,6,8,retained,0;1;2;3;4;5
10822,10822,10822,6,8,retained,0;1;2;3;4;5
10823,10823,10823,6,8,retained,0;1;2;3;4;5
10824,10824,10824,6,5,retained,0;1;2;3;4;5
10825,10825,10825,6,5,retained,0;1;2;3;4;5
10826,10826,10826,6,5,retained,0;1;2;3;4;5
10827,10827,10827,6,6,retained,0;1;2;3;4;5
10828,10828,10828,6,8,retained,0;1;2;3;4;5
10829,10829,10829,6,8,retained,0;1;2;3;4;5
10830,10830,10830,6,8,retained,0;1;2;3;4;5
10831,10831,10831,6,7,retained,0;1;2;3;4;5
10832,10832,10832,6,8,retained,0;1;2;3;4;5
10833,10833,10833,6,7,retained,0;1;2;3;4;5
10834,10834,10834,6,8,retained,0;1;2;3;4;5
10835,10835,10835,6,8,retained,0;1;2;3;4;5
10836,10836,10836,6,8,retained,0;1;2;3;4;5
10837,10837,10837,6,7,retained,0;1;2;3;4;5
10838,10838,10838,6,8,retained,0;1;2;3;4;5
10839,10839,10839,6,8,retained,0;1;2;3;4;5
10840,10840,10840,6,8,retained,0;1;2;3;4;5
10841,10841,10841,6,6,retained,0;1;2;3;4;5
10842,10842,10842,6,5,retained,0;1;2;3;4;5
10843,10843,10843,6,4,retained,0;1;2;3;4;5
10844,10844,10844,6,8,retained,0;1;2;3;4;5
10845,10845,10845,6,8,retained,0;1;2;3;4;5
10846,10846,10846,6,7,retained,0;1;2;3;4;5
10847,10847,10847,6,6,retained,0;1;2;3;4;5
10848,10848,10848,6,6,retained,0;1;2;3;4;5
10849,10849,10849,6,5,retained,0;1;2;3;4;5
10850,10850,10850,6,6,retained,0;1;2;3;4;5
10851,10851,10851,6,8,retained,0;1;2;3;4;5
10852,10852,10852,6,8,retained,0;1;2;3;4;5
10853,10853,10853,6,8,retained,0;1;2;3;4;5
10854,10854,10854,6,7,retained,0;1;2;3;4;5
10855,10855,10855,6,6,retained,0;1;2;3;4;5
10856,10856,10856,6,5,retained,0;1;2;3;4;5
10857,10857,10857,6,6,retained,0;1;2;3;4;5
10858,10858,10858,6,8,retained,0;1;2;3;4;5
10859,10859,10859,6,4,retained,0;1;2;3;4;5
10860,10860,10860,6,8,retained,0;1;2;3;4;5
10861,10861,10861,6,5,retained,0;1;2;3;4;5
10862,10862,10862,6,5,retained,0;1;2;3;4;5
10863,10863,10863,6,6,retained,0;1;2;3;4;5
10864,10864,10864,6,7,retained,0;1;2;3;4;5
10865,10865,10865,6,6,retained,0;1;2;3;4;5
10866,10866,10866,6,6,retained,0;1;2;3;4;5
10867,10867,10867,6,5,retained,0;1;2;3;4;5
10868,10868,10868,6,5,retained,0;1;2;3;4;5
10869,10869,10869,6,6,retained,0;1;2;3;4;5
10870,10870,10870,6,8,retained,0;1;2;3;4;5
10871,10871,10871,6,7,retained,0;1;2;3;4;5
10872,10872,10872,6,7,retained,0;1;2;3;4;5
10873,10873,10873,6,6,retained,0;1;2;3;4;5
10874,10874,10874,6,8,retained,0;1;2;3;4;5
10875,10875,10875,6,8,retained,0;1;2;3;4;5
10876,10876,10876,6,7,retained,0;1;2;3;4;5
10877,10877,10877,6,6,retained,0;1;2;3;4;5
10878,10878,10878,6,8,retained,0;1;2;3;4;5
10879,10879,10879,6,8,retained,0;1;2;3;4;5
10880,10880,10880,6,8,retained,0;1;2;3;4;5
10881,10881,10881,6,8,retained,0;1;2;3;4;5
10882,10882,10882,6,7,retained,0;1;2;3;4;5
10883,10883,10883,6,8,retained,0;1;2;3;4;5
10884,10884,10884,6,5,retained,0;1;2;3;4;5
10885,10885,10885,6,5,retained,0;1;2;3;4;5
10886,10886,10886,6,8,retained,0;1;2;3;4;5
10887,10887,10887,6,6,retained,0;1;2;3;4;5
10888,10888,10888,6,7,retained,0;1;2;3;4;5
10889,10889,10889,6,7,retained,0;1;2;3;4;5
10890,10890,10890,6,7,retained,0;1;2;3;4;5
10891,10891,10891,6,4,retained,0;1;2;3;4;5
10892,10892,10892,6,6,retained,0;1;2;3;4;5
10893,10893,10893,6,8,retained,0;1;2;3;4;5
10894,10894,10894,6,8,retained,0;1;2;3;4;5
10895,10895,10895,6,8,retained,0;1;2;3;4;5
10896,10896,10896,6,8,retained,0;1;2;3;4;5
10897,10897,10897,6,8,retained,0;1;2;3;4;5
10898,10898,10898,6,8,retained,0;1;2;3;4;5
10899,10899,10899,6,8,retained,0;1;2;3;4;5
10900,10900,10900,6,8,retained,0;1;2;3;4;5
10901,10901,10901,6,8,retained,0;1;2;3;4;5
10902,10902,10902,6,5,retained,0;1;2;3;4;5
10903,10903,10903,6,5,retained,0;1;2;3;4;5
10904,10904,10904,6,7,retained,0;1;2;3;4;5
10905,10905,10905,6,8,retained,0;1;2;3;4;5
10906,10906,10906,6,8,retained,0;1;2;3;4;5
10907,10907,10907,6,8,retained,0;1;2;3;4;5
10908,10908,10908,6,8,retained,0;1;2;3;4;5
10909,10909,10909,6,8,retained,0;1;2;3;4;5
10910,10910,10910,6,6,retained,0;1;2;3;4;5
10911,10911,10911,6,6,retained,0;1;2;3;4;5
10912,10912,10912,6,7,retained,0;1;2;3;4;5
10913,10913,10913,6,6,retained,0;1;2;3;4;5
10914,10914,10914,6,8,retained,0;1;2;3;4;5
10915,10915,10915,6,8,retained,0;1;2;3;4;5
10916,10916,10916,6,8,retained,0;1;2;3;4;5
10917,10917,10917,6,6,retained,0;1;2;3;4;5
10918,10918,10918,6,7,retained,0;1;2;3;4;5
10919,10919,10919,6,8,retained,0;1;2;3;4;5
10920,10920,10920,6,7,retained,0;1;2;3;4;5
10921,10921,10921,6,5,retained,0;1;2;3;4;5
10922,10922,10922,6,7,retained,0;1;2;3;4;5
10923,10923,10923,6,6,retained,0;1;2;3;4;5
10924,10924,10924,6,6,retained,0;1;2;3;4;5
10925,10925,10925,6,6,retained,0;1;2;3;4;5
10926,10926,10926,6,8,retained,0;1;2;3;4;5
10927,10927,10927,6,5,retained,0;1;2;3;4;5
10928,10928,10928,6,8,retained,0;1;2;3;4;5
10929,10929,10929,6,7,retained,0;1;2;3;4;5
10930,10930,10930,6,8,retained,0;1;2;3;4;5
10931,10931,10931,6,6,retained,0;1;2;3;4;5
10932,10932,10932,6,8,retained,0;1;2;3;4;5
10933,10933,10933,6,8,retained,0;1;2;3;4;5
10934,10934,10934,6,8,retained,0;1;2;3;4;5
10935,10935,10935,6,8,retained,0;1;2;3;4;5
10936,10936,10936,6,8,retained,0;1;2;3;4;5
10937,10937,10937,6,8,retained,0;1;2;3;4;5
10938,10938,10938,6,7,retained,0;1;2;3;4;5
10939,10939,10939,6,8,retained,0;1;2;3;4;5
10940,10940,10940,6,8,retained,0;1;2;3;4;5
10941,10941,10941,6,8,retained,0;1;2;3;4;5
10942,10942,10942,6,8,retained,0;1;2;3;4;5
10943,10943,10943,6,7,retained,0;1;2;3;4;5
10944,10944,10944,6,8,retained,0;1;2;3;4;5
10945,10945,10945,6,7,retained,0;1;2;3;4;5
10946,10946,10946,6,8,retained,0;1;2;3;4;5
10947,10947,10947,6,8,retained,0;1;2;3;4;5
10948,10948,10948,6,8,retained,0;1;2;3;4;5
10949,10949,10949,6,8,retained,0;1;2;3;4;5
10950,10950,10950,6,8,retained,0;1;2;3;4;5
10951,10951,10951,6,8,retained,0;1;2;3;4;5
10952,10952,10952,6,8,retained,0;1;2;3;4;5
10953,10953,10953,6,8,retained,0;1;2;3;4;5
10954,10954,10954,6,5,retained,0;1;2;3;4;5
10955,10955,10955,6,8,retained,0;1;2;3;4;5
10956,10956,10956,6,7,retained,0;1;2;3;4;5
10957,10957,10957,6,7,retained,0;1;2;3;4;5
10958,10958,10958,6,8,retained,0;1;2;3;4;5
10959,10959,10959,6,8,retained,0;1;2;3;4;5
10960,10960,10960,6,7,retained,0;1;2;3;4;5
10961,10961,10961,6,8,retained,0;1;2;3;4;5
10962,10962,10962,6,6,retained,0;1;2;3;4;5
10963,10963,10963,6,5,retained,0;1;2;3;4;5
10964,10964,10964,6,6,retained,0;1;2;3;4;5
10965,10965,10965,6,8,retained,0;1;2;3;4;5
10966,10966,10966,6,7,retained,0;1;2;3;4;5
10967,10967,10967,6,6,retained,0;1;2;3;4;5
10968,10968,10968,6,7,retained,0;1;2;3;4;5
10969,10969,10969,6,4,retained,0;1;2;3;4;5
10970,10970,10970,6,3,retained,0;1;2;3;4;5
10971,10971,10971,6,4,retained,0;1;2;3;4;5
10972,10972,10972,6,8,retained,0;1;2;3;4;5
10973,10973,10973,6,8,retained,0;1;2;3;4;5
10974,10974,10974,6,8,retained,0;1;2;3;4;5
10975,10975,10975,6,7,retained,0;1;2;3;4;5
10976,10976,10976,6,6,retained,0;1;2;3;4;5
10977,10977,10977,6,5,retained,0;1;2;3;4;5
10978,10978,10978,6,5,retained,0;1;2;3;4;5
10979,10979,10979,6,3,retained,0;1;2;3;4;5
10980,10980,10980,6,3,retained,0;1;2;3;4;5
10981,10981,10981,6,7,retained,0;1;2;3;4;5
10982,10982,10982,6,7,retained,0;1;2;3;4;5
10983,10983,10983,6,4,retained,0;1;2;3;4;5
10984,10984,10984,6,8,retained,0;1;2;3;4;5
10985,10985,10985,6,8,retained,0;1;2;3;4;5
10986,10986,10986,6,8,retained,0;1;2;3;4;5
10987,10987,10987,6,7,retained,0;1;2;3;4;5
10988,10988,10988,6,8,retained,0;1;2;3;4;5
10989,10989,10989,6,7,retained,0;1;2;3;4;5
10990,10990,10990,6,8,retained,0;1;2;3;4;5
10991,10991,10991,6,8,retained,0;1;2;3;4;5
10992,10992,10992,6,7,retained,0;1;2;3;4;5
10993,10993,10993,6,8,retained,0;1;2;3;4;5
10994,10994,10994,6,8,retained,0;1;2;3;4;5
10995,10995,10995,6,8,retained,0;1;2;3;4;5
10996,10996,10996,6,8,retained,0;1;2;3;4;5
10997,10997,10997,6,8,retained,0;1;2;3;4;5
10998,10998,10998,6,4,retained,0;1;2;3;4;5
10999,10999,10999,6,8,retained,0;1;2;3;4;5
11000,11000,11000,6,6,retained,0;1;2;3;4;5
11001,11001,11001,6,5,retained,0;1;2;3;4;5
11002,11002,11002,6,7,retained,0;1;2;3;4;5
11003,11003,11003,6,4,retained,0;1;2;3;4;5
11004,11004,11004,6,6,retained,0;1;2;3;4;5
11005,11005,11005,6,7,retained,0;1;2;3;4;5
11006,11006,11006,6,8,retained,0;1;2;3;4;5
11007,11007,11007,6,8,retained,0;1;2;3;4;5
11008,11008,11008,6,6,retained,0;1;2;3;4;5
11009,11009,11009,6,7,retained,0;1;2;3;4;5
11010,11010,11010,6,8,retained,0;1;2;3;4;5
11011,11011,11011,6,7,retained,0;1;2;3;4;5
11012,11012,11012,6,7,retained,0;1;2;3;4;5
11013,11013,11013,6,6,retained,0;1;2;3;4;5
11014,11014,11014,6,6,retained,0;1;2;3;4;5
11015,11015,11015,6,6,retained,0;1;2;3;4;5
11016,11016,11016,6,8,retained,0;1;2;3;4;5
11017,11017,11017,6,8,retained,0;1;2;3;4;5
11018,11018,11018,6,8,retained,0;1;2;3;4;5
11019,11019,11019,6,8,retained,0;1;2;3;4;5
11020,11020,11020,6,7,retained,0;1;2;3;4;5
11021,11021,11021,6,6,retained,0;1;2;3;4;5
11022,11022,11022,6,8,retained,0;1;2;3;4;5
11023,11023,11023,6,8,retained,0;1;2;3;4;5
11024,11024,11024,6,8,retained,0;1;2;3;4;5
11025,11025,11025,6,8,retained,0;1;2;3;4;5
11026,11026,11026,6,8,retained,0;1;2;3;4;5
11027,11027,11027,6,8,retained,0;1;2;3;4;5
11028,11028,11028,6,8,retained,0;1;2;3;4;5
11029,11029,11029,6,7,retained,0;1;2;3;4;5
11030,11030,11030,6,8,retained,0;1;2;3;4;5
11031,11031,11031,6,8,retained,0;1;2;3;4;5
11032,11032,11032,6,8,retained,0;1;2;3;4;5
11033,11033,11033,6,8,retained,0;1;2;3;4;5
11034,11034,11034,6,7,retained,0;1;2;3;4;5
11035,11035,11035,6,6,retained,0;1;2;3;4;5
11036,11036,11036,6,7,retained,0;1;2;3;4;5
11037,11037,11037,6,5,retained,0;1;2;3;4;5
11038,11038,11038,6,5,retained,0;1;2;3;4;5
11039,11039,11039,6,3,retained,0;1;2;3;4;5
11040,11040,11040,6,3,retained,0;1;2;3;4;5
11041,11041,11041,6,6,retained,0;1;2;3;4;5
11042,11042,11042,6,8,retained,0;1;2;3;4;5
11043,11043,11043,6,6,retained,0;1;2;3;4;5
11044,11044,11044,6,4,retained,0;1;2;3;4;5
11045,11045,11045,6,4,retained,0;1;2;3;4;5
11046,11046,11046,6,6,retained,0;1;2;3;4;5
11047,11047,11047,6,5,retained,0;1;2;3;4;5
11048,11048,11048,6,4,retained,0;1;2;3;4;5
11049,11049,11049,6,6,retained,0;1;2;3;4;5
11050,11050,11050,6,5,retained,0;1;2;3;4;5
11051,11051,11051,6,5,retained,0;1;2;3;4;5
11052,11052,11052,6,7,retained,0;1;2;3;4;5
11053,11053,11053,6,5,retained,0;1;2;3;4;5
11054,11054,11054,6,7,retained,0;1;2;3;4;5
11055,11055,11055,6,7,retained,0;1;2;3;4;5
11056,11056,11056,6,8,retained,0;1;2;3;4;5
11057,11057,11057,6,8,retained,0;1;2;3;4;5
11058,11058,11058,6,7,retained,0;1;2;3;4;5
11059,11059,11059,6,4,retained,0;1;2;3;4;5
11060,11060,11060,6,2,retained,0;1;2;3;4;5
11061,11061,11061,6,6,retained,0;1;2;3;4;5
11062,11062,11062,6,7,retained,0;1;2;3;4;5
11063,11063,11063,6,6,retained,0;1;2;3;4;5
11064,11064,11064,6,5,retained,0;1;2;3;4;5
11065,11065,11065,6,4,retained,0;1;2;3;4;5
11066,11066,11066,6,8,retained,0;1;2;3;4;5
11067,11067,11067,6,7,retained,0;1;2;3;4;5
11068,11068,11068,6,6,retained,0;1;2;3;4;5
11069,11069,11069,6,6,retained,0;1;2;3;4;5
11070,11070,11070,6,6,retained,0;1;2;3;4;5
11071,11071,11071,6,5,retained,0;1;2;3;4;5
11072,11072,11072,6,4,retained,0;1;2;3;4;5
11073,11073,11073,6,4,retained,0;1;2;3;4;5
11074,11074,11074,6,3,retained,0;1;2;3;4;5
11075,11075,11075,6,3,retained,0;1;2;3;4;5
11076,11076,11076,6,8,retained,0;1;2;3;4;5
11077,11077,11077,6,8,retained,0;1;2;3;4;5
11078,11078,11078,6,8,retained,0;1;2;3;4;5
11079,11079,11079,6,8,retained,0;1;2;3;4;5
11080,11080,11080,6,8,retained,0;1;2;3;4;5
11081,11081,11081,6,7,retained,0;1;2;3;4;5
11082,11082,11082,6,5,retained,0;1;2;3;4;5
11083,11083,11083,6,5,retained,0;1;2;3;4;5
11084,11084,11084,6,8,retained,0;1;2;3;4;5
11085,11085,11085,6,5,retained,0;1;2;3;4;5
11086,11086,11086,6,4,retained,0;1;2;3;4;5
11087,11087,11087,6,5,retained,0;1;2;3;4;5
11088,11088,11088,6,8,retained,0;1;2;3;4;5
11089,11089,11089,6,7,retained,0;1;2;3;4;5
11090,11090,11090,6,7,retained,0;1;2;3;4;5
11091,11091,11091,6,8,retained,0;1;2;3;4;5
11092,11092,11092,6,7,retained,0;1;2;3;4;5
11093,11093,11093,6,4,retained,0;1;2;3;4;5
11094,11094,11094,6,7,retained,0;1;2;3;4;5
11095,11095,11095,6,8,retained,0;1;2;3;4;5
11096,11096,11096,6,6,retained,0;1;2;3;4;5
11097,11097,11097,6,6,retained,0;1;2;3;4;5
11098,11098,11098,6,7,retained,0;1;2;3;4;5
11099,11099,11099,6,7,retained,0;1;2;3;4;5
11100,11100,11100,6,5,retained,0;1;2;3;4;5
11101,11101,11101,6,8,retained,0;1;2;3;4;5
11102,11102,11102,6,8,retained,0;1;2;3;4;5
11103,11103,11103,6,8,retained,0;1;2;3;4;5
11104,11104,11104,6,8,retained,0;1;2;3;4;5
11105,11105,11105,6,8,retained,0;1;2;3;4;5
11106,11106,11106,6,6,retained,0;1;2;3;4;5
11107,11107,11107,6,7,retained,0;1;2;3;4;5
11108,11108,11108,6,7,retained,0;1;2;3;4;5
11109,11109,11109,6,8,retained,0;1;2;3;4;5
11110,11110,11110,6,8,retained,0;1;2;3;4;5
11111,11111,11111,6,8,retained,0;1;2;3;4;5
11112,11112,11112,6,8,retained,0;1;2;3;4;5
11113,11113,11113,6,8,retained,0;1;2;3;4;5
11114,11114,11114,6,8,retained,0;1;2;3;4;5
11115,11115,11115,6,8,retained,0;1;2;3;4;5
11116,11116,11116,6,8,retained,0;1;2;3;4;5
11117,11117,11117,6,8,retained,0;1;2;3;4;5
11118,11118,11118,6,8,retained,0;1;2;3;4;5
11119,11119,11119,6,5,retained,0;1;2;3;4;5
11120,11120,11120,6,6,retained,0;1;2;3;4;5
11121,11121,11121,6,8,retained,0;1;2;3;4;5
11122,11122,11122,6,7,retained,0;1;2;3;4;5
11123,11123,11123,6,8,retained,0;1;2;3;4;5
11124,11124,11124,6,8,retained,0;1;2;3;4;5
11125,11125,11125,6,8,retained,0;1;2;3;4;5
11126,11126,11126,6,8,retained,0;1;2;3;4;5
11127,11127,11127,6,4,retained,0;1;2;3;4;5
11128,11128,11128,6,5,retained,0;1;2;3;4;5
11129,11129,11129,6,7,retained,0;1;2;3;4;5
11130,11130,11130,6,6,retained,0;1;2;3;4;5
11131,11131,11131,6,4,retained,0;1;2;3;4;5
11132,11132,11132,6,6,retained,0;1;2;3;4;5
11133,11133,11133,6,5,retained,0;1;2;3;4;5
11134,11134,11134,6,7,retained,0;1;2;3;4;5
11135,11135,11135,6,6,retained,0;1;2;3;4;5
11136,11136,11136,6,8,retained,0;1;2;3;4;5
11137,11137,11137,6,8,retained,0;1;2;3;4;5
11138,11138,11138,6,4,retained,0;1;2;3;4;5
11139,11139,11139,6,4,retained,0;1;2;3;4;5
11140,11140,11140,6,5,retained,0;1;2;3;4;5
11141,11141,11141,6,7,retained,0;1;2;3;4;5
11142,11142,11142,6,7,retained,0;1;2;3;4;5
11143,11143,11143,6,4,retained,0;1;2;3;4;5
11144,11144,11144,6,6,retained,0;1;2;3;4;5
11145,11145,11145,6,6,retained,0;1;2;3;4;5
11146,11146,11146,6,7,retained,0;1;2;3;4;5
11147,11147,11147,6,7,retained,0;1;2;3;4;5
11148,11148,11148,6,8,retained,0;1;2;3;4;5
11149,11149,11149,6,8,retained,0;1;2;3;4;5
11150,11150,11150,6,7,retained,0;1;2;3;4;5
11151,11151,11151,6,6,retained,0;1;2;3;4;5
11152,11152,11152,6,6,retained,0;1;2;3;4;5
11153,11153,11153,6,7,retained,0;1;2;3;4;5
11154,11154,11154,6,8,retained,0;1;2;3;4;5
11155,11155,11155,6,7,retained,0;1;2;3;4;5
11156,11156,11156,6,7,retained,0;1;2;3;4;5
11157,11157,11157,6,6,retained,0;1;2;3;4;5
11158,11158,11158,6,7,retained,0;1;2;3;4;5
11159,11159,11159,6,6,retained,0;1;2;3;4;5
11160,11160,11160,6,8,retained,0;1;2;3;4;5
11161,11161,11161,6,7,retained,0;1;2;3;4;5
11162,11162,11162,6,6,retained,0;1;2;3;4;5
11163,11163,11163,6,4,retained,0;1;2;3;4;5
11164,11164,11164,6,4,retained,0;1;2;3;4;5
11165,11165,11165,6,3,retained,0;1;2;3;4;5
11166,11166,11166,6,8,retained,0;1;2;3;4;5
11167,11167,11167,6,7,retained,0;1;2;3;4;5
11168,11168,11168,6,8,retained,0;1;2;3;4;5
11169,11169,11169,6,7,retained,0;1;2;3;4;5
11170,11170,11170,6,6,retained,0;1;2;3;4;5
11171,11171,11171,6,8,retained,0;1;2;3;4;5
11172,11172,11172,6,7,retained,0;1;2;3;4;5
11173,11173,11173,6,6,retained,0;1;2;3;4;5
11174,11174,11174,6,6,retained,0;1;2;3;4;5
11175,11175,11175,6,4,retained,0;1;2;3;4;5
11176,11176,11176,6,6,retained,0;1;2;3;4;5
11177,11177,11177,6,8,retained,0;1;2;3;4;5
11178,11178,11178,6,8,retained,0;1;2;3;4;5
11179,11179,11179,6,6,retained,0;1;2;3;4;5
11180,11180,11180,6,6,retained,0;1;2;3;4;5
11181,11181,11181,6,7,retained,0;1;2;3;4;5
11182,11182,11182,6,6,retained,0;1;2;3;4;5
11183,11183,11183,6,7,retained,0;1;2;3;4;5
11184,11184,11184,6,6,retained,0;1;2;3;4;5
11185,11185,11185,6,8,retained,0;1;2;3;4;5
11186,11186,11186,6,7,retained,0;1;2;3;4;5
11187,11187,11187,6,8,retained,0;1;2;3;4;5
11188,11188,11188,6,8,retained,0;1;2;3;4;5
11189,11189,11189,6,8,retained,0;1;2;3;4;5
11190,11190,11190,6,8,retained,0;1;2;3;4;5
11191,11191,11191,6,6,retained,0;1;2;3;4;5
11192,11192,11192,6,8,retained,0;1;2;3;4;5
11193,11193,11193,6,8,retained,0;1;2;3;4;5
11194,11194,11194,6,7,retained,0;1;2;3;4;5
11195,11195,11195,6,7,retained,0;1;2;3;4;5
11196,11196,11196,6,6,retained,0;1;2;3;4;5
11197,11197,11197,6,6,retained,0;1;2;3;4;5
11198,11198,11198,6,7,retained,0;1;2;3;4;5
11199,11199,11199,6,7,retained,0;1;2;3;4;5
11200,11200,11200,6,6,retained,0;1;2;3;4;5
11201,11201,11201,6,7,retained,0;1;2;3;4;5
11202,11202,11202,6,5,retained,0;1;2;3;4;5
11203,11203,11203,6,8,retained,0;1;2;3;4;5
11204,11204,11204,6,7,retained,0;1;2;3;4;5
11205,11205,11205,6,7,retained,0;1;2;3;4;5
11206,11206,11206,6,6,retained,0;1;2;3;4;5
11207,11207,11207,6,5,retained,0;1;2;3;4;5
11208,11208,11208,6,4,retained,0;1;2;3;4;5
11209,11209,11209,6,6,retained,0;1;2;3;4;5
11210,11210,11210,6,6,retained,0;1;2;3;4;5
11211,11211,11211,6,8,retained,0;1;2;3;4;5
11212,11212,11212,6,8,retained,0;1;2;3;4;5
11213,11213,11213,6,8,retained,0;1;2;3;4;5
11214,11214,11214,6,7,retained,0;1;2;3;4;5
11215,11215,11215,6,6,retained,0;1;2;3;4;5
11216,11216,11216,6,7,retained,0;1;2;3;4;5
11217,11217,11217,6,7,retained,0;1;2;3;4;5
11218,11218,11218,6,8,retained,0;1;2;3;4;5
11219,11219,11219,6,5,retained,0;1;2;3;4;5
11220,11220,11220,6,7,retained,0;1;2;3;4;5
11221,11221,11221,6,6,retained,0;1;2;3;4;5
11222,11222,11222,6,5,retained,0;1;2;3;4;5
11223,11223,11223,6,4,retained,0;1;2;3;4;5
11224,11224,11224,6,5,retained,0;1;2;3;4;5
11225,11225,11225,6,8,retained,0;1;2;3;4;5
11226,11226,11226,6,6,retained,0;1;2;3;4;5
11227,11227,11227,6,7,retained,0;1;2;3;4;5
11228,11228,11228,6,8,retained,0;1;2;3;4;5
11229,11229,11229,6,7,retained,0;1;2;3;4;5
11230,11230,11230,6,8,retained,0;1;2;3;4;5
11231,11231,11231,6,7,retained,0;1;2;3;4;5
11232,11232,11232,6,7,retained,0;1;2;3;4;5
11233,11233,11233,6,5,retained,0;1;2;3;4;5
11234,11234,11234,6,5,retained,0;1;2;3;4;5
11235,11235,11235,6,5,retained,0;1;2;3;4;5
11236,11236,11236,6,8,retained,0;1;2;3;4;5
11237,11237,11237,6,7,retained,0;1;2;3;4;5
11238,11238,11238,6,6,retained,0;1;2;3;4;5
11239,11239,11239,6,6,retained,0;1;2;3;4;5
11240,11240,11240,6,8,retained,0;1;2;3;4;5
11241,11241,11241,6,7,retained,0;1;2;3;4;5
11242,11242,11242,6,7,retained,0;1;2;3;4;5
11243,11243,11243,6,7,retained,0;1;2;3;4;5
11244,11244,11244,6,6,retained,0;1;2;3;4;5
11245,11245,11245,6,7,retained,0;1;2;3;4;5
11246,11246,11246,6,8,retained,0;1;2;3;4;5
11247,11247,11247,6,8,retained,0;1;2;3;4;5
11248,11248,11248,6,7,retained,0;1;2;3;4;5
11249,11249,11249,6,8,retained,0;1;2;3;4;5
11250,11250,11250,6,6,retained,0;1;2;3;4;5
11251,11251,11251,6,6,retained,0;1;2;3;4;5
11252,11252,11252,6,7,retained,0;1;2;3;4;5
11253,11253,11253,6,5,retained,0;1;2;3;4;5
11254,11254,11254,6,7,retained,0;1;2;3;4;5
11255,11255,11255,6,8,retained,0;1;2;3;4;5
11256,11256,11256,6,8,retained,0;1;2;3;4;5
11257,11257,11257,6,8,retained,0;1;2;3;4;5
11258,11258,11258,6,7,retained,0;1;2;3;4;5
11259,11259,11259,6,7,retained,0;1;2;3;4;5
11260,11260,11260,6,6,retained,0;1;2;3;4;5
11261,11261,11261,6,6,retained,0;1;2;3;4;5
11262,11262,11262,6,6,retained,0;1;2;3;4;5
11263,11263,11263,6,8,retained,0;1;2;3;4;5
11264,11264,11264,6,6,retained,0;1;2;3;4;5
11265,11265,11265,6,8,retained,0;1;2;3;4;5
11266,11266,11266,6,6,retained,0;1;2;3;4;5
11267,11267,11267,6,8,retained,0;1;2;3;4;5
11268,11268,11268,6,7,retained,0;1;2;3;4;5
11269,11269,11269,6,6,retained,0;1;2;3;4;5
11270,11270,11270,6,8,retained,0;1;2;3;4;5
11271,11271,11271,6,8,retained,0;1;2;3;4;5
11272,11272,11272,6,8,retained,0;1;2;3;4;5
11273,11273,11273,6,8,retained,0;1;2;3;4;5
11274,11274,11274,6,8,retained,0;1;2;3;4;5
11275,11275,11275,6,6,retained,0;1;2;3;4;5
11276,11276,11276,6,8,retained,0;1;2;3;4;5
11277,11277,11277,6,6,retained,0;1;2;3;4;5
11278,11278,11278,6,7,retained,0;1;2;3;4;5
11279,11279,11279,6,8,retained,0;1;2;3;4;5
11280,11280,11280,6,6,retained,0;1;2;3;4;5
11281,11281,11281,6,8,retained,0;1;2;3;4;5
11282,11282,11282,6,7,retained,0;1;2;3;4;5
11283,11283,11283,6,8,retained,0;1;2;3;4;5
11284,11284,11284,6,7,retained,0;1;2;3;4;5
11285,11285,11285,6,8,retained,0;1;2;3;4;5
11286,11286,11286,6,8,retained,0;1;2;3;4;5
11287,11287,11287,6,8,retained,0;1;2;3;4;5
11288,11288,11288,6,8,retained,0;1;2;3;4;5
11289,11289,11289,6,6,retained,0;1;2;3;4;5
11290,11290,11290,6,6,retained,0;1;2;3;4;5
11291,11291,11291,6,6,retained,0;1;2;3;4;5
11292,11292,11292,6,8,retained,0;1;2;3;4;5
11293,11293,11293,6,7,retained,0;1;2;3;4;5
11294,11294,11294,6,8,retained,0;1;2;3;4;5
11295,11295,11295,6,8,retained,0;1;2;3;4;5
11296,11296,11296,6,8,retained,0;1;2;3;4;5
11297,11297,11297,6,7,retained,0;1;2;3;4;5
11298,11298,11298,6,7,retained,0;1;2;3;4;5
11299,11299,11299,6,7,retained,0;1;2;3;4;5
11300,11300,11300,6,7,retained,0;1;2;3;4;5
11301,11301,11301,6,7,retained,0;1;2;3;4;5
11302,11302,11302,6,8,retained,0;1;2;3;4;5
11303,11303,11303,6,8,retained,0;1;2;3;4;5
11304,11304,11304,6,8,retained,0;1;2;3;4;5
11305,11305,11305,6,8,retained,0;1;2;3;4;5
11306,11306,11306,6,7,retained,0;1;2;3;4;5
11307,11307,11307,6,7,retained,0;1;2;3;4;5
11308,11308,11308,6,8,retained,0;1;2;3;4;5
11309,11309,11309,6,8,retained,0;1;2;3;4;5
11310,11310,11310,6,6,retained,0;1;2;3;4;5
11311,11311,11311,6,7,retained,0;1;2;3;4;5
11312,11312,11312,6,5,retained,0;1;2;3;4;5
11313,11313,11313,6,6,retained,0;1;2;3;4;5
11314,11314,11314,6,8,retained,0;1;2;3;4;5
11315,11315,11315,6,8,retained,0;1;2;3;4;5
11316,11316,11316,6,8,retained,0;1;2;3;4;5
11317,11317,11317,6,8,retained,0;1;2;3;4;5
11318,11318,11318,6,8,retained,0;1;2;3;4;5
11319,11319,11319,6,7,retained,0;1;2;3;4;5
11320,11320,11320,6,8,retained,0;1;2;3;4;5
11321,11321,11321,6,7,retained,0;1;2;3;4;5
11322,11322,11322,6,8,retained,0;1;2;3;4;5
11323,11323,11323,6,7,retained,0;1;2;3;4;5
11324,11324,11324,6,8,retained,0;1;2;3;4;5
11325,11325,11325,6,6,retained,0;1;2;3;4;5
11326,11326,11326,6,8,retained,0;1;2;3;4;5
11327,11327,11327,6,8,retained,0;1;2;3;4;5
11328,11328,11328,6,6,retained,0;1;2;3;4;5
11329,11329,11329,6,5,retained,0;1;2;3;4;5
11330,11330,11330,6,5,retained,0;1;2;3;4;5
11331,11331,11331,6,8,retained,0;1;2;3;4;5
11332,11332,11332,6,8,retained,0;1;2;3;4;5
11333,11333,11333,6,7,retained,0;1;2;3;4;5
11334,11334,11334,6,7,retained,0;1;2;3;4;5
11335,11335,11335,6,7,retained,0;1;2;3;4;5
11336,11336,11336,6,7,retained,0;1;2;3;4;5
11337,11337,11337,6,8,retained,0;1;2;3;4;5
11338,11338,11338,6,8,retained,0;1;2;3;4;5
11339,11339,11339,6,5,retained,0;1;2;3;4;5
11340,11340,11340,6,6,retained,0;1;2;3;4;5
11341,11341,11341,6,8,retained,0;1;2;3;4;5
11342,11342,11342,6,6,retained,0;1;2;3;4;5
11343,11343,11343,6,6,retained,0;1;2;3;4;5
11344,11344,11344,6,7,retained,0;1;2;3;4;5
11345,11345,11345,6,6,retained,0;1;2;3;4;5
11346,11346,11346,6,3,retained,0;1;2;3;4;5
11347,11347,11347,6,7,retained,0;1;2;3;4;5
11348,11348,11348,6,5,retained,0;1;2;3;4;5
11349,11349,11349,6,5,retained,0;1;2;3;4;5
11350,11350,11350,6,8,retained,0;1;2;3;4;5
11351,11351,11351,6,6,retained,0;1;2;3;4;5
11352,11352,11352,6,8,retained,0;1;2;3;4;5
11353,11353,11353,6,8,retained,0;1;2;3;4;5
11354,11354,11354,6,8,retained,0;1;2;3;4;5
11355,11355,11355,6,6,retained,0;1;2;3;4;5
11356,11356,11356,6,7,retained,0;1;2;3;4;5
11357,11357,11357,6,7,retained,0;1;2;3;4;5
11358,11358,11358,6,7,retained,0;1;2;3;4;5
11359,11359,11359,6,7,retained,0;1;2;3;4;5
11360,11360,11360,6,8,retained,0;1;2;3;4;5
11361,11361,11361,6,8,retained,0;1;2;3;4;5
11362,11362,11362,6,8,retained,0;1;2;3;4;5
11363,11363,11363,6,5,retained,0;1;2;3;4;5
11364,11364,11364,6,7,retained,0;1;2;3;4;5
11365,11365,11365,6,7,retained,0;1;2;3;4;5
11366,11366,11366,6,8,retained,0;1;2;3;4;5
11367,11367,11367,6,6,retained,0;1;2;3;4;5
11368,11368,11368,6,8,retained,0;1;2;3;4;5
11369,11369,11369,6,8,retained,0;1;2;3;4;5
11370,11370,11370,6,5,retained,0;1;2;3;4;5
11371,11371,11371,6,6,retained,0;1;2;3;4;5
11372,11372,11372,6,5,retained,0;1;2;3;4;5
11373,11373,11373,6,8,retained,0;1;2;3;4;5
11374,11374,11374,6,5,retained,0;1;2;3;4;5
11375,11375,11375,6,6,retained,0;1;2;3;4;5
11376,11376,11376,6,8,retained,0;1;2;3;4;5
11377,11377,11377,6,6,retained,0;1;2;3;4;5
11378,11378,11378,6,7,retained,0;1;2;3;4;5
11379,11379,11379,6,7,retained,0;1;2;3;4;5
11380,11380,11380,6,6,retained,0;1;2;3;4;5
11381,11381,11381,6,7,retained,0;1;2;3;4;5
11382,11382,11382,6,7,retained,0;1;2;3;4;5
11383,11383,11383,6,6,retained,0;1;2;3;4;5
11384,11384,11384,6,6,retained,0;1;2;3;4;5
11385,11385,11385,6,5,retained,0;1;2;3;4;5
11386,11386,11386,6,8,retained,0;1;2;3;4;5
11387,11387,11387,6,6,retained,0;1;2;3;4;5
11388,11388,11388,6,6,retained,0;1;2;3;4;5
11389,11389,11389,6,8,retained,0;1;2;3;4;5
11390,11390,11390,6,8,retained,0;1;2;3;4;5
11391,11391,11391,6,7,retained,0;1;2;3;4;5
11392,11392,11392,6,5,retained,0;1;2;3;4;5
11393,11393,11393,6,6,retained,0;1;2;3;4;5
11394,11394,11394,6,8,retained,0;1;2;3;4;5
11395,11395,11395,6,7,retained,0;1;2;3;4;5
11396,11396,11396,6,7,retained,0;1;2;3;4;5
11397,11397,11397,6,8,retained,0;1;2;3;4;5
11398,11398,11398,6,8,retained,0;1;2;3;4;5
11399,11399,11399,6,6,retained,0;1;2;3;4;5
11400,11400,11400,6,8,retained,0;1;2;3;4;5
11401,11401,11401,6,7,retained,0;1;2;3;4;5
11402,11402,11402,6,6,retained,0;1;2;3;4;5
11403,11403,11403,6,8,retained,0;1;2;3;4;5
11404,11404,11404,6,6,retained,0;1;2;3;4;5
11405,11405,11405,6,8,retained,0;1;2;3;4;5
11406,11406,11406,6,6,retained,0;1;2;3;4;5
11407,11407,11407,6,7,retained,0;1;2;3;4;5
11408,11408,11408,6,7,retained,0;1;2;3;4;5
11409,11409,11409,6,8,retained,0;1;2;3;4;5
11410,11410,11410,6,8,retained,0;1;2;3;4;5
11411,11411,11411,6,7,retained,0;1;2;3;4;5
11412,11412,11412,6,8,retained,0;1;2;3;4;5
11413,11413,11413,6,8,retained,0;1;2;3;4;5
11414,11414,11414,6,6,retained,0;1;2;3;4;5
11415,11415,11415,6,8,retained,0;1;2;3;4;5
11416,11416,11416,6,8,retained,0;1;2;3;4;5
11417,11417,11417,6,8,retained,0;1;2;3;4;5
11418,11418,11418,6,7,retained,0;1;2;3;4;5
11419,11419,11419,6,7,retained,0;1;2;3;4;5
11420,11420,11420,6,8,retained,0;1;2;3;4;5
11421,11421,11421,6,8,retained,0;1;2;3;4;5
11422,11422,11422,6,7,retained,0;1;2;3;4;5
11423,11423,11423,6,6,retained,0;1;2;3;4;5
11424,11424,11424,6,5,retained,0;1;2;3;4;5
11425,11425,11425,6,8,retained,0;1;2;3;4;5
11426,11426,11426,6,8,retained,0;1;2;3;4;5
11427,11427,11427,6,8,retained,0;1;2;3;4;5
11428,11428,11428,6,8,retained,0;1;2;3;4;5
11429,11429,11429,6,6,retained,0;1;2;3;4;5
11430,11430,11430,6,8,retained,0;1;2;3;4;5
11431,11431,11431,6,5,retained,0;1;2;3;4;5
11432,11432,11432,6,8,retained,0;1;2;3;4;5
11433,11433,11433,6,8,retained,0;1;2;3;4;5
11434,11434,11434,6,7,retained,0;1;2;3;4;5
11435,11435,11435,6,7,retained,0;1;2;3;4;5
11436,11436,11436,6,5,retained,0;1;2;3;4;5
11437,11437,11437,6,8,retained,0;1;2;3;4;5
11438,11438,11438,6,7,retained,0;1;2;3;4;5
11439,11439,11439,6,8,retained,0;1;2;3;4;5
11440,11440,11440,6,7,retained,0;1;2;3;4;5
11441,11441,11441,6,6,retained,0;1;2;3;4;5
11442,11442,11442,6,7,retained,0;1;2;3;4;5
11443,11443,11443,6,7,retained,0;1;2;3;4;5
11444,11444,11444,6,8,retained,0;1;2;3;4;5
11445,11445,11445,6,7,retained,0;1;2;3;4;5
11446,11446,11446,6,8,retained,0;1;2;3;4;5
11447,11447,11447,6,8,retained,0;1;2;3;4;5
11448,11448,11448,6,8,retained,0;1;2;3;4;5
11449,11449,11449,6,6,retained,0;1;2;3;4;5
11450,11450,11450,6,8,retained,0;1;2;3;4;5
11451,11451,11451,6,8,retained,0;1;2;3;4;5
11452,11452,11452,6,8,retained,0;1;2;3;4;5
11453,11453,11453,6,8,retained,0;1;2;3;4;5
11454,11454,11454,6,6,retained,0;1;2;3;4;5
11455,11455,11455,6,7,retained,0;1;2;3;4;5
11456,11456,11456,6,7,retained,0;1;2;3;4;5
11457,11457,11457,6,8,retained,0;1;2;3;4;5
11458,11458,11458,6,8,retained,0;1;2;3;4;5
11459,11459,11459,6,6,retained,0;1;2;3;4;5
11460,11460,11460,6,8,retained,0;1;2;3;4;5
11461,11461,11461,6,8,retained,0;1;2;3;4;5
11462,11462,11462,6,8,retained,0;1;2;3;4;5
11463,11463,11463,6,6,retained,0;1;2;3;4;5
11464,11464,11464,6,8,retained,0;1;2;3;4;5
11465,11465,11465,6,7,retained,0;1;2;3;4;5
11466,11466,11466,6,8,retained,0;1;2;3;4;5
11467,11467,11467,6,8,retained,0;1;2;3;4;5
11468,11468,11468,6,8,retained,0;1;2;3;4;5
11469,11469,11469,6,7,retained,0;1;2;3;4;5
11470,11470,11470,6,7,retained,0;1;2;3;4;5
11471,11471,11471,6,7,retained,0;1;2;3;4;5
11472,11472,11472,6,7,retained,0;1;2;3;4;5
11473,11473,11473,6,6,retained,0;1;2;3;4;5
11474,11474,11474,6,6,retained,0;1;2;3;4;5
11475,11475,11475,6,8,retained,0;1;2;3;4;5
11476,11476,11476,6,7,retained,0;1;2;3;4;5
11477,11477,11477,6,8,retained,0;1;2;3;4;5
11478,11478,11478,6,8,retained,0;1;2;3;4;5
11479,11479,11479,6,8,retained,0;1;2;3;4;5
11480,11480,11480,6,8,retained,0;1;2;3;4;5
11481,11481,11481,6,8,retained,0;1;2;3;4;5
11482,11482,11482,6,7,retained,0;1;2;3;4;5
11483,11483,11483,6,7,retained,0;1;2;3;4;5
11484,11484,11484,6,7,retained,0;1;2;3;4;5
11485,11485,11485,6,8,retained,0;1;2;3;4;5
11486,11486,11486,6,8,retained,0;1;2;3;4;5
11487,11487,11487,6,8,retained,0;1;2;3;4;5
11488,11488,11488,6,8,retained,0;1;2;3;4;5
11489,11489,11489,6,8,retained,0;1;2;3;4;5
11490,11490,11490,6,5,retained,0;1;2;3;4;5
11491,11491,11491,6,5,retained,0;1;2;3;4;5
11492,11492,11492,6,6,retained,0;1;2;3;4;5
11493,11493,11493,6,7,retained,0;1;2;3;4;5
11494,11494,11494,6,7,retained,0;1;2;3;4;5
11495,11495,11495,6,5,retained,0;1;2;3;4;5
11496,11496,11496,6,8,retained,0;1;2;3;4;5
11497,11497,11497,6,7,retained,0;1;2;3;4;5
11498,11498,11498,6,6,retained,0;1;2;3;4;5
11499,11499,11499,6,7,retained,0;1;2;3;4;5
11500,11500,11500,6,8,retained,0;1;2;3;4;5
11501,11501,11501,6,6,retained,0;1;2;3;4;5
11502,11502,11502,6,6,retained,0;1;2;3;4;5
11503,11503,11503,6,8,retained,0;1;2;3;4;5
11504,11504,11504,6,7,retained,0;1;2;3;4;5
11505,11505,11505,6,8,retained,0;1;2;3;4;5
11506,11506,11506,6,8,retained,0;1;2;3;4;5
11507,11507,11507,6,8,retained,0;1;2;3;4;5
11508,11508,11508,6,8,retained,0;1;2;3;4;5
11509,11509,11509,6,8,retained,0;1;2;3;4;5
11510,11510,11510,6,8,retained,0;1;2;3;4;5
11511,11511,11511,6,7,retained,0;1;2;3;4;5
11512,11512,11512,6,8,retained,0;1;2;3;4;5
11513,11513,11513,6,8,retained,0;1;2;3;4;5
11514,11514,11514,6,8,retained,0;1;2;3;4;5
11515,11515,11515,6,8,retained,0;1;2;3;4;5
11516,11516,11516,6,8,retained,0;1;2;3;4;5
11517,11517,11517,6,8,retained,0;1;2;3;4;5
11518,11518,11518,6,8,retained,0;1;2;3;4;5
11519,11519,11519,6,8,retained,0;1;2;3;4;5
11520,11520,11520,6,8,retained,0;1;2;3;4;5
11521,11521,11521,6,8,retained,0;1;2;3;4;5
11522,11522,11522,6,5,retained,0;1;2;3;4;5
11523,11523,11523,6,6,retained,0;1;2;3;4;5
11524,11524,11524,6,8,retained,0;1;2;3;4;5
11525,11525,11525,6,8,retained,0;1;2;3;4;5
11526,11526,11526,6,6,retained,0;1;2;3;4;5
11527,11527,11527,6,5,retained,0;1;2;3;4;5
11528,11528,11528,6,6,retained,0;1;2;3;4;5
11529,11529,11529,6,5,retained,0;1;2;3;4;5
11530,11530,11530,6,4,retained,0;1;2;3;4;5
11531,11531,11531,6,3,retained,0;1;2;3;4;5
11532,11532,11532,6,8,retained,0;1;2;3;4;5
11533,11533,11533,6,5,retained,0;1;2;3;4;5
11534,11534,11534,6,6,retained,0;1;2;3;4;5
11535,11535,11535,6,7,retained,0;1;2;3;4;5
11536,11536,11536,6,6,retained,0;1;2;3;4;5
11537,11537,11537,6,8,retained,0;1;2;3;4;5
11538,11538,11538,6,8,retained,0;1;2;3;4;5
11539,11539,11539,6,8,retained,0;1;2;3;4;5
11540,11540,11540,6,7,retained,0;1;2;3;4;5
11541,11541,11541,6,8,retained,0;1;2;3;4;5
11542,11542,11542,6,7,retained,0;1;2;3;4;5
11543,11543,11543,6,8,retained,0;1;2;3;4;5
11544,11544,11544,6,7,retained,0;1;2;3;4;5
11545,11545,11545,6,6,retained,0;1;2;3;4;5
11546,11546,11546,6,6,retained,0;1;2;3;4;5
11547,11547,11547,6,8,retained,0;1;2;3;4;5
11548,11548,11548,6,8,retained,0;1;2;3;4;5
11549,11549,11549,6,8,retained,0;1;2;3;4;5
11550,11550,11550,6,6,retained,0;1;2;3;4;5
11551,11551,11551,6,8,retained,0;1;2;3;4;5
11552,11552,11552,6,8,retained,0;1;2;3;4;5
11553,11553,11553,6,6,retained,0;1;2;3;4;5
11554,11554,11554,6,7,retained,0;1;2;3;4;5
11555,11555,11555,6,8,retained,0;1;2;3;4;5
11556,11556,11556,6,7,retained,0;1;2;3;4;5
11557,11557,11557,6,6,retained,0;1;2;3;4;5
11558,11558,11558,6,8,retained,0;1;2;3;4;5
11559,11559,11559,6,8,retained,0;1;2;3;4;5
11560,11560,11560,6,8,retained,0;1;2;3;4;5
11561,11561,11561,6,8,retained,0;1;2;3;4;5
11562,11562,11562,6,8,retained,0;1;2;3;4;5
11563,11563,11563,6,8,retained,0;1;2;3;4;5
11564,11564,11564,6,8,retained,0;1;2;3;4;5
11565,11565,11565,6,8,retained,0;1;2;3;4;5
11566,11566,11566,6,8,retained,0;1;2;3;4;5
11567,11567,11567,6,8,retained,0;1;2;3;4;5
11568,11568,11568,6,7,retained,0;1;2;3;4;5
11569,11569,11569,6,8,retained,0;1;2;3;4;5
11570,11570,11570,6,5,retained,0;1;2;3;4;5
11571,11571,11571,6,3,retained,0;1;2;3;4;5
11572,11572,11572,6,4,retained,0;1;2;3;4;5
11573,11573,11573,6,4,retained,0;1;2;3;4;5
11574,11574,11574,6,4,retained,0;1;2;3;4;5
11575,11575,11575,6,8,retained,0;1;2;3;4;5
11576,11576,11576,6,5,retained,0;1;2;3;4;5
11577,11577,11577,6,8,retained,0;1;2;3;4;5
11578,11578,11578,6,8,retained,0;1;2;3;4;5
11579,11579,11579,6,7,retained,0;1;2;3;4;5
11580,11580,11580,6,6,retained,0;1;2;3;4;5
11581,11581,11581,6,6,retained,0;1;2;3;4;5
11582,11582,11582,6,4,retained,0;1;2;3;4;5
11583,11583,11583,6,8,retained,0;1;2;3;4;5
11584,11584,11584,6,7,retained,0;1;2;3;4;5
11585,11585,11585,6,7,retained,0;1;2;3;4;5
11586,11586,11586,6,8,retained,0;1;2;3;4;5
11587,11587,11587,6,8,retained,0;1;2;3;4;5
11588,11588,11588,6,7,retained,0;1;2;3;4;5
11589,11589,11589,6,7,retained,0;1;2;3;4;5
11590,11590,11590,6,7,retained,0;1;2;3;4;5
11591,11591,11591,6,7,retained,0;1;2;3;4;5
11592,11592,11592,6,7,retained,0;1;2;3;4;5
11593,11593,11593,6,5,retained,0;1;2;3;4;5
11594,11594,11594,6,8,retained,0;1;2;3;4;5
11595,11595,11595,6,8,retained,0;1;2;3;4;5
11596,11596,11596,6,8,retained,0;1;2;3;4;5
11597,11597,11597,6,6,retained,0;1;2;3;4;5
11598,11598,11598,6,8,retained,0;1;2;3;4;5
11599,11599,11599,6,6,retained,0;1;2;3;4;5
11600,11600,11600,6,6,retained,0;1;2;3;4;5
11601,11601,11601,6,6,retained,0;1;2;3;4;5
11602,11602,11602,6,8,retained,0;1;2;3;4;5
11603,11603,11603,6,8,retained,0;1;2;3;4;5
11604,11604,11604,6,8,retained,0;1;2;3;4;5
11605,11605,11605,6,8,retained,0;1;2;3;4;5
11606,11606,11606,6,8,retained,0;1;2;3;4;5
11607,11607,11607,6,7,retained,0;1;2;3;4;5
11608,11608,11608,6,7,retained,0;1;2;3;4;5
11609,11609,11609,6,8,retained,0;1;2;3;4;5
11610,11610,11610,6,8,retained,0;1;2;3;4;5
11611,11611,11611,6,7,retained,0;1;2;3;4;5
11612,11612,11612,6,6,retained,0;1;2;3;4;5
11613,11613,11613,6,7,retained,0;1;2;3;4;5
11614,11614,11614,6,5,retained,0;1;2;3;4;5
11615,11615,11615,6,6,retained,0;1;2;3;4;5
11616,11616,11616,6,6,retained,0;1;2;3;4;5
11617,11617,11617,6,7,retained,0;1;2;3;4;5
11618,11618,11618,6,8,retained,0;1;2;3;4;5
11619,11619,11619,6,8,retained,0;1;2;3;4;5
11620,11620,11620,6,7,retained,0;1;2;3;4;5
11621,11621,11621,6,6,retained,0;1;2;3;4;5
11622,11622,11622,6,8,retained,0;1;2;3;4;5
11623,11623,11623,6,8,retained,0;1;2;3;4;5
11624,11624,11624,6,7,retained,0;1;2;3;4;5
11625,11625,11625,6,7,retained,0;1;2;3;4;5
11626,11626,11626,6,8,retained,0;1;2;3;4;5
11627,11627,11627,6,6,retained,0;1;2;3;4;5
11628,11628,11628,6,5,retained,0;1;2;3;4;5
11629,11629,11629,6,6,retained,0;1;2;3;4;5
11630,11630,11630,6,6,retained,0;1;2;3;4;5
11631,11631,11631,6,8,retained,0;1;2;3;4;5
11632,11632,11632,6,7,retained,0;1;2;3;4;5
11633,11633,11633,6,8,retained,0;1;2;3;4;5
11634,11634,11634,6,5,retained,0;1;2;3;4;5
11635,11635,11635,6,5,retained,0;1;2;3;4;5
11636,11636,11636,6,6,retained,0;1;2;3;4;5
11637,11637,11637,6,7,retained,0;1;2;3;4;5
11638,11638,11638,6,8,retained,0;1;2;3;4;5
11639,11639,11639,6,8,retained,0;1;2;3;4;5
11640,11640,11640,6,8,retained,0;1;2;3;4;5
11641,11641,11641,6,7,retained,0;1;2;3;4;5
11642,11642,11642,6,8,retained,0;1;2;3;4;5
11643,11643,11643,6,8,retained,0;1;2;3;4;5
11644,11644,11644,6,7,retained,0;1;2;3;4;5
11645,11645,11645,6,8,retained,0;1;2;3;4;5
11646,11646,11646,6,8,retained,0;1;2;3;4;5
11647,11647,11647,6,8,retained,0;1;2;3;4;5
11648,11648,11648,6,8,retained,0;1;2;3;4;5
11649,11649,11649,6,6,retained,0;1;2;3;4;5
11650,11650,11650,6,7,retained,0;1;2;3;4;5
11651,11651,11651,6,5,retained,0;1;2;3;4;5
11652,11652,11652,6,7,retained,0;1;2;3;4;5
11653,11653,11653,6,8,retained,0;1;2;3;4;5
11654,11654,11654,6,7,retained,0;1;2;3;4;5
11655,11655,11655,6,7,retained,0;1;2;3;4;5
11656,11656,11656,6,7,retained,0;1;2;3;4;5
11657,11657,11657,6,8,retained,0;1;2;3;4;5
11658,11658,11658,6,8,retained,0;1;2;3;4;5
11659,11659,11659,6,6,retained,0;1;2;3;4;5
11660,11660,11660,6,8,retained,0;1;2;3;4;5
11661,11661,11661,6,8,retained,0;1;2;3;4;5
11662,11662,11662,6,6,retained,0;1;2;3;4;5
11663,11663,11663,6,5,retained,0;1;2;3;4;5
11664,11664,11664,6,7,retained,0;1;2;3;4;5
11665,11665,11665,6,8,retained,0;1;2;3;4;5
11666,11666,11666,6,6,retained,0;1;2;3;4;5
11667,11667,11667,6,8,retained,0;1;2;3;4;5
11668,11668,11668,6,8,retained,0;1;2;3;4;5
11669,11669,11669,6,8,retained,0;1;2;3;4;5
11670,11670,11670,6,5,retained,0;1;2;3;4;5
11671,11671,11671,6,8,retained,0;1;2;3;4;5
11672,11672,11672,6,7,retained,0;1;2;3;4;5
11673,11673,11673,6,8,retained,0;1;2;3;4;5
11674,11674,11674,6,7,retained,0;1;2;3;4;5
11675,11675,11675,6,8,retained,0;1;2;3;4;5
11676,11676,11676,6,8,retained,0;1;2;3;4;5
11677,11677,11677,6,8,retained,0;1;2;3;4;5
11678,11678,11678,6,8,retained,0;1;2;3;4;5
11679,11679,11679,6,7,retained,0;1;2;3;4;5
11680,11680,11680,6,7,retained,0;1;2;3;4;5
11681,11681,11681,6,8,retained,0;1;2;3;4;5
11682,11682,11682,6,8,retained,0;1;2;3;4;5
11683,11683,11683,6,8,retained,0;1;2;3;4;5
11684,11684,11684,6,6,retained,0;1;2;3;4;5
11685,11685,11685,6,8,retained,0;1;2;3;4;5
11686,11686,11686,6,8,retained,0;1;2;3;4;5
11687,11687,11687,6,8,retained,0;1;2;3;4;5
11688,11688,11688,6,7,retained,0;1;2;3;4;5
11689,11689,11689,6,8,retained,0;1;2;3;4;5
11690,11690,11690,6,8,retained,0;1;2;3;4;5
11691,11691,11691,6,8,retained,0;1;2;3;4;5
11692,11692,11692,6,8,retained,0;1;2;3;4;5
11693,11693,11693,6,8,retained,0;1;2;3;4;5
11694,11694,11694,6,8,retained,0;1;2;3;4;5
11695,11695,11695,6,8,retained,0;1;2;3;4;5
11696,11696,11696,6,6,retained,0;1;2;3;4;5
11697,11697,11697,6,5,retained,0;1;2;3;4;5
11698,11698,11698,6,8,retained,0;1;2;3;4;5
11699,11699,11699,6,7,retained,0;1;2;3;4;5
11700,11700,11700,6,7,retained,0;1;2;3;4;5
11701,11701,11701,6,8,retained,0;1;2;3;4;5
11702,11702,11702,6,5,retained,0;1;2;3;4;5
11703,11703,11703,6,8,retained,0;1;2;3;4;5
11704,11704,11704,6,6,retained,0;1;2;3;4;5
11705,11705,11705,6,7,retained,0;1;2;3;4;5
11706,11706,11706,6,6,retained,0;1;2;3;4;5
11707,11707,11707,6,7,retained,0;1;2;3;4;5
11708,11708,11708,6,8,retained,0;1;2;3;4;5
11709,11709,11709,6,8,retained,0;1;2;3;4;5
11710,11710,11710,6,4,retained,0;1;2;3;4;5
11711,11711,11711,6,4,retained,0;1;2;3;4;5
11712,11712,11712,6,8,retained,0;1;2;3;4;5
11713,11713,11713,6,8,retained,0;1;2;3;4;5
11714,11714,11714,6,7,retained,0;1;2;3;4;5
11715,11715,11715,6,5,retained,0;1;2;3;4;5
11716,11716,11716,6,6,retained,0;1;2;3;4;5
11717,11717,11717,6,7,retained,0;1;2;3;4;5
11718,11718,11718,6,6,retained,0;1;2;3;4;5
11719,11719,11719,6,6,retained,0;1;2;3;4;5
11720,11720,11720,6,8,retained,0;1;2;3;4;5
11721,11721,11721,6,7,retained,0;1;2;3;4;5
11722,11722,11722,6,7,retained,0;1;2;3;4;5
11723,11723,11723,6,8,retained,0;1;2;3;4;5
11724,11724,11724,6,6,retained,0;1;2;3;4;5
11725,11725,11725,6,6,retained,0;1;2;3;4;5
11726,11726,11726,6,8,retained,0;1;2;3;4;5
11727,11727,11727,6,8,retained,0;1;2;3;4;5
11728,11728,11728,6,7,retained,0;1;2;3;4;5
11729,11729,11729,6,7,retained,0;1;2;3;4;5
11730,11730,11730,6,7,retained,0;1;2;3;4;5
11731,11731,11731,6,5,retained,0;1;2;3;4;5
11732,11732,11732,6,8,retained,0;1;2;3;4;5
11733,11733,11733,6,8,retained,0;1;2;3;4;5
11734,11734,11734,6,8,retained,0;1;2;3;4;5
11735,11735,11735,6,7,retained,0;1;2;3;4;5
11736,11736,11736,6,5,retained,0;1;2;3;4;5
11737,11737,11737,6,8,retained,0;1;2;3;4;5
11738,11738,11738,6,6,retained,0;1;2;3;4;5
11739,11739,11739,6,7,retained,0;1;2;3;4;5
11740,11740,11740,6,5,retained,0;1;2;3;4;5
11741,11741,11741,6,8,retained,0;1;2;3;4;5
11742,11742,11742,6,6,retained,0;1;2;3;4;5
11743,11743,11743,6,6,retained,0;1;2;3;4;5
11744,11744,11744,6,5,retained,0;1;2;3;4;5
11745,11745,11745,6,5,retained,0;1;2;3;4;5
11746,11746,11746,6,7,retained,0;1;2;3;4;5
11747,11747,11747,6,6,retained,0;1;2;3;4;5
11748,11748,11748,6,6,retained,0;1;2;3;4;5
11749,11749,11749,6,7,retained,0;1;2;3;4;5
11750,11750,11750,6,7,retained,0;1;2;3;4;5
11751,11751,11751,6,7,retained,0;1;2;3;4;5
11752,11752,11752,6,7,retained,0;1;2;3;4;5
11753,11753,11753,6,7,retained,0;1;2;3;4;5
11754,11754,11754,6,8,retained,0;1;2;3;4;5
11755,11755,11755,6,8,retained,0;1;2;3;4;5
11756,11756,11756,6,8,retained,0;1;2;3;4;5
11757,11757,11757,6,8,retained,0;1;2;3;4;5
11758,11758,11758,6,7,retained,0;1;2;3;4;5
11759,11759,11759,6,6,retained,0;1;2;3;4;5
11760,11760,11760,6,5,retained,0;1;2;3;4;5
11761,11761,11761,6,7,retained,0;1;2;3;4;5
11762,11762,11762,6,8,retained,0;1;2;3;4;5
11763,11763,11763,6,8,retained,0;1;2;3;4;5
11764,11764,11764,6,8,retained,0;1;2;3;4;5
11765,11765,11765,6,6,retained,0;1;2;3;4;5
11766,11766,11766,6,8,retained,0;1;2;3;4;5
11767,11767,11767,6,8,retained,0;1;2;3;4;5
11768,11768,11768,6,8,retained,0;1;2;3;4;5
11769,11769,11769,6,7,retained,0;1;2;3;4;5
11770,11770,11770,6,8,retained,0;1;2;3;4;5
11771,11771,11771,6,8,retained,0;1;2;3;4;5
11772,11772,11772,6,5,retained,0;1;2;3;4;5
11773,11773,11773,6,8,retained,0;1;2;3;4;5
11774,11774,11774,6,8,retained,0;1;2;3;4;5
11775,11775,11775,6,5,retained,0;1;2;3;4;5
11776,11776,11776,6,7,retained,0;1;2;3;4;5
11777,11777,11777,6,7,retained,0;1;2;3;4;5
11778,11778,11778,6,7,retained,0;1;2;3;4;5
11779,11779,11779,6,6,retained,0;1;2;3;4;5
11780,11780,11780,6,6,retained,0;1;2;3;4;5
11781,11781,11781,6,6,retained,0;1;2;3;4;5
11782,11782,11782,6,8,retained,0;1;2;3;4;5
11783,11783,11783,6,8,retained,0;1;2;3;4;5
11784,11784,11784,6,7,retained,0;1;2;3;4;5
11785,11785,11785,6,7,retained,0;1;2;3;4;5
11786,11786,11786,6,8,retained,0;1;2;3;4;5
11787,11787,11787,6,7,retained,0;1;2;3;4;5
11788,11788,11788,6,7,retained,0;1;2;3;4;5
11789,11789,11789,6,8,retained,0;1;2;3;4;5
11790,11790,11790,6,6,retained,0;1;2;3;4;5
11791,11791,11791,6,6,retained,0;1;2;3;4;5
11792,11792,11792,6,8,retained,0;1;2;3;4;5
11793,11793,11793,6,8,retained,0;1;2;3;4;5
11794,11794,11794,6,8,retained,0;1;2;3;4;5
11795,11795,11795,6,5,retained,0;1;2;3;4;5
11796,11796,11796,6,5,retained,0;1;2;3;4;5
11797,11797,11797,6,4,retained,0;1;2;3;4;5
11798,11798,11798,6,7,retained,0;1;2;3;4;5
11799,11799,11799,6,8,retained,0;1;2;3;4;5
11800,11800,11800,6,4,retained,0;1;2;3;4;5
11801,11801,11801,6,8,retained,0;1;2;3;4;5
11802,11802,11802,6,8,retained,0;1;2;3;4;5
11803,11803,11803,6,8,retained,0;1;2;3;4;5
11804,11804,11804,6,8,retained,0;1;2;3;4;5
11805,11805,11805,6,8,retained,0;1;2;3;4;5
11806,11806,11806,6,8,retained,0;1;2;3;4;5
11807,11807,11807,6,8,retained,0;1;2;3;4;5
11808,11808,11808,6,7,retained,0;1;2;3;4;5
11809,11809,11809,6,8,retained,0;1;2;3;4;5
11810,11810,11810,6,8,retained,0;1;2;3;4;5
11811,11811,11811,6,7,retained,0;1;2;3;4;5
11812,11812,11812,6,7,retained,0;1;2;3;4;5
11813,11813,11813,6,8,retained,0;1;2;3;4;5
11814,11814,11814,6,8,retained,0;1;2;3;4;5
11815,11815,11815,6,8,retained,0;1;2;3;4;5
11816,11816,11816,6,8,retained,0;1;2;3;4;5
11817,11817,11817,6,8,retained,0;1;2;3;4;5
11818,11818,11818,6,5,retained,0;1;2;3;4;5
11819,11819,11819,6,7,retained,0;1;2;3;4;5
11820,11820,11820,6,6,retained,0;1;2;3;4;5
11821,11821,11821,6,6,retained,0;1;2;3;4;5
11822,11822,11822,6,7,retained,0;1;2;3;4;5
11823,11823,11823,6,8,retained,0;1;2;3;4;5
11824,11824,11824,6,8,retained,0;1;2;3;4;5
11825,11825,11825,6,7,retained,0;1;2;3;4;5
11826,11826,11826,6,8,retained,0;1;2;3;4;5
11827,11827,11827,6,6,retained,0;1;2;3;4;5
11828,11828,11828,6,5,retained,0;1;2;3;4;5
11829,11829,11829,6,8,retained,0;1;2;3;4;5
11830,11830,11830,6,6,retained,0;1;2;3;4;5
11831,11831,11831,6,5,retained,0;1;2;3;4;5
11832,11832,11832,6,7,retained,0;1;2;3;4;5
11833,11833,11833,6,7,retained,0;1;2;3;4;5
11834,11834,11834,6,8,retained,0;1;2;3;4;5
11835,11835,11835,6,8,retained,0;1;2;3;4;5
11836,11836,11836,6,7,retained,0;1;2;3;4;5
11837,11837,11837,6,8,retained,0;1;2;3;4;5
11838,11838,11838,6,8,retained,0;1;2;3;4;5
11839,11839,11839,6,8,retained,0;1;2;3;4;5
11840,11840,11840,6,8,retained,0;1;2;3;4;5
11841,11841,11841,6,8,retained,0;1;2;3;4;5
11842,11842,11842,6,6,retained,0;1;2;3;4;5
11843,11843,11843,6,6,retained,0;1;2;3;4;5
11844,11844,11844,6,8,retained,0;1;2;3;4;5
11845,11845,11845,6,6,retained,0;1;2;3;4;5
11846,11846,11846,6,7,retained,0;1;2;3;4;5
11847,11847,11847,6,8,retained,0;1;2;3;4;5
11848,11848,11848,6,6,retained,0;1;2;3;4;5
11849,11849,11849,6,7,retained,0;1;2;3;4;5
11850,11850,11850,6,8,retained,0;1;2;3;4;5
11851,11851,11851,6,8,retained,0;1;2;3;4;5
11852,11852,11852,6,8,retained,0;1;2;3;4;5
11853,11853,11853,6,8,retained,0;1;2;3;4;5
11854,11854,11854,6,7,retained,0;1;2;3;4;5
11855,11855,11855,6,7,retained,0;1;2;3;4;5
11856,11856,11856,6,7,retained,0;1;2;3;4;5
11857,11857,11857,6,8,retained,0;1;2;3;4;5
11858,11858,11858,6,8,retained,0;1;2;3;4;5
11859,11859,11859,6,8,retained,0;1;2;3;4;5
11860,11860,11860,6,7,retained,0;1;2;3;4;5
11861,11861,11861,6,8,retained,0;1;2;3;4;5
11862,11862,11862,6,8,retained,0;1;2;3;4;5
11863,11863,11863,6,8,retained,0;1;2;3;4;5
11864,11864,11864,6,8,retained,0;1;2;3;4;5
11865,11865,11865,6,6,retained,0;1;2;3;4;5
11866,11866,11866,6,7,retained,0;1;2;3;4;5
11867,11867,11867,6,7,retained,0;1;2;3;4;5
11868,11868,11868,6,7,retained,0;1;2;3;4;5
11869,11869,11869,6,8,retained,0;1;2;3;4;5
11870,11870,11870,6,7,retained,0;1;2;3;4;5
11871,11871,11871,6,7,retained,0;1;2;3;4;5
11872,11872,11872,6,8,retained,0;1;2;3;4;5
11873,11873,11873,6,7,retained,0;1;2;3;4;5
11874,11874,11874,6,8,retained,0;1;2;3;4;5
11875,11875,11875,6,7,retained,0;1;2;3;4;5
11876,11876,11876,6,7,retained,0;1;2;3;4;5
11877,11877,11877,6,8,retained,0;1;2;3;4;5
11878,11878,11878,6,8,retained,0;1;2;3;4;5
11879,11879,11879,6,8,retained,0;1;2;3;4;5
11880,11880,11880,6,8,retained,0;1;2;3;4;5
11881,11881,11881,6,8,retained,0;1;2;3;4;5
11882,11882,11882,6,8,retained,0;1;2;3;4;5
11883,11883,11883,6,8,retained,0;1;2;3;4;5
11884,11884,11884,6,8,retained,0;1;2;3;4;5
11885,11885,11885,6,8,retained,0;1;2;3;4;5
11886,11886,11886,6,8,retained,0;1;2;3;4;5
11887,11887,11887,6,8,retained,0;1;2;3;4;5
11888,11888,11888,6,7,retained,0;1;2;3;4;5
11889,11889,11889,6,6,retained,0;1;2;3;4;5
11890,11890,11890,6,5,retained,0;1;2;3;4;5
11891,11891,11891,6,8,retained,0;1;2;3;4;5
11892,11892,11892,6,8,retained,0;1;2;3;4;5
11893,11893,11893,6,6,retained,0;1;2;3;4;5
11894,11894,11894,6,7,retained,0;1;2;3;4;5
11895,11895,11895,6,8,retained,0;1;2;3;4;5
11896,11896,11896,6,8,retained,0;1;2;3;4;5
11897,11897,11897,6,6,retained,0;1;2;3;4;5
11898,11898,11898,6,7,retained,0;1;2;3;4;5
11899,11899,11899,6,8,retained,0;1;2;3;4;5
11900,11900,11900,6,8,retained,0;1;2;3;4;5
11901,11901,11901,6,8,retained,0;1;2;3;4;5
11902,11902,11902,6,7,retained,0;1;2;3;4;5
11903,11903,11903,6,8,retained,0;1;2;3;4;5
11904,11904,11904,6,6,retained,0;1;2;3;4;5
11905,11905,11905,6,6,retained,0;1;2;3;4;5
11906,11906,11906,6,7,retained,0;1;2;3;4;5
11907,11907,11907,6,5,retained,0;1;2;3;4;5
11908,11908,11908,6,8,retained,0;1;2;3;4;5
11909,11909,11909,6,6,retained,0;1;2;3;4;5
11910,11910,11910,6,6,retained,0;1;2;3;4;5
11911,11911,11911,6,8,retained,0;1;2;3;4;5
11912,11912,11912,6,8,retained,0;1;2;3;4;5
11913,11913,11913,6,8,retained,0;1;2;3;4;5
11914,11914,11914,6,8,retained,0;1;2;3;4;5
11915,11915,11915,6,7,retained,0;1;2;3;4;5
11916,11916,11916,6,6,retained,0;1;2;3;4;5
11917,11917,11917,6,5,retained,0;1;2;3;4;5
11918,11918,11918,6,8,retained,0;1;2;3;4;5
11919,11919,11919,6,7,retained,0;1;2;3;4;5
11920,11920,11920,6,7,retained,0;1;2;3;4;5
11921,11921,11921,6,7,retained,0;1;2;3;4;5
11922,11922,11922,6,6,retained,0;1;2;3;4;5
11923,11923,11923,6,8,retained,0;1;2;3;4;5
11924,11924,11924,6,7,retained,0;1;2;3;4;5
11925,11925,11925,6,6,retained,0;1;2;3;4;5
11926,11926,11926,6,8,retained,0;1;2;3;4;5
11927,11927,11927,6,8,retained,0;1;2;3;4;5
11928,11928,11928,6,8,retained,0;1;2;3;4;5
11929,11929,11929,6,8,retained,0;1;2;3;4;5
11930,11930,11930,6,7,retained,0;1;2;3;4;5
11931,11931,11931,6,7,retained,0;1;2;3;4;5
11932,11932,11932,6,8,retained,0;1;2;3;4;5
11933,11933,11933,6,8,retained,0;1;2;3;4;5
11934,11934,11934,6,8,retained,0;1;2;3;4;5
11935,11935,11935,6,8,retained,0;1;2;3;4;5
11936,11936,11936,6,8,retained,0;1;2;3;4;5
11937,11937,11937,6,7,retained,0;1;2;3;4;5
11938,11938,11938,6,8,retained,0;1;2;3;4;5
11939,11939,11939,6,8,retained,0;1;2;3;4;5
11940,11940,11940,6,8,retained,0;1;2;3;4;5
11941,11941,11941,6,8,retained,0;1;2;3;4;5
11942,11942,11942,6,8,retained,0;1;2;3;4;5
11943,11943,11943,6,8,retained,0;1;2;3;4;5
11944,11944,11944,6,7,retained,0;1;2;3;4;5
11945,11945,11945,6,8,retained,0;1;2;3;4;5
11946,11946,11946,6,8,retained,0;1;2;3;4;5
11947,11947,11947,6,7,retained,0;1;2;3;4;5
11948,11948,11948,6,6,retained,0;1;2;3;4;5
11949,11949,11949,6,8,retained,0;1;2;3;4;5
11950,11950,11950,6,6,retained,0;1;2;3;4;5
11951,11951,11951,6,8,retained,0;1;2;3;4;5
11952,11952,11952,6,7,retained,0;1;2;3;4;5
11953,11953,11953,6,8,retained,0;1;2;3;4;5
11954,11954,11954,6,7,retained,0;1;2;3;4;5
11955,11955,11955,6,8,retained,0;1;2;3;4;5
11956,11956,11956,6,8,retained,0;1;2;3;4;5
11957,11957,11957,6,7,retained,0;1;2;3;4;5
11958,11958,11958,6,7,retained,0;1;2;3;4;5
11959,11959,11959,6,7,retained,0;1;2;3;4;5
11960,11960,11960,6,8,retained,0;1;2;3;4;5
11961,11961,11961,6,7,retained,0;1;2;3;4;5
11962,11962,11962,6,8,retained,0;1;2;3;4;5
11963,11963,11963,6,8,retained,0;1;2;3;4;5
11964,11964,11964,6,8,retained,0;1;2;3;4;5
11965,11965,11965,6,8,retained,0;1;2;3;4;5
11966,11966,11966,6,8,retained,0;1;2;3;4;5
11967,11967,11967,6,8,retained,0;1;2;3;4;5
11968,11968,11968,6,6,retained,0;1;2;3;4;5
11969,11969,11969,6,8,retained,0;1;2;3;4;5
11970,11970,11970,6,8,retained,0;1;2;3;4;5
11971,11971,11971,6,7,retained,0;1;2;3;4;5
11972,11972,11972,6,6,retained,0;1;2;3;4;5
11973,11973,11973,6,7,retained,0;1;2;3;4;5
11974,11974,11974,6,8,retained,0;1;2;3;4;5
11975,11975,11975,6,7,retained,0;1;2;3;4;5
11976,11976,11976,6,8,retained,0;1;2;3;4;5
11977,11977,11977,6,8,retained,0;1;2;3;4;5
11978,11978,11978,6,8,retained,0;1;2;3;4;5
11979,11979,11979,6,7,retained,0;1;2;3;4;5
11980,11980,11980,6,8,retained,0;1;2;3;4;5
11981,11981,11981,6,8,retained,0;1;2;3;4;5
11982,11982,11982,6,8,retained,0;1;2;3;4;5
11983,11983,11983,6,7,retained,0;1;2;3;4;5
11984,11984,11984,6,7,retained,0;1;2;3;4;5
11985,11985,11985,6,8,retained,0;1;2;3;4;5
11986,11986,11986,6,7,retained,0;1;2;3;4;5
11987,11987,11987,6,6,retained,0;1;2;3;4;5
11988,11988,11988,6,8,retained,0;1;2;3;4;5
11989,11989,11989,6,8,retained,0;1;2;3;4;5
11990,11990,11990,6,7,retained,0;1;2;3;4;5
11991,11991,11991,6,8,retained,0;1;2;3;4;5
11992,11992,11992,6,8,retained,0;1;2;3;4;5
11993,11993,11993,6,8,retained,0;1;2;3;4;5
11994,11994,11994,6,8,retained,0;1;2;3;4;5
11995,11995,11995,6,8,retained,0;1;2;3;4;5
11996,11996,11996,6,7,retained,0;1;2;3;4;5
11997,11997,11997,6,8,retained,0;1;2;3;4;5
11998,11998,11998,6,8,retained,0;1;2;3;4;5
11999,11999,11999,6,8,retained,0;1;2;3;4;5
12000,12000,12000,6,7,retained,0;1;2;3;4;5
12001,12001,12001,6,8,retained,0;1;2;3;4;5
12002,12002,12002,6,4,retained,0;1;2;3;4;5
12003,12003,12003,6,6,retained,0;1;2;3;4;5
12004,12004,12004,6,7,retained,0;1;2;3;4;5
12005,12005,12005,6,7,retained,0;1;2;3;4;5
12006,12006,12006,6,8,retained,0;1;2;3;4;5
12007,12007,12007,6,8,retained,0;1;2;3;4;5
12008,12008,12008,6,7,retained,0;1;2;3;4;5
12009,12009,12009,6,8,retained,0;1;2;3;4;5
12010,12010,12010,6,6,retained,0;1;2;3;4;5
12011,12011,12011,6,8,retained,0;1;2;3;4;5
12012,12012,12012,6,8,retained,0;1;2;3;4;5
12013,12013,12013,6,8,retained,0;1;2;3;4;5
12014,12014,12014,6,8,retained,0;1;2;3;4;5
12015,12015,12015,6,5,retained,0;1;2;3;4;5
12016,12016,12016,6,6,retained,0;1;2;3;4;5
12017,12017,12017,6,8,retained,0;1;2;3;4;5
12018,12018,12018,6,7,retained,0;1;2;3;4;5
12019,12019,12019,6,6,retained,0;1;2;3;4;5
12020,12020,12020,6,6,retained,0;1;2;3;4;5
12021,12021,12021,6,7,retained,0;1;2;3;4;5
12022,12022,12022,6,7,retained,0;1;2;3;4;5
12023,12023,12023,6,8,retained,0;1;2;3;4;5
12024,12024,12024,6,8,retained,0;1;2;3;4;5
12025,12025,12025,6,8,retained,0;1;2;3;4;5
12026,12026,12026,6,8,retained,0;1;2;3;4;5
12027,12027,12027,6,8,retained,0;1;2;3;4;5
12028,12028,12028,6,8,retained,0;1;2;3;4;5
12029,12029,12029,6,8,retained,0;1;2;3;4;5
12030,12030,12030,6,8,retained,0;1;2;3;4;5
12031,12031,12031,6,7,retained,0;1;2;3;4;5
12032,12032,12032,6,8,retained,0;1;2;3;4;5
12033,12033,12033,6,8,retained,0;1;2;3;4;5
12034,12034,12034,6,6,retained,0;1;2;3;4;5
12035,12035,12035,6,6,retained,0;1;2;3;4;5
12036,12036,12036,6,7,retained,0;1;2;3;4;5
12037,12037,12037,6,8,retained,0;1;2;3;4;5
12038,12038,12038,6,8,retained,0;1;2;3;4;5
12039,12039,12039,6,6,retained,0;1;2;3;4;5
12040,12040,12040,6,7,retained,0;1;2;3;4;5
12041,12041,12041,6,7,retained,0;1;2;3;4;5
12042,12042,12042,6,8,retained,0;1;2;3;4;5
12043,12043,12043,6,8,retained,0;1;2;3;4;5
12044,12044,12044,6,8,retained,0;1;2;3;4;5
12045,12045,12045,6,8,retained,0;1;2;3;4;5
12046,12046,12046,6,8,retained,0;1;2;3;4;5
12047,12047,12047,6,8,retained,0;1;2;3;4;5
12048,12048,12048,6,8,retained,0;1;2;3;4;5
12049,12049,12049,6,7,retained,0;1;2;3;4;5
12050,12050,12050,6,8,retained,0;1;2;3;4;5
12051,12051,12051,6,6,retained,0;1;2;3;4;5
12052,12052,12052,6,6,retained,0;1;2;3;4;5
12053,12053,12053,6,8,retained,0;1;2;3;4;5
12054,12054,12054,6,6,retained,0;1;2;3;4;5
12055,12055,12055,6,8,retained,0;1;2;3;4;5
12056,12056,12056,6,7,retained,0;1;2;3;4;5
12057,12057,12057,6,8,retained,0;1;2;3;4;5
12058,12058,12058,6,6,retained,0;1;2;3;4;5
12059,12059,12059,6,8,retained,0;1;2;3;4;5
12060,12060,12060,6,8,retained,0;1;2;3;4;5
12061,12061,12061,6,8,retained,0;1;2;3;4;5
12062,12062,12062,6,5,retained,0;1;2;3;4;5
12063,12063,12063,6,6,retained,0;1;2;3;4;5
12064,12064,12064,6,8,retained,0;1;2;3;4;5
12065,12065,12065,6,8,retained,0;1;2;3;4;5
12066,12066,12066,6,8,retained,0;1;2;3;4;5
12067,12067,12067,6,7,retained,0;1;2;3;4;5
12068,12068,12068,6,7,retained,0;1;2;3;4;5
12069,12069,12069,6,8,retained,0;1;2;3;4;5
12070,12070,12070,6,7,retained,0;1;2;3;4;5
12071,12071,12071,6,7,retained,0;1;2;3;4;5
12072,12072,12072,6,7,retained,0;1;2;3;4;5
12073,12073,12073,6,6,retained,0;1;2;3;4;5
12074,12074,12074,6,6,retained,0;1;2;3;4;5
12075,12075,12075,6,8,retained,0;1;2;3;4;5
12076,12076,12076,6,7,retained,0;1;2;3;4;5
12077,12077,12077,6,7,retained,0;1;2;3;4;5
12078,12078,12078,6,7,retained,0;1;2;3;4;5
12079,12079,12079,6,8,retained,0;1;2;3;4;5
12080,12080,12080,6,8,retained,0;1;2;3;4;5
12081,12081,12081,6,8,retained,0;1;2;3;4;5
12082,12082,12082,6,7,retained,0;1;2;3;4;5
12083,12083,12083,6,8,retained,0;1;2;3;4;5
12084,12084,12084,6,7,retained,0;1;2;3;4;5
12085,12085,12085,6,8,retained,0;1;2;3;4;5
12086,12086,12086,6,6,retained,0;1;2;3;4;5
12087,12087,12087,6,8,retained,0;1;2;3;4;5
12088,12088,12088,6,8,retained,0;1;2;3;4;5
12089,12089,12089,6,5,retained,0;1;2;3;4;5
12090,12090,12090,6,7,retained,0;1;2;3;4;5
12091,12091,12091,6,8,retained,0;1;2;3;4;5
12092,12092,12092,6,8,retained,0;1;2;3;4;5
12093,12093,12093,6,7,retained,0;1;2;3;4;5
12094,12094,12094,6,8,retained,0;1;2;3;4;5
12095,12095,12095,6,8,retained,0;1;2;3;4;5
12096,12096,12096,6,7,retained,0;1;2;3;4;5
12097,12097,12097,6,8,retained,0;1;2;3;4;5
12098,12098,12098,6,7,retained,0;1;2;3;4;5
12099,12099,12099,6,8,retained,0;1;2;3;4;5
12100,12100,12100,6,7,retained,0;1;2;3;4;5
12101,12101,12101,6,7,retained,0;1;2;3;4;5
12102,12102,12102,6,8,retained,0;1;2;3;4;5
12103,12103,12103,6,8,retained,0;1;2;3;4;5
12104,12104,12104,6,7,retained,0;1;2;3;4;5
12105,12105,12105,6,8,retained,0;1;2;3;4;5
12106,12106,12106,6,8,retained,0;1;2;3;4;5
12107,12107,12107,6,8,retained,0;1;2;3;4;5
12108,12108,12108,6,8,retained,0;1;2;3;4;5
12109,12109,12109,6,8,retained,0;1;2;3;4;5
12110,12110,12110,6,7,retained,0;1;2;3;4;5
12111,12111,12111,6,7,retained,0;1;2;3;4;5
12112,12112,12112,6,8,retained,0;1;2;3;4;5
12113,12113,12113,6,8,retained,0;1;2;3;4;5
12114,12114,12114,6,7,retained,0;1;2;3;4;5
12115,12115,12115,6,7,retained,0;1;2;3;4;5
12116,12116,12116,6,8,retained,0;1;2;3;4;5
12117,12117,12117,6,7,retained,0;1;2;3;4;5
12118,12118,12118,6,8,retained,0;1;2;3;4;5
12119,12119,12119,6,8,retained,0;1;2;3;4;5
12120,12120,12120,6,8,retained,0;1;2;3;4;5
12121,12121,12121,6,7,retained,0;1;2;3;4;5
12122,12122,12122,6,7,retained,0;1;2;3;4;5
12123,12123,12123,6,8,retained,0;1;2;3;4;5
12124,12124,12124,6,7,retained,0;1;2;3;4;5
12125,12125,12125,6,8,retained,0;1;2;3;4;5
12126,12126,12126,6,8,retained,0;1;2;3;4;5
12127,12127,12127,6,7,retained,0;1;2;3;4;5
12128,12128,12128,6,7,retained,0;1;2;3;4;5
12129,12129,12129,6,8,retained,0;1;2;3;4;5
12130,12130,12130,6,7,retained,0;1;2;3;4;5
12131,12131,12131,6,7,retained,0;1;2;3;4;5
12132,12132,12132,6,8,retained,0;1;2;3;4;5
12133,12133,12133,6,8,retained,0;1;2;3;4;5
12134,12134,12134,6,7,retained,0;1;2;3;4;5
12135,12135,12135,6,7,retained,0;1;2;3;4;5
12136,12136,12136,6,7,retained,0;1;2;3;4;5
12137,12137,12137,6,8,retained,0;1;2;3;4;5
12138,12138,12138,6,8,retained,0;1;2;3;4;5
12139,12139,12139,6,7,retained,0;1;2;3;4;5
12140,12140,12140,6,8,retained,0;1;2;3;4;5
12141,12141,12141,6,7,retained,0;1;2;3;4;5
12142,12142,12142,6,7,retained,0;1;2;3;4;5
12143,12143,12143,6,8,retained,0;1;2;3;4;5
12144,12144,12144,6,8,retained,0;1;2;3;4;5
12145,12145,12145,6,8,retained,0;1;2;3;4;5
12146,12146,12146,6,8,retained,0;1;2;3;4;5
12147,12147,12147,6,6,retained,0;1;2;3;4;5
12148,12148,12148,6,6,retained,0;1;2;3;4;5
12149,12149,12149,6,8,retained,0;1;2;3;4;5
12150,12150,12150,6,6,retained,0;1;2;3;4;5
12151,12151,12151,6,7,retained,0;1;2;3;4;5
12152,12152,12152,6,8,retained,0;1;2;3;4;5
12153,12153,12153,6,7,retained,0;1;2;3;4;5
12154,12154,12154,6,7,retained,0;1;2;3;4;5
12155,12155,12155,6,8,retained,0;1;2;3;4;5
12156,12156,12156,6,8,retained,0;1;2;3;4;5
12157,12157,12157,6,8,retained,0;1;2;3;4;5
12158,12158,12158,6,8,retained,0;1;2;3;4;5
12159,12159,12159,6,7,retained,0;1;2;3;4;5
12160,12160,12160,6,8,retained,0;1;2;3;4;5
12161,12161,12161,6,7,retained,0;1;2;3;4;5
12162,12162,12162,6,8,retained,0;1;2;3;4;5
12163,12163,12163,6,8,retained,0;1;2;3;4;5
12164,12164,12164,6,8,retained,0;1;2;3;4;5
12165,12165,12165,6,7,retained,0;1;2;3;4;5
12166,12166,12166,6,7,retained,0;1;2;3;4;5
12167,12167,12167,6,8,retained,0;1;2;3;4;5
12168,12168,12168,6,8,retained,0;1;2;3;4;5
12169,12169,12169,6,8,retained,0;1;2;3;4;5
12170,12170,12170,6,8,retained,0;1;2;3;4;5
12171,12171,12171,6,8,retained,0;1;2;3;4;5
12172,12172,12172,6,8,retained,0;1;2;3;4;5
12173,12173,12173,6,8,retained,0;1;2;3;4;5
12174,12174,12174,6,8,retained,0;1;2;3;4;5
12175,12175,12175,6,8,retained,0;1;2;3;4;5
12176,12176,12176,6,6,retained,0;1;2;3;4;5
12177,12177,12177,6,6,retained,0;1;2;3;4;5
12178,12178,12178,6,8,retained,0;1;2;3;4;5
12179,12179,12179,6,7,retained,0;1;2;3;4;5
12180,12180,12180,6,8,retained,0;1;2;3;4;5
12181,12181,12181,6,6,retained,0;1;2;3;4;5
12182,12182,12182,6,7,retained,0;1;2;3;4;5
12183,12183,12183,6,5,retained,0;1;2;3;4;5
12184,12184,12184,6,8,retained,0;1;2;3;4;5
12185,12185,12185,6,7,retained,0;1;2;3;4;5
12186,12186,12186,6,6,retained,0;1;2;3;4;5
12187,12187,12187,6,8,retained,0;1;2;3;4;5
12188,12188,12188,6,8,retained,0;1;2;3;4;5
12189,12189,12189,6,8,retained,0;1;2;3;4;5
12190,12190,12190,6,8,retained,0;1;2;3;4;5
12191,12191,12191,6,6,retained,0;1;2;3;4;5
12192,12192,12192,6,6,retained,0;1;2;3;4;5
12193,12193,12193,6,8,retained,0;1;2;3;4;5
12194,12194,12194,6,5,retained,0;1;2;3;4;5
12195,12195,12195,6,8,retained,0;1;2;3;4;5
12196,12196,12196,6,8,retained,0;1;2;3;4;5
12197,12197,12197,6,7,retained,0;1;2;3;4;5
12198,12198,12198,6,8,retained,0;1;2;3;4;5
12199,12199,12199,6,6,retained,0;1;2;3;4;5
12200,12200,12200,6,7,retained,0;1;2;3;4;5
12201,12201,12201,6,8,retained,0;1;2;3;4;5
12202,12202,12202,6,8,retained,0;1;2;3;4;5
12203,12203,12203,6,6,retained,0;1;2;3;4;5
12204,12204,12204,6,6,retained,0;1;2;3;4;5
12205,12205,12205,6,7,retained,0;1;2;3;4;5
12206,12206,12206,6,8,retained,0;1;2;3;4;5
12207,12207,12207,6,8,retained,0;1;2;3;4;5
12208,12208,12208,6,7,retained,0;1;2;3;4;5
12209,12209,12209,6,7,retained,0;1;2;3;4;5
12210,12210,12210,6,8,retained,0;1;2;3;4;5
12211,12211,12211,6,7,retained,0;1;2;3;4;5
12212,12212,12212,6,7,retained,0;1;2;3;4;5
12213,12213,12213,6,5,retained,0;1;2;3;4;5
12214,12214,12214,6,8,retained,0;1;2;3;4;5
12215,12215,12215,6,8,retained,0;1;2;3;4;5
12216,12216,12216,6,8,retained,0;1;2;3;4;5
12217,12217,12217,6,8,retained,0;1;2;3;4;5
12218,12218,12218,6,6,retained,0;1;2;3;4;5
12219,12219,12219,6,8,retained,0;1;2;3;4;5
12220,12220,12220,6,7,retained,0;1;2;3;4;5
12221,12221,12221,6,8,retained,0;1;2;3;4;5
12222,12222,12222,6,7,retained,0;1;2;3;4;5
12223,12223,12223,6,7,retained,0;1;2;3;4;5
12224,12224,12224,6,8,retained,0;1;2;3;4;5
12225,12225,12225,6,8,retained,0;1;2;3;4;5
12226,12226,12226,6,8,retained,0;1;2;3;4;5
12227,12227,12227,6,6,retained,0;1;2;3;4;5
12228,12228,12228,6,7,retained,0;1;2;3;4;5
12229,12229,12229,6,8,retained,0;1;2;3;4;5
12230,12230,12230,6,7,retained,0;1;2;3;4;5
12231,12231,12231,6,8,retained,0;1;2;3;4;5
12232,12232,12232,6,8,retained,0;1;2;3;4;5
12233,12233,12233,6,8,retained,0;1;2;3;4;5
12234,12234,12234,6,8,retained,0;1;2;3;4;5
12235,12235,12235,6,8,retained,0;1;2;3;4;5
12236,12236,12236,6,8,retained,0;1;2;3;4;5
12237,12237,12237,6,8,retained,0;1;2;3;4;5
12238,12238,12238,6,7,retained,0;1;2;3;4;5
12239,12239,12239,6,8,retained,0;1;2;3;4;5
12240,12240,12240,6,7,retained,0;1;2;3;4;5
12241,12241,12241,6,5,retained,0;1;2;3;4;5
12242,12242,12242,6,8,retained,0;1;2;3;4;5
12243,12243,12243,6,6,retained,0;1;2;3;4;5
12244,12244,12244,6,7,retained,0;1;2;3;4;5
12245,12245,12245,6,7,retained,0;1;2;3;4;5
12246,12246,12246,6,6,retained,0;1;2;3;4;5
12247,12247,12247,6,8,retained,0;1;2;3;4;5
12248,12248,12248,6,7,retained,0;1;2;3;4;5
12249,12249,12249,6,6,retained,0;1;2;3;4;5
12250,12250,12250,6,8,retained,0;1;2;3;4;5
12251,12251,12251,6,6,retained,0;1;2;3;4;5
12252,12252,12252,6,8,retained,0;1;2;3;4;5
12253,12253,12253,6,8,retained,0;1;2;3;4;5
12254,12254,12254,6,7,retained,0;1;2;3;4;5
12255,12255,12255,6,5,retained,0;1;2;3;4;5
12256,12256,12256,6,5,retained,0;1;2;3;4;5
12257,12257,12257,6,5,retained,0;1;2;3;4;5
12258,12258,12258,6,5,retained,0;1;2;3;4;5
12259,12259,12259,6,8,retained,0;1;2;3;4;5
12260,12260,12260,6,8,retained,0;1;2;3;4;5
12261,12261,12261,6,5,retained,0;1;2;3;4;5
12262,12262,12262,6,7,retained,0;1;2;3;4;5
12263,12263,12263,6,8,retained,0;1;2;3;4;5
12264,12264,12264,6,7,retained,0;1;2;3;4;5
12265,12265,12265,6,6,retained,0;1;2;3;4;5
12266,12266,12266,6,5,retained,0;1;2;3;4;5
12267,12267,12267,6,8,retained,0;1;2;3;4;5
12268,12268,12268,6,8,retained,0;1;2;3;4;5
12269,12269,12269,6,7,retained,0;1;2;3;4;5
12270,12270,12270,6,8,retained,0;1;2;3;4;5
12271,12271,12271,6,6,retained,0;1;2;3;4;5
12272,12272,12272,6,8,retained,0;1;2;3;4;5
12273,12273,12273,6,8,retained,0;1;2;3;4;5
12274,12274,12274,6,8,retained,0;1;2;3;4;5
12275,12275,12275,6,8,retained,0;1;2;3;4;5
12276,12276,12276,6,8,retained,0;1;2;3;4;5
12277,12277,12277,6,7,retained,0;1;2;3;4;5
12278,12278,12278,6,8,retained,0;1;2;3;4;5
12279,12279,12279,6,8,retained,0;1;2;3;4;5
12280,12280,12280,6,8,retained,0;1;2;3;4;5
12281,12281,12281,6,8,retained,0;1;2;3;4;5
12282,12282,12282,6,7,retained,0;1;2;3;4;5
12283,12283,12283,6,6,retained,0;1;2;3;4;5
12284,12284,12284,6,7,retained,0;1;2;3;4;5
12285,12285,12285,6,7,retained,0;1;2;3;4;5
12286,12286,12286,6,8,retained,0;1;2;3;4;5
12287,12287,12287,6,8,retained,0;1;2;3;4;5
12288,12288,12288,6,7,retained,0;1;2;3;4;5
12289,12289,12289,6,8,retained,0;1;2;3;4;5
12290,12290,12290,6,7,retained,0;1;2;3;4;5
12291,12291,12291,6,8,retained,0;1;2;3;4;5
12292,12292,12292,6,8,retained,0;1;2;3;4;5
12293,12293,12293,6,8,retained,0;1;2;3;4;5
12294,12294,12294,6,8,retained,0;1;2;3;4;5
12295,12295,12295,6,6,retained,0;1;2;3;4;5
12296,12296,12296,6,6,retained,0;1;2;3;4;5
12297,12297,12297,6,8,retained,0;1;2;3;4;5
12298,12298,12298,6,8,retained,0;1;2;3;4;5
12299,12299,12299,6,8,retained,0;1;2;3;4;5
12300,12300,12300,6,8,retained,0;1;2;3;4;5
12301,12301,12301,6,7,retained,0;1;2;3;4;5
12302,12302,12302,6,8,retained,0;1;2;3;4;5
12303,12303,12303,6,8,retained,0;1;2;3;4;5
12304,12304,12304,6,6,retained,0;1;2;3;4;5
12305,12305,12305,6,8,retained,0;1;2;3;4;5
12306,12306,12306,6,8,retained,0;1;2;3;4;5
12307,12307,12307,6,8,retained,0;1;2;3;4;5
12308,12308,12308,6,8,retained,0;1;2;3;4;5
12309,12309,12309,6,8,retained,0;1;2;3;4;5
12310,12310,12310,6,8,retained,0;1;2;3;4;5
12311,12311,12311,6,6,retained,0;1;2;3;4;5
12312,12312,12312,6,6,retained,0;1;2;3;4;5
12313,12313,12313,6,8,retained,0;1;2;3;4;5
12314,12314,12314,6,7,retained,0;1;2;3;4;5
12315,12315,12315,6,6,retained,0;1;2;3;4;5
12316,12316,12316,6,6,retained,0;1;2;3;4;5
12317,12317,12317,6,8,retained,0;1;2;3;4;5
12318,12318,12318,6,8,retained,0;1;2;3;4;5
12319,12319,12319,6,7,retained,0;1;2;3;4;5
12320,12320,12320,6,8,retained,0;1;2;3;4;5
12321,12321,12321,6,8,retained,0;1;2;3;4;5
12322,12322,12322,6,8,retained,0;1;2;3;4;5
12323,12323,12323,6,8,retained,0;1;2;3;4;5
12324,12324,12324,6,8,retained,0;1;2;3;4;5
12325,12325,12325,6,8,retained,0;1;2;3;4;5
12326,12326,12326,6,7,retained,0;1;2;3;4;5
12327,12327,12327,6,7,retained,0;1;2;3;4;5
12328,12328,12328,6,8,retained,0;1;2;3;4;5
12329,12329,12329,6,8,retained,0;1;2;3;4;5
12330,12330,12330,6,8,retained,0;1;2;3;4;5
12331,12331,12331,6,8,retained,0;1;2;3;4;5
12332,12332,12332,6,8,retained,0;1;2;3;4;5
12333,12333,12333,6,8,retained,0;1;2;3;4;5
12334,12334,12334,6,8,retained,0;1;2;3;4;5
12335,12335,12335,6,8,retained,0;1;2;3;4;5
12336,12336,12336,6,8,retained,0;1;2;3;4;5
12337,12337,12337,6,8,retained,0;1;2;3;4;5
12338,12338,12338,6,8,retained,0;1;2;3;4;5
12339,12339,12339,6,6,retained,0;1;2;3;4;5
12340,12340,12340,6,6,retained,0;1;2;3;4;5
12341,12341,12341,6,7,retained,0;1;2;3;4;5
12342,12342,12342,6,8,retained,0;1;2;3;4;5
12343,12343,12343,6,7,retained,0;1;2;3;4;5
12344,12344,12344,6,6,retained,0;1;2;3;4;5
12345,12345,12345,6,7,retained,0;1;2;3;4;5
12346,12346,12346,6,8,retained,0;1;2;3;4;5
12347,12347,12347,6,8,retained,0;1;2;3;4;5
12348,12348,12348,6,8,retained,0;1;2;3;4;5
12349,12349,12349,6,8,retained,0;1;2;3;4;5
12350,12350,12350,6,7,retained,0;1;2;3;4;5
12351,12351,12351,6,7,retained,0;1;2;3;4;5
12352,12352,12352,6,8,retained,0;1;2;3;4;5
12353,12353,12353,6,8,retained,0;1;2;3;4;5
12354,12354,12354,6,8,retained,0;1;2;3;4;5
12355,12355,12355,6,8,retained,0;1;2;3;4;5
12356,12356,12356,6,6,retained,0;1;2;3;4;5
12357,12357,12357,6,6,retained,0;1;2;3;4;5
12358,12358,12358,6,8,retained,0;1;2;3;4;5
12359,12359,12359,6,8,retained,0;1;2;3;4;5
12360,12360,12360,6,8,retained,0;1;2;3;4;5
12361,12361,12361,6,7,retained,0;1;2;3;4;5
12362,12362,12362,6,6,retained,0;1;2;3;4;5
12363,12363,12363,6,6,retained,0;1;2;3;4;5
12364,12364,12364,6,7,retained,0;1;2;3;4;5
12365,12365,12365,6,8,retained,0;1;2;3;4;5
12366,12366,12366,6,7,retained,0;1;2;3;4;5
12367,12367,12367,6,7,retained,0;1;2;3;4;5
12368,12368,12368,6,6,retained,0;1;2;3;4;5
12369,12369,12369,6,5,retained,0;1;2;3;4;5
12370,12370,12370,6,5,retained,0;1;2;3;4;5
12371,12371,12371,6,7,retained,0;1;2;3;4;5
12372,12372,12372,6,6,retained,0;1;2;3;4;5
12373,12373,12373,6,8,retained,0;1;2;3;4;5
12374,12374,12374,6,8,retained,0;1;2;3;4;5
12375,12375,12375,6,7,retained,0;1;2;3;4;5
12376,12376,12376,6,6,retained,0;1;2;3;4;5
12377,12377,12377,6,8,retained,0;1;2;3;4;5
12378,12378,12378,6,7,retained,0;1;2;3;4;5
12379,12379,12379,6,6,retained,0;1;2;3;4;5
12380,12380,12380,6,5,retained,0;1;2;3;4;5
12381,12381,12381,6,8,retained,0;1;2;3;4;5
12382,12382,12382,6,8,retained,0;1;2;3;4;5
12383,12383,12383,6,8,retained,0;1;2;3;4;5
12384,12384,12384,6,8,retained,0;1;2;3;4;5
12385,12385,12385,6,7,retained,0;1;2;3;4;5
12386,12386,12386,6,8,retained,0;1;2;3;4;5
12387,12387,12387,6,8,retained,0;1;2;3;4;5
12388,12388,12388,6,8,retained,0;1;2;3;4;5
12389,12389,12389,6,8,retained,0;1;2;3;4;5
12390,12390,12390,6,8,retained,0;1;2;3;4;5
12391,12391,12391,6,8,retained,0;1;2;3;4;5
12392,12392,12392,6,8,retained,0;1;2;3;4;5
12393,12393,12393,6,8,retained,0;1;2;3;4;5
12394,12394,12394,6,7,retained,0;1;2;3;4;5
12395,12395,12395,6,8,retained,0;1;2;3;4;5
12396,12396,12396,6,8,retained,0;1;2;3;4;5
12397,12397,12397,6,8,retained,0;1;2;3;4;5
12398,12398,12398,6,7,retained,0;1;2;3;4;5
12399,12399,12399,6,7,retained,0;1;2;3;4;5
12400,12400,12400,6,7,retained,0;1;2;3;4;5
12401,12401,12401,6,8,retained,0;1;2;3;4;5
12402,12402,12402,6,7,retained,0;1;2;3;4;5
12403,12403,12403,6,5,retained,0;1;2;3;4;5
12404,12404,12404,6,8,retained,0;1;2;3;4;5
12405,12405,12405,6,4,retained,0;1;2;3;4;5
12406,12406,12406,6,6,retained,0;1;2;3;4;5
12407,12407,12407,6,6,retained,0;1;2;3;4;5
12408,12408,12408,6,8,retained,0;1;2;3;4;5
12409,12409,12409,6,7,retained,0;1;2;3;4;5
12410,12410,12410,6,6,retained,0;1;2;3;4;5
12411,12411,12411,6,6,retained,0;1;2;3;4;5
12412,12412,12412,6,7,retained,0;1;2;3;4;5
12413,12413,12413,6,6,retained,0;1;2;3;4;5
12414,12414,12414,6,7,retained,0;1;2;3;4;5
12415,12415,12415,6,8,retained,0;1;2;3;4;5
12416,12416,12416,6,8,retained,0;1;2;3;4;5
12417,12417,12417,6,8,retained,0;1;2;3;4;5
12418,12418,12418,6,7,retained,0;1;2;3;4;5
12419,12419,12419,6,8,retained,0;1;2;3;4;5
12420,12420,12420,6,8,retained,0;1;2;3;4;5
12421,12421,12421,6,7,retained,0;1;2;3;4;5
12422,12422,12422,6,8,retained,0;1;2;3;4;5
12423,12423,12423,6,8,retained,0;1;2;3;4;5
12424,12424,12424,6,8,retained,0;1;2;3;4;5
12425,12425,12425,6,7,retained,0;1;2;3;4;5
12426,12426,12426,6,6,retained,0;1;2;3;4;5
12427,12427,12427,6,8,retained,0;1;2;3;4;5
12428,12428,12428,6,8,retained,0;1;2;3;4;5
12429,12429,12429,6,8,retained,0;1;2;3;4;5
12430,12430,12430,6,8,retained,0;1;2;3;4;5
12431,12431,12431,6,7,retained,0;1;2;3;4;5
12432,12432,12432,6,7,retained,0;1;2;3;4;5
12433,12433,12433,6,7,retained,0;1;2;3;4;5
12434,12434,12434,6,8,retained,0;1;2;3;4;5
12435,12435,12435,6,8,retained,0;1;2;3;4;5
12436,12436,12436,6,8,retained,0;1;2;3;4;5
12437,12437,12437,6,8,retained,0;1;2;3;4;5
12438,12438,12438,6,6,retained,0;1;2;3;4;5
12439,12439,12439,6,8,retained,0;1;2;3;4;5
12440,12440,12440,6,8,retained,0;1;2;3;4;5
12441,12441,12441,6,8,retained,0;1;2;3;4;5
12442,12442,12442,6,7,retained,0;1;2;3;4;5
12443,12443,12443,6,8,retained,0;1;2;3;4;5
12444,12444,12444,6,8,retained,0;1;2;3;4;5
12445,12445,12445,6,7,retained,0;1;2;3;4;5
12446,12446,12446,6,8,retained,0;1;2;3;4;5
12447,12447,12447,6,7,retained,0;1;2;3;4;5
12448,12448,12448,6,8,retained,0;1;2;3;4;5
12449,12449,12449,6,8,retained,0;1;2;3;4;5
12450,12450,12450,6,8,retained,0;1;2;3;4;5
12451,12451,12451,6,8,retained,0;1;2;3;4;5
12452,12452,12452,6,5,retained,0;1;2;3;4;5
12453,12453,12453,6,8,retained,0;1;2;3;4;5
12454,12454,12454,6,8,retained,0;1;2;3;4;5
12455,12455,12455,6,8,retained,0;1;2;3;4;5
12456,12456,12456,6,7,retained,0;1;2;3;4;5
12457,12457,12457,6,8,retained,0;1;2;3;4;5
12458,12458,12458,6,8,retained,0;1;2;3;4;5
12459,12459,12459,6,8,retained,0;1;2;3;4;5
12460,12460,12460,6,8,retained,0;1;2;3;4;5
12461,12461,12461,6,8,retained,0;1;2;3;4;5
12462,12462,12462,6,6,retained,0;1;2;3;4;5
12463,12463,12463,6,8,retained,0;1;2;3;4;5
12464,12464,12464,6,8,retained,0;1;2;3;4;5
12465,12465,12465,6,7,retained,0;1;2;3;4;5
12466,12466,12466,6,7,retained,0;1;2;3;4;5
12467,12467,12467,6,7,retained,0;1;2;3;4;5
12468,12468,12468,6,8,retained,0;1;2;3;4;5
12469,12469,12469,6,6,retained,0;1;2;3;4;5
12470,12470,12470,6,7,retained,0;1;2;3;4;5
12471,12471,12471,6,8,retained,0;1;2;3;4;5
12472,12472,12472,6,8,retained,0;1;2;3;4;5
12473,12473,12473,6,8,retained,0;1;2;3;4;5
12474,12474,12474,6,6,retained,0;1;2;3;4;5
12475,12475,12475,6,8,retained,0;1;2;3;4;5
12476,12476,12476,6,8,retained,0;1;2;3;4;5
12477,12477,12477,6,8,retained,0;1;2;3;4;5
12478,12478,12478,6,6,retained,0;1;2;3;4;5
12479,12479,12479,6,8,retained,0;1;2;3;4;5
12480,12480,12480,6,8,retained,0;1;2;3;4;5
12481,12481,12481,6,7,retained,0;1;2;3;4;5
12482,12482,12482,6,8,retained,0;1;2;3;4;5
12483,12483,12483,6,8,retained,0;1;2;3;4;5
12484,12484,12484,6,8,retained,0;1;2;3;4;5
12485,12485,12485,6,8,retained,0;1;2;3;4;5
12486,12486,12486,6,6,retained,0;1;2;3;4;5
12487,12487,12487,6,8,retained,0;1;2;3;4;5
12488,12488,12488,6,8,retained,0;1;2;3;4;5
12489,12489,12489,6,8,retained,0;1;2;3;4;5
12490,12490,12490,6,8,retained,0;1;2;3;4;5
12491,12491,12491,6,8,retained,0;1;2;3;4;5
12492,12492,12492,6,8,retained,0;1;2;3;4;5
12493,12493,12493,6,8,retained,0;1;2;3;4;5
12494,12494,12494,6,8,retained,0;1;2;3;4;5
12495,12495,12495,6,8,retained,0;1;2;3;4;5
12496,12496,12496,6,7,retained,0;1;2;3;4;5
12497,12497,12497,6,6,retained,0;1;2;3;4;5
12498,12498,12498,6,6,retained,0;1;2;3;4;5
12499,12499,12499,6,8,retained,0;1;2;3;4;5
12500,12500,12500,6,8,retained,0;1;2;3;4;5
12501,12501,12501,6,8,retained,0;1;2;3;4;5
12502,12502,12502,6,7,retained,0;1;2;3;4;5
12503,12503,12503,6,8,retained,0;1;2;3;4;5
12504,12504,12504,6,8,retained,0;1;2;3;4;5
12505,12505,12505,6,6,retained,0;1;2;3;4;5
12506,12506,12506,6,8,retained,0;1;2;3;4;5
12507,12507,12507,6,8,retained,0;1;2;3;4;5
12508,12508,12508,6,8,retained,0;1;2;3;4;5
12509,12509,12509,6,8,retained,0;1;2;3;4;5
12510,12510,12510,6,8,retained,0;1;2;3;4;5
12511,12511,12511,6,8,retained,0;1;2;3;4;5
12512,12512,12512,6,8,retained,0;1;2;3;4;5
12513,12513,12513,6,8,retained,0;1;2;3;4;5
12514,12514,12514,6,7,retained,0;1;2;3;4;5
12515,12515,12515,6,8,retained,0;1;2;3;4;5
12516,12516,12516,6,7,retained,0;1;2;3;4;5
12517,12517,12517,6,8,retained,0;1;2;3;4;5
12518,12518,12518,6,8,retained,0;1;2;3;4;5
12519,12519,12519,6,8,retained,0;1;2;3;4;5
12520,12520,12520,6,7,retained,0;1;2;3;4;5
12521,12521,12521,6,7,retained,0;1;2;3;4;5
12522,12522,12522,6,8,retained,0;1;2;3;4;5
12523,12523,12523,6,8,retained,0;1;2;3;4;5
12524,12524,12524,6,7,retained,0;1;2;3;4;5
12525,12525,12525,6,8,retained,0;1;2;3;4;5
12526,12526,12526,6,7,retained,0;1;2;3;4;5
12527,12527,12527,6,7,retained,0;1;2;3;4;5
12528,12528,12528,6,7,retained,0;1;2;3;4;5
12529,12529,12529,6,8,retained,0;1;2;3;4;5
12530,12530,12530,6,8,retained,0;1;2;3;4;5
12531,12531,12531,6,8,retained,0;1;2;3;4;5
12532,12532,12532,6,8,retained,0;1;2;3;4;5
12533,12533,12533,6,8,retained,0;1;2;3;4;5
12534,12534,12534,6,7,retained,0;1;2;3;4;5
12535,12535,12535,6,8,retained,0;1;2;3;4;5
12536,12536,12536,6,8,retained,0;1;2;3;4;5
12537,12537,12537,6,8,retained,0;1;2;3;4;5
12538,12538,12538,6,8,retained,0;1;2;3;4;5
12539,12539,12539,6,8,retained,0;1;2;3;4;5
12540,12540,12540,6,8,retained,0;1;2;3;4;5
12541,12541,12541,6,8,retained,0;1;2;3;4;5
12542,12542,12542,6,7,retained,0;1;2;3;4;5
12543,12543,12543,6,7,retained,0;1;2;3;4;5
12544,12544,12544,6,7,retained,0;1;2;3;4;5
12545,12545,12545,6,7,retained,0;1;2;3;4;5
12546,12546,12546,6,7,retained,0;1;2;3;4;5
12547,12547,12547,6,7,retained,0;1;2;3;4;5
12548,12548,12548,6,8,retained,0;1;2;3;4;5
12549,12549,12549,6,7,retained,0;1;2;3;4;5
12550,12550,12550,6,8,retained,0;1;2;3;4;5
12551,12551,12551,6,7,retained,0;1;2;3;4;5
12552,12552,12552,6,8,retained,0;1;2;3;4;5
12553,12553,12553,6,7,retained,0;1;2;3;4;5
12554,12554,12554,6,7,retained,0;1;2;3;4;5
12555,12555,12555,6,8,retained,0;1;2;3;4;5
12556,12556,12556,6,8,retained,0;1;2;3;4;5
12557,12557,12557,6,8,retained,0;1;2;3;4;5
12558,12558,12558,6,8,retained,0;1;2;3;4;5
12559,12559,12559,6,7,retained,0;1;2;3;4;5
12560,12560,12560,6,8,retained,0;1;2;3;4;5
12561,12561,12561,6,8,retained,0;1;2;3;4;5
12562,12562,12562,6,8,retained,0;1;2;3;4;5
12563,12563,12563,6,8,retained,0;1;2;3;4;5
12564,12564,12564,6,8,retained,0;1;2;3;4;5
12565,12565,12565,6,7,retained,0;1;2;3;4;5
12566,12566,12566,6,8,retained,0;1;2;3;4;5
12567,12567,12567,6,8,retained,0;1;2;3;4;5
12568,12568,12568,6,8,retained,0;1;2;3;4;5
12569,12569,12569,6,8,retained,0;1;2;3;4;5
12570,12570,12570,6,8,retained,0;1;2;3;4;5
12571,12571,12571,6,8,retained,0;1;2;3;4;5
12572,12572,12572,6,7,retained,0;1;2;3;4;5
12573,12573,12573,6,7,retained,0;1;2;3;4;5
12574,12574,12574,6,4,retained,0;1;2;3;4;5
12575,12575,12575,6,8,retained,0;1;2;3;4;5
12576,12576,12576,6,6,retained,0;1;2;3;4;5
12577,12577,12577,6,5,retained,0;1;2;3;4;5
12578,12578,12578,6,7,retained,0;1;2;3;4;5
12579,12579,12579,6,7,retained,0;1;2;3;4;5
12580,12580,12580,6,4,retained,0;1;2;3;4;5
12581,12581,12581,6,8,retained,0;1;2;3;4;5
12582,12582,12582,6,8,retained,0;1;2;3;4;5
12583,12583,12583,6,8,retained,0;1;2;3;4;5
12584,12584,12584,6,7,retained,0;1;2;3;4;5
12585,12585,12585,6,7,retained,0;1;2;3;4;5
12586,12586,12586,6,8,retained,0;1;2;3;4;5
12587,12587,12587,6,7,retained,0;1;2;3;4;5
12588,12588,12588,6,7,retained,0;1;2;3;4;5
12589,12589,12589,6,8,retained,0;1;2;3;4;5
12590,12590,12590,6,8,retained,0;1;2;3;4;5
12591,12591,12591,6,7,retained,0;1;2;3;4;5
12592,12592,12592,6,7,retained,0;1;2;3;4;5
12593,12593,12593,6,7,retained,0;1;2;3;4;5
12594,12594,12594,6,8,retained,0;1;2;3;4;5
12595,12595,12595,6,8,retained,0;1;2;3;4;5
12596,12596,12596,6,7,retained,0;1;2;3;4;5
12597,12597,12597,6,7,retained,0;1;2;3;4;5
12598,12598,12598,6,8,retained,0;1;2;3;4;5
12599,12599,12599,6,8,retained,0;1;2;3;4;5
12600,12600,12600,6,8,retained,0;1;2;3;4;5
12601,12601,12601,6,8,retained,0;1;2;3;4;5
12602,12602,12602,6,7,retained,0;1;2;3;4;5
12603,12603,12603,6,8,retained,0;1;2;3;4;5
12604,12604,12604,6,8,retained,0;1;2;3;4;5
12605,12605,12605,6,8,retained,0;1;2;3;4;5
12606,12606,12606,6,8,retained,0;1;2;3;4;5
12607,12607,12607,6,5,retained,0;1;2;3;4;5
12608,12608,12608,6,8,retained,0;1;2;3;4;5
12609,12609,12609,6,7,retained,0;1;2;3;4;5
12610,12610,12610,6,7,retained,0;1;2;3;4;5
12611,12611,12611,6,6,retained,0;1;2;3;4;5
12612,12612,12612,6,8,retained,0;1;2;3;4;5
12613,12613,12613,6,8,retained,0;1;2;3;4;5
12614,12614,12614,6,8,retained,0;1;2;3;4;5
12615,12615,12615,6,8,retained,0;1;2;3;4;5
12616,12616,12616,6,8,retained,0;1;2;3;4;5
12617,12617,12617,6,8,retained,0;1;2;3;4;5
12618,12618,12618,6,7,retained,0;1;2;3;4;5
12619,12619,12619,6,8,retained,0;1;2;3;4;5
12620,12620,12620,6,7,retained,0;1;2;3;4;5
12621,12621,12621,6,8,retained,0;1;2;3;4;5
12622,12622,12622,6,8,retained,0;1;2;3;4;5
12623,12623,12623,6,7,retained,0;1;2;3;4;5
12624,12624,12624,6,8,retained,0;1;2;3;4;5
12625,12625,12625,6,6,retained,0;1;2;3;4;5
12626,12626,12626,6,8,retained,0;1;2;3;4;5
12627,12627,12627,6,6,retained,0;1;2;3;4;5
12628,12628,12628,6,6,retained,0;1;2;3;4;5
12629,12629,12629,6,8,retained,0;1;2;3;4;5
12630,12630,12630,6,8,retained,0;1;2;3;4;5
12631,12631,12631,6,8,retained,0;1;2;3;4;5
12632,12632,12632,6,8,retained,0;1;2;3;4;5
12633,12633,12633,6,8,retained,0;1;2;3;4;5
12634,12634,12634,6,8,retained,0;1;2;3;4;5
12635,12635,12635,6,8,retained,0;1;2;3;4;5
12636,12636,12636,6,8,retained,0;1;2;3;4;5
12637,12637,12637,6,8,retained,0;1;2;3;4;5
12638,12638,12638,6,8,retained,0;1;2;3;4;5
12639,12639,12639,6,7,retained,0;1;2;3;4;5
12640,12640,12640,6,7,retained,0;1;2;3;4;5
12641,12641,12641,6,8,retained,0;1;2;3;4;5
12642,12642,12642,6,8,retained,0;1;2;3;4;5
12643,12643,12643,6,8,retained,0;1;2;3;4;5
12644,12644,12644,6,8,retained,0;1;2;3;4;5
12645,12645,12645,6,7,retained,0;1;2;3;4;5
12646,12646,12646,6,8,retained,0;1;2;3;4;5
12647,12647,12647,6,6,retained,0;1;2;3;4;5
12648,12648,12648,6,7,retained,0;1;2;3;4;5
12649,12649,12649,6,5,retained,0;1;2;3;4;5
12650,12650,12650,6,8,retained,0;1;2;3;4;5
12651,12651,12651,6,8,retained,0;1;2;3;4;5
12652,12652,12652,6,8,retained,0;1;2;3;4;5
12653,12653,12653,6,8,retained,0;1;2;3;4;5
12654,12654,12654,6,8,retained,0;1;2;3;4;5
12655,12655,12655,6,7,retained,0;1;2;3;4;5
12656,12656,12656,6,8,retained,0;1;2;3;4;5
12657,12657,12657,6,8,retained,0;1;2;3;4;5
12658,12658,12658,6,8,retained,0;1;2;3;4;5
12659,12659,12659,6,8,retained,0;1;2;3;4;5
12660,12660,12660,6,8,retained,0;1;2;3;4;5
12661,12661,12661,6,8,retained,0;1;2;3;4;5
12662,12662,12662,6,8,retained,0;1;2;3;4;5
12663,12663,12663,6,8,retained,0;1;2;3;4;5
12664,12664,12664,6,8,retained,0;1;2;3;4;5
12665,12665,12665,6,8,retained,0;1;2;3;4;5
12666,12666,12666,6,7,retained,0;1;2;3;4;5
12667,12667,12667,6,5,retained,0;1;2;3;4;5
12668,12668,12668,6,8,retained,0;1;2;3;4;5
12669,12669,12669,6,8,retained,0;1;2;3;4;5
12670,12670,12670,6,8,retained,0;1;2;3;4;5
12671,12671,12671,6,8,retained,0;1;2;3;4;5
12672,12672,12672,6,7,retained,0;1;2;3;4;5
12673,12673,12673,6,8,retained,0;1;2;3;4;5
12674,12674,12674,6,6,retained,0;1;2;3;4;5
12675,12675,12675,6,6,retained,0;1;2;3;4;5
12676,12676,12676,6,8,retained,0;1;2;3;4;5
12677,12677,12677,6,7,retained,0;1;2;3;4;5
12678,12678,12678,6,8,retained,0;1;2;3;4;5
12679,12679,12679,6,8,retained,0;1;2;3;4;5
12680,12680,12680,6,8,retained,0;1;2;3;4;5
12681,12681,12681,6,8,retained,0;1;2;3;4;5
12682,12682,12682,6,8,retained,0;1;2;3;4;5
12683,12683,12683,6,7,retained,0;1;2;3;4;5
12684,12684,12684,6,6,retained,0;1;2;3;4;5
12685,12685,12685,6,6,retained,0;1;2;3;4;5
12686,12686,12686,6,8,retained,0;1;2;3;4;5
12687,12687,12687,6,6,retained,0;1;2;3;4;5
12688,12688,12688,6,5,retained,0;1;2;3;4;5
12689,12689,12689,6,5,retained,0;1;2;3;4;5
12690,12690,12690,6,5,retained,0;1;2;3;4;5
12691,12691,12691,6,8,retained,0;1;2;3;4;5
12692,12692,12692,6,7,retained,0;1;2;3;4;5
12693,12693,12693,6,8,retained,0;1;2;3;4;5
12694,12694,12694,6,8,retained,0;1;2;3;4;5
12695,12695,12695,6,7,retained,0;1;2;3;4;5
12696,12696,12696,6,8,retained,0;1;2;3;4;5
12697,12697,12697,6,8,retained,0;1;2;3;4;5
12698,12698,12698,6,8,retained,0;1;2;3;4;5
12699,12699,12699,6,8,retained,0;1;2;3;4;5
12700,12700,12700,6,8,retained,0;1;2;3;4;5
12701,12701,12701,6,8,retained,0;1;2;3;4;5
12702,12702,12702,6,8,retained,0;1;2;3;4;5
12703,12703,12703,6,8,retained,0;1;2;3;4;5
12704,12704,12704,6,8,retained,0;1;2;3;4;5
12705,12705,12705,6,8,retained,0;1;2;3;4;5
12706,12706,12706,6,8,retained,0;1;2;3;4;5
12707,12707,12707,6,8,retained,0;1;2;3;4;5
12708,12708,12708,6,8,retained,0;1;2;3;4;5
12709,12709,12709,6,8,retained,0;1;2;3;4;5
12710,12710,12710,6,4,retained,0;1;2;3;4;5
12711,12711,12711,6,7,retained,0;1;2;3;4;5
12712,12712,12712,6,8,retained,0;1;2;3;4;5
12713,12713,12713,6,4,retained,0;1;2;3;4;5
12714,12714,12714,6,8,retained,0;1;2;3;4;5
12715,12715,12715,6,8,retained,0;1;2;3;4;5
12716,12716,12716,6,8,retained,0;1;2;3;4;5
12717,12717,12717,6,8,retained,0;1;2;3;4;5
12718,12718,12718,6,6,retained,0;1;2;3;4;5
12719,12719,12719,6,4,retained,0;1;2;3;4;5
12720,12720,12720,6,7,retained,0;1;2;3;4;5
12721,12721,12721,6,6,retained,0;1;2;3;4;5
12722,12722,12722,6,4,retained,0;1;2;3;4;5
12723,12723,12723,6,7,retained,0;1;2;3;4;5
12724,12724,12724,6,7,retained,0;1;2;3;4;5
12725,12725,12725,6,7,retained,0;1;2;3;4;5
12726,12726,12726,6,8,retained,0;1;2;3;4;5
12727,12727,12727,6,7,retained,0;1;2;3;4;5
12728,12728,12728,6,8,retained,0;1;2;3;4;5
12729,12729,12729,6,8,retained,0;1;2;3;4;5
12730,12730,12730,6,8,retained,0;1;2;3;4;5
12731,12731,12731,6,8,retained,0;1;2;3;4;5
12732,12732,12732,6,7,retained,0;1;2;3;4;5
12733,12733,12733,6,7,retained,0;1;2;3;4;5
12734,12734,12734,6,7,retained,0;1;2;3;4;5
12735,12735,12735,6,8,retained,0;1;2;3;4;5
12736,12736,12736,6,8,retained,0;1;2;3;4;5
12737,12737,12737,6,7,retained,0;1;2;3;4;5
12738,12738,12738,6,8,retained,0;1;2;3;4;5
12739,12739,12739,6,8,retained,0;1;2;3;4;5
12740,12740,12740,6,7,retained,0;1;2;3;4;5
12741,12741,12741,6,8,retained,0;1;2;3;4;5
12742,12742,12742,6,8,retained,0;1;2;3;4;5
12743,12743,12743,6,8,retained,0;1;2;3;4;5
12744,12744,12744,6,8,retained,0;1;2;3;4;5
12745,12745,12745,6,8,retained,0;1;2;3;4;5
12746,12746,12746,6,8,retained,0;1;2;3;4;5
12747,12747,12747,6,8,retained,0;1;2;3;4;5
12748,12748,12748,6,8,retained,0;1;2;3;4;5
12749,12749,12749,6,8,retained,0;1;2;3;4;5
12750,12750,12750,6,8,retained,0;1;2;3;4;5
12751,12751,12751,6,8,retained,0;1;2;3;4;5
12752,12752,12752,6,8,retained,0;1;2;3;4;5
12753,12753,12753,6,7,retained,0;1;2;3;4;5
12754,12754,12754,6,7,retained,0;1;2;3;4;5
12755,12755,12755,6,8,retained,0;1;2;3;4;5
12756,12756,12756,6,7,retained,0;1;2;3;4;5
12757,12757,12757,6,6,retained,0;1;2;3;4;5
12758,12758,12758,6,8,retained,0;1;2;3;4;5
12759,12759,12759,6,2,retained,0;1;2;3;4;5
12760,12760,12760,6,2,retained,0;1;2;3;4;5
12761,12761,12761,6,7,retained,0;1;2;3;4;5
12762,12762,12762,6,7,retained,0;1;2;3;4;5
12763,12763,12763,6,7,retained,0;1;2;3;4;5
12764,12764,12764,6,8,retained,0;1;2;3;4;5
12765,12765,12765,6,8,retained,0;1;2;3;4;5
12766,12766,12766,6,8,retained,0;1;2;3;4;5
12767,12767,12767,6,5,retained,0;1;2;3;4;5
12768,12768,12768,6,8,retained,0;1;2;3;4;5
12769,12769,12769,6,6,retained,0;1;2;3;4;5
12770,12770,12770,6,6,retained,0;1;2;3;4;5
12771,12771,12771,6,8,retained,0;1;2;3;4;5
12772,12772,12772,6,8,retained,0;1;2;3;4;5
12773,12773,12773,6,8,retained,0;1;2;3;4;5
12774,12774,12774,6,7,retained,0;1;2;3;4;5
12775,12775,12775,6,5,retained,0;1;2;3;4;5
12776,12776,12776,6,7,retained,0;1;2;3;4;5
12777,12777,12777,6,7,retained,0;1;2;3;4;5
12778,12778,12778,6,5,retained,0;1;2;3;4;5
12779,12779,12779,6,8,retained,0;1;2;3;4;5
12780,12780,12780,6,7,retained,0;1;2;3;4;5
12781,12781,12781,6,8,retained,0;1;2;3;4;5
12782,12782,12782,6,8,retained,0;1;2;3;4;5
12783,12783,12783,6,6,retained,0;1;2;3;4;5
12784,12784,12784,6,7,retained,0;1;2;3;4;5
12785,12785,12785,6,6,retained,0;1;2;3;4;5
12786,12786,12786,6,5,retained,0;1;2;3;4;5
12787,12787,12787,6,5,retained,0;1;2;3;4;5
12788,12788,12788,6,8,retained,0;1;2;3;4;5
12789,12789,12789,6,8,retained,0;1;2;3;4;5
12790,12790,12790,6,8,retained,0;1;2;3;4;5
12791,12791,12791,6,8,retained,0;1;2;3;4;5
12792,12792,12792,6,8,retained,0;1;2;3;4;5
12793,12793,12793,6,7,retained,0;1;2;3;4;5
12794,12794,12794,6,6,retained,0;1;2;3;4;5
12795,12795,12795,6,8,retained,0;1;2;3;4;5
12796,12796,12796,6,8,retained,0;1;2;3;4;5
12797,12797,12797,6,7,retained,0;1;2;3;4;5
12798,12798,12798,6,8,retained,0;1;2;3;4;5
12799,12799,12799,6,8,retained,0;1;2;3;4;5
12800,12800,12800,6,8,retained,0;1;2;3;4;5
12801,12801,12801,6,8,retained,0;1;2;3;4;5
12802,12802,12802,6,8,retained,0;1;2;3;4;5
12803,12803,12803,6,8,retained,0;1;2;3;4;5
12804,12804,12804,6,8,retained,0;1;2;3;4;5
12805,12805,12805,6,8,retained,0;1;2;3;4;5
12806,12806,12806,6,8,retained,0;1;2;3;4;5
12807,12807,12807,6,8,retained,0;1;2;3;4;5
12808,12808,12808,6,6,retained,0;1;2;3;4;5
12809,12809,12809,6,7,retained,0;1;2;3;4;5
12810,12810,12810,6,8,retained,0;1;2;3;4;5
12811,12811,12811,6,8,retained,0;1;2;3;4;5
12812,12812,12812,6,8,retained,0;1;2;3;4;5
12813,12813,12813,6,8,retained,0;1;2;3;4;5
12814,12814,12814,6,8,retained,0;1;2;3;4;5
12815,12815,12815,6,8,retained,0;1;2;3;4;5
12816,12816,12816,6,8,retained,0;1;2;3;4;5
12817,12817,12817,6,8,retained,0;1;2;3;4;5
12818,12818,12818,6,8,retained,0;1;2;3;4;5
12819,12819,12819,6,8,retained,0;1;2;3;4;5
12820,12820,12820,6,8,retained,0;1;2;3;4;5
12821,12821,12821,6,8,retained,0;1;2;3;4;5
12822,12822,12822,6,8,retained,0;1;2;3;4;5
12823,12823,12823,6,7,retained,0;1;2;3;4;5
12824,12824,12824,6,8,retained,0;1;2;3;4;5
12825,12825,12825,6,8,retained,0;1;2;3;4;5
12826,12826,12826,6,8,retained,0;1;2;3;4;5
12827,12827,12827,6,8,retained,0;1;2;3;4;5
12828,12828,12828,6,8,retained,0;1;2;3;4;5
12829,12829,12829,6,8,retained,0;1;2;3;4;5
12830,12830,12830,6,8,retained,0;1;2;3;4;5
12831,12831,12831,6,8,retained,0;1;2;3;4;5
12832,12832,12832,6,8,retained,0;1;2;3;4;5
12833,12833,12833,6,8,retained,0;1;2;3;4;5
12834,12834,12834,6,8,retained,0;1;2;3;4;5
12835,12835,12835,6,7,retained,0;1;2;3;4;5
12836,12836,12836,6,7,retained,0;1;2;3;4;5
12837,12837,12837,6,8,retained,0;1;2;3;4;5
12838,12838,12838,6,8,retained,0;1;2;3;4;5
12839,12839,12839,6,8,retained,0;1;2;3;4;5
12840,12840,12840,6,8,retained,0;1;2;3;4;5
12841,12841,12841,6,8,retained,0;1;2;3;4;5
12842,12842,12842,6,7,retained,0;1;2;3;4;5
12843,12843,12843,6,8,retained,0;1;2;3;4;5
12844,12844,12844,6,6,retained,0;1;2;3;4;5
12845,12845,12845,6,7,retained,0;1;2;3;4;5
12846,12846,12846,6,8,retained,0;1;2;3;4;5
12847,12847,12847,6,8,retained,0;1;2;3;4;5
12848,12848,12848,6,6,retained,0;1;2;3;4;5
12849,12849,12849,6,8,retained,0;1;2;3;4;5
12850,12850,12850,6,8,retained,0;1;2;3;4;5
12851,12851,12851,6,7,retained,0;1;2;3;4;5
12852,12852,12852,6,7,retained,0;1;2;3;4;5
12853,12853,12853,6,6,retained,0;1;2;3;4;5
12854,12854,12854,6,4,retained,0;1;2;3;4;5
12855,12855,12855,6,3,retained,0;1;2;3;4;5
12856,12856,12856,6,8,retained,0;1;2;3;4;5
12857,12857,12857,6,8,retained,0;1;2;3;4;5
12858,12858,12858,6,8,retained,0;1;2;3;4;5
12859,12859,12859,6,8,retained,0;1;2;3;4;5
12860,12860,12860,6,8,retained,0;1;2;3;4;5
12861,12861,12861,6,8,retained,0;1;2;3;4;5
12862,12862,12862,6,6,retained,0;1;2;3;4;5
12863,12863,12863,6,7,retained,0;1;2;3;4;5
12864,12864,12864,6,4,retained,0;1;2;3;4;5
12865,12865,12865,6,8,retained,0;1;2;3;4;5
12866,12866,12866,6,8,retained,0;1;2;3;4;5
12867,12867,12867,6,7,retained,0;1;2;3;4;5
12868,12868,12868,6,7,retained,0;1;2;3;4;5
12869,12869,12869,6,7,retained,0;1;2;3;4;5
12870,12870,12870,6,6,retained,0;1;2;3;4;5
12871,12871,12871,6,7,retained,0;1;2;3;4;5
12872,12872,12872,6,5,retained,0;1;2;3;4;5
12873,12873,12873,6,7,retained,0;1;2;3;4;5
12874,12874,12874,6,6,retained,0;1;2;3;4;5
12875,12875,12875,6,7,retained,0;1;2;3;4;5
12876,12876,12876,6,7,retained,0;1;2;3;4;5
12877,12877,12877,6,8,retained,0;1;2;3;4;5
12878,12878,12878,6,7,retained,0;1;2;3;4;5
12879,12879,12879,6,8,retained,0;1;2;3;4;5
12880,12880,12880,6,8,retained,0;1;2;3;4;5
12881,12881,12881,6,8,retained,0;1;2;3;4;5
12882,12882,12882,6,8,retained,0;1;2;3;4;5
12883,12883,12883,6,8,retained,0;1;2;3;4;5
12884,12884,12884,6,8,retained,0;1;2;3;4;5
12885,12885,12885,6,7,retained,0;1;2;3;4;5
12886,12886,12886,6,8,retained,0;1;2;3;4;5
12887,12887,12887,6,8,retained,0;1;2;3;4;5
12888,12888,12888,6,4,retained,0;1;2;3;4;5
12889,12889,12889,6,5,retained,0;1;2;3;4;5
12890,12890,12890,6,5,retained,0;1;2;3;4;5
12891,12891,12891,6,6,retained,0;1;2;3;4;5
12892,12892,12892,6,5,retained,0;1;2;3;4;5
12893,12893,12893,6,6,retained,0;1;2;3;4;5
12894,12894,12894,6,3,retained,0;1;2;3;4;5
12895,12895,12895,6,6,retained,0;1;2;3;4;5
12896,12896,12896,6,6,retained,0;1;2;3;4;5
12897,12897,12897,6,6,retained,0;1;2;3;4;5
12898,12898,12898,6,5,retained,0;1;2;3;4;5
12899,12899,12899,6,8,retained,0;1;2;3;4;5
12900,12900,12900,6,8,retained,0;1;2;3;4;5
12901,12901,12901,6,8,retained,0;1;2;3;4;5
12902,12902,12902,6,8,retained,0;1;2;3;4;5
12903,12903,12903,6,8,retained,0;1;2;3;4;5
12904,12904,12904,6,8,retained,0;1;2;3;4;5
12905,12905,12905,6,8,retained,0;1;2;3;4;5
12906,12906,12906,6,6,retained,0;1;2;3;4;5
12907,12907,12907,6,4,retained,0;1;2;3;4;5
12908,12908,12908,6,8,retained,0;1;2;3;4;5
12909,12909,12909,6,8,retained,0;1;2;3;4;5
12910,12910,12910,6,8,retained,0;1;2;3;4;5
12911,12911,12911,6,8,retained,0;1;2;3;4;5
12912,12912,12912,6,7,retained,0;1;2;3;4;5
12913,12913,12913,6,7,retained,0;1;2;3;4;5
12914,12914,12914,6,8,retained,0;1;2;3;4;5
12915,12915,12915,6,8,retained,0;1;2;3;4;5
12916,12916,12916,6,8,retained,0;1;2;3;4;5
12917,12917,12917,6,7,retained,0;1;2;3;4;5
12918,12918,12918,6,8,retained,0;1;2;3;4;5
12919,12919,12919,6,4,retained,0;1;2;3;4;5
12920,12920,12920,6,7,retained,0;1;2;3;4;5
12921,12921,12921,6,6,retained,0;1;2;3;4;5
12922,12922,12922,6,5,retained,0;1;2;3;4;5
12923,12923,12923,6,5,retained,0;1;2;3;4;5
12924,12924,12924,6,6,retained,0;1;2;3;4;5
12925,12925,12925,6,6,retained,0;1;2;3;4;5
12926,12926,12926,6,8,retained,0;1;2;3;4;5
12927,12927,12927,6,8,retained,0;1;2;3;4;5
12928,12928,12928,6,6,retained,0;1;2;3;4;5
12929,12929,12929,6,7,retained,0;1;2;3;4;5
12930,12930,12930,6,8,retained,0;1;2;3;4;5
12931,12931,12931,6,7,retained,0;1;2;3;4;5
12932,12932,12932,6,7,retained,0;1;2;3;4;5
12933,12933,12933,6,8,retained,0;1;2;3;4;5
12934,12934,12934,6,8,retained,0;1;2;3;4;5
12935,12935,12935,6,7,retained,0;1;2;3;4;5
12936,12936,12936,6,8,retained,0;1;2;3;4;5
12937,12937,12937,6,8,retained,0;1;2;3;4;5
12938,12938,12938,6,8,retained,0;1;2;3;4;5
12939,12939,12939,6,6,retained,0;1;2;3;4;5
12940,12940,12940,6,8,retained,0;1;2;3;4;5
12941,12941,12941,6,7,retained,0;1;2;3;4;5
12942,12942,12942,6,8,retained,0;1;2;3;4;5
12943,12943,12943,6,5,retained,0;1;2;3;4;5
12944,12944,12944,6,5,retained,0;1;2;3;4;5
12945,12945,12945,6,4,retained,0;1;2;3;4;5
12946,12946,12946,6,3,retained,0;1;2;3;4;5
12947,12947,12947,6,3,retained,0;1;2;3;4;5
12948,12948,12948,6,8,retained,0;1;2;3;4;5
12949,12949,12949,6,8,retained,0;1;2;3;4;5
12950,12950,12950,6,8,retained,0;1;2;3;4;5
12951,12951,12951,6,8,retained,0;1;2;3;4;5
12952,12952,12952,6,6,retained,0;1;2;3;4;5
12953,12953,12953,6,8,retained,0;1;2;3;4;5
12954,12954,12954,6,8,retained,0;1;2;3;4;5
12955,12955,12955,6,8,retained,0;1;2;3;4;5
12956,12956,12956,6,8,retained,0;1;2;3;4;5
12957,12957,12957,6,8,retained,0;1;2;3;4;5
12958,12958,12958,6,8,retained,0;1;2;3;4;5
12959,12959,12959,6,8,retained,0;1;2;3;4;5
12960,12960,12960,6,6,retained,0;1;2;3;4;5
12961,12961,12961,6,6,retained,0;1;2;3;4;5
12962,12962,12962,6,7,retained,0;1;2;3;4;5
12963,12963,12963,6,8,retained,0;1;2;3;4;5
12964,12964,12964,6,8,retained,0;1;2;3;4;5
12965,12965,12965,6,8,retained,0;1;2;3;4;5
12966,12966,12966,6,7,retained,0;1;2;3;4;5
12967,12967,12967,6,7,retained,0;1;2;3;4;5
12968,12968,12968,6,6,retained,0;1;2;3;4;5
12969,12969,12969,6,7,retained,0;1;2;3;4;5
12970,12970,12970,6,6,retained,0;1;2;3;4;5
12971,12971,12971,6,6,retained,0;1;2;3;4;5
12972,12972,12972,6,6,retained,0;1;2;3;4;5
12973,12973,12973,6,8,retained,0;1;2;3;4;5
12974,12974,12974,6,8,retained,0;1;2;3;4;5
12975,12975,12975,6,7,retained,0;1;2;3;4;5
12976,12976,12976,6,8,retained,0;1;2;3;4;5
12977,12977,12977,6,8,retained,0;1;2;3;4;5
12978,12978,12978,6,8,retained,0;1;2;3;4;5
12979,12979,12979,6,8,retained,0;1;2;3;4;5
12980,12980,12980,6,8,retained,0;1;2;3;4;5
12981,12981,12981,6,8,retained,0;1;2;3;4;5
12982,12982,12982,6,8,retained,0;1;2;3;4;5
12983,12983,12983,6,8,retained,0;1;2;3;4;5
12984,12984,12984,6,8,retained,0;1;2;3;4;5
12985,12985,12985,6,8,retained,0;1;2;3;4;5
12986,12986,12986,6,8,retained,0;1;2;3;4;5
12987,12987,12987,6,8,retained,0;1;2;3;4;5
12988,12988,12988,6,8,retained,0;1;2;3;4;5
12989,12989,12989,6,7,retained,0;1;2;3;4;5
12990,12990,12990,6,8,retained,0;1;2;3;4;5
12991,12991,12991,6,7,retained,0;1;2;3;4;5
12992,12992,12992,6,8,retained,0;1;2;3;4;5
12993,12993,12993,6,8,retained,0;1;2;3;4;5
12994,12994,12994,6,8,retained,0;1;2;3;4;5
12995,12995,12995,6,8,retained,0;1;2;3;4;5
12996,12996,12996,6,8,retained,0;1;2;3;4;5
12997,12997,12997,6,8,retained,0;1;2;3;4;5
12998,12998,12998,6,6,retained,0;1;2;3;4;5
12999,12999,12999,6,8,retained,0;1;2;3;4;5
13000,13000,13000,6,7,retained,0;1;2;3;4;5
13001,13001,13001,6,8,retained,0;1;2;3;4;5
13002,13002,13002,6,7,retained,0;1;2;3;4;5
13003,13003,13003,6,7,retained,0;1;2;3;4;5
13004,13004,13004,6,5,retained,0;1;2;3;4;5
13005,13005,13005,6,8,retained,0;1;2;3;4;5
13006,13006,13006,6,8,retained,0;1;2;3;4;5
13007,13007,13007,6,7,retained,0;1;2;3;4;5
13008,13008,13008,6,6,retained,0;1;2;3;4;5
13009,13009,13009,6,6,retained,0;1;2;3;4;5
13010,13010,13010,6,8,retained,0;1;2;3;4;5
13011,13011,13011,6,7,retained,0;1;2;3;4;5
13012,13012,13012,6,7,retained,0;1;2;3;4;5
13013,13013,13013,6,7,retained,0;1;2;3;4;5
13014,13014,13014,6,6,retained,0;1;2;3;4;5
13015,13015,13015,6,5,retained,0;1;2;3;4;5
13016,13016,13016,6,5,retained,0;1;2;3;4;5
13017,13017,13017,6,8,retained,0;1;2;3;4;5
13018,13018,13018,6,8,retained,0;1;2;3;4;5
13019,13019,13019,6,8,retained,0;1;2;3;4;5
13020,13020,13020,6,8,retained,0;1;2;3;4;5
13021,13021,13021,6,8,retained,0;1;2;3;4;5
13022,13022,13022,6,7,retained,0;1;2;3;4;5
13023,13023,13023,6,8,retained,0;1;2;3;4;5
13024,13024,13024,6,8,retained,0;1;2;3;4;5
13025,13025,13025,6,8,retained,0;1;2;3;4;5
13026,13026,13026,6,5,retained,0;1;2;3;4;5
13027,13027,13027,6,5,retained,0;1;2;3;4;5
13028,13028,13028,6,5,retained,0;1;2;3;4;5
13029,13029,13029,6,5,retained,0;1;2;3;4;5
13030,13030,13030,6,8,retained,0;1;2;3;4;5
13031,13031,13031,6,8,retained,0;1;2;3;4;5
13032,13032,13032,6,7,retained,0;1;2;3;4;5
13033,13033,13033,6,8,retained,0;1;2;3;4;5
13034,13034,13034,6,7,retained,0;1;2;3;4;5
13035,13035,13035,6,6,retained,0;1;2;3;4;5
13036,13036,13036,6,7,retained,0;1;2;3;4;5
13037,13037,13037,6,8,retained,0;1;2;3;4;5
13038,13038,13038,6,8,retained,0;1;2;3;4;5
13039,13039,13039,6,7,retained,0;1;2;3;4;5
13040,13040,13040,6,8,retained,0;1;2;3;4;5
13041,13041,13041,6,8,retained,0;1;2;3;4;5
13042,13042,13042,6,6,retained,0;1;2;3;4;5
13043,13043,13043,6,7,retained,0;1;2;3;4;5
13044,13044,13044,6,6,retained,0;1;2;3;4;5
13045,13045,13045,6,6,retained,0;1;2;3;4;5
13046,13046,13046,6,6,retained,0;1;2;3;4;5
13047,13047,13047,6,7,retained,0;1;2;3;4;5
13048,13048,13048,6,8,retained,0;1;2;3;4;5
13049,13049,13049,6,7,retained,0;1;2;3;4;5
13050,13050,13050,6,7,retained,0;1;2;3;4;5
13051,13051,13051,6,8,retained,0;1;2;3;4;5
13052,13052,13052,6,8,retained,0;1;2;3;4;5
13053,13053,13053,6,8,retained,0;1;2;3;4;5
13054,13054,13054,6,8,retained,0;1;2;3;4;5
13055,13055,13055,6,8,retained,0;1;2;3;4;5
13056,13056,13056,6,8,retained,0;1;2;3;4;5
13057,13057,13057,6,8,retained,0;1;2;3;4;5
13058,13058,13058,6,6,retained,0;1;2;3;4;5
13059,13059,13059,6,7,retained,0;1;2;3;4;5
13060,13060,13060,6,5,retained,0;1;2;3;4;5
13061,13061,13061,6,4,retained,0;1;2;3;4;5
13062,13062,13062,6,3,retained,0;1;2;3;4;5
13063,13063,13063,6,8,retained,0;1;2;3;4;5
13064,13064,13064,6,8,retained,0;1;2;3;4;5
13065,13065,13065,6,6,retained,0;1;2;3;4;5
13066,13066,13066,6,8,retained,0;1;2;3;4;5
13067,13067,13067,6,8,retained,0;1;2;3;4;5
13068,13068,13068,6,8,retained,0;1;2;3;4;5
13069,13069,13069,6,7,retained,0;1;2;3;4;5
13070,13070,13070,6,8,retained,0;1;2;3;4;5
13071,13071,13071,6,8,retained,0;1;2;3;4;5
13072,13072,13072,6,7,retained,0;1;2;3;4;5
13073,13073,13073,6,8,retained,0;1;2;3;4;5
13074,13074,13074,6,8,retained,0;1;2;3;4;5
13075,13075,13075,6,6,retained,0;1;2;3;4;5
13076,13076,13076,6,8,retained,0;1;2;3;4;5
13077,13077,13077,6,8,retained,0;1;2;3;4;5
13078,13078,13078,6,8,retained,0;1;2;3;4;5
13079,13079,13079,6,8,retained,0;1;2;3;4;5
13080,13080,13080,6,6,retained,0;1;2;3;4;5
13081,13081,13081,6,8,retained,0;1;2;3;4;5
13082,13082,13082,6,8,retained,0;1;2;3;4;5
13083,13083,13083,6,6,retained,0;1;2;3;4;5
13084,13084,13084,6,6,retained,0;1;2;3;4;5
13085,13085,13085,6,3,retained,0;1;2;3;4;5
13086,13086,13086,6,2,retained,0;1;2;3;4;5
13087,13087,13087,6,5,retained,0;1;2;3;4;5
13088,13088,13088,6,7,retained,0;1;2;3;4;5
13089,13089,13089,6,6,retained,0;1;2;3;4;5
13090,13090,13090,6,6,retained,0;1;2;3;4;5
13091,13091,13091,6,6,retained,0;1;2;3;4;5
13092,13092,13092,6,5,retained,0;1;2;3;4;5
13093,13093,13093,6,5,retained,0;1;2;3;4;5
13094,13094,13094,6,7,retained,0;1;2;3;4;5
13095,13095,13095,6,7,retained,0;1;2;3;4;5
13096,13096,13096,6,7,retained,0;1;2;3;4;5
13097,13097,13097,6,7,retained,0;1;2;3;4;5
13098,13098,13098,6,7,retained,0;1;2;3;4;5
13099,13099,13099,6,8,retained,0;1;2;3;4;5
13100,13100,13100,6,7,retained,0;1;2;3;4;5
13101,13101,13101,6,8,retained,0;1;2;3;4;5
13102,13102,13102,6,8,retained,0;1;2;3;4;5
13103,13103,13103,6,7,retained,0;1;2;3;4;5
13104,13104,13104,6,6,retained,0;1;2;3;4;5
13105,13105,13105,6,7,retained,0;1;2;3;4;5
13106,13106,13106,6,3,retained,0;1;2;3;4;5
13107,13107,13107,6,3,retained,0;1;2;3;4;5
13108,13108,13108,6,7,retained,0;1;2;3;4;5
13109,13109,13109,6,7,retained,0;1;2;3;4;5
13110,13110,13110,6,6,retained,0;1;2;3;4;5
13111,13111,13111,6,7,retained,0;1;2;3;4;5
13112,13112,13112,6,6,retained,0;1;2;3;4;5
13113,13113,13113,6,6,retained,0;1;2;3;4;5
13114,13114,13114,6,7,retained,0;1;2;3;4;5
13115,13115,13115,6,8,retained,0;1;2;3;4;5
13116,13116,13116,6,7,retained,0;1;2;3;4;5
13117,13117,13117,6,6,retained,0;1;2;3;4;5
13118,13118,13118,6,8,retained,0;1;2;3;4;5
13119,13119,13119,6,6,retained,0;1;2;3;4;5
13120,13120,13120,6,8,retained,0;1;2;3;4;5
13121,13121,13121,6,6,retained,0;1;2;3;4;5
13122,13122,13122,6,7,retained,0;1;2;3;4;5
13123,13123,13123,6,5,retained,0;1;2;3;4;5
13124,13124,13124,6,8,retained,0;1;2;3;4;5
13125,13125,13125,6,5,retained,0;1;2;3;4;5
13126,13126,13126,6,7,retained,0;1;2;3;4;5
13127,13127,13127,6,8,retained,0;1;2;3;4;5
13128,13128,13128,6,6,retained,0;1;2;3;4;5
13129,13129,13129,6,8,retained,0;1;2;3;4;5
13130,13130,13130,6,8,retained,0;1;2;3;4;5
13131,13131,13131,6,8,retained,0;1;2;3;4;5
13132,13132,13132,6,8,retained,0;1;2;3;4;5
13133,13133,13133,6,7,retained,0;1;2;3;4;5
13134,13134,13134,6,7,retained,0;1;2;3;4;5
13135,13135,13135,6,8,retained,0;1;2;3;4;5
13136,13136,13136,6,7,retained,0;1;2;3;4;5
13137,13137,13137,6,8,retained,0;1;2;3;4;5
13138,13138,13138,6,4,retained,0;1;2;3;4;5
13139,13139,13139,6,7,retained,0;1;2;3;4;5
13140,13140,13140,6,7,retained,0;1;2;3;4;5
13141,13141,13141,6,8,retained,0;1;2;3;4;5
13142,13142,13142,6,7,retained,0;1;2;3;4;5
13143,13143,13143,6,6,retained,0;1;2;3;4;5
13144,13144,13144,6,8,retained,0;1;2;3;4;5
13145,13145,13145,6,7,retained,0;1;2;3;4;5
13146,13146,13146,6,6,retained,0;1;2;3;4;5
13147,13147,13147,6,5,retained,0;1;2;3;4;5
13148,13148,13148,6,8,retained,0;1;2;3;4;5
13149,13149,13149,6,7,retained,0;1;2;3;4;5
13150,13150,13150,6,8,retained,0;1;2;3;4;5
13151,13151,13151,6,8,retained,0;1;2;3;4;5
13152,13152,13152,6,8,retained,0;1;2;3;4;5
13153,13153,13153,6,7,retained,0;1;2;3;4;5
13154,13154,13154,6,6,retained,0;1;2;3;4;5
13155,13155,13155,6,4,retained,0;1;2;3;4;5
13156,13156,13156,6,7,retained,0;1;2;3;4;5
13157,13157,13157,6,6,retained,0;1;2;3;4;5
13158,13158,13158,6,8,retained,0;1;2;3;4;5
13159,13159,13159,6,7,retained,0;1;2;3;4;5
13160,13160,13160,6,8,retained,0;1;2;3;4;5
13161,13161,13161,6,8,retained,0;1;2;3;4;5
13162,13162,13162,6,8,retained,0;1;2;3;4;5
13163,13163,13163,6,8,retained,0;1;2;3;4;5
13164,13164,13164,6,8,retained,0;1;2;3;4;5
13165,13165,13165,6,7,retained,0;1;2;3;4;5
13166,13166,13166,6,7,retained,0;1;2;3;4;5
13167,13167,13167,6,8,retained,0;1;2;3;4;5
13168,13168,13168,6,6,retained,0;1;2;3;4;5
13169,13169,13169,6,8,retained,0;1;2;3;4;5
13170,13170,13170,6,7,retained,0;1;2;3;4;5
13171,13171,13171,6,7,retained,0;1;2;3;4;5
13172,13172,13172,6,8,retained,0;1;2;3;4;5
13173,13173,13173,6,7,retained,0;1;2;3;4;5
13174,13174,13174,6,4,retained,0;1;2;3;4;5
13175,13175,13175,6,6,retained,0;1;2;3;4;5
13176,13176,13176,6,7,retained,0;1;2;3;4;5
13177,13177,13177,6,7,retained,0;1;2;3;4;5
13178,13178,13178,6,8,retained,0;1;2;3;4;5
13179,13179,13179,6,8,retained,0;1;2;3;4;5
13180,13180,13180,6,8,retained,0;1;2;3;4;5
13181,13181,13181,6,6,retained,0;1;2;3;4;5
13182,13182,13182,6,6,retained,0;1;2;3;4;5
13183,13183,13183,6,8,retained,0;1;2;3;4;5
13184,13184,13184,6,8,retained,0;1;2;3;4;5
13185,13185,13185,6,8,retained,0;1;2;3;4;5
13186,13186,13186,6,8,retained,0;1;2;3;4;5
13187,13187,13187,6,6,retained,0;1;2;3;4;5
13188,13188,13188,6,8,retained,0;1;2;3;4;5
13189,13189,13189,6,8,retained,0;1;2;3;4;5
13190,13190,13190,6,5,retained,0;1;2;3;4;5
13191,13191,13191,6,6,retained,0;1;2;3;4;5
13192,13192,13192,6,7,retained,0;1;2;3;4;5
13193,13193,13193,6,8,retained,0;1;2;3;4;5
13194,13194,13194,6,6,retained,0;1;2;3;4;5
13195,13195,13195,6,6,retained,0;1;2;3;4;5
13196,13196,13196,6,8,retained,0;1;2;3;4;5
13197,13197,13197,6,7,retained,0;1;2;3;4;5
13198,13198,13198,6,7,retained,0;1;2;3;4;5
13199,13199,13199,6,8,retained,0;1;2;3;4;5
13200,13200,13200,6,4,retained,0;1;2;3;4;5
13201,13201,13201,6,8,retained,0;1;2;3;4;5
13202,13202,13202,6,5,retained,0;1;2;3;4;5
13203,13203,13203,6,7,retained,0;1;2;3;4;5
13204,13204,13204,6,6,retained,0;1;2;3;4;5
13205,13205,13205,6,7,retained,0;1;2;3;4;5
13206,13206,13206,6,8,retained,0;1;2;3;4;5
13207,13207,13207,6,8,retained,0;1;2;3;4;5
13208,13208,13208,6,8,retained,0;1;2;3;4;5
13209,13209,13209,6,5,retained,0;1;2;3;4;5
13210,13210,13210,6,8,retained,0;1;2;3;4;5
13211,13211,13211,6,7,retained,0;1;2;3;4;5
13212,13212,13212,6,8,retained,0;1;2;3;4;5
13213,13213,13213,6,8,retained,0;1;2;3;4;5
13214,13214,13214,6,7,retained,0;1;2;3;4;5
13215,13215,13215,6,8,retained,0;1;2;3;4;5
13216,13216,13216,6,8,retained,0;1;2;3;4;5
13217,13217,13217,6,8,retained,0;1;2;3;4;5
13218,13218,13218,6,4,retained,0;1;2;3;4;5
13219,13219,13219,6,4,retained,0;1;2;3;4;5
13220,13220,13220,6,6,retained,0;1;2;3;4;5
13221,13221,13221,6,6,retained,0;1;2;3;4;5
13222,13222,13222,6,6,retained,0;1;2;3;4;5
13223,13223,13223,6,6,retained,0;1;2;3;4;5
13224,13224,13224,6,6,retained,0;1;2;3;4;5
13225,13225,13225,6,7,retained,0;1;2;3;4;5
13226,13226,13226,6,7,retained,0;1;2;3;4;5
13227,13227,13227,6,8,retained,0;1;2;3;4;5
13228,13228,13228,6,8,retained,0;1;2;3;4;5
13229,13229,13229,6,8,retained,0;1;2;3;4;5
13230,13230,13230,6,8,retained,0;1;2;3;4;5
13231,13231,13231,6,8,retained,0;1;2;3;4;5
13232,13232,13232,6,8,retained,0;1;2;3;4;5
13233,13233,13233,6,8,retained,0;1;2;3;4;5
13234,13234,13234,6,7,retained,0;1;2;3;4;5
13235,13235,13235,6,8,retained,0;1;2;3;4;5
13236,13236,13236,6,6,retained,0;1;2;3;4;5
13237,13237,13237,6,6,retained,0;1;2;3;4;5
13238,13238,13238,6,7,retained,0;1;2;3;4;5
13239,13239,13239,6,7,retained,0;1;2;3;4;5
13240,13240,13240,6,7,retained,0;1;2;3;4;5
13241,13241,13241,6,7,retained,0;1;2;3;4;5
13242,13242,13242,6,7,retained,0;1;2;3;4;5
13243,13243,13243,6,8,retained,0;1;2;3;4;5
13244,13244,13244,6,8,retained,0;1;2;3;4;5
13245,13245,13245,6,8,retained,0;1;2;3;4;5
13246,13246,13246,6,7,retained,0;1;2;3;4;5
13247,13247,13247,6,8,retained,0;1;2;3;4;5
13248,13248,13248,6,8,retained,0;1;2;3;4;5
13249,13249,13249,6,8,retained,0;1;2;3;4;5
13250,13250,13250,6,8,retained,0;1;2;3;4;5
13251,13251,13251,6,7,retained,0;1;2;3;4;5
13252,13252,13252,6,8,retained,0;1;2;3;4;5
13253,13253,13253,6,7,retained,0;1;2;3;4;5
13254,13254,13254,6,6,retained,0;1;2;3;4;5
13255,13255,13255,6,6,retained,0;1;2;3;4;5
13256,13256,13256,6,8,retained,0;1;2;3;4;5
13257,13257,13257,6,8,retained,0;1;2;3;4;5
13258,13258,13258,6,8,retained,0;1;2;3;4;5
13259,13259,13259,6,7,retained,0;1;2;3;4;5
13260,13260,13260,6,8,retained,0;1;2;3;4;5
13261,13261,13261,6,6,retained,0;1;2;3;4;5
13262,13262,13262,6,7,retained,0;1;2;3;4;5
13263,13263,13263,6,8,retained,0;1;2;3;4;5
13264,13264,13264,6,6,retained,0;1;2;3;4;5
13265,13265,13265,6,8,retained,0;1;2;3;4;5
13266,13266,13266,6,8,retained,0;1;2;3;4;5
13267,13267,13267,6,6,retained,0;1;2;3;4;5
13268,13268,13268,6,8,retained,0;1;2;3;4;5
13269,13269,13269,6,7,retained,0;1;2;3;4;5
13270,13270,13270,6,8,retained,0;1;2;3;4;5
13271,13271,13271,6,8,retained,0;1;2;3;4;5
13272,13272,13272,6,7,retained,0;1;2;3;4;5
13273,13273,13273,6,8,retained,0;1;2;3;4;5
13274,13274,13274,6,8,retained,0;1;2;3;4;5
13275,13275,13275,6,8,retained,0;1;2;3;4;5
13276,13276,13276,6,7,retained,0;1;2;3;4;5
13277,13277,13277,6,5,retained,0;1;2;3;4;5
13278,13278,13278,6,6,retained,0;1;2;3;4;5
13279,13279,13279,6,5,retained,0;1;2;3;4;5
13280,13280,13280,6,8,retained,0;1;2;3;4;5
13281,13281,13281,6,8,retained,0;1;2;3;4;5
13282,13282,13282,6,5,retained,0;1;2;3;4;5
13283,13283,13283,6,8,retained,0;1;2;3;4;5
13284,13284,13284,6,5,retained,0;1;2;3;4;5
13285,13285,13285,6,8,retained,0;1;2;3;4;5
13286,13286,13286,6,8,retained,0;1;2;3;4;5
13287,13287,13287,6,8,retained,0;1;2;3;4;5
13288,13288,13288,6,8,retained,0;1;2;3;4;5
13289,13289,13289,6,7,retained,0;1;2;3;4;5
13290,13290,13290,6,7,retained,0;1;2;3;4;5
13291,13291,13291,6,8,retained,0;1;2;3;4;5
13292,13292,13292,6,8,retained,0;1;2;3;4;5
13293,13293,13293,6,8,retained,0;1;2;3;4;5
13294,13294,13294,6,6,retained,0;1;2;3;4;5
13295,13295,13295,6,6,retained,0;1;2;3;4;5
13296,13296,13296,6,6,retained,0;1;2;3;4;5
13297,13297,13297,6,8,retained,0;1;2;3;4;5
13298,13298,13298,6,8,retained,0;1;2;3;4;5
13299,13299,13299,6,8,retained,0;1;2;3;4;5
13300,13300,13300,6,8,retained,0;1;2;3;4;5
13301,13301,13301,6,8,retained,0;1;2;3;4;5
13302,13302,13302,6,8,retained,0;1;2;3;4;5
13303,13303,13303,6,8,retained,0;1;2;3;4;5
13304,13304,13304,6,8,retained,0;1;2;3;4;5
13305,13305,13305,6,8,retained,0;1;2;3;4;5
13306,13306,13306,6,7,retained,0;1;2;3;4;5
13307,13307,13307,6,5,retained,0;1;2;3;4;5
13308,13308,13308,6,5,retained,0;1;2;3;4;5
13309,13309,13309,6,8,retained,0;1;2;3;4;5
13310,13310,13310,6,8,retained,0;1;2;3;4;5
13311,13311,13311,6,8,retained,0;1;2;3;4;5
13312,13312,13312,6,8,retained,0;1;2;3;4;5
13313,13313,13313,6,8,retained,0;1;2;3;4;5
13314,13314,13314,6,8,retained,0;1;2;3;4;5
13315,13315,13315,6,8,retained,0;1;2;3;4;5
13316,13316,13316,6,8,retained,0;1;2;3;4;5
13317,13317,13317,6,8,retained,0;1;2;3;4;5
13318,13318,13318,6,8,retained,0;1;2;3;4;5
13319,13319,13319,6,8,retained,0;1;2;3;4;5
13320,13320,13320,6,8,retained,0;1;2;3;4;5
13321,13321,13321,6,7,retained,0;1;2;3;4;5
13322,13322,13322,6,6,retained,0;1;2;3;4;5
13323,13323,13323,6,7,retained,0;1;2;3;4;5
13324,13324,13324,6,8,retained,0;1;2;3;4;5
13325,13325,13325,6,8,retained,0;1;2;3;4;5
13326,13326,13326,6,8,retained,0;1;2;3;4;5
13327,13327,13327,6,5,retained,0;1;2;3;4;5
13328,13328,13328,6,8,retained,0;1;2;3;4;5
13329,13329,13329,6,8,retained,0;1;2;3;4;5
13330,13330,13330,6,7,retained,0;1;2;3;4;5
13331,13331,13331,6,6,retained,0;1;2;3;4;5
13332,13332,13332,6,8,retained,0;1;2;3;4;5
13333,13333,13333,6,7,retained,0;1;2;3;4;5
13334,13334,13334,6,8,retained,0;1;2;3;4;5
13335,13335,13335,6,7,retained,0;1;2;3;4;5
13336,13336,13336,6,8,retained,0;1;2;3;4;5
13337,13337,13337,6,8,retained,0;1;2;3;4;5
13338,13338,13338,6,8,retained,0;1;2;3;4;5
13339,13339,13339,6,8,retained,0;1;2;3;4;5
13340,13340,13340,6,8,retained,0;1;2;3;4;5
13341,13341,13341,6,6,retained,0;1;2;3;4;5
13342,13342,13342,6,8,retained,0;1;2;3;4;5
13343,13343,13343,6,8,retained,0;1;2;3;4;5
13344,13344,13344,6,8,retained,0;1;2;3;4;5
13345,13345,13345,6,6,retained,0;1;2;3;4;5
13346,13346,13346,6,8,retained,0;1;2;3;4;5
13347,13347,13347,6,7,retained,0;1;2;3;4;5
13348,13348,13348,6,7,retained,0;1;2;3;4;5
13349,13349,13349,6,8,retained,0;1;2;3;4;5
13350,13350,13350,6,5,retained,0;1;2;3;4;5
13351,13351,13351,6,7,retained,0;1;2;3;4;5
13352,13352,13352,6,5,retained,0;1;2;3;4;5
13353,13353,13353,6,6,retained,0;1;2;3;4;5
13354,13354,13354,6,8,retained,0;1;2;3;4;5
13355,13355,13355,6,8,retained,0;1;2;3;4;5
13356,13356,13356,6,7,retained,0;1;2;3;4;5
13357,13357,13357,6,8,retained,0;1;2;3;4;5
13358,13358,13358,6,8,retained,0;1;2;3;4;5
13359,13359,13359,6,8,retained,0;1;2;3;4;5
13360,13360,13360,6,8,retained,0;1;2;3;4;5
13361,13361,13361,6,6,retained,0;1;2;3;4;5
13362,13362,13362,6,8,retained,0;1;2;3;4;5
13363,13363,13363,6,8,retained,0;1;2;3;4;5
13364,13364,13364,6,7,retained,0;1;2;3;4;5
13365,13365,13365,6,8,retained,0;1;2;3;4;5
13366,13366,13366,6,8,retained,0;1;2;3;4;5
13367,13367,13367,6,7,retained,0;1;2;3;4;5
13368,13368,13368,6,7,retained,0;1;2;3;4;5
13369,13369,13369,6,8,retained,0;1;2;3;4;5
13370,13370,13370,6,6,retained,0;1;2;3;4;5
13371,13371,13371,6,7,retained,0;1;2;3;4;5
13372,13372,13372,6,8,retained,0;1;2;3;4;5
13373,13373,13373,6,8,retained,0;1;2;3;4;5
13374,13374,13374,6,8,retained,0;1;2;3;4;5
13375,13375,13375,6,7,retained,0;1;2;3;4;5
13376,13376,13376,6,6,retained,0;1;2;3;4;5
13377,13377,13377,6,7,retained,0;1;2;3;4;5
13378,13378,13378,6,8,retained,0;1;2;3;4;5
13379,13379,13379,6,8,retained,0;1;2;3;4;5
13380,13380,13380,6,6,retained,0;1;2;3;4;5
13381,13381,13381,6,6,retained,0;1;2;3;4;5
13382,13382,13382,6,6,retained,0;1;2;3;4;5
13383,13383,13383,6,8,retained,0;1;2;3;4;5
13384,13384,13384,6,8,retained,0;1;2;3;4;5
13385,13385,13385,6,8,retained,0;1;2;3;4;5
13386,13386,13386,6,8,retained,0;1;2;3;4;5
13387,13387,13387,6,8,retained,0;1;2;3;4;5
13388,13388,13388,6,8,retained,0;1;2;3;4;5
13389,13389,13389,6,8,retained,0;1;2;3;4;5
13390,13390,13390,6,8,retained,0;1;2;3;4;5
13391,13391,13391,6,7,retained,0;1;2;3;4;5
13392,13392,13392,6,5,retained,0;1;2;3;4;5
13393,13393,13393,6,8,retained,0;1;2;3;4;5
13394,13394,13394,6,2,retained,0;1;2;3;4;5
13395,13395,13395,6,4,retained,0;1;2;3;4;5
13396,13396,13396,6,4,retained,0;1;2;3;4;5
13397,13397,13397,6,3,retained,0;1;2;3;4;5
13398,13398,13398,6,6,retained,0;1;2;3;4;5
13399,13399,13399,6,8,retained,0;1;2;3;4;5
13400,13400,13400,6,8,retained,0;1;2;3;4;5
13401,13401,13401,6,8,retained,0;1;2;3;4;5
13402,13402,13402,6,7,retained,0;1;2;3;4;5
13403,13403,13403,6,6,retained,0;1;2;3;4;5
13404,13404,13404,6,7,retained,0;1;2;3;4;5
13405,13405,13405,6,8,retained,0;1;2;3;4;5
13406,13406,13406,6,8,retained,0;1;2;3;4;5
13407,13407,13407,6,7,retained,0;1;2;3;4;5
13408,13408,13408,6,8,retained,0;1;2;3;4;5
13409,13409,13409,6,8,retained,0;1;2;3;4;5
13410,13410,13410,6,8,retained,0;1;2;3;4;5
13411,13411,13411,6,8,retained,0;1;2;3;4;5
13412,13412,13412,6,7,retained,0;1;2;3;4;5
13413,13413,13413,6,6,retained,0;1;2;3;4;5
13414,13414,13414,6,6,retained,0;1;2;3;4;5
13415,13415,13415,6,4,retained,0;1;2;3;4;5
13416,13416,13416,6,7,retained,0;1;2;3;4;5
13417,13417,13417,6,8,retained,0;1;2;3;4;5
13418,13418,13418,6,7,retained,0;1;2;3;4;5
13419,13419,13419,6,6,retained,0;1;2;3;4;5
13420,13420,13420,6,5,retained,0;1;2;3;4;5
13421,13421,13421,6,5,retained,0;1;2;3;4;5
13422,13422,13422,6,6,retained,0;1;2;3;4;5
13423,13423,13423,6,5,retained,0;1;2;3;4;5
13424,13424,13424,6,5,retained,0;1;2;3;4;5
13425,13425,13425,6,7,retained,0;1;2;3;4;5
13426,13426,13426,6,5,retained,0;1;2;3;4;5
13427,13427,13427,6,8,retained,0;1;2;3;4;5
13428,13428,13428,6,7,retained,0;1;2;3;4;5
13429,13429,13429,6,7,retained,0;1;2;3;4;5
13430,13430,13430,6,6,retained,0;1;2;3;4;5
13431,13431,13431,6,8,retained,0;1;2;3;4;5
13432,13432,13432,6,6,retained,0;1;2;3;4;5
13433,13433,13433,6,7,retained,0;1;2;3;4;5
13434,13434,13434,6,8,retained,0;1;2;3;4;5
13435,13435,13435,6,8,retained,0;1;2;3;4;5
13436,13436,13436,6,8,retained,0;1;2;3;4;5
13437,13437,13437,6,8,retained,0;1;2;3;4;5
13438,13438,13438,6,8,retained,0;1;2;3;4;5
13439,13439,13439,6,8,retained,0;1;2;3;4;5
13440,13440,13440,6,8,retained,0;1;2;3;4;5
13441,13441,13441,6,8,retained,0;1;2;3;4;5
13442,13442,13442,6,8,retained,0;1;2;3;4;5
13443,13443,13443,6,4,retained,0;1;2;3;4;5
13444,13444,13444,6,8,retained,0;1;2;3;4;5
13445,13445,13445,6,8,retained,0;1;2;3;4;5
13446,13446,13446,6,8,retained,0;1;2;3;4;5
13447,13447,13447,6,8,retained,0;1;2;3;4;5
13448,13448,13448,6,8,retained,0;1;2;3;4;5
13449,13449,13449,6,8,retained,0;1;2;3;4;5
13450,13450,13450,6,4,retained,0;1;2;3;4;5
13451,13451,13451,6,6,retained,0;1;2;3;4;5
13452,13452,13452,6,8,retained,0;1;2;3;4;5
13453,13453,13453,6,8,retained,0;1;2;3;4;5
13454,13454,13454,6,8,retained,0;1;2;3;4;5
13455,13455,13455,6,8,retained,0;1;2;3;4;5
13456,13456,13456,6,8,retained,0;1;2;3;4;5
13457,13457,13457,6,7,retained,0;1;2;3;4;5
13458,13458,13458,6,8,retained,0;1;2;3;4;5
13459,13459,13459,6,8,retained,0;1;2;3;4;5
13460,13460,13460,6,8,retained,0;1;2;3;4;5
13461,13461,13461,6,8,retained,0;1;2;3;4;5
13462,13462,13462,6,8,retained,0;1;2;3;4;5
13463,13463,13463,6,8,retained,0;1;2;3;4;5
13464,13464,13464,6,8,retained,0;1;2;3;4;5
13465,13465,13465,6,8,retained,0;1;2;3;4;5
13466,13466,13466,6,8,retained,0;1;2;3;4;5
13467,13467,13467,6,8,retained,0;1;2;3;4;5
13468,13468,13468,6,8,retained,0;1;2;3;4;5
13469,13469,13469,6,8,retained,0;1;2;3;4;5
13470,13470,13470,6,8,retained,0;1;2;3;4;5
13471,13471,13471,6,8,retained,0;1;2;3;4;5
13472,13472,13472,6,6,retained,0;1;2;3;4;5
13473,13473,13473,6,6,retained,0;1;2;3;4;5
13474,13474,13474,6,8,retained,0;1;2;3;4;5
13475,13475,13475,6,6,retained,0;1;2;3;4;5
13476,13476,13476,6,8,retained,0;1;2;3;4;5
13477,13477,13477,6,6,retained,0;1;2;3;4;5
13478,13478,13478,6,8,retained,0;1;2;3;4;5
13479,13479,13479,6,7,retained,0;1;2;3;4;5
13480,13480,13480,6,7,retained,0;1;2;3;4;5
13481,13481,13481,6,7,retained,0;1;2;3;4;5
13482,13482,13482,6,8,retained,0;1;2;3;4;5
13483,13483,13483,6,7,retained,0;1;2;3;4;5
13484,13484,13484,6,7,retained,0;1;2;3;4;5
13485,13485,13485,6,8,retained,0;1;2;3;4;5
13486,13486,13486,6,8,retained,0;1;2;3;4;5
13487,13487,13487,6,7,retained,0;1;2;3;4;5
13488,13488,13488,6,8,retained,0;1;2;3;4;5
13489,13489,13489,6,7,retained,0;1;2;3;4;5
13490,13490,13490,6,7,retained,0;1;2;3;4;5
13491,13491,13491,6,7,retained,0;1;2;3;4;5
13492,13492,13492,6,6,retained,0;1;2;3;4;5
13493,13493,13493,6,6,retained,0;1;2;3;4;5
13494,13494,13494,6,6,retained,0;1;2;3;4;5
13495,13495,13495,6,4,retained,0;1;2;3;4;5
13496,13496,13496,6,4,retained,0;1;2;3;4;5
13497,13497,13497,6,6,retained,0;1;2;3;4;5
13498,13498,13498,6,6,retained,0;1;2;3;4;5
13499,13499,13499,6,6,retained,0;1;2;3;4;5
13500,13500,13500,6,7,retained,0;1;2;3;4;5
13501,13501,13501,6,7,retained,0;1;2;3;4;5
13502,13502,13502,6,7,retained,0;1;2;3;4;5
13503,13503,13503,6,8,retained,0;1;2;3;4;5
13504,13504,13504,6,8,retained,0;1;2;3;4;5
13505,13505,13505,6,8,retained,0;1;2;3;4;5
13506,13506,13506,6,7,retained,0;1;2;3;4;5
13507,13507,13507,6,8,retained,0;1;2;3;4;5
13508,13508,13508,6,6,retained,0;1;2;3;4;5
13509,13509,13509,6,6,retained,0;1;2;3;4;5
13510,13510,13510,6,8,retained,0;1;2;3;4;5
13511,13511,13511,6,7,retained,0;1;2;3;4;5
13512,13512,13512,6,6,retained,0;1;2;3;4;5
13513,13513,13513,6,4,retained,0;1;2;3;4;5
13514,13514,13514,6,4,retained,0;1;2;3;4;5
13515,13515,13515,6,5,retained,0;1;2;3;4;5
13516,13516,13516,6,5,retained,0;1;2;3;4;5
13517,13517,13517,6,5,retained,0;1;2;3;4;5
13518,13518,13518,6,7,retained,0;1;2;3;4;5
13519,13519,13519,6,8,retained,0;1;2;3;4;5
13520,13520,13520,6,5,retained,0;1;2;3;4;5
13521,13521,13521,6,8,retained,0;1;2;3;4;5
13522,13522,13522,6,8,retained,0;1;2;3;4;5
13523,13523,13523,6,7,retained,0;1;2;3;4;5
13524,13524,13524,6,8,retained,0;1;2;3;4;5
13525,13525,13525,6,5,retained,0;1;2;3;4;5
13526,13526,13526,6,4,retained,0;1;2;3;4;5
13527,13527,13527,6,4,retained,0;1;2;3;4;5
13528,13528,13528,6,8,retained,0;1;2;3;4;5
13529,13529,13529,6,5,retained,0;1;2;3;4;5
13530,13530,13530,6,7,retained,0;1;2;3;4;5
13531,13531,13531,6,8,retained,0;1;2;3;4;5
13532,13532,13532,6,7,retained,0;1;2;3;4;5
13533,13533,13533,6,5,retained,0;1;2;3;4;5
13534,13534,13534,6,7,retained,0;1;2;3;4;5
13535,13535,13535,6,5,retained,0;1;2;3;4;5
13536,13536,13536,6,8,retained,0;1;2;3;4;5
13537,13537,13537,6,8,retained,0;1;2;3;4;5
13538,13538,13538,6,6,retained,0;1;2;3;4;5
13539,13539,13539,6,7,retained,0;1;2;3;4;5
13540,13540,13540,6,8,retained,0;1;2;3;4;5
13541,13541,13541,6,7,retained,0;1;2;3;4;5
13542,13542,13542,6,4,retained,0;1;2;3;4;5
13543,13543,13543,6,8,retained,0;1;2;3;4;5
13544,13544,13544,6,6,retained,0;1;2;3;4;5
13545,13545,13545,6,8,retained,0;1;2;3;4;5
13546,13546,13546,6,8,retained,0;1;2;3;4;5
13547,13547,13547,6,5,retained,0;1;2;3;4;5
13548,13548,13548,6,5,retained,0;1;2;3;4;5
13549,13549,13549,6,5,retained,0;1;2;3;4;5
13550,13550,13550,6,7,retained,0;1;2;3;4;5
13551,13551,13551,6,8,retained,0;1;2;3;4;5
13552,13552,13552,6,7,retained,0;1;2;3;4;5
13553,13553,13553,6,4,retained,0;1;2;3;4;5
13554,13554,13554,6,6,retained,0;1;2;3;4;5
13555,13555,13555,6,8,retained,0;1;2;3;4;5
13556,13556,13556,6,5,retained,0;1;2;3;4;5
13557,13557,13557,6,8,retained,0;1;2;3;4;5
13558,13558,13558,6,8,retained,0;1;2;3;4;5
13559,13559,13559,6,6,retained,0;1;2;3;4;5
13560,13560,13560,6,8,retained,0;1;2;3;4;5
13561,13561,13561,6,7,retained,0;1;2;3;4;5
13562,13562,13562,6,5,retained,0;1;2;3;4;5
13563,13563,13563,6,5,retained,0;1;2;3;4;5
13564,13564,13564,6,7,retained,0;1;2;3;4;5
13565,13565,13565,6,8,retained,0;1;2;3;4;5
13566,13566,13566,6,5,retained,0;1;2;3;4;5
13567,13567,13567,6,6,retained,0;1;2;3;4;5
13568,13568,13568,6,7,retained,0;1;2;3;4;5
13569,13569,13569,6,7,retained,0;1;2;3;4;5
13570,13570,13570,6,8,retained,0;1;2;3;4;5
13571,13571,13571,6,6,retained,0;1;2;3;4;5
13572,13572,13572,6,6,retained,0;1;2;3;4;5
13573,13573,13573,6,7,retained,0;1;2;3;4;5
13574,13574,13574,6,7,retained,0;1;2;3;4;5
13575,13575,13575,6,8,retained,0;1;2;3;4;5
13576,13576,13576,6,8,retained,0;1;2;3;4;5
13577,13577,13577,6,6,retained,0;1;2;3;4;5
13578,13578,13578,6,8,retained,0;1;2;3;4;5
13579,13579,13579,6,6,retained,0;1;2;3;4;5
13580,13580,13580,6,8,retained,0;1;2;3;4;5
13581,13581,13581,6,8,retained,0;1;2;3;4;5
13582,13582,13582,6,8,retained,0;1;2;3;4;5
13583,13583,13583,6,8,retained,0;1;2;3;4;5
13584,13584,13584,6,8,retained,0;1;2;3;4;5
13585,13585,13585,6,8,retained,0;1;2;3;4;5
13586,13586,13586,6,8,retained,0;1;2;3;4;5
13587,13587,13587,6,8,retained,0;1;2;3;4;5
13588,13588,13588,6,8,retained,0;1;2;3;4;5
13589,13589,13589,6,4,retained,0;1;2;3;4;5
13590,13590,13590,6,8,retained,0;1;2;3;4;5
13591,13591,13591,6,8,retained,0;1;2;3;4;5
13592,13592,13592,6,7,retained,0;1;2;3;4;5
13593,13593,13593,6,7,retained,0;1;2;3;4;5
13594,13594,13594,6,7,retained,0;1;2;3;4;5
13595,13595,13595,6,7,retained,0;1;2;3;4;5
13596,13596,13596,6,7,retained,0;1;2;3;4;5
13597,13597,13597,6,8,retained,0;1;2;3;4;5
13598,13598,13598,6,7,retained,0;1;2;3;4;5
13599,13599,13599,6,8,retained,0;1;2;3;4;5
13600,13600,13600,6,8,retained,0;1;2;3;4;5
13601,13601,13601,6,8,retained,0;1;2;3;4;5
13602,13602,13602,6,8,retained,0;1;2;3;4;5
13603,13603,13603,6,8,retained,0;1;2;3;4;5
13604,13604,13604,6,7,retained,0;1;2;3;4;5
13605,13605,13605,6,8,retained,0;1;2;3;4;5
13606,13606,13606,6,8,retained,0;1;2;3;4;5
13607,13607,13607,6,8,retained,0;1;2;3;4;5
13608,13608,13608,6,8,retained,0;1;2;3;4;5
13609,13609,13609,6,8,retained,0;1;2;3;4;5
13610,13610,13610,6,6,retained,0;1;2;3;4;5
13611,13611,13611,6,8,retained,0;1;2;3;4;5
13612,13612,13612,6,8,retained,0;1;2;3;4;5
13613,13613,13613,6,8,retained,0;1;2;3;4;5
13614,13614,13614,6,8,retained,0;1;2;3;4;5
13615,13615,13615,6,6,retained,0;1;2;3;4;5
13616,13616,13616,6,8,retained,0;1;2;3;4;5
13617,13617,13617,6,7,retained,0;1;2;3;4;5
13618,13618,13618,6,8,retained,0;1;2;3;4;5
13619,13619,13619,6,7,retained,0;1;2;3;4;5
13620,13620,13620,6,8,retained,0;1;2;3;4;5
13621,13621,13621,6,7,retained,0;1;2;3;4;5
13622,13622,13622,6,8,retained,0;1;2;3;4;5
13623,13623,13623,6,8,retained,0;1;2;3;4;5
13624,13624,13624,6,6,retained,0;1;2;3;4;5
13625,13625,13625,6,8,retained,0;1;2;3;4;5
13626,13626,13626,6,8,retained,0;1;2;3;4;5
13627,13627,13627,6,8,retained,0;1;2;3;4;5
13628,13628,13628,6,8,retained,0;1;2;3;4;5
13629,13629,13629,6,8,retained,0;1;2;3;4;5
13630,13630,13630,6,8,retained,0;1;2;3;4;5
13631,13631,13631,6,8,retained,0;1;2;3;4;5
13632,13632,13632,6,8,retained,0;1;2;3;4;5
13633,13633,13633,6,8,retained,0;1;2;3;4;5
13634,13634,13634,6,6,retained,0;1;2;3;4;5
13635,13635,13635,6,8,retained,0;1;2;3;4;5
13636,13636,13636,6,7,retained,0;1;2;3;4;5
13637,13637,13637,6,6,retained,0;1;2;3;4;5
13638,13638,13638,6,5,retained,0;1;2;3;4;5
13639,13639,13639,6,7,retained,0;1;2;3;4;5
13640,13640,13640,6,6,retained,0;1;2;3;4;5
13641,13641,13641,6,5,retained,0;1;2;3;4;5
13642,13642,13642,6,4,retained,0;1;2;3;4;5
13643,13643,13643,6,6,retained,0;1;2;3;4;5
13644,13644,13644,6,7,retained,0;1;2;3;4;5
13645,13645,13645,6,8,retained,0;1;2;3;4;5
13646,13646,13646,6,8,retained,0;1;2;3;4;5
13647,13647,13647,6,7,retained,0;1;2;3;4;5
13648,13648,13648,6,8,retained,0;1;2;3;4;5
13649,13649,13649,6,8,retained,0;1;2;3;4;5
13650,13650,13650,6,4,retained,0;1;2;3;4;5
13651,13651,13651,6,7,retained,0;1;2;3;4;5
13652,13652,13652,6,7,retained,0;1;2;3;4;5
13653,13653,13653,6,6,retained,0;1;2;3;4;5
13654,13654,13654,6,8,retained,0;1;2;3;4;5
13655,13655,13655,6,8,retained,0;1;2;3;4;5
13656,13656,13656,6,6,retained,0;1;2;3;4;5
13657,13657,13657,6,8,retained,0;1;2;3;4;5
13658,13658,13658,6,7,retained,0;1;2;3;4;5
13659,13659,13659,6,8,retained,0;1;2;3;4;5
13660,13660,13660,6,7,retained,0;1;2;3;4;5
13661,13661,13661,6,7,retained,0;1;2;3;4;5
13662,13662,13662,6,8,retained,0;1;2;3;4;5
13663,13663,13663,6,8,retained,0;1;2;3;4;5
13664,13664,13664,6,7,retained,0;1;2;3;4;5
13665,13665,13665,6,6,retained,0;1;2;3;4;5
13666,13666,13666,6,8,retained,0;1;2;3;4;5
13667,13667,13667,6,7,retained,0;1;2;3;4;5
13668,13668,13668,6,8,retained,0;1;2;3;4;5
13669,13669,13669,6,8,retained,0;1;2;3;4;5
13670,13670,13670,6,8,retained,0;1;2;3;4;5
13671,13671,13671,6,5,retained,0;1;2;3;4;5
13672,13672,13672,6,5,retained,0;1;2;3;4;5
13673,13673,13673,6,5,retained,0;1;2;3;4;5
13674,13674,13674,6,8,retained,0;1;2;3;4;5
13675,13675,13675,6,7,retained,0;1;2;3;4;5
13676,13676,13676,6,6,retained,0;1;2;3;4;5
13677,13677,13677,6,7,retained,0;1;2;3;4;5
13678,13678,13678,6,6,retained,0;1;2;3;4;5
13679,13679,13679,6,8,retained,0;1;2;3;4;5
13680,13680,13680,6,7,retained,0;1;2;3;4;5
13681,13681,13681,6,8,retained,0;1;2;3;4;5
13682,13682,13682,6,7,retained,0;1;2;3;4;5
13683,13683,13683,6,8,retained,0;1;2;3;4;5
13684,13684,13684,6,7,retained,0;1;2;3;4;5
13685,13685,13685,6,8,retained,0;1;2;3;4;5
13686,13686,13686,6,6,retained,0;1;2;3;4;5
13687,13687,13687,6,7,retained,0;1;2;3;4;5
13688,13688,13688,6,6,retained,0;1;2;3;4;5
13689,13689,13689,6,7,retained,0;1;2;3;4;5
13690,13690,13690,6,7,retained,0;1;2;3;4;5
13691,13691,13691,6,8,retained,0;1;2;3;4;5
13692,13692,13692,6,6,retained,0;1;2;3;4;5
13693,13693,13693,6,8,retained,0;1;2;3;4;5
13694,13694,13694,6,7,retained,0;1;2;3;4;5
13695,13695,13695,6,7,retained,0;1;2;3;4;5
13696,13696,13696,6,8,retained,0;1;2;3;4;5
13697,13697,13697,6,8,retained,0;1;2;3;4;5
13698,13698,13698,6,7,retained,0;1;2;3;4;5
13699,13699,13699,6,6,retained,0;1;2;3;4;5
13700,13700,13700,6,7,retained,0;1;2;3;4;5
13701,13701,13701,6,7,retained,0;1;2;3;4;5
13702,13702,13702,6,4,retained,0;1;2;3;4;5
13703,13703,13703,6,8,retained,0;1;2;3;4;5
13704,13704,13704,6,6,retained,0;1;2;3;4;5
13705,13705,13705,6,7,retained,0;1;2;3;4;5
13706,13706,13706,6,8,retained,0;1;2;3;4;5
13707,13707,13707,6,8,retained,0;1;2;3;4;5
13708,13708,13708,6,7,retained,0;1;2;3;4;5
13709,13709,13709,6,7,retained,0;1;2;3;4;5
13710,13710,13710,6,7,retained,0;1;2;3;4;5
13711,13711,13711,6,8,retained,0;1;2;3;4;5
13712,13712,13712,6,8,retained,0;1;2;3;4;5
13713,13713,13713,6,8,retained,0;1;2;3;4;5
13714,13714,13714,6,8,retained,0;1;2;3;4;5
13715,13715,13715,6,8,retained,0;1;2;3;4;5
13716,13716,13716,6,6,retained,0;1;2;3;4;5
13717,13717,13717,6,8,retained,0;1;2;3;4;5
13718,13718,13718,6,7,retained,0;1;2;3;4;5
13719,13719,13719,6,8,retained,0;1;2;3;4;5
13720,13720,13720,6,7,retained,0;1;2;3;4;5
13721,13721,13721,6,7,retained,0;1;2;3;4;5
13722,13722,13722,6,8,retained,0;1;2;3;4;5
13723,13723,13723,6,8,retained,0;1;2;3;4;5
13724,13724,13724,6,8,retained,0;1;2;3;4;5
13725,13725,13725,6,8,retained,0;1;2;3;4;5
13726,13726,13726,6,8,retained,0;1;2;3;4;5
13727,13727,13727,6,7,retained,0;1;2;3;4;5
13728,13728,13728,6,7,retained,0;1;2;3;4;5
13729,13729,13729,6,7,retained,0;1;2;3;4;5
13730,13730,13730,6,8,retained,0;1;2;3;4;5
13731,13731,13731,6,8,retained,0;1;2;3;4;5
13732,13732,13732,6,8,retained,0;1;2;3;4;5
13733,13733,13733,6,8,retained,0;1;2;3;4;5
13734,13734,13734,6,8,retained,0;1;2;3;4;5
13735,13735,13735,6,6,retained,0;1;2;3;4;5
13736,13736,13736,6,8,retained,0;1;2;3;4;5
13737,13737,13737,6,7,retained,0;1;2;3;4;5
13738,13738,13738,6,7,retained,0;1;2;3;4;5
13739,13739,13739,6,8,retained,0;1;2;3;4;5
13740,13740,13740,6,8,retained,0;1;2;3;4;5
13741,13741,13741,6,8,retained,0;1;2;3;4;5
13742,13742,13742,6,6,retained,0;1;2;3;4;5
13743,13743,13743,6,7,retained,0;1;2;3;4;5
13744,13744,13744,6,8,retained,0;1;2;3;4;5
13745,13745,13745,6,8,retained,0;1;2;3;4;5
13746,13746,13746,6,7,retained,0;1;2;3;4;5
13747,13747,13747,6,8,retained,0;1;2;3;4;5
13748,13748,13748,6,7,retained,0;1;2;3;4;5
13749,13749,13749,6,6,retained,0;1;2;3;4;5
13750,13750,13750,6,8,retained,0;1;2;3;4;5
13751,13751,13751,6,8,retained,0;1;2;3;4;5
13752,13752,13752,6,8,retained,0;1;2;3;4;5
13753,13753,13753,6,7,retained,0;1;2;3;4;5
13754,13754,13754,6,8,retained,0;1;2;3;4;5
13755,13755,13755,6,8,retained,0;1;2;3;4;5
13756,13756,13756,6,8,retained,0;1;2;3;4;5
13757,13757,13757,6,8,retained,0;1;2;3;4;5
13758,13758,13758,6,8,retained,0;1;2;3;4;5
13759,13759,13759,6,7,retained,0;1;2;3;4;5
13760,13760,13760,6,6,retained,0;1;2;3;4;5
13761,13761,13761,6,8,retained,0;1;2;3;4;5
13762,13762,13762,6,8,retained,0;1;2;3;4;5
13763,13763,13763,6,7,retained,0;1;2;3;4;5
13764,13764,13764,6,8,retained,0;1;2;3;4;5
13765,13765,13765,6,8,retained,0;1;2;3;4;5
13766,13766,13766,6,8,retained,0;1;2;3;4;5
13767,13767,13767,6,7,retained,0;1;2;3;4;5
13768,13768,13768,6,8,retained,0;1;2;3;4;5
13769,13769,13769,6,8,retained,0;1;2;3;4;5
13770,13770,13770,6,7,retained,0;1;2;3;4;5
13771,13771,13771,6,7,retained,0;1;2;3;4;5
13772,13772,13772,6,7,retained,0;1;2;3;4;5
13773,13773,13773,6,8,retained,0;1;2;3;4;5
13774,13774,13774,6,8,retained,0;1;2;3;4;5
13775,13775,13775,6,7,retained,0;1;2;3;4;5
13776,13776,13776,6,8,retained,0;1;2;3;4;5
13777,13777,13777,6,7,retained,0;1;2;3;4;5
13778,13778,13778,6,8,retained,0;1;2;3;4;5
13779,13779,13779,6,8,retained,0;1;2;3;4;5
13780,13780,13780,6,6,retained,0;1;2;3;4;5
13781,13781,13781,6,7,retained,0;1;2;3;4;5
13782,13782,13782,6,7,retained,0;1;2;3;4;5
13783,13783,13783,6,8,retained,0;1;2;3;4;5
13784,13784,13784,6,8,retained,0;1;2;3;4;5
13785,13785,13785,6,7,retained,0;1;2;3;4;5
13786,13786,13786,6,8,retained,0;1;2;3;4;5
13787,13787,13787,6,8,retained,0;1;2;3;4;5
13788,13788,13788,6,8,retained,0;1;2;3;4;5
13789,13789,13789,6,8,retained,0;1;2;3;4;5
13790,13790,13790,6,7,retained,0;1;2;3;4;5
13791,13791,13791,6,8,retained,0;1;2;3;4;5
13792,13792,13792,6,7,retained,0;1;2;3;4;5
13793,13793,13793,6,8,retained,0;1;2;3;4;5
13794,13794,13794,6,8,retained,0;1;2;3;4;5
13795,13795,13795,6,8,retained,0;1;2;3;4;5
13796,13796,13796,6,7,retained,0;1;2;3;4;5
13797,13797,13797,6,7,retained,0;1;2;3;4;5
13798,13798,13798,6,7,retained,0;1;2;3;4;5
13799,13799,13799,6,8,retained,0;1;2;3;4;5
13800,13800,13800,6,8,retained,0;1;2;3;4;5
13801,13801,13801,6,7,retained,0;1;2;3;4;5
13802,13802,13802,6,7,retained,0;1;2;3;4;5
13803,13803,13803,6,8,retained,0;1;2;3;4;5
13804,13804,13804,6,8,retained,0;1;2;3;4;5
13805,13805,13805,6,8,retained,0;1;2;3;4;5
13806,13806,13806,6,8,retained,0;1;2;3;4;5
13807,13807,13807,6,8,retained,0;1;2;3;4;5
13808,13808,13808,6,6,retained,0;1;2;3;4;5
13809,13809,13809,6,8,retained,0;1;2;3;4;5
13810,13810,13810,6,7,retained,0;1;2;3;4;5
13811,13811,13811,6,8,retained,0;1;2;3;4;5
13812,13812,13812,6,8,retained,0;1;2;3;4;5
13813,13813,13813,6,8,retained,0;1;2;3;4;5
13814,13814,13814,6,8,retained,0;1;2;3;4;5
13815,13815,13815,6,7,retained,0;1;2;3;4;5
13816,13816,13816,6,8,retained,0;1;2;3;4;5
13817,13817,13817,6,8,retained,0;1;2;3;4;5
13818,13818,13818,6,8,retained,0;1;2;3;4;5
13819,13819,13819,6,8,retained,0;1;2;3;4;5
13820,13820,13820,6,8,retained,0;1;2;3;4;5
13821,13821,13821,6,8,retained,0;1;2;3;4;5
13822,13822,13822,6,8,retained,0;1;2;3;4;5
13823,13823,13823,6,8,retained,0;1;2;3;4;5
13824,13824,13824,6,8,retained,0;1;2;3;4;5
13825,13825,13825,6,8,retained,0;1;2;3;4;5
13826,13826,13826,6,8,retained,0;1;2;3;4;5
13827,13827,13827,6,8,retained,0;1;2;3;4;5
13828,13828,13828,6,8,retained,0;1;2;3;4;5
13829,13829,13829,6,8,retained,0;1;2;3;4;5
13830,13830,13830,6,7,retained,0;1;2;3;4;5
13831,13831,13831,6,7,retained,0;1;2;3;4;5
13832,13832,13832,6,7,retained,0;1;2;3;4;5
13833,13833,13833,6,8,retained,0;1;2;3;4;5
13834,13834,13834,6,8,retained,0;1;2;3;4;5
13835,13835,13835,6,8,retained,0;1;2;3;4;5
13836,13836,13836,6,8,retained,0;1;2;3;4;5
13837,13837,13837,6,8,retained,0;1;2;3;4;5
13838,13838,13838,6,7,retained,0;1;2;3;4;5
13839,13839,13839,6,6,retained,0;1;2;3;4;5
13840,13840,13840,6,7,retained,0;1;2;3;4;5
13841,13841,13841,6,8,retained,0;1;2;3;4;5
13842,13842,13842,6,6,retained,0;1;2;3;4;5
13843,13843,13843,6,8,retained,0;1;2;3;4;5
13844,13844,13844,6,8,retained,0;1;2;3;4;5
13845,13845,13845,6,8,retained,0;1;2;3;4;5
13846,13846,13846,6,8,retained,0;1;2;3;4;5
13847,13847,13847,6,7,retained,0;1;2;3;4;5
13848,13848,13848,6,6,retained,0;1;2;3;4;5
13849,13849,13849,6,6,retained,0;1;2;3;4;5
13850,13850,13850,6,6,retained,0;1;2;3;4;5
13851,13851,13851,6,6,retained,0;1;2;3;4;5
13852,13852,13852,6,6,retained,0;1;2;3;4;5
13853,13853,13853,6,6,retained,0;1;2;3;4;5
13854,13854,13854,6,6,retained,0;1;2;3;4;5
13855,13855,13855,6,8,retained,0;1;2;3;4;5
13856,13856,13856,6,7,retained,0;1;2;3;4;5
13857,13857,13857,6,7,retained,0;1;2;3;4;5
13858,13858,13858,6,7,retained,0;1;2;3;4;5
13859,13859,13859,6,7,retained,0;1;2;3;4;5
13860,13860,13860,6,7,retained,0;1;2;3;4;5
13861,13861,13861,6,7,retained,0;1;2;3;4;5
13862,13862,13862,6,7,retained,0;1;2;3;4;5
13863,13863,13863,6,8,retained,0;1;2;3;4;5
13864,13864,13864,6,8,retained,0;1;2;3;4;5
13865,13865,13865,6,8,retained,0;1;2;3;4;5
13866,13866,13866,6,8,retained,0;1;2;3;4;5
13867,13867,13867,6,8,retained,0;1;2;3;4;5
13868,13868,13868,6,8,retained,0;1;2;3;4;5
13869,13869,13869,6,8,retained,0;1;2;3;4;5
13870,13870,13870,6,8,retained,0;1;2;3;4;5
13871,13871,13871,6,8,retained,0;1;2;3;4;5
13872,13872,13872,6,8,retained,0;1;2;3;4;5
13873,13873,13873,6,8,retained,0;1;2;3;4;5
13874,13874,13874,6,8,retained,0;1;2;3;4;5
13875,13875,13875,6,8,retained,0;1;2;3;4;5
13876,13876,13876,6,8,retained,0;1;2;3;4;5
13877,13877,13877,6,8,retained,0;1;2;3;4;5
13878,13878,13878,6,8,retained,0;1;2;3;4;5
13879,13879,13879,6,7,retained,0;1;2;3;4;5
13880,13880,13880,6,8,retained,0;1;2;3;4;5
13881,13881,13881,6,6,retained,0;1;2;3;4;5
13882,13882,13882,6,8,retained,0;1;2;3;4;5
13883,13883,13883,6,7,retained,0;1;2;3;4;5
13884,13884,13884,6,7,retained,0;1;2;3;4;5
13885,13885,13885,6,8,retained,0;1;2;3;4;5
13886,13886,13886,6,8,retained,0;1;2;3;4;5
13887,13887,13887,6,7,retained,0;1;2;3;4;5
13888,13888,13888,6,6,retained,0;1;2;3;4;5
13889,13889,13889,6,6,retained,0;1;2;3;4;5
13890,13890,13890,6,8,retained,0;1;2;3;4;5
13891,13891,13891,6,7,retained,0;1;2;3;4;5
13892,13892,13892,6,6,retained,0;1;2;3;4;5
13893,13893,13893,6,7,retained,0;1;2;3;4;5
13894,13894,13894,6,7,retained,0;1;2;3;4;5
13895,13895,13895,6,7,retained,0;1;2;3;4;5
13896,13896,13896,6,7,retained,0;1;2;3;4;5
13897,13897,13897,6,7,retained,0;1;2;3;4;5
13898,13898,13898,6,7,retained,0;1;2;3;4;5
13899,13899,13899,6,7,retained,0;1;2;3;4;5
13900,13900,13900,6,7,retained,0;1;2;3;4;5
13901,13901,13901,6,7,retained,0;1;2;3;4;5
13902,13902,13902,6,8,retained,0;1;2;3;4;5
13903,13903,13903,6,8,retained,0;1;2;3;4;5
13904,13904,13904,6,8,retained,0;1;2;3;4;5
13905,13905,13905,6,6,retained,0;1;2;3;4;5
13906,13906,13906,6,8,retained,0;1;2;3;4;5
13907,13907,13907,6,5,retained,0;1;2;3;4;5
13908,13908,13908,6,8,retained,0;1;2;3;4;5
13909,13909,13909,6,8,retained,0;1;2;3;4;5
13910,13910,13910,6,8,retained,0;1;2;3;4;5
13911,13911,13911,6,8,retained,0;1;2;3;4;5
13912,13912,13912,6,8,retained,0;1;2;3;4;5
13913,13913,13913,6,8,retained,0;1;2;3;4;5
13914,13914,13914,6,7,retained,0;1;2;3;4;5
13915,13915,13915,6,7,retained,0;1;2;3;4;5
13916,13916,13916,6,8,retained,0;1;2;3;4;5
13917,13917,13917,6,8,retained,0;1;2;3;4;5
13918,13918,13918,6,8,retained,0;1;2;3;4;5
13919,13919,13919,6,8,retained,0;1;2;3;4;5
13920,13920,13920,6,7,retained,0;1;2;3;4;5
13921,13921,13921,6,8,retained,0;1;2;3;4;5
13922,13922,13922,6,8,retained,0;1;2;3;4;5
13923,13923,13923,6,7,retained,0;1;2;3;4;5
13924,13924,13924,6,8,retained,0;1;2;3;4;5
13925,13925,13925,6,8,retained,0;1;2;3;4;5
13926,13926,13926,6,8,retained,0;1;2;3;4;5
13927,13927,13927,6,8,retained,0;1;2;3;4;5
13928,13928,13928,6,8,retained,0;1;2;3;4;5
13929,13929,13929,6,8,retained,0;1;2;3;4;5
13930,13930,13930,6,7,retained,0;1;2;3;4;5
13931,13931,13931,6,8,retained,0;1;2;3;4;5
13932,13932,13932,6,8,retained,0;1;2;3;4;5
13933,13933,13933,6,8,retained,0;1;2;3;4;5
13934,13934,13934,6,8,retained,0;1;2;3;4;5
13935,13935,13935,6,8,retained,0;1;2;3;4;5
13936,13936,13936,6,7,retained,0;1;2;3;4;5
13937,13937,13937,6,7,retained,0;1;2;3;4;5
13938,13938,13938,6,7,retained,0;1;2;3;4;5
13939,13939,13939,6,8,retained,0;1;2;3;4;5
13940,13940,13940,6,8,retained,0;1;2;3;4;5
13941,13941,13941,6,8,retained,0;1;2;3;4;5
13942,13942,13942,6,7,retained,0;1;2;3;4;5
13943,13943,13943,6,8,retained,0;1;2;3;4;5
13944,13944,13944,6,8,retained,0;1;2;3;4;5
13945,13945,13945,6,8,retained,0;1;2;3;4;5
13946,13946,13946,6,5,retained,0;1;2;3;4;5
13947,13947,13947,6,8,retained,0;1;2;3;4;5
13948,13948,13948,6,8,retained,0;1;2;3;4;5
13949,13949,13949,6,8,retained,0;1;2;3;4;5
13950,13950,13950,6,8,retained,0;1;2;3;4;5
13951,13951,13951,6,8,retained,0;1;2;3;4;5
13952,13952,13952,6,8,retained,0;1;2;3;4;5
13953,13953,13953,6,8,retained,0;1;2;3;4;5
13954,13954,13954,6,8,retained,0;1;2;3;4;5
13955,13955,13955,6,8,retained,0;1;2;3;4;5
13956,13956,13956,6,8,retained,0;1;2;3;4;5
13957,13957,13957,6,8,retained,0;1;2;3;4;5
13958,13958,13958,6,8,retained,0;1;2;3;4;5
13959,13959,13959,6,5,retained,0;1;2;3;4;5
13960,13960,13960,6,5,retained,0;1;2;3;4;5
13961,13961,13961,6,8,retained,0;1;2;3;4;5
13962,13962,13962,6,8,retained,0;1;2;3;4;5
13963,13963,13963,6,8,retained,0;1;2;3;4;5
13964,13964,13964,6,8,retained,0;1;2;3;4;5
13965,13965,13965,6,8,retained,0;1;2;3;4;5
13966,13966,13966,6,8,retained,0;1;2;3;4;5
13967,13967,13967,6,7,retained,0;1;2;3;4;5
13968,13968,13968,6,8,retained,0;1;2;3;4;5
13969,13969,13969,6,8,retained,0;1;2;3;4;5
13970,13970,13970,6,8,retained,0;1;2;3;4;5
13971,13971,13971,6,8,retained,0;1;2;3;4;5
13972,13972,13972,6,7,retained,0;1;2;3;4;5
13973,13973,13973,6,7,retained,0;1;2;3;4;5
13974,13974,13974,6,8,retained,0;1;2;3;4;5
13975,13975,13975,6,8,retained,0;1;2;3;4;5
13976,13976,13976,6,7,retained,0;1;2;3;4;5
13977,13977,13977,6,7,retained,0;1;2;3;4;5
13978,13978,13978,6,7,retained,0;1;2;3;4;5
13979,13979,13979,6,7,retained,0;1;2;3;4;5
13980,13980,13980,6,8,retained,0;1;2;3;4;5
13981,13981,13981,6,8,retained,0;1;2;3;4;5
13982,13982,13982,6,8,retained,0;1;2;3;4;5
13983,13983,13983,6,8,retained,0;1;2;3;4;5
13984,13984,13984,6,8,retained,0;1;2;3;4;5
13985,13985,13985,6,8,retained,0;1;2;3;4;5
13986,13986,13986,6,8,retained,0;1;2;3;4;5
13987,13987,13987,6,7,retained,0;1;2;3;4;5
13988,13988,13988,6,5,retained,0;1;2;3;4;5
13989,13989,13989,6,5,retained,0;1;2;3;4;5
13990,13990,13990,6,6,retained,0;1;2;3;4;5
13991,13991,13991,6,8,retained,0;1;2;3;4;5
13992,13992,13992,6,7,retained,0;1;2;3;4;5
13993,13993,13993,6,3,retained,0;1;2;3;4;5
13994,13994,13994,6,3,retained,0;1;2;3;4;5
13995,13995,13995,6,7,retained,0;1;2;3;4;5
13996,13996,13996,6,7,retained,0;1;2;3;4;5
13997,13997,13997,6,8,retained,0;1;2;3;4;5
13998,13998,13998,6,8,retained,0;1;2;3;4;5
13999,13999,13999,6,7,retained,0;1;2;3;4;5
14000,14000,14000,6,8,retained,0;1;2;3;4;5
14001,14001,14001,6,6,retained,0;1;2;3;4;5
14002,14002,14002,6,8,retained,0;1;2;3;4;5
14003,14003,14003,6,8,retained,0;1;2;3;4;5
14004,14004,14004,6,7,retained,0;1;2;3;4;5
14005,14005,14005,6,8,retained,0;1;2;3;4;5
14006,14006,14006,6,7,retained,0;1;2;3;4;5
14007,14007,14007,6,8,retained,0;1;2;3;4;5
14008,14008,14008,6,8,retained,0;1;2;3;4;5
14009,14009,14009,6,8,retained,0;1;2;3;4;5
14010,14010,14010,6,8,retained,0;1;2;3;4;5
14011,14011,14011,6,7,retained,0;1;2;3;4;5
14012,14012,14012,6,8,retained,0;1;2;3;4;5
14013,14013,14013,6,7,retained,0;1;2;3;4;5
14014,14014,14014,6,8,retained,0;1;2;3;4;5
14015,14015,14015,6,8,retained,0;1;2;3;4;5
14016,14016,14016,6,8,retained,0;1;2;3;4;5
14017,14017,14017,6,8,retained,0;1;2;3;4;5
14018,14018,14018,6,8,retained,0;1;2;3;4;5
14019,14019,14019,6,8,retained,0;1;2;3;4;5
14020,14020,14020,6,7,retained,0;1;2;3;4;5
14021,14021,14021,6,8,retained,0;1;2;3;4;5
14022,14022,14022,6,8,retained,0;1;2;3;4;5
14023,14023,14023,6,8,retained,0;1;2;3;4;5
14024,14024,14024,6,8,retained,0;1;2;3;4;5
14025,14025,14025,6,8,retained,0;1;2;3;4;5
14026,14026,14026,6,8,retained,0;1;2;3;4;5
14027,14027,14027,6,8,retained,0;1;2;3;4;5
14028,14028,14028,6,4,retained,0;1;2;3;4;5
14029,14029,14029,6,8,retained,0;1;2;3;4;5
14030,14030,14030,6,5,retained,0;1;2;3;4;5
14031,14031,14031,6,8,retained,0;1;2;3;4;5
14032,14032,14032,6,8,retained,0;1;2;3;4;5
14033,14033,14033,6,8,retained,0;1;2;3;4;5
14034,14034,14034,6,8,retained,0;1;2;3;4;5
14035,14035,14035,6,8,retained,0;1;2;3;4;5
14036,14036,14036,6,8,retained,0;1;2;3;4;5
14037,14037,14037,6,7,retained,0;1;2;3;4;5
14038,14038,14038,6,7,retained,0;1;2;3;4;5
14039,14039,14039,6,8,retained,0;1;2;3;4;5
14040,14040,14040,6,8,retained,0;1;2;3;4;5
14041,14041,14041,6,8,retained,0;1;2;3;4;5
14042,14042,14042,6,8,retained,0;1;2;3;4;5
14043,14043,14043,6,6,retained,0;1;2;3;4;5
14044,14044,14044,6,8,retained,0;1;2;3;4;5
14045,14045,14045,6,6,retained,0;1;2;3;4;5
14046,14046,14046,6,8,retained,0;1;2;3;4;5
14047,14047,14047,6,5,retained,0;1;2;3;4;5
14048,14048,14048,6,5,retained,0;1;2;3;4;5
14049,14049,14049,6,4,retained,0;1;2;3;4;5
14050,14050,14050,6,4,retained,0;1;2;3;4;5
14051,14051,14051,6,8,retained,0;1;2;3;4;5
14052,14052,14052,6,8,retained,0;1;2;3;4;5
14053,14053,14053,6,8,retained,0;1;2;3;4;5
14054,14054,14054,6,8,retained,0;1;2;3;4;5
14055,14055,14055,6,8,retained,0;1;2;3;4;5
14056,14056,14056,6,8,retained,0;1;2;3;4;5
14057,14057,14057,6,8,retained,0;1;2;3;4;5
14058,14058,14058,6,8,retained,0;1;2;3;4;5
14059,14059,14059,6,8,retained,0;1;2;3;4;5
14060,14060,14060,6,8,retained,0;1;2;3;4;5
14061,14061,14061,6,8,retained,0;1;2;3;4;5
14062,14062,14062,6,7,retained,0;1;2;3;4;5
14063,14063,14063,6,7,retained,0;1;2;3;4;5
14064,14064,14064,6,7,retained,0;1;2;3;4;5
14065,14065,14065,6,6,retained,0;1;2;3;4;5
14066,14066,14066,6,5,retained,0;1;2;3;4;5
14067,14067,14067,6,5,retained,0;1;2;3;4;5
14068,14068,14068,6,8,retained,0;1;2;3;4;5
14069,14069,14069,6,8,retained,0;1;2;3;4;5
14070,14070,14070,6,8,retained,0;1;2;3;4;5
14071,14071,14071,6,8,retained,0;1;2;3;4;5
14072,14072,14072,6,7,retained,0;1;2;3;4;5
14073,14073,14073,6,7,retained,0;1;2;3;4;5
14074,14074,14074,6,7,retained,0;1;2;3;4;5
14075,14075,14075,6,8,retained,0;1;2;3;4;5
14076,14076,14076,6,8,retained,0;1;2;3;4;5
14077,14077,14077,6,8,retained,0;1;2;3;4;5
14078,14078,14078,6,8,retained,0;1;2;3;4;5
14079,14079,14079,6,8,retained,0;1;2;3;4;5
14080,14080,14080,6,6,retained,0;1;2;3;4;5
14081,14081,14081,6,5,retained,0;1;2;3;4;5
14082,14082,14082,6,4,retained,0;1;2;3;4;5
14083,14083,14083,6,6,retained,0;1;2;3;4;5
14084,14084,14084,6,7,retained,0;1;2;3;4;5
14085,14085,14085,6,8,retained,0;1;2;3;4;5
14086,14086,14086,6,8,retained,0;1;2;3;4;5
14087,14087,14087,6,8,retained,0;1;2;3;4;5
14088,14088,14088,6,7,retained,0;1;2;3;4;5
14089,14089,14089,6,4,retained,0;1;2;3;4;5
14090,14090,14090,6,3,retained,0;1;2;3;4;5
14091,14091,14091,6,6,retained,0;1;2;3;4;5
14092,14092,14092,6,6,retained,0;1;2;3;4;5
14093,14093,14093,6,5,retained,0;1;2;3;4;5
14094,14094,14094,6,7,retained,0;1;2;3;4;5
14095,14095,14095,6,8,retained,0;1;2;3;4;5
14096,14096,14096,6,7,retained,0;1;2;3;4;5
14097,14097,14097,6,7,retained,0;1;2;3;4;5
14098,14098,14098,6,8,retained,0;1;2;3;4;5
14099,14099,14099,6,8,retained,0;1;2;3;4;5
14100,14100,14100,6,5,retained,0;1;2;3;4;5
14101,14101,14101,6,4,retained,0;1;2;3;4;5
14102,14102,14102,6,4,retained,0;1;2;3;4;5
14103,14103,14103,6,7,retained,0;1;2;3;4;5
14104,14104,14104,6,8,retained,0;1;2;3;4;5
14105,14105,14105,6,7,retained,0;1;2;3;4;5
14106,14106,14106,6,8,retained,0;1;2;3;4;5
14107,14107,14107,6,8,retained,0;1;2;3;4;5
14108,14108,14108,6,7,retained,0;1;2;3;4;5
14109,14109,14109,6,8,retained,0;1;2;3;4;5
14110,14110,14110,6,8,retained,0;1;2;3;4;5
14111,14111,14111,6,8,retained,0;1;2;3;4;5
14112,14112,14112,6,6,retained,0;1;2;3;4;5
14113,14113,14113,6,8,retained,0;1;2;3;4;5
14114,14114,14114,6,8,retained,0;1;2;3;4;5
14115,14115,14115,6,8,retained,0;1;2;3;4;5
14116,14116,14116,6,8,retained,0;1;2;3;4;5
14117,14117,14117,6,8,retained,0;1;2;3;4;5
14118,14118,14118,6,8,retained,0;1;2;3;4;5
14119,14119,14119,6,8,retained,0;1;2;3;4;5
14120,14120,14120,6,8,retained,0;1;2;3;4;5
14121,14121,14121,6,8,retained,0;1;2;3;4;5
14122,14122,14122,6,7,retained,0;1;2;3;4;5
14123,14123,14123,6,8,retained,0;1;2;3;4;5
14124,14124,14124,6,8,retained,0;1;2;3;4;5
14125,14125,14125,6,8,retained,0;1;2;3;4;5
14126,14126,14126,6,8,retained,0;1;2;3;4;5
14127,14127,14127,6,5,retained,0;1;2;3;4;5
14128,14128,14128,6,5,retained,0;1;2;3;4;5
14129,14129,14129,6,5,retained,0;1;2;3;4;5
14130,14130,14130,6,7,retained,0;1;2;3;4;5
14131,14131,14131,6,7,retained,0;1;2;3;4;5
14132,14132,14132,6,7,retained,0;1;2;3;4;5
14133,14133,14133,6,7,retained,0;1;2;3;4;5
14134,14134,14134,6,8,retained,0;1;2;3;4;5
14135,14135,14135,6,5,retained,0;1;2;3;4;5
14136,14136,14136,6,5,retained,0;1;2;3;4;5
14137,14137,14137,6,7,retained,0;1;2;3;4;5
14138,14138,14138,6,7,retained,0;1;2;3;4;5
14139,14139,14139,6,7,retained,0;1;2;3;4;5
14140,14140,14140,6,7,retained,0;1;2;3;4;5
14141,14141,14141,6,6,retained,0;1;2;3;4;5
14142,14142,14142,6,6,retained,0;1;2;3;4;5
14143,14143,14143,6,7,retained,0;1;2;3;4;5
14144,14144,14144,6,8,retained,0;1;2;3;4;5
14145,14145,14145,6,8,retained,0;1;2;3;4;5
14146,14146,14146,6,7,retained,0;1;2;3;4;5
14147,14147,14147,6,8,retained,0;1;2;3;4;5
14148,14148,14148,6,8,retained,0;1;2;3;4;5
14149,14149,14149,6,6,retained,0;1;2;3;4;5
14150,14150,14150,6,6,retained,0;1;2;3;4;5
14151,14151,14151,6,7,retained,0;1;2;3;4;5
14152,14152,14152,6,6,retained,0;1;2;3;4;5
14153,14153,14153,6,6,retained,0;1;2;3;4;5
14154,14154,14154,6,6,retained,0;1;2;3;4;5
14155,14155,14155,6,7,retained,0;1;2;3;4;5
14156,14156,14156,6,8,retained,0;1;2;3;4;5
14157,14157,14157,6,6,retained,0;1;2;3;4;5
14158,14158,14158,6,6,retained,0;1;2;3;4;5
14159,14159,14159,6,8,retained,0;1;2;3;4;5
14160,14160,14160,6,8,retained,0;1;2;3;4;5
14161,14161,14161,6,7,retained,0;1;2;3;4;5
14162,14162,14162,6,6,retained,0;1;2;3;4;5
14163,14163,14163,6,8,retained,0;1;2;3;4;5
14164,14164,14164,6,7,retained,0;1;2;3;4;5
14165,14165,14165,6,6,retained,0;1;2;3;4;5
14166,14166,14166,6,8,retained,0;1;2;3;4;5
14167,14167,14167,6,6,retained,0;1;2;3;4;5
14168,14168,14168,6,7,retained,0;1;2;3;4;5
14169,14169,14169,6,8,retained,0;1;2;3;4;5
14170,14170,14170,6,8,retained,0;1;2;3;4;5
14171,14171,14171,6,8,retained,0;1;2;3;4;5
14172,14172,14172,6,7,retained,0;1;2;3;4;5
14173,14173,14173,6,8,retained,0;1;2;3;4;5
14174,14174,14174,6,8,retained,0;1;2;3;4;5
14175,14175,14175,6,8,retained,0;1;2;3;4;5
14176,14176,14176,6,8,retained,0;1;2;3;4;5
14177,14177,14177,6,7,retained,0;1;2;3;4;5
14178,14178,14178,6,8,retained,0;1;2;3;4;5
14179,14179,14179,6,8,retained,0;1;2;3;4;5
14180,14180,14180,6,7,retained,0;1;2;3;4;5
14181,14181,14181,6,8,retained,0;1;2;3;4;5
14182,14182,14182,6,7,retained,0;1;2;3;4;5
14183,14183,14183,6,7,retained,0;1;2;3;4;5
14184,14184,14184,6,8,retained,0;1;2;3;4;5
14185,14185,14185,6,8,retained,0;1;2;3;4;5
14186,14186,14186,6,8,retained,0;1;2;3;4;5
14187,14187,14187,6,7,retained,0;1;2;3;4;5
14188,14188,14188,6,6,retained,0;1;2;3;4;5
14189,14189,14189,6,3,retained,0;1;2;3;4;5
14190,14190,14190,6,6,retained,0;1;2;3;4;5
14191,14191,14191,6,5,retained,0;1;2;3;4;5
14192,14192,14192,6,5,retained,0;1;2;3;4;5
14193,14193,14193,6,5,retained,0;1;2;3;4;5
14194,14194,14194,6,5,retained,0;1;2;3;4;5
14195,14195,14195,6,4,retained,0;1;2;3;4;5
14196,14196,14196,6,8,retained,0;1;2;3;4;5
14197,14197,14197,6,8,retained,0;1;2;3;4;5
14198,14198,14198,6,5,retained,0;1;2;3;4;5
14199,14199,14199,6,6,retained,0;1;2;3;4;5
14200,14200,14200,6,8,retained,0;1;2;3;4;5
14201,14201,14201,6,8,retained,0;1;2;3;4;5
14202,14202,14202,6,8,retained,0;1;2;3;4;5
14203,14203,14203,6,7,retained,0;1;2;3;4;5
14204,14204,14204,6,7,retained,0;1;2;3;4;5
14205,14205,14205,6,8,retained,0;1;2;3;4;5
14206,14206,14206,6,7,retained,0;1;2;3;4;5
14207,14207,14207,6,7,retained,0;1;2;3;4;5
14208,14208,14208,6,6,retained,0;1;2;3;4;5
14209,14209,14209,6,5,retained,0;1;2;3;4;5
14210,14210,14210,6,8,retained,0;1;2;3;4;5
14211,14211,14211,6,8,retained,0;1;2;3;4;5
14212,14212,14212,6,8,retained,0;1;2;3;4;5
14213,14213,14213,6,7,retained,0;1;2;3;4;5
14214,14214,14214,6,8,retained,0;1;2;3;4;5
14215,14215,14215,6,7,retained,0;1;2;3;4;5
14216,14216,14216,6,7,retained,0;1;2;3;4;5
14217,14217,14217,6,7,retained,0;1;2;3;4;5
14218,14218,14218,6,5,retained,0;1;2;3;4;5
14219,14219,14219,6,5,retained,0;1;2;3;4;5
14220,14220,14220,6,7,retained,0;1;2;3;4;5
14221,14221,14221,6,7,retained,0;1;2;3;4;5
14222,14222,14222,6,7,retained,0;1;2;3;4;5
14223,14223,14223,6,7,retained,0;1;2;3;4;5
14224,14224,14224,6,5,retained,0;1;2;3;4;5
14225,14225,14225,6,5,retained,0;1;2;3;4;5
14226,14226,14226,6,6,retained,0;1;2;3;4;5
14227,14227,14227,6,6,retained,0;1;2;3;4;5
14228,14228,14228,6,7,retained,0;1;2;3;4;5
14229,14229,14229,6,6,retained,0;1;2;3;4;5
14230,14230,14230,6,5,retained,0;1;2;3;4;5
14231,14231,14231,6,5,retained,0;1;2;3;4;5
14232,14232,14232,6,6,retained,0;1;2;3;4;5
14233,14233,14233,6,6,retained,0;1;2;3;4;5
14234,14234,14234,6,6,retained,0;1;2;3;4;5
14235,14235,14235,6,5,retained,0;1;2;3;4;5
14236,14236,14236,6,6,retained,0;1;2;3;4;5
14237,14237,14237,6,6,retained,0;1;2;3;4;5
14238,14238,14238,6,7,retained,0;1;2;3;4;5
14239,14239,14239,6,7,retained,0;1;2;3;4;5
14240,14240,14240,6,6,retained,0;1;2;3;4;5
14241,14241,14241,6,8,retained,0;1;2;3;4;5
14242,14242,14242,6,7,retained,0;1;2;3;4;5
14243,14243,14243,6,7,retained,0;1;2;3;4;5
14244,14244,14244,6,8,retained,0;1;2;3;4;5
14245,14245,14245,6,6,retained,0;1;2;3;4;5
14246,14246,14246,6,6,retained,0;1;2;3;4;5
14247,14247,14247,6,7,retained,0;1;2;3;4;5
14248,14248,14248,6,7,retained,0;1;2;3;4;5
14249,14249,14249,6,7,retained,0;1;2;3;4;5
14250,14250,14250,6,6,retained,0;1;2;3;4;5
14251,14251,14251,6,8,retained,0;1;2;3;4;5
14252,14252,14252,6,6,retained,0;1;2;3;4;5
14253,14253,14253,6,8,retained,0;1;2;3;4;5
14254,14254,14254,6,6,retained,0;1;2;3;4;5
14255,14255,14255,6,7,retained,0;1;2;3;4;5
14256,14256,14256,6,7,retained,0;1;2;3;4;5
14257,14257,14257,6,7,retained,0;1;2;3;4;5
14258,14258,14258,6,7,retained,0;1;2;3;4;5
14259,14259,14259,6,5,retained,0;1;2;3;4;5
14260,14260,14260,6,8,retained,0;1;2;3;4;5
14261,14261,14261,6,8,retained,0;1;2;3;4;5
14262,14262,14262,6,8,retained,0;1;2;3;4;5
14263,14263,14263,6,8,retained,0;1;2;3;4;5
14264,14264,14264,6,8,retained,0;1;2;3;4;5
14265,14265,14265,6,8,retained,0;1;2;3;4;5
14266,14266,14266,6,7,retained,0;1;2;3;4;5
14267,14267,14267,6,8,retained,0;1;2;3;4;5
14268,14268,14268,6,8,retained,0;1;2;3;4;5
14269,14269,14269,6,8,retained,0;1;2;3;4;5
14270,14270,14270,6,6,retained,0;1;2;3;4;5
14271,14271,14271,6,7,retained,0;1;2;3;4;5
14272,14272,14272,6,7,retained,0;1;2;3;4;5
14273,14273,14273,6,8,retained,0;1;2;3;4;5
14274,14274,14274,6,8,retained,0;1;2;3;4;5
14275,14275,14275,6,7,retained,0;1;2;3;4;5
14276,14276,14276,6,6,retained,0;1;2;3;4;5
14277,14277,14277,6,5,retained,0;1;2;3;4;5
14278,14278,14278,6,8,retained,0;1;2;3;4;5
14279,14279,14279,6,5,retained,0;1;2;3;4;5
14280,14280,14280,6,6,retained,0;1;2;3;4;5
14281,14281,14281,6,8,retained,0;1;2;3;4;5
14282,14282,14282,6,7,retained,0;1;2;3;4;5
14283,14283,14283,6,6,retained,0;1;2;3;4;5
14284,14284,14284,6,6,retained,0;1;2;3;4;5
14285,14285,14285,6,6,retained,0;1;2;3;4;5
14286,14286,14286,6,6,retained,0;1;2;3;4;5
14287,14287,14287,6,6,retained,0;1;2;3;4;5
14288,14288,14288,6,7,retained,0;1;2;3;4;5
14289,14289,14289,6,7,retained,0;1;2;3;4;5
14290,14290,14290,6,6,retained,0;1;2;3;4;5
14291,14291,14291,6,8,retained,0;1;2;3;4;5
14292,14292,14292,6,8,retained,0;1;2;3;4;5
14293,14293,14293,6,6,retained,0;1;2;3;4;5
14294,14294,14294,6,8,retained,0;1;2;3;4;5
14295,14295,14295,6,8,retained,0;1;2;3;4;5
14296,14296,14296,6,8,retained,0;1;2;3;4;5
14297,14297,14297,6,7,retained,0;1;2;3;4;5
14298,14298,14298,6,8,retained,0;1;2;3;4;5
14299,14299,14299,6,8,retained,0;1;2;3;4;5
14300,14300,14300,6,8,retained,0;1;2;3;4;5
14301,14301,14301,6,8,retained,0;1;2;3;4;5
14302,14302,14302,6,8,retained,0;1;2;3;4;5
14303,14303,14303,6,5,retained,0;1;2;3;4;5
14304,14304,14304,6,7,retained,0;1;2;3;4;5
14305,14305,14305,6,8,retained,0;1;2;3;4;5
14306,14306,14306,6,8,retained,0;1;2;3;4;5
14307,14307,14307,6,8,retained,0;1;2;3;4;5
14308,14308,14308,6,8,retained,0;1;2;3;4;5
14309,14309,14309,6,8,retained,0;1;2;3;4;5
14310,14310,14310,6,7,retained,0;1;2;3;4;5
14311,14311,14311,6,6,retained,0;1;2;3;4;5
14312,14312,14312,6,8,retained,0;1;2;3;4;5
14313,14313,14313,6,8,retained,0;1;2;3;4;5
14314,14314,14314,6,8,retained,0;1;2;3;4;5
14315,14315,14315,6,8,retained,0;1;2;3;4;5
14316,14316,14316,6,8,retained,0;1;2;3;4;5
14317,14317,14317,6,7,retained,0;1;2;3;4;5
14318,14318,14318,6,7,retained,0;1;2;3;4;5
14319,14319,14319,6,8,retained,0;1;2;3;4;5
14320,14320,14320,6,8,retained,0;1;2;3;4;5
14321,14321,14321,6,7,retained,0;1;2;3;4;5
14322,14322,14322,6,8,retained,0;1;2;3;4;5
14323,14323,14323,6,8,retained,0;1;2;3;4;5
14324,14324,14324,6,8,retained,0;1;2;3;4;5
14325,14325,14325,6,7,retained,0;1;2;3;4;5
14326,14326,14326,6,8,retained,0;1;2;3;4;5
14327,14327,14327,6,8,retained,0;1;2;3;4;5
14328,14328,14328,6,8,retained,0;1;2;3;4;5
14329,14329,14329,6,8,retained,0;1;2;3;4;5
14330,14330,14330,6,8,retained,0;1;2;3;4;5
14331,14331,14331,6,8,retained,0;1;2;3;4;5
14332,14332,14332,6,8,retained,0;1;2;3;4;5
14333,14333,14333,6,7,retained,0;1;2;3;4;5
14334,14334,14334,6,8,retained,0;1;2;3;4;5
14335,14335,14335,6,8,retained,0;1;2;3;4;5
14336,14336,14336,6,7,retained,0;1;2;3;4;5
14337,14337,14337,6,8,retained,0;1;2;3;4;5
14338,14338,14338,6,8,retained,0;1;2;3;4;5
14339,14339,14339,6,7,retained,0;1;2;3;4;5
14340,14340,14340,6,8,retained,0;1;2;3;4;5
14341,14341,14341,6,8,retained,0;1;2;3;4;5
14342,14342,14342,6,8,retained,0;1;2;3;4;5
14343,14343,14343,6,8,retained,0;1;2;3;4;5
14344,14344,14344,6,8,retained,0;1;2;3;4;5
14345,14345,14345,6,7,retained,0;1;2;3;4;5
14346,14346,14346,6,8,retained,0;1;2;3;4;5
14347,14347,14347,6,8,retained,0;1;2;3;4;5
14348,14348,14348,6,8,retained,0;1;2;3;4;5
14349,14349,14349,6,8,retained,0;1;2;3;4;5
14350,14350,14350,6,7,retained,0;1;2;3;4;5
14351,14351,14351,6,8,retained,0;1;2;3;4;5
14352,14352,14352,6,8,retained,0;1;2;3;4;5
14353,14353,14353,6,8,retained,0;1;2;3;4;5
14354,14354,14354,6,7,retained,0;1;2;3;4;5
14355,14355,14355,6,7,retained,0;1;2;3;4;5
14356,14356,14356,6,7,retained,0;1;2;3;4;5
14357,14357,14357,6,7,retained,0;1;2;3;4;5
14358,14358,14358,6,7,retained,0;1;2;3;4;5
14359,14359,14359,6,8,retained,0;1;2;3;4;5
14360,14360,14360,6,7,retained,0;1;2;3;4;5
14361,14361,14361,6,8,retained,0;1;2;3;4;5
14362,14362,14362,6,8,retained,0;1;2;3;4;5
14363,14363,14363,6,8,retained,0;1;2;3;4;5
14364,14364,14364,6,8,retained,0;1;2;3;4;5
14365,14365,14365,6,8,retained,0;1;2;3;4;5
14366,14366,14366,6,8,retained,0;1;2;3;4;5
14367,14367,14367,6,8,retained,0;1;2;3;4;5
14368,14368,14368,6,8,retained,0;1;2;3;4;5
14369,14369,14369,6,8,retained,0;1;2;3;4;5
14370,14370,14370,6,8,retained,0;1;2;3;4;5
14371,14371,14371,6,8,retained,0;1;2;3;4;5
14372,14372,14372,6,8,retained,0;1;2;3;4;5
14373,14373,14373,6,7,retained,0;1;2;3;4;5
14374,14374,14374,6,7,retained,0;1;2;3;4;5
14375,14375,14375,6,8,retained,0;1;2;3;4;5
14376,14376,14376,6,7,retained,0;1;2;3;4;5
14377,14377,14377,6,8,retained,0;1;2;3;4;5
14378,14378,14378,6,8,retained,0;1;2;3;4;5
14379,14379,14379,6,8,retained,0;1;2;3;4;5
14380,14380,14380,6,8,retained,0;1;2;3;4;5
14381,14381,14381,6,8,retained,0;1;2;3;4;5
14382,14382,14382,6,8,retained,0;1;2;3;4;5
14383,14383,14383,6,7,retained,0;1;2;3;4;5
14384,14384,14384,6,7,retained,0;1;2;3;4;5
14385,14385,14385,6,6,retained,0;1;2;3;4;5
14386,14386,14386,6,8,retained,0;1;2;3;4;5
14387,14387,14387,6,8,retained,0;1;2;3;4;5
14388,14388,14388,6,8,retained,0;1;2;3;4;5
14389,14389,14389,6,8,retained,0;1;2;3;4;5
14390,14390,14390,6,8,retained,0;1;2;3;4;5
14391,14391,14391,6,8,retained,0;1;2;3;4;5
14392,14392,14392,6,8,retained,0;1;2;3;4;5
14393,14393,14393,6,8,retained,0;1;2;3;4;5
14394,14394,14394,6,8,retained,0;1;2;3;4;5
14395,14395,14395,6,8,retained,0;1;2;3;4;5
14396,14396,14396,6,6,retained,0;1;2;3;4;5
14397,14397,14397,6,7,retained,0;1;2;3;4;5
14398,14398,14398,6,7,retained,0;1;2;3;4;5
14399,14399,14399,6,8,retained,0;1;2;3;4;5
14400,14400,14400,6,6,retained,0;1;2;3;4;5
14401,14401,14401,6,6,retained,0;1;2;3;4;5
14402,14402,14402,6,7,retained,0;1;2;3;4;5
14403,14403,14403,6,8,retained,0;1;2;3;4;5
14404,14404,14404,6,7,retained,0;1;2;3;4;5
14405,14405,14405,6,8,retained,0;1;2;3;4;5
14406,14406,14406,6,8,retained,0;1;2;3;4;5
14407,14407,14407,6,8,retained,0;1;2;3;4;5
14408,14408,14408,6,8,retained,0;1;2;3;4;5
14409,14409,14409,6,8,retained,0;1;2;3;4;5
14410,14410,14410,6,8,retained,0;1;2;3;4;5
14411,14411,14411,6,8,retained,0;1;2;3;4;5
14412,14412,14412,6,8,retained,0;1;2;3;4;5
14413,14413,14413,6,7,retained,0;1;2;3;4;5
14414,14414,14414,6,7,retained,0;1;2;3;4;5
14415,14415,14415,6,8,retained,0;1;2;3;4;5
14416,14416,14416,6,7,retained,0;1;2;3;4;5
14417,14417,14417,6,7,retained,0;1;2;3;4;5
14418,14418,14418,6,8,retained,0;1;2;3;4;5
14419,14419,14419,6,4,retained,0;1;2;3;4;5
14420,14420,14420,6,4,retained,0;1;2;3;4;5
14421,14421,14421,6,8,retained,0;1;2;3;4;5
14422,14422,14422,6,8,retained,0;1;2;3;4;5
14423,14423,14423,6,7,retained,0;1;2;3;4;5
14424,14424,14424,6,8,retained,0;1;2;3;4;5
14425,14425,14425,6,5,retained,0;1;2;3;4;5
14426,14426,14426,6,8,retained,0;1;2;3;4;5
14427,14427,14427,6,7,retained,0;1;2;3;4;5
14428,14428,14428,6,7,retained,0;1;2;3;4;5
14429,14429,14429,6,6,retained,0;1;2;3;4;5
14430,14430,14430,6,8,retained,0;1;2;3;4;5
14431,14431,14431,6,8,retained,0;1;2;3;4;5
14432,14432,14432,6,8,retained,0;1;2;3;4;5
14433,14433,14433,6,8,retained,0;1;2;3;4;5
14434,14434,14434,6,7,retained,0;1;2;3;4;5
14435,14435,14435,6,8,retained,0;1;2;3;4;5
14436,14436,14436,6,7,retained,0;1;2;3;4;5
14437,14437,14437,6,6,retained,0;1;2;3;4;5
14438,14438,14438,6,6,retained,0;1;2;3;4;5
14439,14439,14439,6,8,retained,0;1;2;3;4;5
14440,14440,14440,6,7,retained,0;1;2;3;4;5
14441,14441,14441,6,7,retained,0;1;2;3;4;5
14442,14442,14442,6,8,retained,0;1;2;3;4;5
14443,14443,14443,6,7,retained,0;1;2;3;4;5
14444,14444,14444,6,6,retained,0;1;2;3;4;5
14445,14445,14445,6,5,retained,0;1;2;3;4;5
14446,14446,14446,6,8,retained,0;1;2;3;4;5
14447,14447,14447,6,8,retained,0;1;2;3;4;5
14448,14448,14448,6,5,retained,0;1;2;3;4;5
14449,14449,14449,6,4,retained,0;1;2;3;4;5
14450,14450,14450,6,7,retained,0;1;2;3;4;5
14451,14451,14451,6,5,retained,0;1;2;3;4;5
14452,14452,14452,6,5,retained,0;1;2;3;4;5
14453,14453,14453,6,5,retained,0;1;2;3;4;5
14454,14454,14454,6,8,retained,0;1;2;3;4;5
14455,14455,14455,6,8,retained,0;1;2;3;4;5
14456,14456,14456,6,8,retained,0;1;2;3;4;5
14457,14457,14457,6,5,retained,0;1;2;3;4;5
14458,14458,14458,6,7,retained,0;1;2;3;4;5
14459,14459,14459,6,7,retained,0;1;2;3;4;5
14460,14460,14460,6,7,retained,0;1;2;3;4;5
14461,14461,14461,6,8,retained,0;1;2;3;4;5
14462,14462,14462,6,8,retained,0;1;2;3;4;5
14463,14463,14463,6,8,retained,0;1;2;3;4;5
14464,14464,14464,6,6,retained,0;1;2;3;4;5
14465,14465,14465,6,6,retained,0;1;2;3;4;5
14466,14466,14466,6,6,retained,0;1;2;3;4;5
14467,14467,14467,6,7,retained,0;1;2;3;4;5
14468,14468,14468,6,6,retained,0;1;2;3;4;5
14469,14469,14469,6,6,retained,0;1;2;3;4;5
14470,14470,14470,6,8,retained,0;1;2;3;4;5
14471,14471,14471,6,8,retained,0;1;2;3;4;5
14472,14472,14472,6,8,retained,0;1;2;3;4;5
14473,14473,14473,6,7,retained,0;1;2;3;4;5
14474,14474,14474,6,7,retained,0;1;2;3;4;5
14475,14475,14475,6,8,retained,0;1;2;3;4;5
14476,14476,14476,6,8,retained,0;1;2;3;4;5
14477,14477,14477,6,7,retained,0;1;2;3;4;5
14478,14478,14478,6,8,retained,0;1;2;3;4;5
14479,14479,14479,6,8,retained,0;1;2;3;4;5
14480,14480,14480,6,8,retained,0;1;2;3;4;5
14481,14481,14481,6,7,retained,0;1;2;3;4;5
14482,14482,14482,6,8,retained,0;1;2;3;4;5
14483,14483,14483,6,7,retained,0;1;2;3;4;5
14484,14484,14484,6,7,retained,0;1;2;3;4;5
14485,14485,14485,6,7,retained,0;1;2;3;4;5
14486,14486,14486,6,7,retained,0;1;2;3;4;5
14487,14487,14487,6,7,retained,0;1;2;3;4;5
14488,14488,14488,6,7,retained,0;1;2;3;4;5
14489,14489,14489,6,8,retained,0;1;2;3;4;5
14490,14490,14490,6,7,retained,0;1;2;3;4;5
14491,14491,14491,6,7,retained,0;1;2;3;4;5
14492,14492,14492,6,8,retained,0;1;2;3;4;5
14493,14493,14493,6,8,retained,0;1;2;3;4;5
14494,14494,14494,6,7,retained,0;1;2;3;4;5
14495,14495,14495,6,8,retained,0;1;2;3;4;5
14496,14496,14496,6,8,retained,0;1;2;3;4;5
14497,14497,14497,6,8,retained,0;1;2;3;4;5
14498,14498,14498,6,7,retained,0;1;2;3;4;5
14499,14499,14499,6,7,retained,0;1;2;3;4;5
14500,14500,14500,6,8,retained,0;1;2;3;4;5
14501,14501,14501,6,8,retained,0;1;2;3;4;5
14502,14502,14502,6,8,retained,0;1;2;3;4;5
14503,14503,14503,6,8,retained,0;1;2;3;4;5
14504,14504,14504,6,8,retained,0;1;2;3;4;5
14505,14505,14505,6,8,retained,0;1;2;3;4;5
14506,14506,14506,6,4,retained,0;1;2;3;4;5
14507,14507,14507,6,7,retained,0;1;2;3;4;5
14508,14508,14508,6,7,retained,0;1;2;3;4;5
14509,14509,14509,6,6,retained,0;1;2;3;4;5
14510,14510,14510,6,6,retained,0;1;2;3;4;5
14511,14511,14511,6,6,retained,0;1;2;3;4;5
14512,14512,14512,6,6,retained,0;1;2;3;4;5
14513,14513,14513,6,5,retained,0;1;2;3;4;5
14514,14514,14514,6,8,retained,0;1;2;3;4;5
14515,14515,14515,6,8,retained,0;1;2;3;4;5
14516,14516,14516,6,5,retained,0;1;2;3;4;5
14517,14517,14517,6,6,retained,0;1;2;3;4;5
14518,14518,14518,6,6,retained,0;1;2;3;4;5
14519,14519,14519,6,8,retained,0;1;2;3;4;5
14520,14520,14520,6,8,retained,0;1;2;3;4;5
14521,14521,14521,6,8,retained,0;1;2;3;4;5
14522,14522,14522,6,8,retained,0;1;2;3;4;5
14523,14523,14523,6,6,retained,0;1;2;3;4;5
14524,14524,14524,6,7,retained,0;1;2;3;4;5
14525,14525,14525,6,7,retained,0;1;2;3;4;5
14526,14526,14526,6,7,retained,0;1;2;3;4;5
14527,14527,14527,6,6,retained,0;1;2;3;4;5
14528,14528,14528,6,6,retained,0;1;2;3;4;5
14529,14529,14529,6,6,retained,0;1;2;3;4;5
14530,14530,14530,6,7,retained,0;1;2;3;4;5
14531,14531,14531,6,8,retained,0;1;2;3;4;5
14532,14532,14532,6,7,retained,0;1;2;3;4;5
14533,14533,14533,6,7,retained,0;1;2;3;4;5
14534,14534,14534,6,6,retained,0;1;2;3;4;5
14535,14535,14535,6,6,retained,0;1;2;3;4;5
14536,14536,14536,6,7,retained,0;1;2;3;4;5
14537,14537,14537,6,7,retained,0;1;2;3;4;5
14538,14538,14538,6,7,retained,0;1;2;3;4;5
14539,14539,14539,6,6,retained,0;1;2;3;4;5
14540,14540,14540,6,7,retained,0;1;2;3;4;5
14541,14541,14541,6,7,retained,0;1;2;3;4;5
14542,14542,14542,6,6,retained,0;1;2;3;4;5
14543,14543,14543,6,8,retained,0;1;2;3;4;5
14544,14544,14544,6,6,retained,0;1;2;3;4;5
14545,14545,14545,6,7,retained,0;1;2;3;4;5
14546,14546,14546,6,7,retained,0;1;2;3;4;5
14547,14547,14547,6,7,retained,0;1;2;3;4;5
14548,14548,14548,6,7,retained,0;1;2;3;4;5
14549,14549,14549,6,8,retained,0;1;2;3;4;5
14550,14550,14550,6,8,retained,0;1;2;3;4;5
14551,14551,14551,6,8,retained,0;1;2;3;4;5
14552,14552,14552,6,8,retained,0;1;2;3;4;5
14553,14553,14553,6,8,retained,0;1;2;3;4;5
14554,14554,14554,6,8,retained,0;1;2;3;4;5
14555,14555,14555,6,6,retained,0;1;2;3;4;5
14556,14556,14556,6,8,retained,0;1;2;3;4;5
14557,14557,14557,6,8,retained,0;1;2;3;4;5
14558,14558,14558,6,8,retained,0;1;2;3;4;5
14559,14559,14559,6,7,retained,0;1;2;3;4;5
14560,14560,14560,6,8,retained,0;1;2;3;4;5
14561,14561,14561,6,8,retained,0;1;2;3;4;5
14562,14562,14562,6,7,retained,0;1;2;3;4;5
14563,14563,14563,6,6,retained,0;1;2;3;4;5
14564,14564,14564,6,6,retained,0;1;2;3;4;5
14565,14565,14565,6,7,retained,0;1;2;3;4;5
14566,14566,14566,6,6,retained,0;1;2;3;4;5
14567,14567,14567,6,7,retained,0;1;2;3;4;5
14568,14568,14568,6,7,retained,0;1;2;3;4;5
14569,14569,14569,6,7,retained,0;1;2;3;4;5
14570,14570,14570,6,7,retained,0;1;2;3;4;5
14571,14571,14571,6,7,retained,0;1;2;3;4;5
14572,14572,14572,6,8,retained,0;1;2;3;4;5
14573,14573,14573,6,8,retained,0;1;2;3;4;5
14574,14574,14574,6,8,retained,0;1;2;3;4;5
14575,14575,14575,6,6,retained,0;1;2;3;4;5
14576,14576,14576,6,8,retained,0;1;2;3;4;5
14577,14577,14577,6,8,retained,0;1;2;3;4;5
14578,14578,14578,6,8,retained,0;1;2;3;4;5
14579,14579,14579,6,8,retained,0;1;2;3;4;5
14580,14580,14580,6,8,retained,0;1;2;3;4;5
14581,14581,14581,6,8,retained,0;1;2;3;4;5
14582,14582,14582,6,8,retained,0;1;2;3;4;5
14583,14583,14583,6,8,retained,0;1;2;3;4;5
14584,14584,14584,6,8,retained,0;1;2;3;4;5
14585,14585,14585,6,8,retained,0;1;2;3;4;5
14586,14586,14586,6,8,retained,0;1;2;3;4;5
14587,14587,14587,6,8,retained,0;1;2;3;4;5
14588,14588,14588,6,8,retained,0;1;2;3;4;5
14589,14589,14589,6,8,retained,0;1;2;3;4;5
14590,14590,14590,6,8,retained,0;1;2;3;4;5
14591,14591,14591,6,8,retained,0;1;2;3;4;5
14592,14592,14592,6,8,retained,0;1;2;3;4;5
14593,14593,14593,6,8,retained,0;1;2;3;4;5
14594,14594,14594,6,8,retained,0;1;2;3;4;5
14595,14595,14595,6,8,retained,0;1;2;3;4;5
14596,14596,14596,6,8,retained,0;1;2;3;4;5
14597,14597,14597,6,8,retained,0;1;2;3;4;5
14598,14598,14598,6,8,retained,0;1;2;3;4;5
14599,14599,14599,6,8,retained,0;1;2;3;4;5
14600,14600,14600,6,8,retained,0;1;2;3;4;5
14601,14601,14601,6,8,retained,0;1;2;3;4;5
14602,14602,14602,6,7,retained,0;1;2;3;4;5
14603,14603,14603,6,8,retained,0;1;2;3;4;5
14604,14604,14604,6,7,retained,0;1;2;3;4;5
14605,14605,14605,6,8,retained,0;1;2;3;4;5
14606,14606,14606,6,8,retained,0;1;2;3;4;5
14607,14607,14607,6,7,retained,0;1;2;3;4;5
14608,14608,14608,6,7,retained,0;1;2;3;4;5
14609,14609,14609,6,8,retained,0;1;2;3;4;5
14610,14610,14610,6,6,retained,0;1;2;3;4;5
14611,14611,14611,6,6,retained,0;1;2;3;4;5
14612,14612,14612,6,5,retained,0;1;2;3;4;5
14613,14613,14613,6,5,retained,0;1;2;3;4;5
14614,14614,14614,6,8,retained,0;1;2;3;4;5
14615,14615,14615,6,8,retained,0;1;2;3;4;5
14616,14616,14616,6,8,retained,0;1;2;3;4;5
14617,14617,14617,6,6,retained,0;1;2;3;4;5
14618,14618,14618,6,8,retained,0;1;2;3;4;5
14619,14619,14619,6,7,retained,0;1;2;3;4;5
14620,14620,14620,6,8,retained,0;1;2;3;4;5
14621,14621,14621,6,8,retained,0;1;2;3;4;5
14622,14622,14622,6,8,retained,0;1;2;3;4;5
14623,14623,14623,6,7,retained,0;1;2;3;4;5
14624,14624,14624,6,6,retained,0;1;2;3;4;5
14625,14625,14625,6,6,retained,0;1;2;3;4;5
14626,14626,14626,6,5,retained,0;1;2;3;4;5
14627,14627,14627,6,6,retained,0;1;2;3;4;5
14628,14628,14628,6,6,retained,0;1;2;3;4;5
14629,14629,14629,6,8,retained,0;1;2;3;4;5
14630,14630,14630,6,8,retained,0;1;2;3;4;5
14631,14631,14631,6,7,retained,0;1;2;3;4;5
14632,14632,14632,6,7,retained,0;1;2;3;4;5
14633,14633,14633,6,7,retained,0;1;2;3;4;5
14634,14634,14634,6,7,retained,0;1;2;3;4;5
14635,14635,14635,6,7,retained,0;1;2;3;4;5
14636,14636,14636,6,7,retained,0;1;2;3;4;5
14637,14637,14637,6,8,retained,0;1;2;3;4;5
14638,14638,14638,6,8,retained,0;1;2;3;4;5
14639,14639,14639,6,8,retained,0;1;2;3;4;5
14640,14640,14640,6,8,retained,0;1;2;3;4;5
14641,14641,14641,6,8,retained,0;1;2;3;4;5
14642,14642,14642,6,8,retained,0;1;2;3;4;5
14643,14643,14643,6,8,retained,0;1;2;3;4;5
14644,14644,14644,6,8,retained,0;1;2;3;4;5
14645,14645,14645,6,8,retained,0;1;2;3;4;5
14646,14646,14646,6,8,retained,0;1;2;3;4;5
14647,14647,14647,6,8,retained,0;1;2;3;4;5
14648,14648,14648,6,8,retained,0;1;2;3;4;5
14649,14649,14649,6,5,retained,0;1;2;3;4;5
14650,14650,14650,6,8,retained,0;1;2;3;4;5
14651,14651,14651,6,8,retained,0;1;2;3;4;5
14652,14652,14652,6,7,retained,0;1;2;3;4;5
14653,14653,14653,6,7,retained,0;1;2;3;4;5
14654,14654,14654,6,7,retained,0;1;2;3;4;5
14655,14655,14655,6,7,retained,0;1;2;3;4;5
14656,14656,14656,6,6,retained,0;1;2;3;4;5
14657,14657,14657,6,7,retained,0;1;2;3;4;5
14658,14658,14658,6,7,retained,0;1;2;3;4;5
14659,14659,14659,6,7,retained,0;1;2;3;4;5
14660,14660,14660,6,7,retained,0;1;2;3;4;5
14661,14661,14661,6,7,retained,0;1;2;3;4;5
14662,14662,14662,6,7,retained,0;1;2;3;4;5
14663,14663,14663,6,8,retained,0;1;2;3;4;5
14664,14664,14664,6,8,retained,0;1;2;3;4;5
14665,14665,14665,6,7,retained,0;1;2;3;4;5
14666,14666,14666,6,7,retained,0;1;2;3;4;5
14667,14667,14667,6,8,retained,0;1;2;3;4;5
14668,14668,14668,6,8,retained,0;1;2;3;4;5
14669,14669,14669,6,8,retained,0;1;2;3;4;5
14670,14670,14670,6,7,retained,0;1;2;3;4;5
14671,14671,14671,6,8,retained,0;1;2;3;4;5
14672,14672,14672,6,8,retained,0;1;2;3;4;5
14673,14673,14673,6,7,retained,0;1;2;3;4;5
14674,14674,14674,6,8,retained,0;1;2;3;4;5
14675,14675,14675,6,8,retained,0;1;2;3;4;5
14676,14676,14676,6,8,retained,0;1;2;3;4;5
14677,14677,14677,6,8,retained,0;1;2;3;4;5
14678,14678,14678,6,8,retained,0;1;2;3;4;5
14679,14679,14679,6,8,retained,0;1;2;3;4;5
14680,14680,14680,6,8,retained,0;1;2;3;4;5
14681,14681,14681,6,7,retained,0;1;2;3;4;5
14682,14682,14682,6,8,retained,0;1;2;3;4;5
14683,14683,14683,6,8,retained,0;1;2;3;4;5
14684,14684,14684,6,7,retained,0;1;2;3;4;5
14685,14685,14685,6,7,retained,0;1;2;3;4;5
14686,14686,14686,6,8,retained,0;1;2;3;4;5
14687,14687,14687,6,8,retained,0;1;2;3;4;5
14688,14688,14688,6,8,retained,0;1;2;3;4;5
14689,14689,14689,6,8,retained,0;1;2;3;4;5
14690,14690,14690,6,8,retained,0;1;2;3;4;5
14691,14691,14691,6,8,retained,0;1;2;3;4;5
14692,14692,14692,6,8,retained,0;1;2;3;4;5
14693,14693,14693,6,7,retained,0;1;2;3;4;5
14694,14694,14694,6,8,retained,0;1;2;3;4;5
14695,14695,14695,6,8,retained,0;1;2;3;4;5
14696,14696,14696,6,8,retained,0;1;2;3;4;5
14697,14697,14697,6,8,retained,0;1;2;3;4;5
14698,14698,14698,6,8,retained,0;1;2;3;4;5
14699,14699,14699,6,7,retained,0;1;2;3;4;5
14700,14700,14700,6,7,retained,0;1;2;3;4;5
14701,14701,14701,6,7,retained,0;1;2;3;4;5
14702,14702,14702,6,7,retained,0;1;2;3;4;5
14703,14703,14703,6,7,retained,0;1;2;3;4;5
14704,14704,14704,6,7,retained,0;1;2;3;4;5
14705,14705,14705,6,6,retained,0;1;2;3;4;5
14706,14706,14706,6,6,retained,0;1;2;3;4;5
14707,14707,14707,6,8,retained,0;1;2;3;4;5
14708,14708,14708,6,7,retained,0;1;2;3;4;5
14709,14709,14709,6,8,retained,0;1;2;3;4;5
14710,14710,14710,6,7,retained,0;1;2;3;4;5
14711,14711,14711,6,7,retained,0;1;2;3;4;5
14712,14712,14712,6,6,retained,0;1;2;3;4;5
14713,14713,14713,6,7,retained,0;1;2;3;4;5
14714,14714,14714,6,7,retained,0;1;2;3;4;5
14715,14715,14715,6,8,retained,0;1;2;3;4;5
14716,14716,14716,6,8,retained,0;1;2;3;4;5
14717,14717,14717,6,8,retained,0;1;2;3;4;5
14718,14718,14718,6,8,retained,0;1;2;3;4;5
14719,14719,14719,6,8,retained,0;1;2;3;4;5
14720,14720,14720,6,8,retained,0;1;2;3;4;5
14721,14721,14721,6,8,retained,0;1;2;3;4;5
14722,14722,14722,6,6,retained,0;1;2;3;4;5
14723,14723,14723,6,8,retained,0;1;2;3;4;5
14724,14724,14724,6,8,retained,0;1;2;3;4;5
14725,14725,14725,6,8,retained,0;1;2;3;4;5
14726,14726,14726,6,8,retained,0;1;2;3;4;5
14727,14727,14727,6,7,retained,0;1;2;3;4;5
14728,14728,14728,6,8,retained,0;1;2;3;4;5
14729,14729,14729,6,8,retained,0;1;2;3;4;5
14730,14730,14730,6,8,retained,0;1;2;3;4;5
14731,14731,14731,6,8,retained,0;1;2;3;4;5
14732,14732,14732,6,8,retained,0;1;2;3;4;5
14733,14733,14733,6,8,retained,0;1;2;3;4;5
14734,14734,14734,6,8,retained,0;1;2;3;4;5
14735,14735,14735,6,8,retained,0;1;2;3;4;5
14736,14736,14736,6,8,retained,0;1;2;3;4;5
14737,14737,14737,6,8,retained,0;1;2;3;4;5
14738,14738,14738,6,8,retained,0;1;2;3;4;5
14739,14739,14739,6,8,retained,0;1;2;3;4;5
14740,14740,14740,6,8,retained,0;1;2;3;4;5
14741,14741,14741,6,8,retained,0;1;2;3;4;5
14742,14742,14742,6,8,retained,0;1;2;3;4;5
14743,14743,14743,6,8,retained,0;1;2;3;4;5
14744,14744,14744,6,8,retained,0;1;2;3;4;5
14745,14745,14745,6,8,retained,0;1;2;3;4;5
14746,14746,14746,6,8,retained,0;1;2;3;4;5
14747,14747,14747,6,8,retained,0;1;2;3;4;5
14748,14748,14748,6,8,retained,0;1;2;3;4;5
14749,14749,14749,6,7,retained,0;1;2;3;4;5
14750,14750,14750,6,7,retained,0;1;2;3;4;5
14751,14751,14751,6,8,retained,0;1;2;3;4;5
14752,14752,14752,6,8,retained,0;1;2;3;4;5
14753,14753,14753,6,8,retained,0;1;2;3;4;5
14754,14754,14754,6,7,retained,0;1;2;3;4;5
14755,14755,14755,6,8,retained,0;1;2;3;4;5
14756,14756,14756,6,8,retained,0;1;2;3;4;5
14757,14757,14757,6,7,retained,0;1;2;3;4;5
14758,14758,14758,6,8,retained,0;1;2;3;4;5
14759,14759,14759,6,8,retained,0;1;2;3;4;5
14760,14760,14760,6,8,retained,0;1;2;3;4;5
14761,14761,14761,6,8,retained,0;1;2;3;4;5
14762,14762,14762,6,8,retained,0;1;2;3;4;5
14763,14763,14763,6,1,retained,0;1;2;3;4;5
14764,14764,14764,6,1,retained,0;1;2;3;4;5
14765,14765,14765,6,2,retained,0;1;2;3;4;5
14766,14766,14766,6,3,retained,0;1;2;3;4;5
14767,14767,14767,6,4,retained,0;1;2;3;4;5
14768,14768,14768,6,5,retained,0;1;2;3;4;5
14769,14769,14769,6,6,retained,0;1;2;3;4;5
14770,14770,14770,6,7,retained,0;1;2;3;4;5
14771,14771,14771,6,8,retained,0;1;2;3;4;5
14772,14772,14772,6,1,retained,0;1;2;3;4;5
14773,14773,14773,6,2,retained,0;1;2;3;4;5
14774,14774,14774,6,3,retained,0;1;2;3;4;5
14775,14775,14775,6,4,retained,0;1;2;3;4;5
14776,14776,14776,6,5,retained,0;1;2;3;4;5
14777,14777,14777,6,6,retained,0;1;2;3;4;5
14778,14778,14778,6,7,retained,0;1;2;3;4;5
14779,14779,14779,6,8,retained,0;1;2;3;4;5
14780,14780,14780,6,2,retained,0;1;2;3;4;5
14781,14781,14781,6,3,retained,0;1;2;3;4;5
14782,14782,14782,6,4,retained,0;1;2;3;4;5
14783,14783,14783,6,5,retained,0;1;2;3;4;5
14784,14784,14784,6,6,retained,0;1;2;3;4;5
14785,14785,14785,6,7,retained,0;1;2;3;4;5
14786,14786,14786,6,8,retained,0;1;2;3;4;5
14787,14787,14787,6,3,retained,0;1;2;3;4;5
14788,14788,14788,6,4,retained,0;1;2;3;4;5
14789,14789,14789,6,5,retained,0;1;2;3;4;5
14790,14790,14790,6,6,retained,0;1;2;3;4;5
14791,14791,14791,6,7,retained,0;1;2;3;4;5
14792,14792,14792,6,8,retained,0;1;2;3;4;5
14793,14793,14793,6,4,retained,0;1;2;3;4;5
14794,14794,14794,6,5,retained,0;1;2;3;4;5
14795,14795,14795,6,6,retained,0;1;2;3;4;5
14796,14796,14796,6,7,retained,0;1;2;3;4;5
14797,14797,14797,6,8,retained,0;1;2;3;4;5
14798,14798,14798,6,5,retained,0;1;2;3;4;5
14799,14799,14799,6,6,retained,0;1;2;3;4;5
14800,14800,14800,6,7,retained,0;1;2;3;4;5
14801,14801,14801,6,8,retained,0;1;2;3;4;5
14802,14802,14802,6,6,retained,0;1;2;3;4;5
14803,14803,14803,6,7,retained,0;1;2;3;4;5
14804,14804,14804,6,8,retained,0;1;2;3;4;5
14805,14805,14805,6,7,retained,0;1;2;3;4;5
14806,14806,14806,6,8,retained,0;1;2;3;4;5
14807,14807,14807,6,8,retained,0;1;2;3;4;5
14808,14808,14808,6,2,retained,0;1;2;3;4;5
14809,14809,14809,6,2,retained,0;1;2;3;4;5
14810,14810,14810,6,2,retained,0;1;2;3;4;5
14811,14811,14811,6,3,retained,0;1;2;3;4;5
14812,14812,14812,6,4,retained,0;1;2;3;4;5
14813,14813,14813,6,5,retained,0;1;2;3;4;5
14814,14814,14814,6,6,retained,0;1;2;3;4;5
14815,14815,14815,6,7,retained,0;1;2;3;4;5
14816,14816,14816,6,8,retained,0;1;2;3;4;5
14817,14817,14817,6,2,retained,0;1;2;3;4;5
14818,14818,14818,6,6,retained,0;1;2;3;4;5
14819,14819,14819,6,2,retained,0;1;2;3;4;5
14820,14820,14820,6,8,retained,0;1;2;3;4;5
14821,14821,14821,6,3,retained,0;1;2;3;4;5
14822,14822,14822,6,3,retained,0;1;2;3;4;5
14823,14823,14823,6,7,retained,0;1;2;3;4;5
14824,14824,14824,6,4,retained,0;1;2;3;4;5
14825,14825,14825,6,4,retained,0;1;2;3;4;5
14826,14826,14826,6,7,retained,0;1;2;3;4;5
14827,14827,14827,6,5,retained,0;1;2;3;4;5
14828,14828,14828,6,6,retained,0;1;2;3;4;5
14829,14829,14829,6,6,retained,0;1;2;3;4;5
14830,14830,14830,6,8,retained,0;1;2;3;4;5
14831,14831,14831,6,7,retained,0;1;2;3;4;5
14832,14832,14832,6,8,retained,0;1;2;3;4;5
14833,14833,14833,6,3,retained,0;1;2;3;4;5
14834,14834,14834,6,2,retained,0;1;2;3;4;5
14835,14835,14835,6,3,retained,0;1;2;3;4;5
14836,14836,14836,6,6,retained,0;1;2;3;4;5
14837,14837,14837,6,4,retained,0;1;2;3;4;5
14838,14838,14838,6,4,retained,0;1;2;3;4;5
14839,14839,14839,6,6,retained,0;1;2;3;4;5
14840,14840,14840,6,8,retained,0;1;2;3;4;5
14841,14841,14841,6,5,retained,0;1;2;3;4;5
14842,14842,14842,6,4,retained,0;1;2;3;4;5
14843,14843,14843,6,4,retained,0;1;2;3;4;5
14844,14844,14844,6,4,retained,0;1;2;3;4;5
14845,14845,14845,6,5,retained,0;1;2;3;4;5
14846,14846,14846,6,5,retained,0;1;2;3;4;5
14847,14847,14847,6,4,retained,0;1;2;3;4;5
14848,14848,14848,6,4,retained,0;1;2;3;4;5
14849,14849,14849,6,5,retained,0;1;2;3;4;5
14850,14850,14850,6,6,retained,0;1;2;3;4;5
14851,14851,14851,6,7,retained,0;1;2;3;4;5
14852,14852,14852,6,8,retained,0;1;2;3;4;5
14853,14853,14853,6,7,retained,0;1;2;3;4;5
14854,14854,14854,6,5,retained,0;1;2;3;4;5
14855,14855,14855,6,4,retained,0;1;2;3;4;5
14856,14856,14856,6,5,retained,0;1;2;3;4;5
14857,14857,14857,6,4,retained,0;1;2;3;4;5
14858,14858,14858,6,5,retained,0;1;2;3;4;5
14859,14859,14859,6,6,retained,0;1;2;3;4;5
14860,14860,14860,6,6,retained,0;1;2;3;4;5
14861,14861,14861,6,6,retained,0;1;2;3;4;5
14862,14862,14862,6,7,retained,0;1;2;3;4;5
14863,14863,14863,6,7,retained,0;1;2;3;4;5
14864,14864,14864,6,8,retained,0;1;2;3;4;5
14865,14865,14865,6,6,retained,0;1;2;3;4;5
14866,14866,14866,6,6,retained,0;1;2;3;4;5
14867,14867,14867,6,7,retained,0;1;2;3;4;5
14868,14868,14868,6,7,retained,0;1;2;3;4;5
14869,14869,14869,6,8,retained,0;1;2;3;4;5
14870,14870,14870,6,7,retained,0;1;2;3;4;5
14871,14871,14871,6,7,retained,0;1;2;3;4;5
14872,14872,14872,6,8,retained,0;1;2;3;4;5
14873,14873,14873,6,8,retained,0;1;2;3;4;5
14874,14874,14874,6,8,retained,0;1;2;3;4;5
14875,14875,14875,6,8,retained,0;1;2;3;4;5
14876,14876,14876,6,8,retained,0;1;2;3;4;5
14877,14877,14877,6,8,retained,0;1;2;3;4;5
14878,14878,14878,6,3,retained,0;1;2;3;4;5
14879,14879,14879,6,6,retained,0;1;2;3;4;5
14880,14880,14880,6,2,retained,0;1;2;3;4;5
14881,14881,14881,6,3,retained,0;1;2;3;4;5
14882,14882,14882,6,6,retained,0;1;2;3;4;5
14883,14883,14883,6,5,retained,0;1;2;3;4;5
14884,14884,14884,6,2,retained,0;1;2;3;4;5
14885,14885,14885,6,3,retained,0;1;2;3;4;5
14886,14886,14886,6,6,retained,0;1;2;3;4;5
14887,14887,14887,6,5,retained,0;1;2;3;4;5
14888,14888,14888,6,6,retained,0;1;2;3;4;5
14889,14889,14889,6,6,retained,0;1;2;3;4;5
14890,14890,14890,6,4,retained,0;1;2;3;4;5
14891,14891,14891,6,6,retained,0;1;2;3;4;5
14892,14892,14892,6,1,retained,0;1;2;3;4;5
14893,14893,14893,6,2,retained,0;1;2;3;4;5
14894,14894,14894,6,8,retained,0;1;2;3;4;5
14895,14895,14895,6,6,retained,0;1;2;3;4;5
14896,14896,14896,6,4,retained,0;1;2;3;4;5
14897,14897,14897,6,6,retained,0;1;2;3;4;5
14898,14898,14898,6,8,retained,0;1;2;3;4;5
14899,14899,14899,6,6,retained,0;1;2;3;4;5
14900,14900,14900,6,6,retained,0;1;2;3;4;5
14901,14901,14901,6,8,retained,0;1;2;3;4;5
14902,14902,14902,6,6,retained,0;1;2;3;4;5
14903,14903,14903,6,7,retained,0;1;2;3;4;5
14904,14904,14904,6,6,retained,0;1;2;3;4;5
14905,14905,14905,6,8,retained,0;1;2;3;4;5
14906,14906,14906,6,8,retained,0;1;2;3;4;5
14907,14907,14907,6,8,retained,0;1;2;3;4;5
14908,14908,14908,6,1,retained,0;1;2;3;4;5
14909,14909,14909,6,2,retained,0;1;2;3;4;5
14910,14910,14910,6,3,retained,0;1;2;3;4;5
14911,14911,14911,6,8,retained,0;1;2;3;4;5
14912,14912,14912,6,4,retained,0;1;2;3;4;5
14913,14913,14913,6,4,retained,0;1;2;3;4;5
14914,14914,14914,6,6,retained,0;1;2;3;4;5
14915,14915,14915,6,3,retained,0;1;2;3;4;5
14916,14916,14916,6,7,retained,0;1;2;3;4;5
14917,14917,14917,6,7,retained,0;1;2;3;4;5
14918,14918,14918,6,8,retained,0;1;2;3;4;5
14919,14919,14919,6,3,retained,0;1;2;3;4;5
14920,14920,14920,6,7,retained,0;1;2;3;4;5
14921,14921,14921,6,8,retained,0;1;2;3;4;5
14922,14922,14922,6,3,retained,0;1;2;3;4;5
14923,14923,14923,6,7,retained,0;1;2;3;4;5
14924,14924,14924,6,7,retained,0;1;2;3;4;5
14925,14925,14925,6,2,retained,0;1;2;3;4;5
14926,14926,14926,6,4,retained,0;1;2;3;4;5
14927,14927,14927,6,5,retained,0;1;2;3;4;5
14928,14928,14928,6,8,retained,0;1;2;3;4;5
14929,14929,14929,6,6,retained,0;1;2;3;4;5
14930,14930,14930,6,8,retained,0;1;2;3;4;5
14931,14931,14931,6,7,retained,0;1;2;3;4;5
14932,14932,14932,6,6,retained,0;1;2;3;4;5
14933,14933,14933,6,6,retained,0;1;2;3;4;5
14934,14934,14934,6,8,retained,0;1;2;3;4;5
14935,14935,14935,6,4,retained,0;1;2;3;4;5
14936,14936,14936,6,6,retained,0;1;2;3;4;5
14937,14937,14937,6,6,retained,0;1;2;3;4;5
14938,14938,14938,6,8,retained,0;1;2;3;4;5
14939,14939,14939,6,8,retained,0;1;2;3;4;5
14940,14940,14940,6,8,retained,0;1;2;3;4;5
14941,14941,14941,6,6,retained,0;1;2;3;4;5
14942,14942,14942,6,6,retained,0;1;2;3;4;5
14943,14943,14943,6,6,retained,0;1;2;3;4;5
14944,14944,14944,6,8,retained,0;1;2;3;4;5
14945,14945,14945,6,8,retained,0;1;2;3;4;5
14946,14946,14946,6,7,retained,0;1;2;3;4;5
14947,14947,14947,6,6,retained,0;1;2;3;4;5
14948,14948,14948,6,8,retained,0;1;2;3;4;5
14949,14949,14949,6,8,retained,0;1;2;3;4;5
14950,14950,14950,6,8,retained,0;1;2;3;4;5
14951,14951,14951,6,8,retained,0;1;2;3;4;5
14952,14952,14952,6,8,retained,0;1;2;3;4;5
14953,14953,14953,6,1,retained,0;1;2;3;4;5
14954,14954,14954,6,1,retained,0;1;2;3;4;5
14955,14955,14955,6,2,retained,0;1;2;3;4;5
14956,14956,14956,6,3,retained,0;1;2;3;4;5
14957,14957,14957,6,4,retained,0;1;2;3;4;5
14958,14958,14958,6,5,retained,0;1;2;3;4;5
14959,14959,14959,6,6,retained,0;1;2;3;4;5
14960,14960,14960,6,7,retained,0;1;2;3;4;5
14961,14961,14961,6,8,retained,0;1;2;3;4;5
14962,14962,14962,6,2,retained,0;1;2;3;4;5
14963,14963,14963,6,6,retained,0;1;2;3;4;5
14964,14964,14964,6,7,retained,0;1;2;3;4;5
14965,14965,14965,6,8,retained,0;1;2;3;4;5
14966,14966,14966,6,7,retained,0;1;2;3;4;5
14967,14967,14967,6,3,retained,0;1;2;3;4;5
14968,14968,14968,6,4,retained,0;1;2;3;4;5
14969,14969,14969,6,8,retained,0;1;2;3;4;5
14970,14970,14970,6,8,retained,0;1;2;3;4;5
14971,14971,14971,6,8,retained,0;1;2;3;4;5
14972,14972,14972,6,8,retained,0;1;2;3;4;5
14973,14973,14973,6,5,retained,0;1;2;3;4;5
14974,14974,14974,6,7,retained,0;1;2;3;4;5
14975,14975,14975,6,3,retained,0;1;2;3;4;5
14976,14976,14976,6,7,retained,0;1;2;3;4;5
14977,14977,14977,6,5,retained,0;1;2;3;4;5
14978,14978,14978,6,3,retained,0;1;2;3;4;5
14979,14979,14979,6,3,retained,0;1;2;3;4;5
14980,14980,14980,6,3,retained,0;1;2;3;4;5
14981,14981,14981,6,3,retained,0;1;2;3;4;5
14982,14982,14982,6,4,retained,0;1;2;3;4;5
14983,14983,14983,6,5,retained,0;1;2;3;4;5
14984,14984,14984,6,6,retained,0;1;2;3;4;5
14985,14985,14985,6,7,retained,0;1;2;3;4;5
14986,14986,14986,6,8,retained,0;1;2;3;4;5
14987,14987,14987,6,6,retained,0;1;2;3;4;5
14988,14988,14988,6,7,retained,0;1;2;3;4;5
14989,14989,14989,6,8,retained,0;1;2;3;4;5
14990,14990,14990,6,5,retained,0;1;2;3;4;5
14991,14991,14991,6,8,retained,0;1;2;3;4;5
14992,14992,14992,6,7,retained,0;1;2;3;4;5
14993,14993,14993,6,2,retained,0;1;2;3;4;5
14994,14994,14994,6,4,retained,0;1;2;3;4;5
14995,14995,14995,6,2,retained,0;1;2;3;4;5
14996,14996,14996,6,5,retained,0;1;2;3;4;5
14997,14997,14997,6,7,retained,0;1;2;3;4;5
14998,14998,14998,6,7,retained,0;1;2;3;4;5
14999,14999,14999,6,7,retained,0;1;2;3;4;5
15000,15000,15000,6,8,retained,0;1;2;3;4;5
15001,15001,15001,6,8,retained,0;1;2;3;4;5
15002,15002,15002,6,3,retained,0;1;2;3;4;5
15003,15003,15003,6,5,retained,0;1;2;3;4;5
15004,15004,15004,6,6,retained,0;1;2;3;4;5
15005,15005,15005,6,4,retained,0;1;2;3;4;5
15006,15006,15006,6,7,retained,0;1;2;3;4;5
15007,15007,15007,6,5,retained,0;1;2;3;4;5
15008,15008,15008,6,6,retained,0;1;2;3;4;5
15009,15009,15009,6,7,retained,0;1;2;3;4;5
15010,15010,15010,6,8,retained,0;1;2;3;4;5
15011,15011,15011,6,5,retained,0;1;2;3;4;5
15012,15012,15012,6,8,retained,0;1;2;3;4;5
15013,15013,15013,6,5,retained,0;1;2;3;4;5
15014,15014,15014,6,7,retained,0;1;2;3;4;5
15015,15015,15015,6,6,retained,0;1;2;3;4;5
15016,15016,15016,6,5,retained,0;1;2;3;4;5
15017,15017,15017,6,4,retained,0;1;2;3;4;5
15018,15018,15018,6,8,retained,0;1;2;3;4;5
15019,15019,15019,6,4,retained,0;1;2;3;4;5
15020,15020,15020,6,6,retained,0;1;2;3;4;5
15021,15021,15021,6,5,retained,0;1;2;3;4;5
15022,15022,15022,6,5,retained,0;1;2;3;4;5
15023,15023,15023,6,6,retained,0;1;2;3;4;5
15024,15024,15024,6,8,retained,0;1;2;3;4;5
15025,15025,15025,6,8,retained,0;1;2;3;4;5
15026,15026,15026,6,4,retained,0;1;2;3;4;5
15027,15027,15027,6,4,retained,0;1;2;3;4;5
15028,15028,15028,6,4,retained,0;1;2;3;4;5
15029,15029,15029,6,7,retained,0;1;2;3;4;5
15030,15030,15030,6,5,retained,0;1;2;3;4;5
15031,15031,15031,6,8,retained,0;1;2;3;4;5
15032,15032,15032,6,5,retained,0;1;2;3;4;5
15033,15033,15033,6,6,retained,0;1;2;3;4;5
15034,15034,15034,6,7,retained,0;1;2;3;4;5
15035,15035,15035,6,8,retained,0;1;2;3;4;5
15036,15036,15036,6,3,retained,0;1;2;3;4;5
15037,15037,15037,6,6,retained,0;1;2;3;4;5
15038,15038,15038,6,4,retained,0;1;2;3;4;5
15039,15039,15039,6,4,retained,0;1;2;3;4;5
15040,15040,15040,6,5,retained,0;1;2;3;4;5
15041,15041,15041,6,4,retained,0;1;2;3;4;5
15042,15042,15042,6,4,retained,0;1;2;3;4;5
15043,15043,15043,6,6,retained,0;1;2;3;4;5
15044,15044,15044,6,6,retained,0;1;2;3;4;5
15045,15045,15045,6,8,retained,0;1;2;3;4;5
15046,15046,15046,6,8,retained,0;1;2;3;4;5
15047,15047,15047,6,5,retained,0;1;2;3;4;5
15048,15048,15048,6,5,retained,0;1;2;3;4;5
15049,15049,15049,6,7,retained,0;1;2;3;4;5
15050,15050,15050,6,5,retained,0;1;2;3;4;5
15051,15051,15051,6,7,retained,0;1;2;3;4;5
15052,15052,15052,6,7,retained,0;1;2;3;4;5
15053,15053,15053,6,7,retained,0;1;2;3;4;5
15054,15054,15054,6,8,retained,0;1;2;3;4;5
15055,15055,15055,6,7,retained,0;1;2;3;4;5
15056,15056,15056,6,8,retained,0;1;2;3;4;5
15057,15057,15057,6,7,retained,0;1;2;3;4;5
15058,15058,15058,6,4,retained,0;1;2;3;4;5
15059,15059,15059,6,4,retained,0;1;2;3;4;5
15060,15060,15060,6,3,retained,0;1;2;3;4;5
15061,15061,15061,6,5,retained,0;1;2;3;4;5
15062,15062,15062,6,4,retained,0;1;2;3;4;5
15063,15063,15063,6,6,retained,0;1;2;3;4;5
15064,15064,15064,6,8,retained,0;1;2;3;4;5
15065,15065,15065,6,5,retained,0;1;2;3;4;5
15066,15066,15066,6,5,retained,0;1;2;3;4;5
15067,15067,15067,6,5,retained,0;1;2;3;4;5
15068,15068,15068,6,7,retained,0;1;2;3;4;5
15069,15069,15069,6,6,retained,0;1;2;3;4;5
15070,15070,15070,6,5,retained,0;1;2;3;4;5
15071,15071,15071,6,7,retained,0;1;2;3;4;5
15072,15072,15072,6,4,retained,0;1;2;3;4;5
15073,15073,15073,6,4,retained,0;1;2;3;4;5
15074,15074,15074,6,4,retained,0;1;2;3;4;5
15075,15075,15075,6,4,retained,0;1;2;3;4;5
15076,15076,15076,6,5,retained,0;1;2;3;4;5
15077,15077,15077,6,6,retained,0;1;2;3;4;5
15078,15078,15078,6,7,retained,0;1;2;3;4;5
15079,15079,15079,6,8,retained,0;1;2;3;4;5
15080,15080,15080,6,7,retained,0;1;2;3;4;5
15081,15081,15081,6,6,retained,0;1;2;3;4;5
15082,15082,15082,6,7,retained,0;1;2;3;4;5
15083,15083,15083,6,6,retained,0;1;2;3;4;5
15084,15084,15084,6,7,retained,0;1;2;3;4;5
15085,15085,15085,6,7,retained,0;1;2;3;4;5
15086,15086,15086,6,2,retained,0;1;2;3;4;5
15087,15087,15087,6,7,retained,0;1;2;3;4;5
15088,15088,15088,6,5,retained,0;1;2;3;4;5
15089,15089,15089,6,7,retained,0;1;2;3;4;5
15090,15090,15090,6,8,retained,0;1;2;3;4;5
15091,15091,15091,6,2,retained,0;1;2;3;4;5
15092,15092,15092,6,5,retained,0;1;2;3;4;5
15093,15093,15093,6,6,retained,0;1;2;3;4;5
15094,15094,15094,6,8,retained,0;1;2;3;4;5
15095,15095,15095,6,5,retained,0;1;2;3;4;5
15096,15096,15096,6,6,retained,0;1;2;3;4;5
15097,15097,15097,6,6,retained,0;1;2;3;4;5
15098,15098,15098,6,3,retained,0;1;2;3;4;5
15099,15099,15099,6,4,retained,0;1;2;3;4;5
15100,15100,15100,6,4,retained,0;1;2;3;4;5
15101,15101,15101,6,4,retained,0;1;2;3;4;5
15102,15102,15102,6,7,retained,0;1;2;3;4;5
15103,15103,15103,6,7,retained,0;1;2;3;4;5
15104,15104,15104,6,4,retained,0;1;2;3;4;5
15105,15105,15105,6,5,retained,0;1;2;3;4;5
15106,15106,15106,6,6,retained,0;1;2;3;4;5
15107,15107,15107,6,5,retained,0;1;2;3;4;5
15108,15108,15108,6,7,retained,0;1;2;3;4;5
15109,15109,15109,6,6,retained,0;1;2;3;4;5
15110,15110,15110,6,7,retained,0;1;2;3;4;5
15111,15111,15111,6,8,retained,0;1;2;3;4;5
15112,15112,15112,6,5,retained,0;1;2;3;4;5
15113,15113,15113,6,8,retained,0;1;2;3;4;5
15114,15114,15114,6,5,retained,0;1;2;3;4;5
15115,15115,15115,6,3,retained,0;1;2;3;4;5
15116,15116,15116,6,6,retained,0;1;2;3;4;5
15117,15117,15117,6,8,retained,0;1;2;3;4;5
15118,15118,15118,6,8,retained,0;1;2;3;4;5
15119,15119,15119,6,4,retained,0;1;2;3;4;5
15120,15120,15120,6,4,retained,0;1;2;3;4;5
15121,15121,15121,6,8,retained,0;1;2;3;4;5
15122,15122,15122,6,6,retained,0;1;2;3;4;5
15123,15123,15123,6,8,retained,0;1;2;3;4;5
15124,15124,15124,6,6,retained,0;1;2;3;4;5
15125,15125,15125,6,5,retained,0;1;2;3;4;5
15126,15126,15126,6,7,retained,0;1;2;3;4;5
15127,15127,15127,6,8,retained,0;1;2;3;4;5
15128,15128,15128,6,3,retained,0;1;2;3;4;5
15129,15129,15129,6,4,retained,0;1;2;3;4;5
15130,15130,15130,6,5,retained,0;1;2;3;4;5
15131,15131,15131,6,4,retained,0;1;2;3;4;5
15132,15132,15132,6,5,retained,0;1;2;3;4;5
15133,15133,15133,6,5,retained,0;1;2;3;4;5
15134,15134,15134,6,6,retained,0;1;2;3;4;5
15135,15135,15135,6,5,retained,0;1;2;3;4;5
15136,15136,15136,6,6,retained,0;1;2;3;4;5
15137,15137,15137,6,8,retained,0;1;2;3;4;5
15138,15138,15138,6,8,retained,0;1;2;3;4;5
15139,15139,15139,6,7,retained,0;1;2;3;4;5
15140,15140,15140,6,6,retained,0;1;2;3;4;5
15141,15141,15141,6,5,retained,0;1;2;3;4;5
15142,15142,15142,6,4,retained,0;1;2;3;4;5
15143,15143,15143,6,6,retained,0;1;2;3;4;5
15144,15144,15144,6,7,retained,0;1;2;3;4;5
15145,15145,15145,6,8,retained,0;1;2;3;4;5
15146,15146,15146,6,5,retained,0;1;2;3;4;5
15147,15147,15147,6,6,retained,0;1;2;3;4;5
15148,15148,15148,6,6,retained,0;1;2;3;4;5
15149,15149,15149,6,6,retained,0;1;2;3;4;5
15150,15150,15150,6,7,retained,0;1;2;3;4;5
15151,15151,15151,6,6,retained,0;1;2;3;4;5
15152,15152,15152,6,5,retained,0;1;2;3;4;5
15153,15153,15153,6,5,retained,0;1;2;3;4;5
15154,15154,15154,6,7,retained,0;1;2;3;4;5
15155,15155,15155,6,7,retained,0;1;2;3;4;5
15156,15156,15156,6,7,retained,0;1;2;3;4;5
15157,15157,15157,6,6,retained,0;1;2;3;4;5
15158,15158,15158,6,6,retained,0;1;2;3;4;5
15159,15159,15159,6,6,retained,0;1;2;3;4;5
15160,15160,15160,6,6,retained,0;1;2;3;4;5
15161,15161,15161,6,6,retained,0;1;2;3;4;5
15162,15162,15162,6,6,retained,0;1;2;3;4;5
15163,15163,15163,6,7,retained,0;1;2;3;4;5
15164,15164,15164,6,8,retained,0;1;2;3;4;5
15165,15165,15165,6,8,retained,0;1;2;3;4;5
15166,15166,15166,6,7,retained,0;1;2;3;4;5
15167,15167,15167,6,5,retained,0;1;2;3;4;5
15168,15168,15168,6,8,retained,0;1;2;3;4;5
15169,15169,15169,6,6,retained,0;1;2;3;4;5
15170,15170,15170,6,7,retained,0;1;2;3;4;5
15171,15171,15171,6,7,retained,0;1;2;3;4;5
15172,15172,15172,6,8,retained,0;1;2;3;4;5
15173,15173,15173,6,7,retained,0;1;2;3;4;5
15174,15174,15174,6,8,retained,0;1;2;3;4;5
15175,15175,15175,6,7,retained,0;1;2;3;4;5
15176,15176,15176,6,7,retained,0;1;2;3;4;5
15177,15177,15177,6,8,retained,0;1;2;3;4;5
15178,15178,15178,6,8,retained,0;1;2;3;4;5
15179,15179,15179,6,6,retained,0;1;2;3;4;5
15180,15180,15180,6,6,retained,0;1;2;3;4;5
15181,15181,15181,6,8,retained,0;1;2;3;4;5
15182,15182,15182,6,8,retained,0;1;2;3;4;5
15183,15183,15183,6,2,retained,0;1;2;3;4;5
15184,15184,15184,6,3,retained,0;1;2;3;4;5
15185,15185,15185,6,4,retained,0;1;2;3;4;5
15186,15186,15186,6,5,retained,0;1;2;3;4;5
15187,15187,15187,6,6,retained,0;1;2;3;4;5
15188,15188,15188,6,7,retained,0;1;2;3;4;5
15189,15189,15189,6,8,retained,0;1;2;3;4;5
15190,15190,15190,6,3,retained,0;1;2;3;4;5
15191,15191,15191,6,4,retained,0;1;2;3;4;5
15192,15192,15192,6,5,retained,0;1;2;3;4;5
15193,15193,15193,6,6,retained,0;1;2;3;4;5
15194,15194,15194,6,7,retained,0;1;2;3;4;5
15195,15195,15195,6,8,retained,0;1;2;3;4;5
15196,15196,15196,6,4,retained,0;1;2;3;4;5
15197,15197,15197,6,5,retained,0;1;2;3;4;5
15198,15198,15198,6,6,retained,0;1;2;3;4;5
15199,15199,15199,6,7,retained,0;1;2;3;4;5
15200,15200,15200,6,8,retained,0;1;2;3;4;5
15201,15201,15201,6,5,retained,0;1;2;3;4;5
15202,15202,15202,6,6,retained,0;1;2;3;4;5
15203,15203,15203,6,7,retained,0;1;2;3;4;5
15204,15204,15204,6,8,retained,0;1;2;3;4;5
15205,15205,15205,6,6,retained,0;1;2;3;4;5
15206,15206,15206,6,7,retained,0;1;2;3;4;5
15207,15207,15207,6,8,retained,0;1;2;3;4;5
15208,15208,15208,6,7,retained,0;1;2;3;4;5
15209,15209,15209,6,8,retained,0;1;2;3;4;5
15210,15210,15210,6,8,retained,0;1;2;3;4;5
15211,15211,15211,6,5,retained,0;1;2;3;4;5
15212,15212,15212,6,8,retained,0;1;2;3;4;5
15213,15213,15213,6,5,retained,0;1;2;3;4;5
15214,15214,15214,6,7,retained,0;1;2;3;4;5
15215,15215,15215,6,4,retained,0;1;2;3;4;5
15216,15216,15216,6,7,retained,0;1;2;3;4;5
15217,15217,15217,6,6,retained,0;1;2;3;4;5
15218,15218,15218,6,6,retained,0;1;2;3;4;5
15219,15219,15219,6,8,retained,0;1;2;3;4;5
15220,15220,15220,6,7,retained,0;1;2;3;4;5
15221,15221,15221,6,6,retained,0;1;2;3;4;5
15222,15222,15222,6,6,retained,0;1;2;3;4;5
15223,15223,15223,6,8,retained,0;1;2;3;4;5
15224,15224,15224,6,6,retained,0;1;2;3;4;5
15225,15225,15225,6,6,retained,0;1;2;3;4;5
15226,15226,15226,6,7,retained,0;1;2;3;4;5
15227,15227,15227,6,7,retained,0;1;2;3;4;5
15228,15228,15228,6,7,retained,0;1;2;3;4;5
15229,15229,15229,6,8,retained,0;1;2;3;4;5
15230,15230,15230,6,6,retained,0;1;2;3;4;5
15231,15231,15231,6,6,retained,0;1;2;3;4;5
15232,15232,15232,6,6,retained,0;1;2;3;4;5
15233,15233,15233,6,7,retained,0;1;2;3;4;5
15234,15234,15234,6,8,retained,0;1;2;3;4;5
15235,15235,15235,6,7,retained,0;1;2;3;4;5
15236,15236,15236,6,6,retained,0;1;2;3;4;5
15237,15237,15237,6,6,retained,0;1;2;3;4;5
15238,15238,15238,6,6,retained,0;1;2;3;4;5
15239,15239,15239,6,7,retained,0;1;2;3;4;5
15240,15240,15240,6,7,retained,0;1;2;3;4;5
15241,15241,15241,6,8,retained,0;1;2;3;4;5
15242,15242,15242,6,8,retained,0;1;2;3;4;5
15243,15243,15243,6,8,retained,0;1;2;3;4;5
15244,15244,15244,6,8,retained,0;1;2;3;4;5
15245,15245,15245,6,8,retained,0;1;2;3;4;5
15246,15246,15246,6,6,retained,0;1;2;3;4;5
15247,15247,15247,6,8,retained,0;1;2;3;4;5
15248,15248,15248,6,8,retained,0;1;2;3;4;5
15249,15249,15249,6,8,retained,0;1;2;3;4;5
15250,15250,15250,6,4,retained,0;1;2;3;4;5
15251,15251,15251,6,7,retained,0;1;2;3;4;5
15252,15252,15252,6,7,retained,0;1;2;3;4;5
15253,15253,15253,6,8,retained,0;1;2;3;4;5
15254,15254,15254,6,7,retained,0;1;2;3;4;5
15255,15255,15255,6,7,retained,0;1;2;3;4;5
15256,15256,15256,6,6,retained,0;1;2;3;4;5
15257,15257,15257,6,5,retained,0;1;2;3;4;5
15258,15258,15258,6,4,retained,0;1;2;3;4;5
15259,15259,15259,6,5,retained,0;1;2;3;4;5
15260,15260,15260,6,8,retained,0;1;2;3;4;5
15261,15261,15261,6,6,retained,0;1;2;3;4;5
15262,15262,15262,6,8,retained,0;1;2;3;4;5
15263,15263,15263,6,5,retained,0;1;2;3;4;5
15264,15264,15264,6,5,retained,0;1;2;3;4;5
15265,15265,15265,6,8,retained,0;1;2;3;4;5
15266,15266,15266,6,4,retained,0;1;2;3;4;5
15267,15267,15267,6,6,retained,0;1;2;3;4;5
15268,15268,15268,6,7,retained,0;1;2;3;4;5
15269,15269,15269,6,6,retained,0;1;2;3;4;5
15270,15270,15270,6,7,retained,0;1;2;3;4;5
15271,15271,15271,6,8,retained,0;1;2;3;4;5
15272,15272,15272,6,7,retained,0;1;2;3;4;5
15273,15273,15273,6,7,retained,0;1;2;3;4;5
15274,15274,15274,6,6,retained,0;1;2;3;4;5
15275,15275,15275,6,5,retained,0;1;2;3;4;5
15276,15276,15276,6,6,retained,0;1;2;3;4;5
15277,15277,15277,6,7,retained,0;1;2;3;4;5
15278,15278,15278,6,8,retained,0;1;2;3;4;5
15279,15279,15279,6,7,retained,0;1;2;3;4;5
15280,15280,15280,6,6,retained,0;1;2;3;4;5
15281,15281,15281,6,7,retained,0;1;2;3;4;5
15282,15282,15282,6,7,retained,0;1;2;3;4;5
15283,15283,15283,6,8,retained,0;1;2;3;4;5
15284,15284,15284,6,6,retained,0;1;2;3;4;5
15285,15285,15285,6,8,retained,0;1;2;3;4;5
15286,15286,15286,6,8,retained,0;1;2;3;4;5
15287,15287,15287,6,6,retained,0;1;2;3;4;5
15288,15288,15288,6,7,retained,0;1;2;3;4;5
15289,15289,15289,6,7,retained,0;1;2;3;4;5
15290,15290,15290,6,8,retained,0;1;2;3;4;5
15291,15291,15291,6,8,retained,0;1;2;3;4;5
15292,15292,15292,6,6,retained,0;1;2;3;4;5
15293,15293,15293,6,8,retained,0;1;2;3;4;5
15294,15294,15294,6,7,retained,0;1;2;3;4;5
15295,15295,15295,6,8,retained,0;1;2;3;4;5
15296,15296,15296,6,7,retained,0;1;2;3;4;5
15297,15297,15297,6,8,retained,0;1;2;3;4;5
15298,15298,15298,6,7,retained,0;1;2;3;4;5
15299,15299,15299,6,6,retained,0;1;2;3;4;5
15300,15300,15300,6,7,retained,0;1;2;3;4;5
15301,15301,15301,6,7,retained,0;1;2;3;4;5
15302,15302,15302,6,6,retained,0;1;2;3;4;5
15303,15303,15303,6,8,retained,0;1;2;3;4;5
15304,15304,15304,6,6,retained,0;1;2;3;4;5
15305,15305,15305,6,8,retained,0;1;2;3;4;5
15306,15306,15306,6,7,retained,0;1;2;3;4;5
15307,15307,15307,6,6,retained,0;1;2;3;4;5
15308,15308,15308,6,8,retained,0;1;2;3;4;5
15309,15309,15309,6,4,retained,0;1;2;3;4;5
15310,15310,15310,6,6,retained,0;1;2;3;4;5
15311,15311,15311,6,6,retained,0;1;2;3;4;5
15312,15312,15312,6,6,retained,0;1;2;3;4;5
15313,15313,15313,6,8,retained,0;1;2;3;4;5
15314,15314,15314,6,8,retained,0;1;2;3;4;5
15315,15315,15315,6,6,retained,0;1;2;3;4;5
15316,15316,15316,6,7,retained,0;1;2;3;4;5
15317,15317,15317,6,8,retained,0;1;2;3;4;5
15318,15318,15318,6,6,retained,0;1;2;3;4;5
15319,15319,15319,6,8,retained,0;1;2;3;4;5
15320,15320,15320,6,8,retained,0;1;2;3;4;5
15321,15321,15321,6,7,retained,0;1;2;3;4;5
15322,15322,15322,6,6,retained,0;1;2;3;4;5
15323,15323,15323,6,8,retained,0;1;2;3;4;5
15324,15324,15324,6,8,retained,0;1;2;3;4;5
15325,15325,15325,6,7,retained,0;1;2;3;4;5
15326,15326,15326,6,8,retained,0;1;2;3;4;5
15327,15327,15327,6,7,retained,0;1;2;3;4;5
15328,15328,15328,6,7,retained,0;1;2;3;4;5
15329,15329,15329,6,8,retained,0;1;2;3;4;5
15330,15330,15330,6,8,retained,0;1;2;3;4;5
15331,15331,15331,6,7,retained,0;1;2;3;4;5
15332,15332,15332,6,6,retained,0;1;2;3;4;5
15333,15333,15333,6,8,retained,0;1;2;3;4;5
15334,15334,15334,6,7,retained,0;1;2;3;4;5
15335,15335,15335,6,6,retained,0;1;2;3;4;5
15336,15336,15336,6,6,retained,0;1;2;3;4;5
15337,15337,15337,6,7,retained,0;1;2;3;4;5
15338,15338,15338,6,8,retained,0;1;2;3;4;5
15339,15339,15339,6,7,retained,0;1;2;3;4;5
15340,15340,15340,6,8,retained,0;1;2;3;4;5
15341,15341,15341,6,7,retained,0;1;2;3;4;5
15342,15342,15342,6,6,retained,0;1;2;3;4;5
15343,15343,15343,6,7,retained,0;1;2;3;4;5
15344,15344,15344,6,8,retained,0;1;2;3;4;5
15345,15345,15345,6,8,retained,0;1;2;3;4;5
15346,15346,15346,6,8,retained,0;1;2;3;4;5
15347,15347,15347,6,7,retained,0;1;2;3;4;5
15348,15348,15348,6,8,retained,0;1;2;3;4;5
15349,15349,15349,6,8,retained,0;1;2;3;4;5
15350,15350,15350,6,6,retained,0;1;2;3;4;5
15351,15351,15351,6,7,retained,0;1;2;3;4;5
15352,15352,15352,6,8,retained,0;1;2;3;4;5
15353,15353,15353,6,8,retained,0;1;2;3;4;5
15354,15354,15354,6,6,retained,0;1;2;3;4;5
15355,15355,15355,6,8,retained,0;1;2;3;4;5
15356,15356,15356,6,8,retained,0;1;2;3;4;5
15357,15357,15357,6,8,retained,0;1;2;3;4;5
15358,15358,15358,6,7,retained,0;1;2;3;4;5
15359,15359,15359,6,3,retained,0;1;2;3;4;5
15360,15360,15360,6,3,retained,0;1;2;3;4;5
15361,15361,15361,6,6,retained,0;1;2;3;4;5
15362,15362,15362,6,2,retained,0;1;2;3;4;5
15363,15363,15363,6,2,retained,0;1;2;3;4;5
15364,15364,15364,6,5,retained,0;1;2;3;4;5
15365,15365,15365,6,6,retained,0;1;2;3;4;5
15366,15366,15366,6,7,retained,0;1;2;3;4;5
15367,15367,15367,6,8,retained,0;1;2;3;4;5
15368,15368,15368,6,5,retained,0;1;2;3;4;5
15369,15369,15369,6,8,retained,0;1;2;3;4;5
15370,15370,15370,6,8,retained,0;1;2;3;4;5
15371,15371,15371,6,8,retained,0;1;2;3;4;5
15372,15372,15372,6,8,retained,0;1;2;3;4;5
15373,15373,15373,6,2,retained,0;1;2;3;4;5
15374,15374,15374,6,4,retained,0;1;2;3;4;5
15375,15375,15375,6,4,retained,0;1;2;3;4;5
15376,15376,15376,6,8,retained,0;1;2;3;4;5
15377,15377,15377,6,5,retained,0;1;2;3;4;5
15378,15378,15378,6,6,retained,0;1;2;3;4;5
15379,15379,15379,6,5,retained,0;1;2;3;4;5
15380,15380,15380,6,7,retained,0;1;2;3;4;5
15381,15381,15381,6,4,retained,0;1;2;3;4;5
15382,15382,15382,6,4,retained,0;1;2;3;4;5
15383,15383,15383,6,5,retained,0;1;2;3;4;5
15384,15384,15384,6,4,retained,0;1;2;3;4;5
15385,15385,15385,6,8,retained,0;1;2;3;4;5
15386,15386,15386,6,6,retained,0;1;2;3;4;5
15387,15387,15387,6,8,retained,0;1;2;3;4;5
15388,15388,15388,6,7,retained,0;1;2;3;4;5
15389,15389,15389,6,6,retained,0;1;2;3;4;5
15390,15390,15390,6,5,retained,0;1;2;3;4;5
15391,15391,15391,6,4,retained,0;1;2;3;4;5
15392,15392,15392,6,5,retained,0;1;2;3;4;5
15393,15393,15393,6,7,retained,0;1;2;3;4;5
15394,15394,15394,6,8,retained,0;1;2;3;4;5
15395,15395,15395,6,8,retained,0;1;2;3;4;5
15396,15396,15396,6,7,retained,0;1;2;3;4;5
15397,15397,15397,6,6,retained,0;1;2;3;4;5
15398,15398,15398,6,5,retained,0;1;2;3;4;5
15399,15399,15399,6,8,retained,0;1;2;3;4;5
15400,15400,15400,6,8,retained,0;1;2;3;4;5
15401,15401,15401,6,7,retained,0;1;2;3;4;5
15402,15402,15402,6,6,retained,0;1;2;3;4;5
15403,15403,15403,6,8,retained,0;1;2;3;4;5
15404,15404,15404,6,4,retained,0;1;2;3;4;5
15405,15405,15405,6,8,retained,0;1;2;3;4;5
15406,15406,15406,6,7,retained,0;1;2;3;4;5
15407,15407,15407,6,8,retained,0;1;2;3;4;5
15408,15408,15408,6,5,retained,0;1;2;3;4;5
15409,15409,15409,6,8,retained,0;1;2;3;4;5
15410,15410,15410,6,7,retained,0;1;2;3;4;5
15411,15411,15411,6,6,retained,0;1;2;3;4;5
15412,15412,15412,6,6,retained,0;1;2;3;4;5
15413,15413,15413,6,6,retained,0;1;2;3;4;5
15414,15414,15414,6,6,retained,0;1;2;3;4;5
15415,15415,15415,6,6,retained,0;1;2;3;4;5
15416,15416,15416,6,6,retained,0;1;2;3;4;5
15417,15417,15417,6,6,retained,0;1;2;3;4;5
15418,15418,15418,6,7,retained,0;1;2;3;4;5
15419,15419,15419,6,8,retained,0;1;2;3;4;5
15420,15420,15420,6,6,retained,0;1;2;3;4;5
15421,15421,15421,6,4,retained,0;1;2;3;4;5
15422,15422,15422,6,3,retained,0;1;2;3;4;5
15423,15423,15423,6,4,retained,0;1;2;3;4;5
15424,15424,15424,6,5,retained,0;1;2;3;4;5
15425,15425,15425,6,6,retained,0;1;2;3;4;5
15426,15426,15426,6,8,retained,0;1;2;3;4;5
15427,15427,15427,6,7,retained,0;1;2;3;4;5
15428,15428,15428,6,7,retained,0;1;2;3;4;5
15429,15429,15429,6,5,retained,0;1;2;3;4;5
15430,15430,15430,6,6,retained,0;1;2;3;4;5
15431,15431,15431,6,6,retained,0;1;2;3;4;5
15432,15432,15432,6,3,retained,0;1;2;3;4;5
15433,15433,15433,6,6,retained,0;1;2;3;4;5
15434,15434,15434,6,7,retained,0;1;2;3;4;5
15435,15435,15435,6,7,retained,0;1;2;3;4;5
15436,15436,15436,6,8,retained,0;1;2;3;4;5
15437,15437,15437,6,2,retained,0;1;2;3;4;5
15438,15438,15438,6,5,retained,0;1;2;3;4;5
15439,15439,15439,6,2,retained,0;1;2;3;4;5
15440,15440,15440,6,7,retained,0;1;2;3;4;5
15441,15441,15441,6,4,retained,0;1;2;3;4;5
15442,15442,15442,6,6,retained,0;1;2;3;4;5
15443,15443,15443,6,8,retained,0;1;2;3;4;5
15444,15444,15444,6,4,retained,0;1;2;3;4;5
15445,15445,15445,6,8,retained,0;1;2;3;4;5
15446,15446,15446,6,6,retained,0;1;2;3;4;5
15447,15447,15447,6,2,retained,0;1;2;3;4;5
15448,15448,15448,6,5,retained,0;1;2;3;4;5
15449,15449,15449,6,5,retained,0;1;2;3;4;5
15450,15450,15450,6,8,retained,0;1;2;3;4;5
15451,15451,15451,6,5,retained,0;1;2;3;4;5
15452,15452,15452,6,5,retained,0;1;2;3;4;5
15453,15453,15453,6,3,retained,0;1;2;3;4;5
15454,15454,15454,6,3,retained,0;1;2;3;4;5
15455,15455,15455,6,3,retained,0;1;2;3;4;5
15456,15456,15456,6,3,retained,0;1;2;3;4;5
15457,15457,15457,6,4,retained,0;1;2;3;4;5
15458,15458,15458,6,5,retained,0;1;2;3;4;5
15459,15459,15459,6,6,retained,0;1;2;3;4;5
15460,15460,15460,6,7,retained,0;1;2;3;4;5
15461,15461,15461,6,8,retained,0;1;2;3;4;5
15462,15462,15462,6,4,retained,0;1;2;3;4;5
15463,15463,15463,6,3,retained,0;1;2;3;4;5
15464,15464,15464,6,3,retained,0;1;2;3;4;5
15465,15465,15465,6,8,retained,0;1;2;3;4;5
15466,15466,15466,6,7,retained,0;1;2;3;4;5
15467,15467,15467,6,6,retained,0;1;2;3;4;5
15468,15468,15468,6,8,retained,0;1;2;3;4;5
15469,15469,15469,6,8,retained,0;1;2;3;4;5
15470,15470,15470,6,1,retained,0;1;2;3;4;5
15471,15471,15471,6,1,retained,0;1;2;3;4;5
15472,15472,15472,6,4,retained,0;1;2;3;4;5
15473,15473,15473,6,4,retained,0;1;2;3;4;5
15474,15474,15474,6,8,retained,0;1;2;3;4;5
15475,15475,15475,6,8,retained,0;1;2;3;4;5
15476,15476,15476,6,4,retained,0;1;2;3;4;5
15477,15477,15477,6,8,retained,0;1;2;3;4;5
15478,15478,15478,6,6,retained,0;1;2;3;4;5
15479,15479,15479,6,7,retained,0;1;2;3;4;5
15480,15480,15480,6,6,retained,0;1;2;3;4;5
15481,15481,15481,6,8,retained,0;1;2;3;4;5
15482,15482,15482,6,8,retained,0;1;2;3;4;5
15483,15483,15483,6,8,retained,0;1;2;3;4;5
15484,15484,15484,6,5,retained,0;1;2;3;4;5
15485,15485,15485,6,8,retained,0;1;2;3;4;5
15486,15486,15486,6,8,retained,0;1;2;3;4;5
15487,15487,15487,6,1,retained,0;1;2;3;4;5
15488,15488,15488,6,3,retained,0;1;2;3;4;5
15489,15489,15489,6,7,retained,0;1;2;3;4;5
15490,15490,15490,6,2,retained,0;1;2;3;4;5
15491,15491,15491,6,1,retained,0;1;2;3;4;5
15492,15492,15492,6,2,retained,0;1;2;3;4;5
15493,15493,15493,6,3,retained,0;1;2;3;4;5
15494,15494,15494,6,7,retained,0;1;2;3;4;5
15495,15495,15495,6,3,retained,0;1;2;3;4;5
15496,15496,15496,6,5,retained,0;1;2;3;4;5
15497,15497,15497,6,2,retained,0;1;2;3;4;5
15498,15498,15498,6,4,retained,0;1;2;3;4;5
15499,15499,15499,6,5,retained,0;1;2;3;4;5
15500,15500,15500,6,8,retained,0;1;2;3;4;5
15501,15501,15501,6,7,retained,0;1;2;3;4;5
15502,15502,15502,6,7,retained,0;1;2;3;4;5
15503,15503,15503,6,2,retained,0;1;2;3;4;5
15504,15504,15504,6,4,retained,0;1;2;3;4;5
15505,15505,15505,6,5,retained,0;1;2;3;4;5
15506,15506,15506,6,5,retained,0;1;2;3;4;5
15507,15507,15507,6,6,retained,0;1;2;3;4;5
15508,15508,15508,6,8,retained,0;1;2;3;4;5
15509,15509,15509,6,4,retained,0;1;2;3;4;5
15510,15510,15510,6,5,retained,0;1;2;3;4;5
15511,15511,15511,6,8,retained,0;1;2;3;4;5
15512,15512,15512,6,5,retained,0;1;2;3;4;5
15513,15513,15513,6,4,retained,0;1;2;3;4;5
15514,15514,15514,6,4,retained,0;1;2;3;4;5
15515,15515,15515,6,5,retained,0;1;2;3;4;5
15516,15516,15516,6,7,retained,0;1;2;3;4;5
15517,15517,15517,6,8,retained,0;1;2;3;4;5
15518,15518,15518,6,5,retained,0;1;2;3;4;5
15519,15519,15519,6,6,retained,0;1;2;3;4;5
15520,15520,15520,6,8,retained,0;1;2;3;4;5
15521,15521,15521,6,8,retained,0;1;2;3;4;5
15522,15522,15522,6,8,retained,0;1;2;3;4;5
15523,15523,15523,6,5,retained,0;1;2;3;4;5
15524,15524,15524,6,5,retained,0;1;2;3;4;5
15525,15525,15525,6,6,retained,0;1;2;3;4;5
15526,15526,15526,6,7,retained,0;1;2;3;4;5
15527,15527,15527,6,6,retained,0;1;2;3;4;5
15528,15528,15528,6,7,retained,0;1;2;3;4;5
15529,15529,15529,6,8,retained,0;1;2;3;4;5
15530,15530,15530,6,2,retained,0;1;2;3;4;5
15531,15531,15531,6,8,retained,0;1;2;3;4;5
15532,15532,15532,6,4,retained,0;1;2;3;4;5
15533,15533,15533,6,7,retained,0;1;2;3;4;5
15534,15534,15534,6,8,retained,0;1;2;3;4;5
15535,15535,15535,6,7,retained,0;1;2;3;4;5
15536,15536,15536,6,8,retained,0;1;2;3;4;5
15537,15537,15537,6,5,retained,0;1;2;3;4;5
15538,15538,15538,6,8,retained,0;1;2;3;4;5
15539,15539,15539,6,4,retained,0;1;2;3;4;5
15540,15540,15540,6,5,retained,0;1;2;3;4;5
15541,15541,15541,6,8,retained,0;1;2;3;4;5
15542,15542,15542,6,6,retained,0;1;2;3;4;5
15543,15543,15543,6,8,retained,0;1;2;3;4;5
15544,15544,15544,6,7,retained,0;1;2;3;4;5
15545,15545,15545,6,8,retained,0;1;2;3;4;5
15546,15546,15546,6,3,retained,0;1;2;3;4;5
15547,15547,15547,6,6,retained,0;1;2;3;4;5
15548,15548,15548,6,6,retained,0;1;2;3;4;5
15549,15549,15549,6,6,retained,0;1;2;3;4;5
15550,15550,15550,6,4,retained,0;1;2;3;4;5
15551,15551,15551,6,8,retained,0;1;2;3;4;5
15552,15552,15552,6,8,retained,0;1;2;3;4;5
15553,15553,15553,6,4,retained,0;1;2;3;4;5
15554,15554,15554,6,8,retained,0;1;2;3;4;5
15555,15555,15555,6,5,retained,0;1;2;3;4;5
15556,15556,15556,6,8,retained,0;1;2;3;4;5
15557,15557,15557,6,6,retained,0;1;2;3;4;5
15558,15558,15558,6,7,retained,0;1;2;3;4;5
15559,15559,15559,6,8,retained,0;1;2;3;4;5
15560,15560,15560,6,7,retained,0;1;2;3;4;5
15561,15561,15561,6,8,retained,0;1;2;3;4;5
15562,15562,15562,6,3,retained,0;1;2;3;4;5
15563,15563,15563,6,6,retained,0;1;2;3;4;5
15564,15564,15564,6,8,retained,0;1;2;3;4;5
15565,15565,15565,6,2,retained,0;1;2;3;4;5
15566,15566,15566,6,3,retained,0;1;2;3;4;5
15567,15567,15567,6,5,retained,0;1;2;3;4;5
15568,15568,15568,6,5,retained,0;1;2;3;4;5
15569,15569,15569,6,6,retained,0;1;2;3;4;5
15570,15570,15570,6,6,retained,0;1;2;3;4;5
15571,15571,15571,6,6,retained,0;1;2;3;4;5
15572,15572,15572,6,8,retained,0;1;2;3;4;5
15573,15573,15573,6,8,retained,0;1;2;3;4;5
15574,15574,15574,6,8,retained,0;1;2;3;4;5
15575,15575,15575,6,3,retained,0;1;2;3;4;5
15576,15576,15576,6,3,retained,0;1;2;3;4;5
15577,15577,15577,6,5,retained,0;1;2;3;4;5
15578,15578,15578,6,8,retained,0;1;2;3;4;5
15579,15579,15579,6,8,retained,0;1;2;3;4;5
15580,15580,15580,6,8,retained,0;1;2;3;4;5
15581,15581,15581,6,4,retained,0;1;2;3;4;5
15582,15582,15582,6,8,retained,0;1;2;3;4;5
15583,15583,15583,6,8,retained,0;1;2;3;4;5
15584,15584,15584,6,8,retained,0;1;2;3;4;5
15585,15585,15585,6,8,retained,0;1;2;3;4;5
15586,15586,15586,6,6,retained,0;1;2;3;4;5
15587,15587,15587,6,4,retained,0;1;2;3;4;5
15588,15588,15588,6,3,retained,0;1;2;3;4;5
15589,15589,15589,6,2,retained,0;1;2;3;4;5
15590,15590,15590,6,5,retained,0;1;2;3;4;5
15591,15591,15591,6,3,retained,0;1;2;3;4;5
15592,15592,15592,6,4,retained,0;1;2;3;4;5
15593,15593,15593,6,8,retained,0;1;2;3;4;5
15594,15594,15594,6,7,retained,0;1;2;3;4;5
15595,15595,15595,6,5,retained,0;1;2;3;4;5
15596,15596,15596,6,8,retained,0;1;2;3;4;5
15597,15597,15597,6,2,retained,0;1;2;3;4;5
15598,15598,15598,6,8,retained,0;1;2;3;4;5
15599,15599,15599,6,4,retained,0;1;2;3;4;5
15600,15600,15600,6,4,retained,0;1;2;3;4;5
15601,15601,15601,6,8,retained,0;1;2;3;4;5
15602,15602,15602,6,3,retained,0;1;2;3;4;5
15603,15603,15603,6,3,retained,0;1;2;3;4;5
15604,15604,15604,6,4,retained,0;1;2;3;4;5
15605,15605,15605,6,6,retained,0;1;2;3;4;5
15606,15606,15606,6,8,retained,0;1;2;3;4;5
15607,15607,15607,6,3,retained,0;1;2;3;4;5
15608,15608,15608,6,3,retained,0;1;2;3;4;5
15609,15609,15609,6,5,retained,0;1;2;3;4;5
15610,15610,15610,6,7,retained,0;1;2;3;4;5
15611,15611,15611,6,3,retained,0;1;2;3;4;5
15612,15612,15612,6,4,retained,0;1;2;3;4;5
15613,15613,15613,6,6,retained,0;1;2;3;4;5
15614,15614,15614,6,8,retained,0;1;2;3;4;5
15615,15615,15615,6,3,retained,0;1;2;3;4;5
15616,15616,15616,6,5,retained,0;1;2;3;4;5
15617,15617,15617,6,7,retained,0;1;2;3;4;5
15618,15618,15618,6,4,retained,0;1;2;3;4;5
15619,15619,15619,6,6,retained,0;1;2;3;4;5
15620,15620,15620,6,8,retained,0;1;2;3;4;5
15621,15621,15621,6,5,retained,0;1;2;3;4;5
15622,15622,15622,6,7,retained,0;1;2;3;4;5
15623,15623,15623,6,6,retained,0;1;2;3;4;5
15624,15624,15624,6,8,retained,0;1;2;3;4;5
15625,15625,15625,6,7,retained,0;1;2;3;4;5
15626,15626,15626,6,8,retained,0;1;2;3;4;5
15627,15627,15627,6,5,retained,0;1;2;3;4;5
15628,15628,15628,6,4,retained,0;1;2;3;4;5
15629,15629,15629,6,7,retained,0;1;2;3;4;5
15630,15630,15630,6,5,retained,0;1;2;3;4;5
15631,15631,15631,6,4,retained,0;1;2;3;4;5
15632,15632,15632,6,6,retained,0;1;2;3;4;5
15633,15633,15633,6,7,retained,0;1;2;3;4;5
15634,15634,15634,6,5,retained,0;1;2;3;4;5
15635,15635,15635,6,4,retained,0;1;2;3;4;5
15636,15636,15636,6,8,retained,0;1;2;3;4;5
15637,15637,15637,6,5,retained,0;1;2;3;4;5
15638,15638,15638,6,2,retained,0;1;2;3;4;5
15639,15639,15639,6,2,retained,0;1;2;3;4;5
15640,15640,15640,6,6,retained,0;1;2;3;4;5
15641,15641,15641,6,4,retained,0;1;2;3;4;5
15642,15642,15642,6,8,retained,0;1;2;3;4;5
15643,15643,15643,6,8,retained,0;1;2;3;4;5
15644,15644,15644,6,5,retained,0;1;2;3;4;5
15645,15645,15645,6,6,retained,0;1;2;3;4;5
15646,15646,15646,6,6,retained,0;1;2;3;4;5
15647,15647,15647,6,8,retained,0;1;2;3;4;5
15648,15648,15648,6,6,retained,0;1;2;3;4;5
15649,15649,15649,6,8,retained,0;1;2;3;4;5
15650,15650,15650,6,8,retained,0;1;2;3;4;5
15651,15651,15651,6,8,retained,0;1;2;3;4;5
15652,15652,15652,6,4,retained,0;1;2;3;4;5
15653,15653,15653,6,7,retained,0;1;2;3;4;5
15654,15654,15654,6,7,retained,0;1;2;3;4;5
15655,15655,15655,6,8,retained,0;1;2;3;4;5
15656,15656,15656,6,2,retained,0;1;2;3;4;5
15657,15657,15657,6,5,retained,0;1;2;3;4;5
15658,15658,15658,6,3,retained,0;1;2;3;4;5
15659,15659,15659,6,4,retained,0;1;2;3;4;5
15660,15660,15660,6,6,retained,0;1;2;3;4;5
15661,15661,15661,6,8,retained,0;1;2;3;4;5
15662,15662,15662,6,2,retained,0;1;2;3;4;5
15663,15663,15663,6,3,retained,0;1;2;3;4;5
15664,15664,15664,6,5,retained,0;1;2;3;4;5
15665,15665,15665,6,4,retained,0;1;2;3;4;5
15666,15666,15666,6,3,retained,0;1;2;3;4;5
15667,15667,15667,6,3,retained,0;1;2;3;4;5
15668,15668,15668,6,6,retained,0;1;2;3;4;5
15669,15669,15669,6,6,retained,0;1;2;3;4;5
15670,15670,15670,6,5,retained,0;1;2;3;4;5
15671,15671,15671,6,8,retained,0;1;2;3;4;5
15672,15672,15672,6,8,retained,0;1;2;3;4;5
15673,15673,15673,6,5,retained,0;1;2;3;4;5
15674,15674,15674,6,6,retained,0;1;2;3;4;5
15675,15675,15675,6,7,retained,0;1;2;3;4;5
15676,15676,15676,6,6,retained,0;1;2;3;4;5
15677,15677,15677,6,8,retained,0;1;2;3;4;5
15678,15678,15678,6,8,retained,0;1;2;3;4;5
15679,15679,15679,6,8,retained,0;1;2;3;4;5
15680,15680,15680,6,5,retained,0;1;2;3;4;5
15681,15681,15681,6,4,retained,0;1;2;3;4;5
15682,15682,15682,6,4,retained,0;1;2;3;4;5
15683,15683,15683,6,5,retained,0;1;2;3;4;5
15684,15684,15684,6,8,retained,0;1;2;3;4;5
15685,15685,15685,6,8,retained,0;1;2;3;4;5
15686,15686,15686,6,6,retained,0;1;2;3;4;5
15687,15687,15687,6,8,retained,0;1;2;3;4;5
15688,15688,15688,6,8,retained,0;1;2;3;4;5
15689,15689,15689,6,4,retained,0;1;2;3;4;5
15690,15690,15690,6,8,retained,0;1;2;3;4;5
15691,15691,15691,6,4,retained,0;1;2;3;4;5
15692,15692,15692,6,3,retained,0;1;2;3;4;5
15693,15693,15693,6,3,retained,0;1;2;3;4;5
15694,15694,15694,6,5,retained,0;1;2;3;4;5
15695,15695,15695,6,6,retained,0;1;2;3;4;5
15696,15696,15696,6,8,retained,0;1;2;3;4;5
15697,15697,15697,6,4,retained,0;1;2;3;4;5
15698,15698,15698,6,3,retained,0;1;2;3;4;5
15699,15699,15699,6,6,retained,0;1;2;3;4;5
15700,15700,15700,6,8,retained,0;1;2;3;4;5
15701,15701,15701,6,8,retained,0;1;2;3;4;5
15702,15702,15702,6,8,retained,0;1;2;3;4;5
15703,15703,15703,6,6,retained,0;1;2;3;4;5
15704,15704,15704,6,7,retained,0;1;2;3;4;5
15705,15705,15705,6,8,retained,0;1;2;3;4;5
15706,15706,15706,6,5,retained,0;1;2;3;4;5
15707,15707,15707,6,8,retained,0;1;2;3;4;5
15708,15708,15708,6,7,retained,0;1;2;3;4;5
15709,15709,15709,6,7,retained,0;1;2;3;4;5
15710,15710,15710,6,3,retained,0;1;2;3;4;5
15711,15711,15711,6,6,retained,0;1;2;3;4;5
15712,15712,15712,6,8,retained,0;1;2;3;4;5
15713,15713,15713,6,6,retained,0;1;2;3;4;5
15714,15714,15714,6,8,retained,0;1;2;3;4;5
15715,15715,15715,6,5,retained,0;1;2;3;4;5
15716,15716,15716,6,7,retained,0;1;2;3;4;5
15717,15717,15717,6,8,retained,0;1;2;3;4;5
15718,15718,15718,6,3,retained,0;1;2;3;4;5
15719,15719,15719,6,6,retained,0;1;2;3;4;5
15720,15720,15720,6,7,retained,0;1;2;3;4;5
15721,15721,15721,6,8,retained,0;1;2;3;4;5
15722,15722,15722,6,6,retained,0;1;2;3;4;5
15723,15723,15723,6,8,retained,0;1;2;3;4;5
15724,15724,15724,6,5,retained,0;1;2;3;4;5
15725,15725,15725,6,8,retained,0;1;2;3;4;5
15726,15726,15726,6,7,retained,0;1;2;3;4;5
15727,15727,15727,6,8,retained,0;1;2;3;4;5
15728,15728,15728,6,6,retained,0;1;2;3;4;5
15729,15729,15729,6,4,retained,0;1;2;3;4;5
15730,15730,15730,6,8,retained,0;1;2;3;4;5
15731,15731,15731,6,8,retained,0;1;2;3;4;5
15732,15732,15732,6,7,retained,0;1;2;3;4;5
15733,15733,15733,6,5,retained,0;1;2;3;4;5
15734,15734,15734,6,6,retained,0;1;2;3;4;5
15735,15735,15735,6,6,retained,0;1;2;3;4;5
15736,15736,15736,6,7,retained,0;1;2;3;4;5
15737,15737,15737,6,8,retained,0;1;2;3;4;5
15738,15738,15738,6,8,retained,0;1;2;3;4;5
15739,15739,15739,6,6,retained,0;1;2;3;4;5
15740,15740,15740,6,8,retained,0;1;2;3;4;5
15741,15741,15741,6,8,retained,0;1;2;3;4;5
15742,15742,15742,6,5,retained,0;1;2;3;4;5
15743,15743,15743,6,6,retained,0;1;2;3;4;5
15744,15744,15744,6,3,retained,0;1;2;3;4;5
15745,15745,15745,6,4,retained,0;1;2;3;4;5
15746,15746,15746,6,7,retained,0;1;2;3;4;5
15747,15747,15747,6,7,retained,0;1;2;3;4;5
15748,15748,15748,6,7,retained,0;1;2;3;4;5
15749,15749,15749,6,8,retained,0;1;2;3;4;5
15750,15750,15750,6,4,retained,0;1;2;3;4;5
15751,15751,15751,6,5,retained,0;1;2;3;4;5
15752,15752,15752,6,8,retained,0;1;2;3;4;5
15753,15753,15753,6,8,retained,0;1;2;3;4;5
15754,15754,15754,6,7,retained,0;1;2;3;4;5
15755,15755,15755,6,6,retained,0;1;2;3;4;5
15756,15756,15756,6,4,retained,0;1;2;3;4;5
15757,15757,15757,6,4,retained,0;1;2;3;4;5
15758,15758,15758,6,4,retained,0;1;2;3;4;5
15759,15759,15759,6,6,retained,0;1;2;3;4;5
15760,15760,15760,6,8,retained,0;1;2;3;4;5
15761,15761,15761,6,5,retained,0;1;2;3;4;5
15762,15762,15762,6,8,retained,0;1;2;3;4;5
15763,15763,15763,6,7,retained,0;1;2;3;4;5
15764,15764,15764,6,4,retained,0;1;2;3;4;5
15765,15765,15765,6,8,retained,0;1;2;3;4;5
15766,15766,15766,6,7,retained,0;1;2;3;4;5
15767,15767,15767,6,8,retained,0;1;2;3;4;5
15768,15768,15768,6,8,retained,0;1;2;3;4;5
15769,15769,15769,6,6,retained,0;1;2;3;4;5
15770,15770,15770,6,5,retained,0;1;2;3;4;5
15771,15771,15771,6,4,retained,0;1;2;3;4;5
15772,15772,15772,6,3,retained,0;1;2;3;4;5
15773,15773,15773,6,8,retained,0;1;2;3;4;5
15774,15774,15774,6,7,retained,0;1;2;3;4;5
15775,15775,15775,6,8,retained,0;1;2;3;4;5
15776,15776,15776,6,6,retained,0;1;2;3;4;5
15777,15777,15777,6,5,retained,0;1;2;3;4;5
15778,15778,15778,6,4,retained,0;1;2;3;4;5
15779,15779,15779,6,6,retained,0;1;2;3;4;5
15780,15780,15780,6,8,retained,0;1;2;3;4;5
15781,15781,15781,6,8,retained,0;1;2;3;4;5
15782,15782,15782,6,7,retained,0;1;2;3;4;5
15783,15783,15783,6,8,retained,0;1;2;3;4;5
15784,15784,15784,6,6,retained,0;1;2;3;4;5
15785,15785,15785,6,7,retained,0;1;2;3;4;5
15786,15786,15786,6,4,retained,0;1;2;3;4;5
15787,15787,15787,6,3,retained,0;1;2;3;4;5
15788,15788,15788,6,4,retained,0;1;2;3;4;5
15789,15789,15789,6,8,retained,0;1;2;3;4;5
15790,15790,15790,6,6,retained,0;1;2;3;4;5
15791,15791,15791,6,6,retained,0;1;2;3;4;5
15792,15792,15792,6,4,retained,0;1;2;3;4;5
15793,15793,15793,6,5,retained,0;1;2;3;4;5
15794,15794,15794,6,4,retained,0;1;2;3;4;5
15795,15795,15795,6,7,retained,0;1;2;3;4;5
15796,15796,15796,6,6,retained,0;1;2;3;4;5
15797,15797,15797,6,6,retained,0;1;2;3;4;5
15798,15798,15798,6,6,retained,0;1;2;3;4;5
15799,15799,15799,6,6,retained,0;1;2;3;4;5
15800,15800,15800,6,7,retained,0;1;2;3;4;5
15801,15801,15801,6,3,retained,0;1;2;3;4;5
15802,15802,15802,6,3,retained,0;1;2;3;4;5
15803,15803,15803,6,8,retained,0;1;2;3;4;5
15804,15804,15804,6,6,retained,0;1;2;3;4;5
15805,15805,15805,6,8,retained,0;1;2;3;4;5
15806,15806,15806,6,7,retained,0;1;2;3;4;5
15807,15807,15807,6,7,retained,0;1;2;3;4;5
15808,15808,15808,6,8,retained,0;1;2;3;4;5
15809,15809,15809,6,8,retained,0;1;2;3;4;5
15810,15810,15810,6,8,retained,0;1;2;3;4;5
15811,15811,15811,6,6,retained,0;1;2;3;4;5
15812,15812,15812,6,8,retained,0;1;2;3;4;5
15813,15813,15813,6,6,retained,0;1;2;3;4;5
15814,15814,15814,6,8,retained,0;1;2;3;4;5
15815,15815,15815,6,8,retained,0;1;2;3;4;5
15816,15816,15816,6,6,retained,0;1;2;3;4;5
15817,15817,15817,6,6,retained,0;1;2;3;4;5
15818,15818,15818,6,3,retained,0;1;2;3;4;5
15819,15819,15819,6,7,retained,0;1;2;3;4;5
15820,15820,15820,6,4,retained,0;1;2;3;4;5
15821,15821,15821,6,7,retained,0;1;2;3;4;5
15822,15822,15822,6,3,retained,0;1;2;3;4;5
15823,15823,15823,6,5,retained,0;1;2;3;4;5
15824,15824,15824,6,7,retained,0;1;2;3;4;5
15825,15825,15825,6,3,retained,0;1;2;3;4;5
15826,15826,15826,6,3,retained,0;1;2;3;4;5
15827,15827,15827,6,4,retained,0;1;2;3;4;5
15828,15828,15828,6,6,retained,0;1;2;3;4;5
15829,15829,15829,6,8,retained,0;1;2;3;4;5
15830,15830,15830,6,8,retained,0;1;2;3;4;5
15831,15831,15831,6,6,retained,0;1;2;3;4;5
15832,15832,15832,6,3,retained,0;1;2;3;4;5
15833,15833,15833,6,3,retained,0;1;2;3;4;5
15834,15834,15834,6,4,retained,0;1;2;3;4;5
15835,15835,15835,6,8,retained,0;1;2;3;4;5
15836,15836,15836,6,5,retained,0;1;2;3;4;5
15837,15837,15837,6,3,retained,0;1;2;3;4;5
15838,15838,15838,6,6,retained,0;1;2;3;4;5
15839,15839,15839,6,6,retained,0;1;2;3;4;5
15840,15840,15840,6,7,retained,0;1;2;3;4;5
15841,15841,15841,6,6,retained,0;1;2;3;4;5
15842,15842,15842,6,6,retained,0;1;2;3;4;5
15843,15843,15843,6,5,retained,0;1;2;3;4;5
15844,15844,15844,6,6,retained,0;1;2;3;4;5
15845,15845,15845,6,7,retained,0;1;2;3;4;5
15846,15846,15846,6,8,retained,0;1;2;3;4;5
15847,15847,15847,6,3,retained,0;1;2;3;4;5
15848,15848,15848,6,4,retained,0;1;2;3;4;5
15849,15849,15849,6,5,retained,0;1;2;3;4;5
15850,15850,15850,6,4,retained,0;1;2;3;4;5
15851,15851,15851,6,8,retained,0;1;2;3;4;5
15852,15852,15852,6,3,retained,0;1;2;3;4;5
15853,15853,15853,6,3,retained,0;1;2;3;4;5
15854,15854,15854,6,4,retained,0;1;2;3;4;5
15855,15855,15855,6,3,retained,0;1;2;3;4;5
15856,15856,15856,6,7,retained,0;1;2;3;4;5
15857,15857,15857,6,6,retained,0;1;2;3;4;5
15858,15858,15858,6,7,retained,0;1;2;3;4;5
15859,15859,15859,6,8,retained,0;1;2;3;4;5
15860,15860,15860,6,4,retained,0;1;2;3;4;5
15861,15861,15861,6,6,retained,0;1;2;3;4;5
15862,15862,15862,6,8,retained,0;1;2;3;4;5
15863,15863,15863,6,5,retained,0;1;2;3;4;5
15864,15864,15864,6,8,retained,0;1;2;3;4;5
15865,15865,15865,6,6,retained,0;1;2;3;4;5
15866,15866,15866,6,5,retained,0;1;2;3;4;5
15867,15867,15867,6,7,retained,0;1;2;3;4;5
15868,15868,15868,6,5,retained,0;1;2;3;4;5
15869,15869,15869,6,6,retained,0;1;2;3;4;5
15870,15870,15870,6,5,retained,0;1;2;3;4;5
15871,15871,15871,6,4,retained,0;1;2;3;4;5
15872,15872,15872,6,4,retained,0;1;2;3;4;5
15873,15873,15873,6,5,retained,0;1;2;3;4;5
15874,15874,15874,6,7,retained,0;1;2;3;4;5
15875,15875,15875,6,8,retained,0;1;2;3;4;5
15876,15876,15876,6,7,retained,0;1;2;3;4;5
15877,15877,15877,6,6,retained,0;1;2;3;4;5
15878,15878,15878,6,5,retained,0;1;2;3;4;5
15879,15879,15879,6,4,retained,0;1;2;3;4;5
15880,15880,15880,6,6,retained,0;1;2;3;4;5
15881,15881,15881,6,8,retained,0;1;2;3;4;5
15882,15882,15882,6,8,retained,0;1;2;3;4;5
15883,15883,15883,6,7,retained,0;1;2;3;4;5
15884,15884,15884,6,6,retained,0;1;2;3;4;5
15885,15885,15885,6,5,retained,0;1;2;3;4;5
15886,15886,15886,6,5,retained,0;1;2;3;4;5
15887,15887,15887,6,8,retained,0;1;2;3;4;5
15888,15888,15888,6,8,retained,0;1;2;3;4;5
15889,15889,15889,6,6,retained,0;1;2;3;4;5
15890,15890,15890,6,6,retained,0;1;2;3;4;5
15891,15891,15891,6,8,retained,0;1;2;3;4;5
15892,15892,15892,6,8,retained,0;1;2;3;4;5
15893,15893,15893,6,7,retained,0;1;2;3;4;5
15894,15894,15894,6,4,retained,0;1;2;3;4;5
15895,15895,15895,6,6,retained,0;1;2;3;4;5
15896,15896,15896,6,5,retained,0;1;2;3;4;5
15897,15897,15897,6,5,retained,0;1;2;3;4;5
15898,15898,15898,6,8,retained,0;1;2;3;4;5
15899,15899,15899,6,5,retained,0;1;2;3;4;5
15900,15900,15900,6,6,retained,0;1;2;3;4;5
15901,15901,15901,6,8,retained,0;1;2;3;4;5
15902,15902,15902,6,7,retained,0;1;2;3;4;5
15903,15903,15903,6,8,retained,0;1;2;3;4;5
15904,15904,15904,6,8,retained,0;1;2;3;4;5
15905,15905,15905,6,8,retained,0;1;2;3;4;5
15906,15906,15906,6,8,retained,0;1;2;3;4;5
15907,15907,15907,6,8,retained,0;1;2;3;4;5
15908,15908,15908,6,6,retained,0;1;2;3;4;5
15909,15909,15909,6,8,retained,0;1;2;3;4;5
15910,15910,15910,6,8,retained,0;1;2;3;4;5
15911,15911,15911,6,4,retained,0;1;2;3;4;5
15912,15912,15912,6,7,retained,0;1;2;3;4;5
15913,15913,15913,6,8,retained,0;1;2;3;4;5
15914,15914,15914,6,8,retained,0;1;2;3;4;5
15915,15915,15915,6,8,retained,0;1;2;3;4;5
15916,15916,15916,6,8,retained,0;1;2;3;4;5
15917,15917,15917,6,5,retained,0;1;2;3;4;5
15918,15918,15918,6,4,retained,0;1;2;3;4;5
15919,15919,15919,6,8,retained,0;1;2;3;4;5
15920,15920,15920,6,8,retained,0;1;2;3;4;5
15921,15921,15921,6,8,retained,0;1;2;3;4;5
15922,15922,15922,6,6,retained,0;1;2;3;4;5
15923,15923,15923,6,5,retained,0;1;2;3;4;5
15924,15924,15924,6,5,retained,0;1;2;3;4;5
15925,15925,15925,6,5,retained,0;1;2;3;4;5
15926,15926,15926,6,6,retained,0;1;2;3;4;5
15927,15927,15927,6,8,retained,0;1;2;3;4;5
15928,15928,15928,6,4,retained,0;1;2;3;4;5
15929,15929,15929,6,7,retained,0;1;2;3;4;5
15930,15930,15930,6,5,retained,0;1;2;3;4;5
15931,15931,15931,6,8,retained,0;1;2;3;4;5
15932,15932,15932,6,7,retained,0;1;2;3;4;5
15933,15933,15933,6,6,retained,0;1;2;3;4;5
15934,15934,15934,6,5,retained,0;1;2;3;4;5
15935,15935,15935,6,4,retained,0;1;2;3;4;5
15936,15936,15936,6,8,retained,0;1;2;3;4;5
15937,15937,15937,6,4,retained,0;1;2;3;4;5
15938,15938,15938,6,4,retained,0;1;2;3;4;5
15939,15939,15939,6,5,retained,0;1;2;3;4;5
15940,15940,15940,6,4,retained,0;1;2;3;4;5
15941,15941,15941,6,6,retained,0;1;2;3;4;5
15942,15942,15942,6,6,retained,0;1;2;3;4;5
15943,15943,15943,6,5,retained,0;1;2;3;4;5
15944,15944,15944,6,7,retained,0;1;2;3;4;5
15945,15945,15945,6,6,retained,0;1;2;3;4;5
15946,15946,15946,6,6,retained,0;1;2;3;4;5
15947,15947,15947,6,8,retained,0;1;2;3;4;5
15948,15948,15948,6,8,retained,0;1;2;3;4;5
15949,15949,15949,6,8,retained,0;1;2;3;4;5
15950,15950,15950,6,5,retained,0;1;2;3;4;5
15951,15951,15951,6,5,retained,0;1;2;3;4;5
15952,15952,15952,6,5,retained,0;1;2;3;4;5
15953,15953,15953,6,8,retained,0;1;2;3;4;5
15954,15954,15954,6,5,retained,0;1;2;3;4;5
15955,15955,15955,6,6,retained,0;1;2;3;4;5
15956,15956,15956,6,5,retained,0;1;2;3;4;5
15957,15957,15957,6,5,retained,0;1;2;3;4;5
15958,15958,15958,6,7,retained,0;1;2;3;4;5
15959,15959,15959,6,6,retained,0;1;2;3;4;5
15960,15960,15960,6,6,retained,0;1;2;3;4;5
15961,15961,15961,6,8,retained,0;1;2;3;4;5
15962,15962,15962,6,8,retained,0;1;2;3;4;5
15963,15963,15963,6,8,retained,0;1;2;3;4;5
15964,15964,15964,6,7,retained,0;1;2;3;4;5
15965,15965,15965,6,8,retained,0;1;2;3;4;5
15966,15966,15966,6,6,retained,0;1;2;3;4;5
15967,15967,15967,6,8,retained,0;1;2;3;4;5
15968,15968,15968,6,4,retained,0;1;2;3;4;5
15969,15969,15969,6,4,retained,0;1;2;3;4;5
15970,15970,15970,6,8,retained,0;1;2;3;4;5
15971,15971,15971,6,8,retained,0;1;2;3;4;5
15972,15972,15972,6,8,retained,0;1;2;3;4;5
15973,15973,15973,6,7,retained,0;1;2;3;4;5
15974,15974,15974,6,8,retained,0;1;2;3;4;5
15975,15975,15975,6,8,retained,0;1;2;3;4;5
15976,15976,15976,6,8,retained,0;1;2;3;4;5
15977,15977,15977,6,8,retained,0;1;2;3;4;5
15978,15978,15978,6,8,retained,0;1;2;3;4;5
15979,15979,15979,6,8,retained,0;1;2;3;4;5
15980,15980,15980,6,4,retained,0;1;2;3;4;5
15981,15981,15981,6,6,retained,0;1;2;3;4;5
15982,15982,15982,6,8,retained,0;1;2;3;4;5
15983,15983,15983,6,8,retained,0;1;2;3;4;5
15984,15984,15984,6,4,retained,0;1;2;3;4;5
15985,15985,15985,6,5,retained,0;1;2;3;4;5
15986,15986,15986,6,8,retained,0;1;2;3;4;5
15987,15987,15987,6,7,retained,0;1;2;3;4;5
15988,15988,15988,6,6,retained,0;1;2;3;4;5
15989,15989,15989,6,8,retained,0;1;2;3;4;5
15990,15990,15990,6,5,retained,0;1;2;3;4;5
15991,15991,15991,6,4,retained,0;1;2;3;4;5
15992,15992,15992,6,4,retained,0;1;2;3;4;5
15993,15993,15993,6,5,retained,0;1;2;3;4;5
15994,15994,15994,6,6,retained,0;1;2;3;4;5
15995,15995,15995,6,8,retained,0;1;2;3;4;5
15996,15996,15996,6,4,retained,0;1;2;3;4;5
15997,15997,15997,6,8,retained,0;1;2;3;4;5
15998,15998,15998,6,8,retained,0;1;2;3;4;5
15999,15999,15999,6,8,retained,0;1;2;3;4;5
16000,16000,16000,6,7,retained,0;1;2;3;4;5
16001,16001,16001,6,7,retained,0;1;2;3;4;5
16002,16002,16002,6,8,retained,0;1;2;3;4;5
16003,16003,16003,6,8,retained,0;1;2;3;4;5
16004,16004,16004,6,4,retained,0;1;2;3;4;5
16005,16005,16005,6,8,retained,0;1;2;3;4;5
16006,16006,16006,6,5,retained,0;1;2;3;4;5
16007,16007,16007,6,8,retained,0;1;2;3;4;5
16008,16008,16008,6,4,retained,0;1;2;3;4;5
16009,16009,16009,6,5,retained,0;1;2;3;4;5
16010,16010,16010,6,8,retained,0;1;2;3;4;5
16011,16011,16011,6,8,retained,0;1;2;3;4;5
16012,16012,16012,6,4,retained,0;1;2;3;4;5
16013,16013,16013,6,5,retained,0;1;2;3;4;5
16014,16014,16014,6,7,retained,0;1;2;3;4;5
16015,16015,16015,6,8,retained,0;1;2;3;4;5
16016,16016,16016,6,8,retained,0;1;2;3;4;5
16017,16017,16017,6,8,retained,0;1;2;3;4;5
16018,16018,16018,6,4,retained,0;1;2;3;4;5
16019,16019,16019,6,6,retained,0;1;2;3;4;5
16020,16020,16020,6,4,retained,0;1;2;3;4;5
16021,16021,16021,6,6,retained,0;1;2;3;4;5
16022,16022,16022,6,5,retained,0;1;2;3;4;5
16023,16023,16023,6,8,retained,0;1;2;3;4;5
16024,16024,16024,6,4,retained,0;1;2;3;4;5
16025,16025,16025,6,5,retained,0;1;2;3;4;5
16026,16026,16026,6,4,retained,0;1;2;3;4;5
16027,16027,16027,6,8,retained,0;1;2;3;4;5
16028,16028,16028,6,7,retained,0;1;2;3;4;5
16029,16029,16029,6,8,retained,0;1;2;3;4;5
16030,16030,16030,6,4,retained,0;1;2;3;4;5
16031,16031,16031,6,5,retained,0;1;2;3;4;5
16032,16032,16032,6,8,retained,0;1;2;3;4;5
16033,16033,16033,6,8,retained,0;1;2;3;4;5
16034,16034,16034,6,7,retained,0;1;2;3;4;5
16035,16035,16035,6,6,retained,0;1;2;3;4;5
16036,16036,16036,6,5,retained,0;1;2;3;4;5
16037,16037,16037,6,5,retained,0;1;2;3;4;5
16038,16038,16038,6,7,retained,0;1;2;3;4;5
16039,16039,16039,6,8,retained,0;1;2;3;4;5
16040,16040,16040,6,7,retained,0;1;2;3;4;5
16041,16041,16041,6,6,retained,0;1;2;3;4;5
16042,16042,16042,6,5,retained,0;1;2;3;4;5
16043,16043,16043,6,8,retained,0;1;2;3;4;5
16044,16044,16044,6,8,retained,0;1;2;3;4;5
16045,16045,16045,6,5,retained,0;1;2;3;4;5
16046,16046,16046,6,7,retained,0;1;2;3;4;5
16047,16047,16047,6,8,retained,0;1;2;3;4;5
16048,16048,16048,6,6,retained,0;1;2;3;4;5
16049,16049,16049,6,7,retained,0;1;2;3;4;5
16050,16050,16050,6,8,retained,0;1;2;3;4;5
16051,16051,16051,6,7,retained,0;1;2;3;4;5
16052,16052,16052,6,5,retained,0;1;2;3;4;5
16053,16053,16053,6,7,retained,0;1;2;3;4;5
16054,16054,16054,6,6,retained,0;1;2;3;4;5
16055,16055,16055,6,7,retained,0;1;2;3;4;5
16056,16056,16056,6,7,retained,0;1;2;3;4;5
16057,16057,16057,6,7,retained,0;1;2;3;4;5
16058,16058,16058,6,8,retained,0;1;2;3;4;5
16059,16059,16059,6,8,retained,0;1;2;3;4;5
16060,16060,16060,6,8,retained,0;1;2;3;4;5
16061,16061,16061,6,8,retained,0;1;2;3;4;5
16062,16062,16062,6,8,retained,0;1;2;3;4;5
16063,16063,16063,6,8,retained,0;1;2;3;4;5
16064,16064,16064,6,8,retained,0;1;2;3;4;5
16065,16065,16065,6,7,retained,0;1;2;3;4;5
16066,16066,16066,6,5,retained,0;1;2;3;4;5
16067,16067,16067,6,6,retained,0;1;2;3;4;5
16068,16068,16068,6,8,retained,0;1;2;3;4;5
16069,16069,16069,6,8,retained,0;1;2;3;4;5
16070,16070,16070,6,7,retained,0;1;2;3;4;5
16071,16071,16071,6,6,retained,0;1;2;3;4;5
16072,16072,16072,6,6,retained,0;1;2;3;4;5
16073,16073,16073,6,6,retained,0;1;2;3;4;5
16074,16074,16074,6,8,retained,0;1;2;3;4;5
16075,16075,16075,6,8,retained,0;1;2;3;4;5
16076,16076,16076,6,7,retained,0;1;2;3;4;5
16077,16077,16077,6,7,retained,0;1;2;3;4;5
16078,16078,16078,6,8,retained,0;1;2;3;4;5
16079,16079,16079,6,8,retained,0;1;2;3;4;5
16080,16080,16080,6,8,retained,0;1;2;3;4;5
16081,16081,16081,6,5,retained,0;1;2;3;4;5
16082,16082,16082,6,6,retained,0;1;2;3;4;5
16083,16083,16083,6,6,retained,0;1;2;3;4;5
16084,16084,16084,6,7,retained,0;1;2;3;4;5
16085,16085,16085,6,7,retained,0;1;2;3;4;5
16086,16086,16086,6,8,retained,0;1;2;3;4;5
16087,16087,16087,6,7,retained,0;1;2;3;4;5
16088,16088,16088,6,6,retained,0;1;2;3;4;5
16089,16089,16089,6,5,retained,0;1;2;3;4;5
16090,16090,16090,6,6,retained,0;1;2;3;4;5
16091,16091,16091,6,7,retained,0;1;2;3;4;5
16092,16092,16092,6,7,retained,0;1;2;3;4;5
16093,16093,16093,6,7,retained,0;1;2;3;4;5
16094,16094,16094,6,6,retained,0;1;2;3;4;5
16095,16095,16095,6,8,retained,0;1;2;3;4;5
16096,16096,16096,6,8,retained,0;1;2;3;4;5
16097,16097,16097,6,8,retained,0;1;2;3;4;5
16098,16098,16098,6,8,retained,0;1;2;3;4;5
16099,16099,16099,6,6,retained,0;1;2;3;4;5
16100,16100,16100,6,7,retained,0;1;2;3;4;5
16101,16101,16101,6,6,retained,0;1;2;3;4;5
16102,16102,16102,6,8,retained,0;1;2;3;4;5
16103,16103,16103,6,7,retained,0;1;2;3;4;5
16104,16104,16104,6,5,retained,0;1;2;3;4;5
16105,16105,16105,6,5,retained,0;1;2;3;4;5
16106,16106,16106,6,8,retained,0;1;2;3;4;5
16107,16107,16107,6,5,retained,0;1;2;3;4;5
16108,16108,16108,6,5,retained,0;1;2;3;4;5
16109,16109,16109,6,8,retained,0;1;2;3;4;5
16110,16110,16110,6,8,retained,0;1;2;3;4;5
16111,16111,16111,6,5,retained,0;1;2;3;4;5
16112,16112,16112,6,6,retained,0;1;2;3;4;5
16113,16113,16113,6,8,retained,0;1;2;3;4;5
16114,16114,16114,6,5,retained,0;1;2;3;4;5
16115,16115,16115,6,5,retained,0;1;2;3;4;5
16116,16116,16116,6,8,retained,0;1;2;3;4;5
16117,16117,16117,6,8,retained,0;1;2;3;4;5
16118,16118,16118,6,5,retained,0;1;2;3;4;5
16119,16119,16119,6,5,retained,0;1;2;3;4;5
16120,16120,16120,6,5,retained,0;1;2;3;4;5
16121,16121,16121,6,7,retained,0;1;2;3;4;5
16122,16122,16122,6,5,retained,0;1;2;3;4;5
16123,16123,16123,6,8,retained,0;1;2;3;4;5
16124,16124,16124,6,8,retained,0;1;2;3;4;5
16125,16125,16125,6,6,retained,0;1;2;3;4;5
16126,16126,16126,6,7,retained,0;1;2;3;4;5
16127,16127,16127,6,5,retained,0;1;2;3;4;5
16128,16128,16128,6,5,retained,0;1;2;3;4;5
16129,16129,16129,6,5,retained,0;1;2;3;4;5
16130,16130,16130,6,8,retained,0;1;2;3;4;5
16131,16131,16131,6,5,retained,0;1;2;3;4;5
16132,16132,16132,6,5,retained,0;1;2;3;4;5
16133,16133,16133,6,6,retained,0;1;2;3;4;5
16134,16134,16134,6,5,retained,0;1;2;3;4;5
16135,16135,16135,6,5,retained,0;1;2;3;4;5
16136,16136,16136,6,7,retained,0;1;2;3;4;5
16137,16137,16137,6,5,retained,0;1;2;3;4;5
16138,16138,16138,6,6,retained,0;1;2;3;4;5
16139,16139,16139,6,8,retained,0;1;2;3;4;5
16140,16140,16140,6,5,retained,0;1;2;3;4;5
16141,16141,16141,6,7,retained,0;1;2;3;4;5
16142,16142,16142,6,6,retained,0;1;2;3;4;5
16143,16143,16143,6,7,retained,0;1;2;3;4;5
16144,16144,16144,6,6,retained,0;1;2;3;4;5
16145,16145,16145,6,7,retained,0;1;2;3;4;5
16146,16146,16146,6,7,retained,0;1;2;3;4;5
16147,16147,16147,6,7,retained,0;1;2;3;4;5
16148,16148,16148,6,5,retained,0;1;2;3;4;5
16149,16149,16149,6,6,retained,0;1;2;3;4;5
16150,16150,16150,6,5,retained,0;1;2;3;4;5
16151,16151,16151,6,7,retained,0;1;2;3;4;5
16152,16152,16152,6,6,retained,0;1;2;3;4;5
16153,16153,16153,6,5,retained,0;1;2;3;4;5
16154,16154,16154,6,5,retained,0;1;2;3;4;5
16155,16155,16155,6,7,retained,0;1;2;3;4;5
16156,16156,16156,6,8,retained,0;1;2;3;4;5
16157,16157,16157,6,7,retained,0;1;2;3;4;5
16158,16158,16158,6,6,retained,0;1;2;3;4;5
16159,16159,16159,6,6,retained,0;1;2;3;4;5
16160,16160,16160,6,8,retained,0;1;2;3;4;5
16161,16161,16161,6,7,retained,0;1;2;3;4;5
16162,16162,16162,6,6,retained,0;1;2;3;4;5
16163,16163,16163,6,6,retained,0;1;2;3;4;5
16164,16164,16164,6,7,retained,0;1;2;3;4;5
16165,16165,16165,6,8,retained,0;1;2;3;4;5
16166,16166,16166,6,8,retained,0;1;2;3;4;5
16167,16167,16167,6,8,retained,0;1;2;3;4;5
16168,16168,16168,6,6,retained,0;1;2;3;4;5
16169,16169,16169,6,8,retained,0;1;2;3;4;5
16170,16170,16170,6,6,retained,0;1;2;3;4;5
16171,16171,16171,6,7,retained,0;1;2;3;4;5
16172,16172,16172,6,7,retained,0;1;2;3;4;5
16173,16173,16173,6,8,retained,0;1;2;3;4;5
16174,16174,16174,6,7,retained,0;1;2;3;4;5
16175,16175,16175,6,8,retained,0;1;2;3;4;5
16176,16176,16176,6,8,retained,0;1;2;3;4;5
16177,16177,16177,6,8,retained,0;1;2;3;4;5
16178,16178,16178,6,8,retained,0;1;2;3;4;5
16179,16179,16179,6,8,retained,0;1;2;3;4;5
16180,16180,16180,6,8,retained,0;1;2;3;4;5
16181,16181,16181,6,6,retained,0;1;2;3;4;5
16182,16182,16182,6,6,retained,0;1;2;3;4;5
16183,16183,16183,6,6,retained,0;1;2;3;4;5
16184,16184,16184,6,7,retained,0;1;2;3;4;5
16185,16185,16185,6,8,retained,0;1;2;3;4;5
16186,16186,16186,6,7,retained,0;1;2;3;4;5
16187,16187,16187,6,6,retained,0;1;2;3;4;5
16188,16188,16188,6,6,retained,0;1;2;3;4;5
16189,16189,16189,6,7,retained,0;1;2;3;4;5
16190,16190,16190,6,8,retained,0;1;2;3;4;5
16191,16191,16191,6,6,retained,0;1;2;3;4;5
16192,16192,16192,6,8,retained,0;1;2;3;4;5
16193,16193,16193,6,8,retained,0;1;2;3;4;5
16194,16194,16194,6,7,retained,0;1;2;3;4;5
16195,16195,16195,6,7,retained,0;1;2;3;4;5
16196,16196,16196,6,7,retained,0;1;2;3;4;5
16197,16197,16197,6,7,retained,0;1;2;3;4;5
16198,16198,16198,6,7,retained,0;1;2;3;4;5
16199,16199,16199,6,7,retained,0;1;2;3;4;5
16200,16200,16200,6,7,retained,0;1;2;3;4;5
16201,16201,16201,6,7,retained,0;1;2;3;4;5
16202,16202,16202,6,7,retained,0;1;2;3;4;5
16203,16203,16203,6,8,retained,0;1;2;3;4;5
16204,16204,16204,6,8,retained,0;1;2;3;4;5
16205,16205,16205,6,8,retained,0;1;2;3;4;5
16206,16206,16206,6,8,retained,0;1;2;3;4;5
16207,16207,16207,6,8,retained,0;1;2;3;4;5
16208,16208,16208,6,8,retained,0;1;2;3;4;5
16209,16209,16209,6,8,retained,0;1;2;3;4;5
16210,16210,16210,6,8,retained,0;1;2;3;4;5
16211,16211,16211,6,8,retained,0;1;2;3;4;5
16212,16212,16212,6,6,retained,0;1;2;3;4;5
16213,16213,16213,6,7,retained,0;1;2;3;4;5
16214,16214,16214,6,8,retained,0;1;2;3;4;5
16215,16215,16215,6,7,retained,0;1;2;3;4;5
16216,16216,16216,6,6,retained,0;1;2;3;4;5
16217,16217,16217,6,7,retained,0;1;2;3;4;5
16218,16218,16218,6,8,retained,0;1;2;3;4;5
16219,16219,16219,6,7,retained,0;1;2;3;4;5
16220,16220,16220,6,6,retained,0;1;2;3;4;5
16221,16221,16221,6,7,retained,0;1;2;3;4;5
16222,16222,16222,6,7,retained,0;1;2;3;4;5
16223,16223,16223,6,8,retained,0;1;2;3;4;5
16224,16224,16224,6,8,retained,0;1;2;3;4;5
16225,16225,16225,6,7,retained,0;1;2;3;4;5
16226,16226,16226,6,6,retained,0;1;2;3;4;5
16227,16227,16227,6,8,retained,0;1;2;3;4;5
16228,16228,16228,6,7,retained,0;1;2;3;4;5
16229,16229,16229,6,7,retained,0;1;2;3;4;5
16230,16230,16230,6,7,retained,0;1;2;3;4;5
16231,16231,16231,6,7,retained,0;1;2;3;4;5
16232,16232,16232,6,8,retained,0;1;2;3;4;5
16233,16233,16233,6,7,retained,0;1;2;3;4;5
16234,16234,16234,6,7,retained,0;1;2;3;4;5
16235,16235,16235,6,6,retained,0;1;2;3;4;5
16236,16236,16236,6,6,retained,0;1;2;3;4;5
16237,16237,16237,6,8,retained,0;1;2;3;4;5
16238,16238,16238,6,6,retained,0;1;2;3;4;5
16239,16239,16239,6,7,retained,0;1;2;3;4;5
16240,16240,16240,6,7,retained,0;1;2;3;4;5
16241,16241,16241,6,6,retained,0;1;2;3;4;5
16242,16242,16242,6,6,retained,0;1;2;3;4;5
16243,16243,16243,6,6,retained,0;1;2;3;4;5
16244,16244,16244,6,6,retained,0;1;2;3;4;5
16245,16245,16245,6,8,retained,0;1;2;3;4;5
16246,16246,16246,6,6,retained,0;1;2;3;4;5
16247,16247,16247,6,7,retained,0;1;2;3;4;5
16248,16248,16248,6,7,retained,0;1;2;3;4;5
16249,16249,16249,6,6,retained,0;1;2;3;4;5
16250,16250,16250,6,6,retained,0;1;2;3;4;5
16251,16251,16251,6,6,retained,0;1;2;3;4;5
16252,16252,16252,6,7,retained,0;1;2;3;4;5
16253,16253,16253,6,8,retained,0;1;2;3;4;5
16254,16254,16254,6,7,retained,0;1;2;3;4;5
16255,16255,16255,6,6,retained,0;1;2;3;4;5
16256,16256,16256,6,6,retained,0;1;2;3;4;5
16257,16257,16257,6,8,retained,0;1;2;3;4;5
16258,16258,16258,6,6,retained,0;1;2;3;4;5
16259,16259,16259,6,8,retained,0;1;2;3;4;5
16260,16260,16260,6,6,retained,0;1;2;3;4;5
16261,16261,16261,6,6,retained,0;1;2;3;4;5
16262,16262,16262,6,7,retained,0;1;2;3;4;5
16263,16263,16263,6,6,retained,0;1;2;3;4;5
16264,16264,16264,6,7,retained,0;1;2;3;4;5
16265,16265,16265,6,6,retained,0;1;2;3;4;5
16266,16266,16266,6,8,retained,0;1;2;3;4;5
16267,16267,16267,6,6,retained,0;1;2;3;4;5
16268,16268,16268,6,6,retained,0;1;2;3;4;5
16269,16269,16269,6,7,retained,0;1;2;3;4;5
16270,16270,16270,6,7,retained,0;1;2;3;4;5
16271,16271,16271,6,6,retained,0;1;2;3;4;5
16272,16272,16272,6,7,retained,0;1;2;3;4;5
16273,16273,16273,6,7,retained,0;1;2;3;4;5
16274,16274,16274,6,8,retained,0;1;2;3;4;5
16275,16275,16275,6,7,retained,0;1;2;3;4;5
16276,16276,16276,6,6,retained,0;1;2;3;4;5
16277,16277,16277,6,6,retained,0;1;2;3;4;5
16278,16278,16278,6,7,retained,0;1;2;3;4;5
16279,16279,16279,6,6,retained,0;1;2;3;4;5
16280,16280,16280,6,7,retained,0;1;2;3;4;5
16281,16281,16281,6,6,retained,0;1;2;3;4;5
16282,16282,16282,6,8,retained,0;1;2;3;4;5
16283,16283,16283,6,6,retained,0;1;2;3;4;5
16284,16284,16284,6,6,retained,0;1;2;3;4;5
16285,16285,16285,6,8,retained,0;1;2;3;4;5
16286,16286,16286,6,7,retained,0;1;2;3;4;5
16287,16287,16287,6,7,retained,0;1;2;3;4;5
16288,16288,16288,6,8,retained,0;1;2;3;4;5
16289,16289,16289,6,7,retained,0;1;2;3;4;5
16290,16290,16290,6,7,retained,0;1;2;3;4;5
16291,16291,16291,6,8,retained,0;1;2;3;4;5
16292,16292,16292,6,8,retained,0;1;2;3;4;5
16293,16293,16293,6,8,retained,0;1;2;3;4;5
16294,16294,16294,6,8,retained,0;1;2;3;4;5
16295,16295,16295,6,8,retained,0;1;2;3;4;5
16296,16296,16296,6,8,retained,0;1;2;3;4;5
16297,16297,16297,6,8,retained,0;1;2;3;4;5
16298,16298,16298,6,8,retained,0;1;2;3;4;5
16299,16299,16299,6,8,retained,0;1;2;3;4;5
16300,16300,16300,6,8,retained,0;1;2;3;4;5
16301,16301,16301,6,7,retained,0;1;2;3;4;5
16302,16302,16302,6,8,retained,0;1;2;3;4;5
16303,16303,16303,6,8,retained,0;1;2;3;4;5
16304,16304,16304,6,7,retained,0;1;2;3;4;5
16305,16305,16305,6,8,retained,0;1;2;3;4;5
16306,16306,16306,6,7,retained,0;1;2;3;4;5
16307,16307,16307,6,7,retained,0;1;2;3;4;5
16308,16308,16308,6,7,retained,0;1;2;3;4;5
16309,16309,16309,6,7,retained,0;1;2;3;4;5
16310,16310,16310,6,8,retained,0;1;2;3;4;5
16311,16311,16311,6,8,retained,0;1;2;3;4;5
16312,16312,16312,6,8,retained,0;1;2;3;4;5
16313,16313,16313,6,8,retained,0;1;2;3;4;5
16314,16314,16314,6,8,retained,0;1;2;3;4;5
16315,16315,16315,6,8,retained,0;1;2;3;4;5
16316,16316,16316,6,8,retained,0;1;2;3;4;5
16317,16317,16317,6,8,retained,0;1;2;3;4;5
16318,16318,16318,6,8,retained,0;1;2;3;4;5
16319,16319,16319,6,8,retained,0;1;2;3;4;5
16320,16320,16320,6,8,retained,0;1;2;3;4;5
16321,16321,16321,6,8,retained,0;1;2;3;4;5
16322,16322,16322,6,8,retained,0;1;2;3;4;5
16323,16323,16323,6,7,retained,0;1;2;3;4;5
16324,16324,16324,6,8,retained,0;1;2;3;4;5
16325,16325,16325,6,7,retained,0;1;2;3;4;5
16326,16326,16326,6,7,retained,0;1;2;3;4;5
16327,16327,16327,6,8,retained,0;1;2;3;4;5
16328,16328,16328,6,7,retained,0;1;2;3;4;5
16329,16329,16329,6,7,retained,0;1;2;3;4;5
16330,16330,16330,6,8,retained,0;1;2;3;4;5
16331,16331,16331,6,7,retained,0;1;2;3;4;5
16332,16332,16332,6,7,retained,0;1;2;3;4;5
16333,16333,16333,6,8,retained,0;1;2;3;4;5
16334,16334,16334,6,7,retained,0;1;2;3;4;5
16335,16335,16335,6,7,retained,0;1;2;3;4;5
16336,16336,16336,6,8,retained,0;1;2;3;4;5
16337,16337,16337,6,8,retained,0;1;2;3;4;5
16338,16338,16338,6,7,retained,0;1;2;3;4;5
16339,16339,16339,6,7,retained,0;1;2;3;4;5
16340,16340,16340,6,8,retained,0;1;2;3;4;5
16341,16341,16341,6,7,retained,0;1;2;3;4;5
16342,16342,16342,6,7,retained,0;1;2;3;4;5
16343,16343,16343,6,8,retained,0;1;2;3;4;5
16344,16344,16344,6,8,retained,0;1;2;3;4;5
16345,16345,16345,6,8,retained,0;1;2;3;4;5
16346,16346,16346,6,7,retained,0;1;2;3;4;5
16347,16347,16347,6,8,retained,0;1;2;3;4;5
16348,16348,16348,6,8,retained,0;1;2;3;4;5
16349,16349,16349,6,7,retained,0;1;2;3;4;5
16350,16350,16350,6,7,retained,0;1;2;3;4;5
16351,16351,16351,6,7,retained,0;1;2;3;4;5
16352,16352,16352,6,7,retained,0;1;2;3;4;5
16353,16353,16353,6,7,retained,0;1;2;3;4;5
16354,16354,16354,6,8,retained,0;1;2;3;4;5
16355,16355,16355,6,8,retained,0;1;2;3;4;5
16356,16356,16356,6,8,retained,0;1;2;3;4;5
16357,16357,16357,6,7,retained,0;1;2;3;4;5
16358,16358,16358,6,7,retained,0;1;2;3;4;5
16359,16359,16359,6,7,retained,0;1;2;3;4;5
16360,16360,16360,6,8,retained,0;1;2;3;4;5
16361,16361,16361,6,8,retained,0;1;2;3;4;5
16362,16362,16362,6,7,retained,0;1;2;3;4;5
16363,16363,16363,6,7,retained,0;1;2;3;4;5
16364,16364,16364,6,7,retained,0;1;2;3;4;5
16365,16365,16365,6,7,retained,0;1;2;3;4;5
16366,16366,16366,6,8,retained,0;1;2;3;4;5
16367,16367,16367,6,8,retained,0;1;2;3;4;5
16368,16368,16368,6,7,retained,0;1;2;3;4;5
16369,16369,16369,6,7,retained,0;1;2;3;4;5
16370,16370,16370,6,7,retained,0;1;2;3;4;5
16371,16371,16371,6,7,retained,0;1;2;3;4;5
16372,16372,16372,6,7,retained,0;1;2;3;4;5
16373,16373,16373,6,8,retained,0;1;2;3;4;5
16374,16374,16374,6,7,retained,0;1;2;3;4;5
16375,16375,16375,6,7,retained,0;1;2;3;4;5
16376,16376,16376,6,7,retained,0;1;2;3;4;5
16377,16377,16377,6,7,retained,0;1;2;3;4;5
16378,16378,16378,6,8,retained,0;1;2;3;4;5
16379,16379,16379,6,7,retained,0;1;2;3;4;5
16380,16380,16380,6,8,retained,0;1;2;3;4;5
16381,16381,16381,6,8,retained,0;1;2;3;4;5
16382,16382,16382,6,7,retained,0;1;2;3;4;5
16383,16383,16383,6,7,retained,0;1;2;3;4;5
16384,16384,16384,6,7,retained,0;1;2;3;4;5
16385,16385,16385,6,8,retained,0;1;2;3;4;5
16386,16386,16386,6,8,retained,0;1;2;3;4;5
16387,16387,16387,6,7,retained,0;1;2;3;4;5
16388,16388,16388,6,7,retained,0;1;2;3;4;5
16389,16389,16389,6,7,retained,0;1;2;3;4;5
16390,16390,16390,6,8,retained,0;1;2;3;4;5
16391,16391,16391,6,8,retained,0;1;2;3;4;5
16392,16392,16392,6,8,retained,0;1;2;3;4;5
16393,16393,16393,6,8,retained,0;1;2;3;4;5
16394,16394,16394,6,8,retained,0;1;2;3;4;5
16395,16395,16395,6,8,retained,0;1;2;3;4;5
16396,16396,16396,6,8,retained,0;1;2;3;4;5
16397,16397,16397,6,8,retained,0;1;2;3;4;5
16398,16398,16398,6,8,retained,0;1;2;3;4;5
16399,16399,16399,6,8,retained,0;1;2;3;4;5
16400,16400,16400,6,8,retained,0;1;2;3;4;5
16401,16401,16401,6,8,retained,0;1;2;3;4;5
16402,16402,16402,6,8,retained,0;1;2;3;4;5
16403,16403,16403,6,8,retained,0;1;2;3;4;5
16404,16404,16404,6,8,retained,0;1;2;3;4;5
16405,16405,16405,6,8,retained,0;1;2;3;4;5
16406,16406,16406,6,8,retained,0;1;2;3;4;5
16407,16407,16407,6,8,retained,0;1;2;3;4;5
16408,16408,16408,6,8,retained,0;1;2;3;4;5
16409,16409,16409,6,8,retained,0;1;2;3;4;5
16410,16410,16410,6,8,retained,0;1;2;3;4;5
16411,16411,16411,6,8,retained,0;1;2;3;4;5
16412,16412,16412,6,8,retained,0;1;2;3;4;5
16413,16413,16413,6,8,retained,0;1;2;3;4;5
16414,16414,16414,6,8,retained,0;1;2;3;4;5
16415,16415,16415,6,8,retained,0;1;2;3;4;5
16416,16416,16416,6,8,retained,0;1;2;3;4;5
16417,16417,16417,6,8,retained,0;1;2;3;4;5
16418,16418,16418,6,8,retained,0;1;2;3;4;5
16419,16419,16419,6,8,retained,0;1;2;3;4;5
16420,16420,16420,6,8,retained,0;1;2;3;4;5
16421,16421,16421,6,8,retained,0;1;2;3;4;5
16422,16422,16422,6,8,retained,0;1;2;3;4;5
16423,16423,16423,6,8,retained,0;1;2;3;4;5
16424,16424,16424,6,8,retained,0;1;2;3;4;5
16425,16425,16425,6,8,retained,0;1;2;3;4;5
16426,16426,16426,6,8,retained,0;1;2;3;4;5
16427,16427,16427,6,8,retained,0;1;2;3;4;5
16428,16428,16428,6,8,retained,0;1;2;3;4;5
16429,16429,16429,6,8,retained,0;1;2;3;4;5
16430,16430,16430,6,8,retained,0;1;2;3;4;5
16431,16431,16431,6,8,retained,0;1;2;3;4;5
16432,16432,16432,6,8,retained,0;1;2;3;4;5
16433,16433,16433,6,8,retained,0;1;2;3;4;5
16434,16434,16434,6,8,retained,0;1;2;3;4;5
16435,16435,16435,6,8,retained,0;1;2;3;4;5
16436,16436,16436,6,8,retained,0;1;2;3;4;5
16437,16437,16437,6,8,retained,0;1;2;3;4;5
16438,16438,16438,6,8,retained,0;1;2;3;4;5
16439,16439,16439,6,8,retained,0;1;2;3;4;5
16440,16440,16440,6,8,retained,0;1;2;3;4;5
16441,16441,16441,6,8,retained,0;1;2;3;4;5
16442,16442,16442,6,8,retained,0;1;2;3;4;5
16443,16443,16443,6,8,retained,0;1;2;3;4;5
16444,16444,16444,6,8,retained,0;1;2;3;4;5
16445,16445,16445,6,8,retained,0;1;2;3;4;5
16446,16446,16446,6,8,retained,0;1;2;3;4;5
16447,16447,16447,6,8,retained,0;1;2;3;4;5
16448,16448,16448,6,8,retained,0;1;2;3;4;5
16449,16449,16449,6,8,retained,0;1;2;3;4;5
16450,16450,16450,6,8,retained,0;1;2;3;4;5
16451,16451,16451,6,8,retained,0;1;2;3;4;5
16452,16452,16452,6,8,retained,0;1;2;3;4;5
16453,16453,16453,6,8,retained,0;1;2;3;4;5
16454,16454,16454,6,8,retained,0;1;2;3;4;5
16455,16455,16455,6,8,retained,0;1;2;3;4;5
16456,16456,16456,6,8,retained,0;1;2;3;4;5
16457,16457,16457,6,8,retained,0;1;2;3;4;5
16458,16458,16458,6,8,retained,0;1;2;3;4;5
16459,16459,16459,6,8,retained,0;1;2;3;4;5
16460,16460,16460,6,1,retained,0;1;2;3;4;5
16461,16461,16461,6,1,retained,0;1;2;3;4;5
16462,16462,16462,6,2,retained,0;1;2;3;4;5
16463,16463,16463,6,3,retained,0;1;2;3;4;5
16464,16464,16464,6,4,retained,0;1;2;3;4;5
16465,16465,16465,6,5,retained,0;1;2;3;4;5
16466,16466,16466,6,6,retained,0;1;2;3;4;5
16467,16467,16467,6,7,retained,0;1;2;3;4;5
16468,16468,16468,6,8,retained,0;1;2;3;4;5
16469,16469,16469,6,2,retained,0;1;2;3;4;5
16470,16470,16470,6,2,retained,0;1;2;3;4;5
16471,16471,16471,6,1,retained,0;1;2;3;4;5
16472,16472,16472,6,1,retained,0;1;2;3;4;5
16473,16473,16473,6,1,retained,0;1;2;3;4;5
16474,16474,16474,6,2,retained,0;1;2;3;4;5
16475,16475,16475,6,3,retained,0;1;2;3;4;5
16476,16476,16476,6,4,retained,0;1;2;3;4;5
16477,16477,16477,6,5,retained,0;1;2;3;4;5
16478,16478,16478,6,6,retained,0;1;2;3;4;5
16479,16479,16479,6,7,retained,0;1;2;3;4;5
16480,16480,16480,6,8,retained,0;1;2;3;4;5
16481,16481,16481,6,6,retained,0;1;2;3;4;5
16482,16482,16482,6,4,retained,0;1;2;3;4;5
16483,16483,16483,6,1,retained,0;1;2;3;4;5
16484,16484,16484,6,2,retained,0;1;2;3;4;5
16485,16485,16485,6,3,retained,0;1;2;3;4;5
16486,16486,16486,6,4,retained,0;1;2;3;4;5
16487,16487,16487,6,5,retained,0;1;2;3;4;5
16488,16488,16488,6,6,retained,0;1;2;3;4;5
16489,16489,16489,6,7,retained,0;1;2;3;4;5
16490,16490,16490,6,8,retained,0;1;2;3;4;5
16491,16491,16491,6,1,retained,0;1;2;3;4;5
16492,16492,16492,6,1,retained,0;1;2;3;4;5
16493,16493,16493,6,2,retained,0;1;2;3;4;5
16494,16494,16494,6,3,retained,0;1;2;3;4;5
16495,16495,16495,6,4,retained,0;1;2;3;4;5
16496,16496,16496,6,5,retained,0;1;2;3;4;5
16497,16497,16497,6,6,retained,0;1;2;3;4;5
16498,16498,16498,6,7,retained,0;1;2;3;4;5
16499,16499,16499,6,8,retained,0;1;2;3;4;5
16500,16500,16500,6,2,retained,0;1;2;3;4;5
16501,16501,16501,6,2,retained,0;1;2;3;4;5
16502,16502,16502,6,2,retained,0;1;2;3;4;5
16503,16503,16503,6,3,retained,0;1;2;3;4;5
16504,16504,16504,6,4,retained,0;1;2;3;4;5
16505,16505,16505,6,5,retained,0;1;2;3;4;5
16506,16506,16506,6,6,retained,0;1;2;3;4;5
16507,16507,16507,6,7,retained,0;1;2;3;4;5
16508,16508,16508,6,8,retained,0;1;2;3;4;5
16509,16509,16509,6,3,retained,0;1;2;3;4;5
16510,16510,16510,6,3,retained,0;1;2;3;4;5
16511,16511,16511,6,3,retained,0;1;2;3;4;5
16512,16512,16512,6,3,retained,0;1;2;3;4;5
16513,16513,16513,6,4,retained,0;1;2;3;4;5
16514,16514,16514,6,5,retained,0;1;2;3;4;5
16515,16515,16515,6,6,retained,0;1;2;3;4;5
16516,16516,16516,6,7,retained,0;1;2;3;4;5
16517,16517,16517,6,8,retained,0;1;2;3;4;5
16518,16518,16518,6,4,retained,0;1;2;3;4;5
16519,16519,16519,6,4,retained,0;1;2;3;4;5
16520,16520,16520,6,4,retained,0;1;2;3;4;5
16521,16521,16521,6,4,retained,0;1;2;3;4;5
16522,16522,16522,6,4,retained,0;1;2;3;4;5
16523,16523,16523,6,5,retained,0;1;2;3;4;5
16524,16524,16524,6,6,retained,0;1;2;3;4;5
16525,16525,16525,6,7,retained,0;1;2;3;4;5
16526,16526,16526,6,8,retained,0;1;2;3;4;5
16527,16527,16527,6,5,retained,0;1;2;3;4;5
16528,16528,16528,6,5,retained,0;1;2;3;4;5
16529,16529,16529,6,5,retained,0;1;2;3;4;5
16530,16530,16530,6,5,retained,0;1;2;3;4;5
16531,16531,16531,6,5,retained,0;1;2;3;4;5
16532,16532,16532,6,5,retained,0;1;2;3;4;5
16533,16533,16533,6,6,retained,0;1;2;3;4;5
16534,16534,16534,6,7,retained,0;1;2;3;4;5
16535,16535,16535,6,8,retained,0;1;2;3;4;5
16536,16536,16536,6,6,retained,0;1;2;3;4;5
16537,16537,16537,6,6,retained,0;1;2;3;4;5
16538,16538,16538,6,6,retained,0;1;2;3;4;5
16539,16539,16539,6,6,retained,0;1;2;3;4;5
16540,16540,16540,6,6,retained,0;1;2;3;4;5
16541,16541,16541,6,6,retained,0;1;2;3;4;5
16542,16542,16542,6,6,retained,0;1;2;3;4;5
16543,16543,16543,6,7,retained,0;1;2;3;4;5
16544,16544,16544,6,8,retained,0;1;2;3;4;5
16545,16545,16545,6,7,retained,0;1;2;3;4;5
16546,16546,16546,6,7,retained,0;1;2;3;4;5
16547,16547,16547,6,7,retained,0;1;2;3;4;5
16548,16548,16548,6,7,retained,0;1;2;3;4;5
16549,16549,16549,6,7,retained,0;1;2;3;4;5
16550,16550,16550,6,7,retained,0;1;2;3;4;5
16551,16551,16551,6,7,retained,0;1;2;3;4;5
16552,16552,16552,6,7,retained,0;1;2;3;4;5
16553,16553,16553,6,8,retained,0;1;2;3;4;5
16554,16554,16554,6,8,retained,0;1;2;3;4;5
16555,16555,16555,6,8,retained,0;1;2;3;4;5
16556,16556,16556,6,8,retained,0;1;2;3;4;5
16557,16557,16557,6,8,retained,0;1;2;3;4;5
16558,16558,16558,6,8,retained,0;1;2;3;4;5
16559,16559,16559,6,8,retained,0;1;2;3;4;5
16560,16560,16560,6,8,retained,0;1;2;3;4;5
16561,16561,16561,6,8,retained,0;1;2;3;4;5
16562,16562,16562,6,8,retained,0;1;2;3;4;5
16563,16563,16563,6,2,retained,0;1;2;3;4;5
16564,16564,16564,6,2,retained,0;1;2;3;4;5
16565,16565,16565,6,3,retained,0;1;2;3;4;5
16566,16566,16566,6,3,retained,0;1;2;3;4;5
16567,16567,16567,6,3,retained,0;1;2;3;4;5
16568,16568,16568,6,3,retained,0;1;2;3;4;5
16569,16569,16569,6,4,retained,0;1;2;3;4;5
16570,16570,16570,6,5,retained,0;1;2;3;4;5
16571,16571,16571,6,6,retained,0;1;2;3;4;5
16572,16572,16572,6,7,retained,0;1;2;3;4;5
16573,16573,16573,6,8,retained,0;1;2;3;4;5
16574,16574,16574,6,6,retained,0;1;2;3;4;5
16575,16575,16575,6,5,retained,0;1;2;3;4;5
16576,16576,16576,6,2,retained,0;1;2;3;4;5
16577,16577,16577,6,4,retained,0;1;2;3;4;5
16578,16578,16578,6,3,retained,0;1;2;3;4;5
16579,16579,16579,6,4,retained,0;1;2;3;4;5
16580,16580,16580,6,5,retained,0;1;2;3;4;5
16581,16581,16581,6,6,retained,0;1;2;3;4;5
16582,16582,16582,6,7,retained,0;1;2;3;4;5
16583,16583,16583,6,8,retained,0;1;2;3;4;5
16584,16584,16584,6,8,retained,0;1;2;3;4;5
16585,16585,16585,6,6,retained,0;1;2;3;4;5
16586,16586,16586,6,6,retained,0;1;2;3;4;5
16587,16587,16587,6,6,retained,0;1;2;3;4;5
16588,16588,16588,6,6,retained,0;1;2;3;4;5
16589,16589,16589,6,6,retained,0;1;2;3;4;5
16590,16590,16590,6,8,retained,0;1;2;3;4;5
16591,16591,16591,6,6,retained,0;1;2;3;4;5
16592,16592,16592,6,3,retained,0;1;2;3;4;5
16593,16593,16593,6,2,retained,0;1;2;3;4;5
16594,16594,16594,6,4,retained,0;1;2;3;4;5
16595,16595,16595,6,8,retained,0;1;2;3;4;5
16596,16596,16596,6,8,retained,0;1;2;3;4;5
16597,16597,16597,6,8,retained,0;1;2;3;4;5
16598,16598,16598,6,3,retained,0;1;2;3;4;5
16599,16599,16599,6,8,retained,0;1;2;3;4;5
16600,16600,16600,6,5,retained,0;1;2;3;4;5
16601,16601,16601,6,4,retained,0;1;2;3;4;5
16602,16602,16602,6,6,retained,0;1;2;3;4;5
16603,16603,16603,6,8,retained,0;1;2;3;4;5
16604,16604,16604,6,7,retained,0;1;2;3;4;5
16605,16605,16605,6,7,retained,0;1;2;3;4;5
16606,16606,16606,6,5,retained,0;1;2;3;4;5
16607,16607,16607,6,6,retained,0;1;2;3;4;5
16608,16608,16608,6,7,retained,0;1;2;3;4;5
16609,16609,16609,6,6,retained,0;1;2;3;4;5
16610,16610,16610,6,8,retained,0;1;2;3;4;5
16611,16611,16611,6,7,retained,0;1;2;3;4;5
16612,16612,16612,6,8,retained,0;1;2;3;4;5
