source_line,representative_source_line,clean_line,rank,multiplicity,kind,permutation_source_to_representative
1,1,1,7,1,retained,0;1;2;3;4;5;6
2,2,2,7,1,retained,0;1;2;3;4;5;6
3,3,3,7,4,retained,0;1;2;3;4;5;6
4,4,4,7,3,retained,0;1;2;3;4;5;6
5,5,5,7,2,retained,0;1;2;3;4;5;6
6,6,6,7,2,retained,0;1;2;3;4;5;6
7,7,7,7,2,retained,0;1;2;3;4;5;6
8,8,8,7,3,retained,0;1;2;3;4;5;6
9,9,9,7,4,retained,0;1;2;3;4;5;6
10,10,10,7,1,retained,0;1;2;3;4;5;6
11,11,11,7,1,retained,0;1;2;3;4;5;6
12,12,12,7,2,retained,0;1;2;3;4;5;6
13,13,13,7,3,retained,0;1;2;3;4;5;6
14,14,14,7,3,retained,0;1;2;3;4;5;6
15,15,15,7,4,retained,0;1;2;3;4;5;6
16,16,16,7,2,retained,0;1;2;3;4;5;6
17,17,17,7,2,retained,0;1;2;3;4;5;6
18,18,18,7,3,retained,0;1;2;3;4;5;6
19,19,19,7,3,retained,0;1;2;3;4;5;6
20,20,20,7,3,retained,0;1;2;3;4;5;6
21,21,21,7,3,retained,0;1;2;3;4;5;6
22,22,22,7,3,retained,0;1;2;3;4;5;6
23,23,23,7,4,retained,0;1;2;3;4;5;6
24,24,24,7,3,retained,0;1;2;3;4;5;6
25,25,25,7,3,retained,0;1;2;3;4;5;6
26,26,26,7,3,retained,0;1;2;3;4;5;6
27,27,27,7,3,retained,0;1;2;3;4;5;6
28,28,28,7,4,retained,0;1;2;3;4;5;6
29,29,29,7,4,retained,0;1;2;3;4;5;6
30,30,30,7,4,retained,0;1;2;3;4;5;6
31,31,31,7,4,retained,0;1;2;3;4;5;6
32,32,32,7,4,retained,0;1;2;3;4;5;6
33,33,33,7,4,retained,0;1;2;3;4;5;6
34,34,34,7,1,retained,0;1;2;3;4;5;6
35,35,35,7,2,retained,0;1;2;3;4;5;6
36,36,36,7,3,retained,0;1;2;3;4;5;6
37,37,37,7,3,retained,0;1;2;3;4;5;6
38,38,38,7,3,retained,0;1;2;3;4;5;6
39,39,39,7,2,retained,0;1;2;3;4;5;6
40,40,40,7,3,retained,0;1;2;3;4;5;6
41,41,41,7,4,retained,0;1;2;3;4;5;6
42,42,42,7,3,retained,0;1;2;3;4;5;6
43,43,43,7,2,retained,0;1;2;3;4;5;6
44,44,44,7,2,retained,0;1;2;3;4;5;6
45,45,45,7,3,retained,0;1;2;3;4;5;6
46,46,46,7,3,retained,0;1;2;3;4;5;6
47,47,47,7,4,retained,0;1;2;3;4;5;6
48,48,48,7,3,retained,0;1;2;3;4;5;6
49,49,49,7,3,retained,0;1;2;3;4;5;6
50,50,50,7,4,retained,0;1;2;3;4;5;6
51,51,51,7,4,retained,0;1;2;3;4;5;6
52,52,52,7,4,retained,0;1;2;3;4;5;6
53,53,53,7,4,retained,0;1;2;3;4;5;6
54,54,54,7,4,retained,0;1;2;3;4;5;6
55,55,55,7,4,retained,0;1;2;3;4;5;6
56,56,56,7,4,retained,0;1;2;3;4;5;6
57,57,57,7,4,retained,0;1;2;3;4;5;6
58,58,58,7,4,retained,0;1;2;3;4;5;6
59,59,59,7,4,retained,0;1;2;3;4;5;6
60,60,60,7,2,retained,0;1;2;3;4;5;6
61,61,61,7,4,retained,0;1;2;3;4;5;6
62,62,62,7,3,retained,0;1;2;3;4;5;6
63,63,63,7,2,retained,0;1;2;3;4;5;6
64,64,64,7,4,retained,0;1;2;3;4;5;6
65,65,65,7,4,retained,0;1;2;3;4;5;6
66,66,66,7,3,retained,0;1;2;3;4;5;6
67,67,67,7,3,retained,0;1;2;3;4;5;6
68,68,68,7,3,retained,0;1;2;3;4;5;6
69,69,69,7,3,retained,0;1;2;3;4;5;6
70,70,70,7,3,retained,0;1;2;3;4;5;6
71,71,71,7,4,retained,0;1;2;3;4;5;6
72,72,72,7,4,retained,0;1;2;3;4;5;6
73,73,73,7,4,retained,0;1;2;3;4;5;6
74,74,74,7,4,retained,0;1;2;3;4;5;6
75,75,75,7,4,retained,0;1;2;3;4;5;6
76,76,76,7,3,retained,0;1;2;3;4;5;6
77,77,77,7,3,retained,0;1;2;3;4;5;6
78,78,78,7,4,retained,0;1;2;3;4;5;6
79,79,79,7,4,retained,0;1;2;3;4;5;6
80,80,80,7,4,retained,0;1;2;3;4;5;6
81,81,81,7,4,retained,0;1;2;3;4;5;6
82,82,82,7,4,retained,0;1;2;3;4;5;6
83,83,83,7,4,retained,0;1;2;3;4;5;6
84,84,84,7,4,retained,0;1;2;3;4;5;6
85,85,85,7,4,retained,0;1;2;3;4;5;6
86,86,86,7,3,retained,0;1;2;3;4;5;6
87,87,87,7,4,retained,0;1;2;3;4;5;6
88,88,88,7,1,retained,0;1;2;3;4;5;6
89,89,89,7,3,retained,0;1;2;3;4;5;6
90,90,90,7,2,retained,0;1;2;3;4;5;6
91,91,91,7,3,retained,0;1;2;3;4;5;6
92,92,92,7,3,retained,0;1;2;3;4;5;6
93,93,93,7,3,retained,0;1;2;3;4;5;6
94,94,94,7,2,retained,0;1;2;3;4;5;6
95,95,95,7,3,retained,0;1;2;3;4;5;6
96,96,96,7,1,retained,0;1;2;3;4;5;6
97,97,97,7,4,retained,0;1;2;3;4;5;6
98,98,98,7,4,retained,0;1;2;3;4;5;6
99,99,99,7,4,retained,0;1;2;3;4;5;6
100,100,100,7,1,retained,0;1;2;3;4;5;6
101,101,101,7,1,retained,0;1;2;3;4;5;6
102,102,102,7,3,retained,0;1;2;3;4;5;6
103,103,103,7,3,retained,0;1;2;3;4;5;6
104,104,104,7,4,retained,0;1;2;3;4;5;6
105,105,105,7,2,retained,0;1;2;3;4;5;6
106,106,106,7,2,retained,0;1;2;3;4;5;6
107,107,107,7,2,retained,0;1;2;3;4;5;6
108,108,108,7,4,retained,0;1;2;3;4;5;6
109,109,109,7,4,retained,0;1;2;3;4;5;6
110,110,110,7,4,retained,0;1;2;3;4;5;6
111,111,111,7,4,retained,0;1;2;3;4;5;6
112,112,112,7,2,retained,0;1;2;3;4;5;6
113,113,113,7,2,retained,0;1;2;3;4;5;6
114,114,114,7,2,retained,0;1;2;3;4;5;6
115,115,115,7,2,retained,0;1;2;3;4;5;6
116,116,116,7,3,retained,0;1;2;3;4;5;6
117,117,117,7,2,retained,0;1;2;3;4;5;6
118,118,118,7,1,retained,0;1;2;3;4;5;6
119,119,119,7,2,retained,0;1;2;3;4;5;6
120,120,120,7,2,retained,0;1;2;3;4;5;6
121,121,121,7,3,retained,0;1;2;3;4;5;6
122,122,122,7,2,retained,0;1;2;3;4;5;6
123,123,123,7,2,retained,0;1;2;3;4;5;6
124,124,124,7,3,retained,0;1;2;3;4;5;6
125,125,125,7,3,retained,0;1;2;3;4;5;6
126,126,126,7,4,retained,0;1;2;3;4;5;6
127,127,127,7,4,retained,0;1;2;3;4;5;6
128,128,128,7,4,retained,0;1;2;3;4;5;6
129,129,129,7,2,retained,0;1;2;3;4;5;6
130,130,130,7,2,retained,0;1;2;3;4;5;6
131,131,131,7,2,retained,0;1;2;3;4;5;6
132,132,132,7,4,retained,0;1;2;3;4;5;6
133,133,133,7,4,retained,0;1;2;3;4;5;6
134,134,134,7,2,retained,0;1;2;3;4;5;6
135,135,135,7,2,retained,0;1;2;3;4;5;6
136,136,136,7,3,retained,0;1;2;3;4;5;6
137,137,137,7,3,retained,0;1;2;3;4;5;6
138,138,138,7,4,retained,0;1;2;3;4;5;6
139,139,139,7,4,retained,0;1;2;3;4;5;6
140,140,140,7,2,retained,0;1;2;3;4;5;6
141,141,141,7,3,retained,0;1;2;3;4;5;6
142,142,142,7,3,retained,0;1;2;3;4;5;6
143,143,143,7,2,retained,0;1;2;3;4;5;6
144,144,144,7,3,retained,0;1;2;3;4;5;6
145,145,145,7,3,retained,0;1;2;3;4;5;6
146,146,146,7,3,retained,0;1;2;3;4;5;6
147,147,147,7,3,retained,0;1;2;3;4;5;6
148,148,148,7,3,retained,0;1;2;3;4;5;6
149,149,149,7,4,retained,0;1;2;3;4;5;6
150,150,150,7,4,retained,0;1;2;3;4;5;6
151,151,151,7,4,retained,0;1;2;3;4;5;6
152,152,152,7,3,retained,0;1;2;3;4;5;6
153,153,153,7,3,retained,0;1;2;3;4;5;6
154,154,154,7,3,retained,0;1;2;3;4;5;6
155,155,155,7,3,retained,0;1;2;3;4;5;6
156,156,156,7,4,retained,0;1;2;3;4;5;6
157,157,157,7,4,retained,0;1;2;3;4;5;6
158,158,158,7,3,retained,0;1;2;3;4;5;6
159,159,159,7,3,retained,0;1;2;3;4;5;6
160,160,160,7,3,retained,0;1;2;3;4;5;6
161,161,161,7,3,retained,0;1;2;3;4;5;6
162,162,162,7,4,retained,0;1;2;3;4;5;6
163,163,163,7,4,retained,0;1;2;3;4;5;6
164,164,164,7,3,retained,0;1;2;3;4;5;6
165,165,165,7,3,retained,0;1;2;3;4;5;6
166,166,166,7,4,retained,0;1;2;3;4;5;6
167,167,167,7,4,retained,0;1;2;3;4;5;6
168,168,168,7,4,retained,0;1;2;3;4;5;6
169,169,169,7,4,retained,0;1;2;3;4;5;6
170,170,170,7,4,retained,0;1;2;3;4;5;6
171,171,171,7,4,retained,0;1;2;3;4;5;6
172,172,172,7,4,retained,0;1;2;3;4;5;6
173,173,173,7,4,retained,0;1;2;3;4;5;6
174,174,174,7,4,retained,0;1;2;3;4;5;6
175,175,175,7,4,retained,0;1;2;3;4;5;6
176,176,176,7,4,retained,0;1;2;3;4;5;6
177,177,177,7,4,retained,0;1;2;3;4;5;6
178,178,178,7,4,retained,0;1;2;3;4;5;6
179,179,179,7,4,retained,0;1;2;3;4;5;6
180,180,180,7,4,retained,0;1;2;3;4;5;6
181,181,181,7,4,retained,0;1;2;3;4;5;6
182,182,182,7,4,retained,0;1;2;3;4;5;6
183,183,183,7,4,retained,0;1;2;3;4;5;6
184,184,184,7,4,retained,0;1;2;3;4;5;6
185,185,185,7,3,retained,0;1;2;3;4;5;6
186,186,186,7,2,retained,0;1;2;3;4;5;6
187,187,187,7,3,retained,0;1;2;3;4;5;6
188,188,188,7,4,retained,0;1;2;3;4;5;6
189,189,189,7,4,retained,0;1;2;3;4;5;6
190,190,190,7,4,retained,0;1;2;3;4;5;6
191,191,191,7,4,retained,0;1;2;3;4;5;6
192,192,192,7,4,retained,0;1;2;3;4;5;6
193,193,193,7,4,retained,0;1;2;3;4;5;6
194,194,194,7,4,retained,0;1;2;3;4;5;6
195,195,195,7,4,retained,0;1;2;3;4;5;6
196,196,196,7,4,retained,0;1;2;3;4;5;6
197,197,197,7,4,retained,0;1;2;3;4;5;6
198,198,198,7,4,retained,0;1;2;3;4;5;6
199,199,199,7,3,retained,0;1;2;3;4;5;6
200,200,200,7,4,retained,0;1;2;3;4;5;6
201,201,201,7,3,retained,0;1;2;3;4;5;6
202,202,202,7,3,retained,0;1;2;3;4;5;6
203,203,203,7,4,retained,0;1;2;3;4;5;6
204,204,204,7,3,retained,0;1;2;3;4;5;6
205,205,205,7,3,retained,0;1;2;3;4;5;6
206,206,206,7,3,retained,0;1;2;3;4;5;6
207,207,207,7,4,retained,0;1;2;3;4;5;6
208,208,208,7,4,retained,0;1;2;3;4;5;6
209,209,209,7,4,retained,0;1;2;3;4;5;6
210,210,210,7,4,retained,0;1;2;3;4;5;6
211,211,211,7,4,retained,0;1;2;3;4;5;6
212,212,212,7,4,retained,0;1;2;3;4;5;6
213,213,213,7,4,retained,0;1;2;3;4;5;6
214,214,214,7,2,retained,0;1;2;3;4;5;6
215,215,215,7,4,retained,0;1;2;3;4;5;6
216,216,216,7,4,retained,0;1;2;3;4;5;6
217,217,217,7,4,retained,0;1;2;3;4;5;6
218,218,218,7,4,retained,0;1;2;3;4;5;6
219,219,219,7,3,retained,0;1;2;3;4;5;6
220,220,220,7,4,retained,0;1;2;3;4;5;6
221,221,221,7,3,retained,0;1;2;3;4;5;6
222,222,222,7,3,retained,0;1;2;3;4;5;6
223,223,223,7,2,retained,0;1;2;3;4;5;6
224,224,224,7,3,retained,0;1;2;3;4;5;6
225,225,225,7,3,retained,0;1;2;3;4;5;6
226,226,226,7,3,retained,0;1;2;3;4;5;6
227,227,227,7,4,retained,0;1;2;3;4;5;6
228,228,228,7,4,retained,0;1;2;3;4;5;6
229,229,229,7,3,retained,0;1;2;3;4;5;6
230,230,230,7,2,retained,0;1;2;3;4;5;6
231,231,231,7,2,retained,0;1;2;3;4;5;6
232,232,232,7,2,retained,0;1;2;3;4;5;6
233,233,233,7,3,retained,0;1;2;3;4;5;6
234,234,234,7,4,retained,0;1;2;3;4;5;6
235,235,235,7,4,retained,0;1;2;3;4;5;6
236,236,236,7,3,retained,0;1;2;3;4;5;6
237,237,237,7,3,retained,0;1;2;3;4;5;6
238,238,238,7,3,retained,0;1;2;3;4;5;6
239,239,239,7,3,retained,0;1;2;3;4;5;6
240,240,240,7,4,retained,0;1;2;3;4;5;6
241,241,241,7,3,retained,0;1;2;3;4;5;6
242,242,242,7,3,retained,0;1;2;3;4;5;6
243,243,243,7,4,retained,0;1;2;3;4;5;6
244,244,244,7,2,retained,0;1;2;3;4;5;6
245,245,245,7,2,retained,0;1;2;3;4;5;6
246,246,246,7,3,retained,0;1;2;3;4;5;6
247,247,247,7,2,retained,0;1;2;3;4;5;6
248,248,248,7,3,retained,0;1;2;3;4;5;6
249,249,249,7,2,retained,0;1;2;3;4;5;6
250,250,250,7,3,retained,0;1;2;3;4;5;6
251,251,251,7,3,retained,0;1;2;3;4;5;6
252,252,252,7,3,retained,0;1;2;3;4;5;6
253,253,253,7,4,retained,0;1;2;3;4;5;6
254,254,254,7,3,retained,0;1;2;3;4;5;6
255,255,255,7,2,retained,0;1;2;3;4;5;6
256,256,256,7,2,retained,0;1;2;3;4;5;6
257,257,257,7,4,retained,0;1;2;3;4;5;6
258,258,258,7,4,retained,0;1;2;3;4;5;6
259,259,259,7,3,retained,0;1;2;3;4;5;6
260,260,260,7,3,retained,0;1;2;3;4;5;6
261,261,261,7,3,retained,0;1;2;3;4;5;6
262,262,262,7,3,retained,0;1;2;3;4;5;6
263,263,263,7,3,retained,0;1;2;3;4;5;6
264,264,264,7,3,retained,0;1;2;3;4;5;6
265,265,265,7,3,retained,0;1;2;3;4;5;6
266,266,266,7,3,retained,0;1;2;3;4;5;6
267,267,267,7,4,retained,0;1;2;3;4;5;6
268,268,268,7,3,retained,0;1;2;3;4;5;6
269,269,269,7,3,retained,0;1;2;3;4;5;6
270,270,270,7,3,retained,0;1;2;3;4;5;6
271,271,271,7,4,retained,0;1;2;3;4;5;6
272,272,272,7,3,retained,0;1;2;3;4;5;6
273,273,273,7,3,retained,0;1;2;3;4;5;6
274,274,274,7,3,retained,0;1;2;3;4;5;6
275,275,275,7,4,retained,0;1;2;3;4;5;6
276,276,276,7,4,retained,0;1;2;3;4;5;6
277,277,277,7,4,retained,0;1;2;3;4;5;6
278,278,278,7,4,retained,0;1;2;3;4;5;6
279,279,279,7,4,retained,0;1;2;3;4;5;6
280,280,280,7,4,retained,0;1;2;3;4;5;6
281,281,281,7,4,retained,0;1;2;3;4;5;6
282,282,282,7,4,retained,0;1;2;3;4;5;6
283,283,283,7,4,retained,0;1;2;3;4;5;6
284,284,284,7,4,retained,0;1;2;3;4;5;6
285,285,285,7,4,retained,0;1;2;3;4;5;6
286,286,286,7,4,retained,0;1;2;3;4;5;6
287,287,287,7,4,retained,0;1;2;3;4;5;6
288,288,288,7,4,retained,0;1;2;3;4;5;6
289,289,289,7,4,retained,0;1;2;3;4;5;6
290,290,290,7,4,retained,0;1;2;3;4;5;6
291,291,291,7,4,retained,0;1;2;3;4;5;6
292,292,292,7,4,retained,0;1;2;3;4;5;6
293,293,293,7,3,retained,0;1;2;3;4;5;6
294,294,294,7,3,retained,0;1;2;3;4;5;6
295,295,295,7,4,retained,0;1;2;3;4;5;6
296,296,296,7,4,retained,0;1;2;3;4;5;6
297,297,297,7,4,retained,0;1;2;3;4;5;6
298,298,298,7,3,retained,0;1;2;3;4;5;6
299,299,299,7,3,retained,0;1;2;3;4;5;6
300,300,300,7,4,retained,0;1;2;3;4;5;6
301,301,301,7,4,retained,0;1;2;3;4;5;6
302,302,302,7,4,retained,0;1;2;3;4;5;6
303,303,303,7,4,retained,0;1;2;3;4;5;6
304,304,304,7,4,retained,0;1;2;3;4;5;6
305,305,305,7,4,retained,0;1;2;3;4;5;6
306,306,306,7,4,retained,0;1;2;3;4;5;6
307,307,307,7,4,retained,0;1;2;3;4;5;6
308,308,308,7,4,retained,0;1;2;3;4;5;6
309,309,309,7,4,retained,0;1;2;3;4;5;6
310,310,310,7,3,retained,0;1;2;3;4;5;6
311,311,311,7,4,retained,0;1;2;3;4;5;6
312,312,312,7,4,retained,0;1;2;3;4;5;6
313,313,313,7,4,retained,0;1;2;3;4;5;6
314,314,314,7,4,retained,0;1;2;3;4;5;6
315,315,315,7,4,retained,0;1;2;3;4;5;6
316,316,316,7,4,retained,0;1;2;3;4;5;6
317,317,317,7,4,retained,0;1;2;3;4;5;6
318,318,318,7,4,retained,0;1;2;3;4;5;6
319,319,319,7,3,retained,0;1;2;3;4;5;6
320,320,320,7,4,retained,0;1;2;3;4;5;6
321,321,321,7,3,retained,0;1;2;3;4;5;6
322,322,322,7,4,retained,0;1;2;3;4;5;6
323,323,323,7,3,retained,0;1;2;3;4;5;6
324,324,324,7,3,retained,0;1;2;3;4;5;6
325,325,325,7,4,retained,0;1;2;3;4;5;6
326,326,326,7,3,retained,0;1;2;3;4;5;6
327,327,327,7,3,retained,0;1;2;3;4;5;6
328,328,328,7,4,retained,0;1;2;3;4;5;6
329,329,329,7,3,retained,0;1;2;3;4;5;6
330,330,330,7,3,retained,0;1;2;3;4;5;6
331,331,331,7,3,retained,0;1;2;3;4;5;6
332,332,332,7,3,retained,0;1;2;3;4;5;6
333,333,333,7,4,retained,0;1;2;3;4;5;6
334,334,334,7,4,retained,0;1;2;3;4;5;6
335,335,335,7,4,retained,0;1;2;3;4;5;6
336,336,336,7,4,retained,0;1;2;3;4;5;6
337,337,337,7,4,retained,0;1;2;3;4;5;6
338,338,338,7,4,retained,0;1;2;3;4;5;6
339,339,339,7,4,retained,0;1;2;3;4;5;6
340,340,340,7,4,retained,0;1;2;3;4;5;6
341,341,341,7,4,retained,0;1;2;3;4;5;6
342,342,342,7,4,retained,0;1;2;3;4;5;6
343,343,343,7,3,retained,0;1;2;3;4;5;6
344,344,344,7,4,retained,0;1;2;3;4;5;6
345,345,345,7,4,retained,0;1;2;3;4;5;6
346,346,346,7,4,retained,0;1;2;3;4;5;6
347,347,347,7,4,retained,0;1;2;3;4;5;6
348,348,348,7,4,retained,0;1;2;3;4;5;6
349,349,349,7,4,retained,0;1;2;3;4;5;6
350,350,350,7,4,retained,0;1;2;3;4;5;6
351,351,351,7,4,retained,0;1;2;3;4;5;6
352,352,352,7,2,retained,0;1;2;3;4;5;6
353,353,353,7,2,retained,0;1;2;3;4;5;6
354,354,354,7,4,retained,0;1;2;3;4;5;6
355,355,355,7,3,retained,0;1;2;3;4;5;6
356,356,356,7,3,retained,0;1;2;3;4;5;6
357,357,357,7,4,retained,0;1;2;3;4;5;6
358,358,358,7,4,retained,0;1;2;3;4;5;6
359,359,359,7,4,retained,0;1;2;3;4;5;6
360,360,360,7,4,retained,0;1;2;3;4;5;6
361,361,361,7,4,retained,0;1;2;3;4;5;6
362,362,362,7,4,retained,0;1;2;3;4;5;6
363,363,363,7,4,retained,0;1;2;3;4;5;6
364,364,364,7,2,retained,0;1;2;3;4;5;6
365,365,365,7,2,retained,0;1;2;3;4;5;6
366,366,366,7,3,retained,0;1;2;3;4;5;6
367,367,367,7,4,retained,0;1;2;3;4;5;6
368,368,368,7,2,retained,0;1;2;3;4;5;6
369,369,369,7,3,retained,0;1;2;3;4;5;6
370,370,370,7,4,retained,0;1;2;3;4;5;6
371,371,371,7,3,retained,0;1;2;3;4;5;6
372,372,372,7,4,retained,0;1;2;3;4;5;6
373,373,373,7,4,retained,0;1;2;3;4;5;6
374,374,374,7,3,retained,0;1;2;3;4;5;6
375,375,375,7,3,retained,0;1;2;3;4;5;6
376,376,376,7,2,retained,0;1;2;3;4;5;6
377,377,377,7,3,retained,0;1;2;3;4;5;6
378,378,378,7,4,retained,0;1;2;3;4;5;6
379,379,379,7,1,retained,0;1;2;3;4;5;6
380,380,380,7,2,retained,0;1;2;3;4;5;6
381,381,381,7,3,retained,0;1;2;3;4;5;6
382,382,382,7,3,retained,0;1;2;3;4;5;6
383,383,383,7,3,retained,0;1;2;3;4;5;6
384,384,384,7,3,retained,0;1;2;3;4;5;6
385,385,385,7,3,retained,0;1;2;3;4;5;6
386,386,386,7,4,retained,0;1;2;3;4;5;6
387,387,387,7,3,retained,0;1;2;3;4;5;6
388,388,388,7,4,retained,0;1;2;3;4;5;6
389,389,389,7,4,retained,0;1;2;3;4;5;6
390,390,390,7,4,retained,0;1;2;3;4;5;6
391,391,391,7,2,retained,0;1;2;3;4;5;6
392,392,392,7,3,retained,0;1;2;3;4;5;6
393,393,393,7,4,retained,0;1;2;3;4;5;6
394,394,394,7,4,retained,0;1;2;3;4;5;6
395,395,395,7,4,retained,0;1;2;3;4;5;6
396,396,396,7,4,retained,0;1;2;3;4;5;6
397,397,397,7,4,retained,0;1;2;3;4;5;6
398,398,398,7,4,retained,0;1;2;3;4;5;6
399,399,399,7,4,retained,0;1;2;3;4;5;6
400,400,400,7,3,retained,0;1;2;3;4;5;6
401,401,401,7,3,retained,0;1;2;3;4;5;6
402,402,402,7,3,retained,0;1;2;3;4;5;6
403,403,403,7,4,retained,0;1;2;3;4;5;6
404,404,404,7,4,retained,0;1;2;3;4;5;6
405,405,405,7,4,retained,0;1;2;3;4;5;6
406,406,406,7,4,retained,0;1;2;3;4;5;6
407,407,407,7,4,retained,0;1;2;3;4;5;6
408,408,408,7,4,retained,0;1;2;3;4;5;6
409,409,409,7,4,retained,0;1;2;3;4;5;6
410,410,410,7,4,retained,0;1;2;3;4;5;6
411,411,411,7,3,retained,0;1;2;3;4;5;6
412,412,412,7,3,retained,0;1;2;3;4;5;6
413,413,413,7,3,retained,0;1;2;3;4;5;6
414,414,414,7,4,retained,0;1;2;3;4;5;6
415,415,415,7,4,retained,0;1;2;3;4;5;6
416,416,416,7,4,retained,0;1;2;3;4;5;6
417,417,417,7,4,retained,0;1;2;3;4;5;6
418,418,418,7,4,retained,0;1;2;3;4;5;6
419,419,419,7,3,retained,0;1;2;3;4;5;6
420,420,420,7,2,retained,0;1;2;3;4;5;6
421,421,421,7,4,retained,0;1;2;3;4;5;6
422,422,422,7,2,retained,0;1;2;3;4;5;6
423,423,423,7,2,retained,0;1;2;3;4;5;6
424,424,424,7,2,retained,0;1;2;3;4;5;6
425,425,425,7,4,retained,0;1;2;3;4;5;6
426,426,426,7,4,retained,0;1;2;3;4;5;6
427,427,427,7,4,retained,0;1;2;3;4;5;6
428,428,428,7,3,retained,0;1;2;3;4;5;6
429,429,429,7,2,retained,0;1;2;3;4;5;6
430,430,430,7,3,retained,0;1;2;3;4;5;6
431,431,431,7,4,retained,0;1;2;3;4;5;6
432,432,432,7,4,retained,0;1;2;3;4;5;6
433,433,433,7,2,retained,0;1;2;3;4;5;6
434,434,434,7,3,retained,0;1;2;3;4;5;6
435,435,435,7,2,retained,0;1;2;3;4;5;6
436,436,436,7,4,retained,0;1;2;3;4;5;6
437,437,437,7,3,retained,0;1;2;3;4;5;6
438,438,438,7,2,retained,0;1;2;3;4;5;6
439,439,439,7,3,retained,0;1;2;3;4;5;6
440,440,440,7,3,retained,0;1;2;3;4;5;6
441,441,441,7,4,retained,0;1;2;3;4;5;6
442,442,442,7,3,retained,0;1;2;3;4;5;6
443,443,443,7,4,retained,0;1;2;3;4;5;6
444,444,444,7,3,retained,0;1;2;3;4;5;6
445,445,445,7,3,retained,0;1;2;3;4;5;6
446,446,446,7,3,retained,0;1;2;3;4;5;6
447,447,447,7,3,retained,0;1;2;3;4;5;6
448,448,448,7,4,retained,0;1;2;3;4;5;6
449,449,449,7,3,retained,0;1;2;3;4;5;6
450,450,450,7,3,retained,0;1;2;3;4;5;6
451,451,451,7,3,retained,0;1;2;3;4;5;6
452,452,452,7,4,retained,0;1;2;3;4;5;6
453,453,453,7,4,retained,0;1;2;3;4;5;6
454,454,454,7,4,retained,0;1;2;3;4;5;6
455,455,455,7,4,retained,0;1;2;3;4;5;6
456,456,456,7,4,retained,0;1;2;3;4;5;6
457,457,457,7,4,retained,0;1;2;3;4;5;6
458,458,458,7,4,retained,0;1;2;3;4;5;6
459,459,459,7,4,retained,0;1;2;3;4;5;6
460,460,460,7,4,retained,0;1;2;3;4;5;6
461,461,461,7,4,retained,0;1;2;3;4;5;6
462,462,462,7,4,retained,0;1;2;3;4;5;6
463,463,463,7,4,retained,0;1;2;3;4;5;6
464,464,464,7,3,retained,0;1;2;3;4;5;6
465,465,465,7,4,retained,0;1;2;3;4;5;6
466,466,466,7,3,retained,0;1;2;3;4;5;6
467,467,467,7,4,retained,0;1;2;3;4;5;6
468,468,468,7,4,retained,0;1;2;3;4;5;6
469,469,469,7,4,retained,0;1;2;3;4;5;6
470,470,470,7,4,retained,0;1;2;3;4;5;6
471,471,471,7,4,retained,0;1;2;3;4;5;6
472,472,472,7,3,retained,0;1;2;3;4;5;6
473,473,473,7,2,retained,0;1;2;3;4;5;6
474,474,474,7,4,retained,0;1;2;3;4;5;6
475,475,475,7,3,retained,0;1;2;3;4;5;6
476,476,476,7,4,retained,0;1;2;3;4;5;6
477,477,477,7,4,retained,0;1;2;3;4;5;6
478,478,478,7,4,retained,0;1;2;3;4;5;6
479,479,479,7,4,retained,0;1;2;3;4;5;6
480,480,480,7,3,retained,0;1;2;3;4;5;6
481,481,481,7,3,retained,0;1;2;3;4;5;6
482,482,482,7,3,retained,0;1;2;3;4;5;6
483,483,483,7,3,retained,0;1;2;3;4;5;6
484,484,484,7,4,retained,0;1;2;3;4;5;6
485,485,485,7,4,retained,0;1;2;3;4;5;6
486,486,486,7,4,retained,0;1;2;3;4;5;6
487,487,487,7,4,retained,0;1;2;3;4;5;6
488,488,488,7,3,retained,0;1;2;3;4;5;6
489,489,489,7,3,retained,0;1;2;3;4;5;6
490,490,490,7,3,retained,0;1;2;3;4;5;6
491,491,491,7,4,retained,0;1;2;3;4;5;6
492,492,492,7,4,retained,0;1;2;3;4;5;6
493,493,493,7,4,retained,0;1;2;3;4;5;6
494,494,494,7,4,retained,0;1;2;3;4;5;6
495,495,495,7,4,retained,0;1;2;3;4;5;6
496,496,496,7,4,retained,0;1;2;3;4;5;6
497,497,497,7,4,retained,0;1;2;3;4;5;6
498,498,498,7,4,retained,0;1;2;3;4;5;6
499,499,499,7,4,retained,0;1;2;3;4;5;6
500,500,500,7,4,retained,0;1;2;3;4;5;6
501,501,501,7,4,retained,0;1;2;3;4;5;6
502,502,502,7,4,retained,0;1;2;3;4;5;6
503,503,503,7,4,retained,0;1;2;3;4;5;6
504,504,504,7,4,retained,0;1;2;3;4;5;6
505,505,505,7,4,retained,0;1;2;3;4;5;6
506,506,506,7,3,retained,0;1;2;3;4;5;6
507,507,507,7,4,retained,0;1;2;3;4;5;6
508,508,508,7,4,retained,0;1;2;3;4;5;6
509,509,509,7,4,retained,0;1;2;3;4;5;6
510,510,510,7,4,retained,0;1;2;3;4;5;6
511,511,511,7,4,retained,0;1;2;3;4;5;6
512,512,512,7,4,retained,0;1;2;3;4;5;6
513,513,513,7,4,retained,0;1;2;3;4;5;6
514,514,514,7,4,retained,0;1;2;3;4;5;6
515,515,515,7,4,retained,0;1;2;3;4;5;6
516,516,516,7,4,retained,0;1;2;3;4;5;6
517,517,517,7,4,retained,0;1;2;3;4;5;6
518,518,518,7,4,retained,0;1;2;3;4;5;6
519,519,519,7,4,retained,0;1;2;3;4;5;6
520,520,520,7,4,retained,0;1;2;3;4;5;6
521,521,521,7,4,retained,0;1;2;3;4;5;6
522,522,522,7,4,retained,0;1;2;3;4;5;6
523,523,523,7,4,retained,0;1;2;3;4;5;6
524,524,524,7,4,retained,0;1;2;3;4;5;6
525,525,525,7,4,retained,0;1;2;3;4;5;6
526,526,526,7,4,retained,0;1;2;3;4;5;6
527,527,527,7,3,retained,0;1;2;3;4;5;6
528,528,528,7,4,retained,0;1;2;3;4;5;6
529,529,529,7,4,retained,0;1;2;3;4;5;6
530,530,530,7,3,retained,0;1;2;3;4;5;6
531,531,531,7,3,retained,0;1;2;3;4;5;6
532,532,532,7,4,retained,0;1;2;3;4;5;6
533,533,533,7,4,retained,0;1;2;3;4;5;6
534,534,534,7,4,retained,0;1;2;3;4;5;6
535,535,535,7,4,retained,0;1;2;3;4;5;6
536,536,536,7,3,retained,0;1;2;3;4;5;6
537,537,537,7,4,retained,0;1;2;3;4;5;6
538,538,538,7,4,retained,0;1;2;3;4;5;6
539,539,539,7,4,retained,0;1;2;3;4;5;6
540,540,540,7,2,retained,0;1;2;3;4;5;6
541,541,541,7,3,retained,0;1;2;3;4;5;6
542,542,542,7,4,retained,0;1;2;3;4;5;6
543,543,543,7,4,retained,0;1;2;3;4;5;6
544,544,544,7,4,retained,0;1;2;3;4;5;6
545,545,545,7,3,retained,0;1;2;3;4;5;6
546,546,546,7,3,retained,0;1;2;3;4;5;6
547,547,547,7,4,retained,0;1;2;3;4;5;6
548,548,548,7,4,retained,0;1;2;3;4;5;6
549,549,549,7,4,retained,0;1;2;3;4;5;6
550,550,550,7,4,retained,0;1;2;3;4;5;6
551,551,551,7,4,retained,0;1;2;3;4;5;6
552,552,552,7,4,retained,0;1;2;3;4;5;6
553,553,553,7,4,retained,0;1;2;3;4;5;6
554,554,554,7,3,retained,0;1;2;3;4;5;6
555,555,555,7,3,retained,0;1;2;3;4;5;6
556,556,556,7,4,retained,0;1;2;3;4;5;6
557,557,557,7,4,retained,0;1;2;3;4;5;6
558,558,558,7,4,retained,0;1;2;3;4;5;6
559,559,559,7,3,retained,0;1;2;3;4;5;6
560,560,560,7,3,retained,0;1;2;3;4;5;6
561,561,561,7,4,retained,0;1;2;3;4;5;6
562,562,562,7,4,retained,0;1;2;3;4;5;6
563,563,563,7,3,retained,0;1;2;3;4;5;6
564,564,564,7,4,retained,0;1;2;3;4;5;6
565,565,565,7,4,retained,0;1;2;3;4;5;6
566,566,566,7,4,retained,0;1;2;3;4;5;6
567,567,567,7,4,retained,0;1;2;3;4;5;6
568,568,568,7,4,retained,0;1;2;3;4;5;6
569,569,569,7,3,retained,0;1;2;3;4;5;6
570,570,570,7,4,retained,0;1;2;3;4;5;6
571,571,571,7,4,retained,0;1;2;3;4;5;6
572,572,572,7,4,retained,0;1;2;3;4;5;6
573,573,573,7,4,retained,0;1;2;3;4;5;6
574,574,574,7,4,retained,0;1;2;3;4;5;6
575,575,575,7,4,retained,0;1;2;3;4;5;6
576,576,576,7,4,retained,0;1;2;3;4;5;6
577,577,577,7,4,retained,0;1;2;3;4;5;6
578,578,578,7,4,retained,0;1;2;3;4;5;6
579,579,579,7,4,retained,0;1;2;3;4;5;6
580,580,580,7,4,retained,0;1;2;3;4;5;6
581,581,581,7,4,retained,0;1;2;3;4;5;6
582,582,582,7,4,retained,0;1;2;3;4;5;6
583,583,583,7,4,retained,0;1;2;3;4;5;6
584,584,584,7,4,retained,0;1;2;3;4;5;6
585,585,585,7,3,retained,0;1;2;3;4;5;6
586,586,586,7,4,retained,0;1;2;3;4;5;6
587,587,587,7,4,retained,0;1;2;3;4;5;6
588,588,588,7,4,retained,0;1;2;3;4;5;6
589,589,589,7,4,retained,0;1;2;3;4;5;6
590,590,590,7,4,retained,0;1;2;3;4;5;6
591,591,591,7,4,retained,0;1;2;3;4;5;6
592,592,592,7,4,retained,0;1;2;3;4;5;6
593,593,593,7,4,retained,0;1;2;3;4;5;6
594,594,594,7,4,retained,0;1;2;3;4;5;6
595,595,595,7,4,retained,0;1;2;3;4;5;6
596,596,596,7,4,retained,0;1;2;3;4;5;6
597,597,597,7,2,retained,0;1;2;3;4;5;6
598,598,598,7,2,retained,0;1;2;3;4;5;6
599,599,599,7,2,retained,0;1;2;3;4;5;6
600,600,600,7,3,retained,0;1;2;3;4;5;6
601,601,601,7,4,retained,0;1;2;3;4;5;6
602,602,602,7,2,retained,0;1;2;3;4;5;6
603,603,603,7,2,retained,0;1;2;3;4;5;6
604,604,604,7,3,retained,0;1;2;3;4;5;6
605,605,605,7,4,retained,0;1;2;3;4;5;6
606,606,606,7,2,retained,0;1;2;3;4;5;6
607,607,607,7,3,retained,0;1;2;3;4;5;6
608,608,608,7,4,retained,0;1;2;3;4;5;6
609,609,609,7,3,retained,0;1;2;3;4;5;6
610,610,610,7,4,retained,0;1;2;3;4;5;6
611,611,611,7,4,retained,0;1;2;3;4;5;6
612,612,612,7,3,retained,0;1;2;3;4;5;6
613,613,613,7,2,retained,0;1;2;3;4;5;6
614,614,614,7,4,retained,0;1;2;3;4;5;6
615,615,615,7,4,retained,0;1;2;3;4;5;6
616,616,616,7,3,retained,0;1;2;3;4;5;6
617,617,617,7,4,retained,0;1;2;3;4;5;6
618,618,618,7,4,retained,0;1;2;3;4;5;6
619,619,619,7,4,retained,0;1;2;3;4;5;6
620,620,620,7,4,retained,0;1;2;3;4;5;6
621,621,621,7,4,retained,0;1;2;3;4;5;6
622,622,622,7,4,retained,0;1;2;3;4;5;6
623,623,623,7,4,retained,0;1;2;3;4;5;6
624,624,624,7,4,retained,0;1;2;3;4;5;6
625,625,625,7,4,retained,0;1;2;3;4;5;6
626,626,626,7,4,retained,0;1;2;3;4;5;6
627,627,627,7,2,retained,0;1;2;3;4;5;6
628,628,628,7,2,retained,0;1;2;3;4;5;6
629,629,629,7,4,retained,0;1;2;3;4;5;6
630,630,630,7,4,retained,0;1;2;3;4;5;6
631,631,631,7,2,retained,0;1;2;3;4;5;6
632,632,632,7,4,retained,0;1;2;3;4;5;6
633,633,633,7,3,retained,0;1;2;3;4;5;6
634,634,634,7,3,retained,0;1;2;3;4;5;6
635,635,635,7,4,retained,0;1;2;3;4;5;6
636,636,636,7,4,retained,0;1;2;3;4;5;6
637,637,637,7,4,retained,0;1;2;3;4;5;6
638,638,638,7,4,retained,0;1;2;3;4;5;6
639,639,639,7,4,retained,0;1;2;3;4;5;6
640,640,640,7,4,retained,0;1;2;3;4;5;6
641,641,641,7,2,retained,0;1;2;3;4;5;6
642,642,642,7,2,retained,0;1;2;3;4;5;6
643,643,643,7,4,retained,0;1;2;3;4;5;6
644,644,644,7,4,retained,0;1;2;3;4;5;6
645,645,645,7,4,retained,0;1;2;3;4;5;6
646,646,646,7,4,retained,0;1;2;3;4;5;6
647,647,647,7,4,retained,0;1;2;3;4;5;6
648,648,648,7,3,retained,0;1;2;3;4;5;6
649,649,649,7,2,retained,0;1;2;3;4;5;6
650,650,650,7,4,retained,0;1;2;3;4;5;6
651,651,651,7,4,retained,0;1;2;3;4;5;6
652,652,652,7,3,retained,0;1;2;3;4;5;6
653,653,653,7,3,retained,0;1;2;3;4;5;6
654,654,654,7,4,retained,0;1;2;3;4;5;6
655,655,655,7,3,retained,0;1;2;3;4;5;6
656,656,656,7,3,retained,0;1;2;3;4;5;6
657,657,657,7,4,retained,0;1;2;3;4;5;6
658,658,658,7,4,retained,0;1;2;3;4;5;6
659,659,659,7,4,retained,0;1;2;3;4;5;6
660,660,660,7,4,retained,0;1;2;3;4;5;6
661,661,661,7,4,retained,0;1;2;3;4;5;6
662,662,662,7,4,retained,0;1;2;3;4;5;6
663,663,663,7,3,retained,0;1;2;3;4;5;6
664,664,664,7,4,retained,0;1;2;3;4;5;6
665,665,665,7,4,retained,0;1;2;3;4;5;6
666,666,666,7,4,retained,0;1;2;3;4;5;6
667,667,667,7,4,retained,0;1;2;3;4;5;6
668,668,668,7,4,retained,0;1;2;3;4;5;6
669,669,669,7,4,retained,0;1;2;3;4;5;6
670,670,670,7,4,retained,0;1;2;3;4;5;6
671,671,671,7,4,retained,0;1;2;3;4;5;6
672,672,672,7,4,retained,0;1;2;3;4;5;6
673,673,673,7,4,retained,0;1;2;3;4;5;6
674,674,674,7,4,retained,0;1;2;3;4;5;6
675,675,675,7,2,retained,0;1;2;3;4;5;6
676,676,676,7,4,retained,0;1;2;3;4;5;6
677,677,677,7,3,retained,0;1;2;3;4;5;6
678,678,678,7,4,retained,0;1;2;3;4;5;6
679,679,679,7,4,retained,0;1;2;3;4;5;6
680,680,680,7,4,retained,0;1;2;3;4;5;6
681,681,681,7,4,retained,0;1;2;3;4;5;6
682,682,682,7,4,retained,0;1;2;3;4;5;6
683,683,683,7,3,retained,0;1;2;3;4;5;6
684,684,684,7,4,retained,0;1;2;3;4;5;6
685,685,685,7,4,retained,0;1;2;3;4;5;6
686,686,686,7,3,retained,0;1;2;3;4;5;6
687,687,687,7,4,retained,0;1;2;3;4;5;6
688,688,688,7,4,retained,0;1;2;3;4;5;6
689,689,689,7,4,retained,0;1;2;3;4;5;6
690,690,690,7,4,retained,0;1;2;3;4;5;6
691,691,691,7,3,retained,0;1;2;3;4;5;6
692,692,692,7,4,retained,0;1;2;3;4;5;6
693,693,693,7,4,retained,0;1;2;3;4;5;6
694,694,694,7,4,retained,0;1;2;3;4;5;6
695,695,695,7,4,retained,0;1;2;3;4;5;6
696,696,696,7,3,retained,0;1;2;3;4;5;6
697,697,697,7,2,retained,0;1;2;3;4;5;6
698,698,698,7,3,retained,0;1;2;3;4;5;6
699,699,699,7,3,retained,0;1;2;3;4;5;6
700,700,700,7,4,retained,0;1;2;3;4;5;6
701,701,701,7,4,retained,0;1;2;3;4;5;6
702,702,702,7,3,retained,0;1;2;3;4;5;6
703,703,703,7,4,retained,0;1;2;3;4;5;6
704,704,704,7,3,retained,0;1;2;3;4;5;6
705,705,705,7,2,retained,0;1;2;3;4;5;6
706,706,706,7,4,retained,0;1;2;3;4;5;6
707,707,707,7,3,retained,0;1;2;3;4;5;6
708,708,708,7,4,retained,0;1;2;3;4;5;6
709,709,709,7,4,retained,0;1;2;3;4;5;6
710,710,710,7,2,retained,0;1;2;3;4;5;6
711,711,711,7,3,retained,0;1;2;3;4;5;6
712,712,712,7,4,retained,0;1;2;3;4;5;6
713,713,713,7,3,retained,0;1;2;3;4;5;6
714,714,714,7,4,retained,0;1;2;3;4;5;6
715,715,715,7,4,retained,0;1;2;3;4;5;6
716,716,716,7,3,retained,0;1;2;3;4;5;6
717,717,717,7,4,retained,0;1;2;3;4;5;6
718,718,718,7,4,retained,0;1;2;3;4;5;6
719,719,719,7,3,retained,0;1;2;3;4;5;6
720,720,720,7,4,retained,0;1;2;3;4;5;6
721,721,721,7,1,retained,0;1;2;3;4;5;6
722,722,722,7,2,retained,0;1;2;3;4;5;6
723,723,723,7,4,retained,0;1;2;3;4;5;6
724,724,724,7,3,retained,0;1;2;3;4;5;6
725,725,725,7,3,retained,0;1;2;3;4;5;6
726,726,726,7,3,retained,0;1;2;3;4;5;6
727,727,727,7,4,retained,0;1;2;3;4;5;6
728,728,728,7,2,retained,0;1;2;3;4;5;6
729,729,729,7,3,retained,0;1;2;3;4;5;6
730,730,730,7,4,retained,0;1;2;3;4;5;6
731,731,731,7,2,retained,0;1;2;3;4;5;6
732,732,732,7,3,retained,0;1;2;3;4;5;6
733,733,733,7,4,retained,0;1;2;3;4;5;6
734,734,734,7,4,retained,0;1;2;3;4;5;6
735,735,735,7,4,retained,0;1;2;3;4;5;6
736,736,736,7,4,retained,0;1;2;3;4;5;6
737,737,737,7,4,retained,0;1;2;3;4;5;6
738,738,738,7,3,retained,0;1;2;3;4;5;6
739,739,739,7,3,retained,0;1;2;3;4;5;6
740,740,740,7,4,retained,0;1;2;3;4;5;6
741,741,741,7,3,retained,0;1;2;3;4;5;6
742,742,742,7,3,retained,0;1;2;3;4;5;6
743,743,743,7,4,retained,0;1;2;3;4;5;6
744,744,744,7,4,retained,0;1;2;3;4;5;6
745,745,745,7,4,retained,0;1;2;3;4;5;6
746,746,746,7,3,retained,0;1;2;3;4;5;6
747,747,747,7,3,retained,0;1;2;3;4;5;6
748,748,748,7,4,retained,0;1;2;3;4;5;6
749,749,749,7,4,retained,0;1;2;3;4;5;6
750,750,750,7,4,retained,0;1;2;3;4;5;6
751,751,751,7,4,retained,0;1;2;3;4;5;6
752,752,752,7,2,retained,0;1;2;3;4;5;6
753,753,753,7,2,retained,0;1;2;3;4;5;6
754,754,754,7,4,retained,0;1;2;3;4;5;6
755,755,755,7,2,retained,0;1;2;3;4;5;6
756,756,756,7,3,retained,0;1;2;3;4;5;6
757,757,757,7,2,retained,0;1;2;3;4;5;6
758,758,758,7,4,retained,0;1;2;3;4;5;6
759,759,759,7,3,retained,0;1;2;3;4;5;6
760,760,760,7,4,retained,0;1;2;3;4;5;6
761,761,761,7,3,retained,0;1;2;3;4;5;6
762,762,762,7,3,retained,0;1;2;3;4;5;6
763,763,763,7,3,retained,0;1;2;3;4;5;6
764,764,764,7,4,retained,0;1;2;3;4;5;6
765,765,765,7,4,retained,0;1;2;3;4;5;6
766,766,766,7,4,retained,0;1;2;3;4;5;6
767,767,767,7,4,retained,0;1;2;3;4;5;6
768,768,768,7,2,retained,0;1;2;3;4;5;6
769,769,769,7,3,retained,0;1;2;3;4;5;6
770,770,770,7,3,retained,0;1;2;3;4;5;6
771,771,771,7,4,retained,0;1;2;3;4;5;6
772,772,772,7,3,retained,0;1;2;3;4;5;6
773,773,773,7,3,retained,0;1;2;3;4;5;6
774,774,774,7,4,retained,0;1;2;3;4;5;6
775,775,775,7,4,retained,0;1;2;3;4;5;6
776,776,776,7,4,retained,0;1;2;3;4;5;6
777,777,777,7,4,retained,0;1;2;3;4;5;6
778,778,778,7,1,retained,0;1;2;3;4;5;6
779,779,779,7,3,retained,0;1;2;3;4;5;6
780,780,780,7,3,retained,0;1;2;3;4;5;6
781,781,781,7,4,retained,0;1;2;3;4;5;6
782,782,782,7,4,retained,0;1;2;3;4;5;6
783,783,783,7,3,retained,0;1;2;3;4;5;6
784,784,784,7,4,retained,0;1;2;3;4;5;6
785,785,785,7,4,retained,0;1;2;3;4;5;6
786,786,786,7,4,retained,0;1;2;3;4;5;6
787,787,787,7,4,retained,0;1;2;3;4;5;6
788,788,788,7,4,retained,0;1;2;3;4;5;6
789,789,789,7,4,retained,0;1;2;3;4;5;6
790,790,790,7,2,retained,0;1;2;3;4;5;6
791,791,791,7,3,retained,0;1;2;3;4;5;6
792,792,792,7,4,retained,0;1;2;3;4;5;6
793,793,793,7,4,retained,0;1;2;3;4;5;6
794,794,794,7,4,retained,0;1;2;3;4;5;6
795,795,795,7,4,retained,0;1;2;3;4;5;6
796,796,796,7,3,retained,0;1;2;3;4;5;6
797,797,797,7,3,retained,0;1;2;3;4;5;6
798,798,798,7,4,retained,0;1;2;3;4;5;6
799,799,799,7,4,retained,0;1;2;3;4;5;6
800,800,800,7,4,retained,0;1;2;3;4;5;6
801,801,801,7,4,retained,0;1;2;3;4;5;6
802,802,802,7,4,retained,0;1;2;3;4;5;6
803,803,803,7,3,retained,0;1;2;3;4;5;6
804,804,804,7,3,retained,0;1;2;3;4;5;6
805,805,805,7,4,retained,0;1;2;3;4;5;6
806,806,806,7,4,retained,0;1;2;3;4;5;6
807,807,807,7,2,retained,0;1;2;3;4;5;6
808,808,808,7,3,retained,0;1;2;3;4;5;6
809,809,809,7,3,retained,0;1;2;3;4;5;6
810,810,810,7,3,retained,0;1;2;3;4;5;6
811,811,811,7,2,retained,0;1;2;3;4;5;6
812,812,812,7,2,retained,0;1;2;3;4;5;6
813,813,813,7,2,retained,0;1;2;3;4;5;6
814,814,814,7,3,retained,0;1;2;3;4;5;6
815,815,815,7,4,retained,0;1;2;3;4;5;6
816,816,816,7,2,retained,0;1;2;3;4;5;6
817,817,817,7,2,retained,0;1;2;3;4;5;6
818,818,818,7,3,retained,0;1;2;3;4;5;6
819,819,819,7,4,retained,0;1;2;3;4;5;6
820,820,820,7,2,retained,0;1;2;3;4;5;6
821,821,821,7,3,retained,0;1;2;3;4;5;6
822,822,822,7,4,retained,0;1;2;3;4;5;6
823,823,823,7,3,retained,0;1;2;3;4;5;6
824,824,824,7,4,retained,0;1;2;3;4;5;6
825,825,825,7,4,retained,0;1;2;3;4;5;6
826,826,826,7,3,retained,0;1;2;3;4;5;6
827,827,827,7,3,retained,0;1;2;3;4;5;6
828,828,828,7,3,retained,0;1;2;3;4;5;6
829,829,829,7,4,retained,0;1;2;3;4;5;6
830,830,830,7,4,retained,0;1;2;3;4;5;6
831,831,831,7,4,retained,0;1;2;3;4;5;6
832,832,832,7,4,retained,0;1;2;3;4;5;6
833,833,833,7,4,retained,0;1;2;3;4;5;6
834,834,834,7,4,retained,0;1;2;3;4;5;6
835,835,835,7,4,retained,0;1;2;3;4;5;6
836,836,836,7,4,retained,0;1;2;3;4;5;6
837,837,837,7,3,retained,0;1;2;3;4;5;6
838,838,838,7,4,retained,0;1;2;3;4;5;6
839,839,839,7,3,retained,0;1;2;3;4;5;6
840,840,840,7,4,retained,0;1;2;3;4;5;6
841,841,841,7,4,retained,0;1;2;3;4;5;6
842,842,842,7,4,retained,0;1;2;3;4;5;6
843,843,843,7,4,retained,0;1;2;3;4;5;6
844,844,844,7,2,retained,0;1;2;3;4;5;6
845,845,845,7,3,retained,0;1;2;3;4;5;6
846,846,846,7,2,retained,0;1;2;3;4;5;6
847,847,847,7,4,retained,0;1;2;3;4;5;6
848,848,848,7,3,retained,0;1;2;3;4;5;6
849,849,849,7,2,retained,0;1;2;3;4;5;6
850,850,850,7,2,retained,0;1;2;3;4;5;6
851,851,851,7,2,retained,0;1;2;3;4;5;6
852,852,852,7,3,retained,0;1;2;3;4;5;6
853,853,853,7,2,retained,0;1;2;3;4;5;6
854,854,854,7,3,retained,0;1;2;3;4;5;6
855,855,855,7,2,retained,0;1;2;3;4;5;6
856,856,856,7,4,retained,0;1;2;3;4;5;6
857,857,857,7,2,retained,0;1;2;3;4;5;6
858,858,858,7,4,retained,0;1;2;3;4;5;6
859,859,859,7,4,retained,0;1;2;3;4;5;6
860,860,860,7,2,retained,0;1;2;3;4;5;6
861,861,861,7,3,retained,0;1;2;3;4;5;6
862,862,862,7,3,retained,0;1;2;3;4;5;6
863,863,863,7,4,retained,0;1;2;3;4;5;6
864,864,864,7,3,retained,0;1;2;3;4;5;6
865,865,865,7,3,retained,0;1;2;3;4;5;6
866,866,866,7,4,retained,0;1;2;3;4;5;6
867,867,867,7,2,retained,0;1;2;3;4;5;6
868,868,868,7,3,retained,0;1;2;3;4;5;6
869,869,869,7,3,retained,0;1;2;3;4;5;6
870,870,870,7,4,retained,0;1;2;3;4;5;6
871,871,871,7,3,retained,0;1;2;3;4;5;6
872,872,872,7,4,retained,0;1;2;3;4;5;6
873,873,873,7,4,retained,0;1;2;3;4;5;6
874,874,874,7,4,retained,0;1;2;3;4;5;6
875,875,875,7,4,retained,0;1;2;3;4;5;6
876,876,876,7,4,retained,0;1;2;3;4;5;6
877,877,877,7,4,retained,0;1;2;3;4;5;6
878,878,878,7,4,retained,0;1;2;3;4;5;6
879,879,879,7,3,retained,0;1;2;3;4;5;6
880,880,880,7,4,retained,0;1;2;3;4;5;6
881,881,881,7,4,retained,0;1;2;3;4;5;6
882,882,882,7,4,retained,0;1;2;3;4;5;6
883,883,883,7,4,retained,0;1;2;3;4;5;6
884,884,884,7,3,retained,0;1;2;3;4;5;6
885,885,885,7,4,retained,0;1;2;3;4;5;6
886,886,886,7,4,retained,0;1;2;3;4;5;6
887,887,887,7,4,retained,0;1;2;3;4;5;6
888,888,888,7,4,retained,0;1;2;3;4;5;6
889,889,889,7,4,retained,0;1;2;3;4;5;6
890,890,890,7,3,retained,0;1;2;3;4;5;6
891,891,891,7,4,retained,0;1;2;3;4;5;6
892,892,892,7,3,retained,0;1;2;3;4;5;6
893,893,893,7,4,retained,0;1;2;3;4;5;6
894,894,894,7,4,retained,0;1;2;3;4;5;6
895,895,895,7,4,retained,0;1;2;3;4;5;6
896,896,896,7,4,retained,0;1;2;3;4;5;6
897,897,897,7,4,retained,0;1;2;3;4;5;6
898,898,898,7,4,retained,0;1;2;3;4;5;6
899,899,899,7,4,retained,0;1;2;3;4;5;6
900,900,900,7,4,retained,0;1;2;3;4;5;6
901,901,901,7,3,retained,0;1;2;3;4;5;6
902,902,902,7,3,retained,0;1;2;3;4;5;6
903,903,903,7,3,retained,0;1;2;3;4;5;6
904,904,904,7,4,retained,0;1;2;3;4;5;6
905,905,905,7,4,retained,0;1;2;3;4;5;6
906,906,906,7,3,retained,0;1;2;3;4;5;6
907,907,907,7,4,retained,0;1;2;3;4;5;6
908,908,908,7,3,retained,0;1;2;3;4;5;6
909,909,909,7,3,retained,0;1;2;3;4;5;6
910,910,910,7,3,retained,0;1;2;3;4;5;6
911,911,911,7,3,retained,0;1;2;3;4;5;6
912,912,912,7,4,retained,0;1;2;3;4;5;6
913,913,913,7,3,retained,0;1;2;3;4;5;6
914,914,914,7,3,retained,0;1;2;3;4;5;6
915,915,915,7,3,retained,0;1;2;3;4;5;6
916,916,916,7,4,retained,0;1;2;3;4;5;6
917,917,917,7,4,retained,0;1;2;3;4;5;6
918,918,918,7,3,retained,0;1;2;3;4;5;6
919,919,919,7,3,retained,0;1;2;3;4;5;6
920,920,920,7,4,retained,0;1;2;3;4;5;6
921,921,921,7,4,retained,0;1;2;3;4;5;6
922,922,922,7,4,retained,0;1;2;3;4;5;6
923,923,923,7,4,retained,0;1;2;3;4;5;6
924,924,924,7,4,retained,0;1;2;3;4;5;6
925,925,925,7,3,retained,0;1;2;3;4;5;6
926,926,926,7,4,retained,0;1;2;3;4;5;6
927,927,927,7,4,retained,0;1;2;3;4;5;6
928,928,928,7,4,retained,0;1;2;3;4;5;6
929,929,929,7,4,retained,0;1;2;3;4;5;6
930,930,930,7,4,retained,0;1;2;3;4;5;6
931,931,931,7,4,retained,0;1;2;3;4;5;6
932,932,932,7,4,retained,0;1;2;3;4;5;6
933,933,933,7,3,retained,0;1;2;3;4;5;6
934,934,934,7,3,retained,0;1;2;3;4;5;6
935,935,935,7,3,retained,0;1;2;3;4;5;6
936,936,936,7,4,retained,0;1;2;3;4;5;6
937,937,937,7,4,retained,0;1;2;3;4;5;6
938,938,938,7,4,retained,0;1;2;3;4;5;6
939,939,939,7,4,retained,0;1;2;3;4;5;6
940,940,940,7,4,retained,0;1;2;3;4;5;6
941,941,941,7,4,retained,0;1;2;3;4;5;6
942,942,942,7,4,retained,0;1;2;3;4;5;6
943,943,943,7,4,retained,0;1;2;3;4;5;6
944,944,944,7,4,retained,0;1;2;3;4;5;6
945,945,945,7,4,retained,0;1;2;3;4;5;6
946,946,946,7,4,retained,0;1;2;3;4;5;6
947,947,947,7,4,retained,0;1;2;3;4;5;6
948,948,948,7,4,retained,0;1;2;3;4;5;6
949,949,949,7,4,retained,0;1;2;3;4;5;6
950,950,950,7,4,retained,0;1;2;3;4;5;6
951,951,951,7,4,retained,0;1;2;3;4;5;6
952,952,952,7,4,retained,0;1;2;3;4;5;6
953,953,953,7,4,retained,0;1;2;3;4;5;6
954,954,954,7,4,retained,0;1;2;3;4;5;6
955,955,955,7,4,retained,0;1;2;3;4;5;6
956,956,956,7,4,retained,0;1;2;3;4;5;6
957,957,957,7,4,retained,0;1;2;3;4;5;6
958,958,958,7,4,retained,0;1;2;3;4;5;6
959,959,959,7,4,retained,0;1;2;3;4;5;6
960,960,960,7,4,retained,0;1;2;3;4;5;6
961,961,961,7,4,retained,0;1;2;3;4;5;6
962,962,962,7,4,retained,0;1;2;3;4;5;6
963,963,963,7,4,retained,0;1;2;3;4;5;6
964,964,964,7,4,retained,0;1;2;3;4;5;6
965,965,965,7,4,retained,0;1;2;3;4;5;6
966,966,966,7,4,retained,0;1;2;3;4;5;6
967,967,967,7,4,retained,0;1;2;3;4;5;6
968,968,968,7,4,retained,0;1;2;3;4;5;6
969,969,969,7,4,retained,0;1;2;3;4;5;6
970,970,970,7,4,retained,0;1;2;3;4;5;6
971,971,971,7,4,retained,0;1;2;3;4;5;6
972,972,972,7,4,retained,0;1;2;3;4;5;6
973,973,973,7,4,retained,0;1;2;3;4;5;6
974,974,974,7,4,retained,0;1;2;3;4;5;6
975,975,975,7,4,retained,0;1;2;3;4;5;6
976,976,976,7,4,retained,0;1;2;3;4;5;6
977,977,977,7,4,retained,0;1;2;3;4;5;6
978,978,978,7,4,retained,0;1;2;3;4;5;6
979,979,979,7,4,retained,0;1;2;3;4;5;6
980,980,980,7,4,retained,0;1;2;3;4;5;6
981,981,981,7,4,retained,0;1;2;3;4;5;6
982,982,982,7,4,retained,0;1;2;3;4;5;6
983,983,983,7,4,retained,0;1;2;3;4;5;6
984,984,984,7,4,retained,0;1;2;3;4;5;6
985,985,985,7,4,retained,0;1;2;3;4;5;6
986,986,986,7,4,retained,0;1;2;3;4;5;6
987,987,987,7,4,retained,0;1;2;3;4;5;6
988,988,988,7,4,retained,0;1;2;3;4;5;6
989,989,989,7,4,retained,0;1;2;3;4;5;6
990,990,990,7,4,retained,0;1;2;3;4;5;6
991,991,991,7,4,retained,0;1;2;3;4;5;6
992,992,992,7,4,retained,0;1;2;3;4;5;6
993,993,993,7,4,retained,0;1;2;3;4;5;6
994,994,994,7,4,retained,0;1;2;3;4;5;6
995,995,995,7,4,retained,0;1;2;3;4;5;6
996,996,996,7,4,retained,0;1;2;3;4;5;6
997,997,997,7,4,retained,0;1;2;3;4;5;6
998,998,998,7,4,retained,0;1;2;3;4;5;6
999,999,999,7,4,retained,0;1;2;3;4;5;6
1000,1000,1000,7,4,retained,0;1;2;3;4;5;6
1001,1001,1001,7,4,retained,0;1;2;3;4;5;6
1002,1002,1002,7,4,retained,0;1;2;3;4;5;6
1003,1003,1003,7,4,retained,0;1;2;3;4;5;6
1004,1004,1004,7,4,retained,0;1;2;3;4;5;6
1005,1005,1005,7,4,retained,0;1;2;3;4;5;6
1006,1006,1006,7,4,retained,0;1;2;3;4;5;6
1007,1007,1007,7,2,retained,0;1;2;3;4;5;6
1008,1008,1008,7,3,retained,0;1;2;3;4;5;6
1009,1009,1009,7,3,retained,0;1;2;3;4;5;6
1010,1010,1010,7,3,retained,0;1;2;3;4;5;6
1011,1011,1011,7,2,retained,0;1;2;3;4;5;6
1012,1012,1012,7,2,retained,0;1;2;3;4;5;6
1013,1013,1013,7,2,retained,0;1;2;3;4;5;6
1014,1014,1014,7,3,retained,0;1;2;3;4;5;6
1015,1015,1015,7,4,retained,0;1;2;3;4;5;6
1016,1016,1016,7,2,retained,0;1;2;3;4;5;6
1017,1017,1017,7,2,retained,0;1;2;3;4;5;6
1018,1018,1018,7,3,retained,0;1;2;3;4;5;6
1019,1019,1019,7,4,retained,0;1;2;3;4;5;6
1020,1020,1020,7,2,retained,0;1;2;3;4;5;6
1021,1021,1021,7,3,retained,0;1;2;3;4;5;6
1022,1022,1022,7,4,retained,0;1;2;3;4;5;6
1023,1023,1023,7,3,retained,0;1;2;3;4;5;6
1024,1024,1024,7,4,retained,0;1;2;3;4;5;6
1025,1025,1025,7,4,retained,0;1;2;3;4;5;6
1026,1026,1026,7,3,retained,0;1;2;3;4;5;6
1027,1027,1027,7,3,retained,0;1;2;3;4;5;6
1028,1028,1028,7,3,retained,0;1;2;3;4;5;6
1029,1029,1029,7,4,retained,0;1;2;3;4;5;6
1030,1030,1030,7,4,retained,0;1;2;3;4;5;6
1031,1031,1031,7,4,retained,0;1;2;3;4;5;6
1032,1032,1032,7,4,retained,0;1;2;3;4;5;6
1033,1033,1033,7,4,retained,0;1;2;3;4;5;6
1034,1034,1034,7,4,retained,0;1;2;3;4;5;6
1035,1035,1035,7,4,retained,0;1;2;3;4;5;6
1036,1036,1036,7,4,retained,0;1;2;3;4;5;6
1037,1037,1037,7,3,retained,0;1;2;3;4;5;6
1038,1038,1038,7,4,retained,0;1;2;3;4;5;6
1039,1039,1039,7,3,retained,0;1;2;3;4;5;6
1040,1040,1040,7,4,retained,0;1;2;3;4;5;6
1041,1041,1041,7,4,retained,0;1;2;3;4;5;6
1042,1042,1042,7,4,retained,0;1;2;3;4;5;6
1043,1043,1043,7,4,retained,0;1;2;3;4;5;6
1044,1044,1044,7,1,retained,0;1;2;3;4;5;6
1045,1045,1045,7,3,retained,0;1;2;3;4;5;6
1046,1046,1046,7,2,retained,0;1;2;3;4;5;6
1047,1047,1047,7,4,retained,0;1;2;3;4;5;6
1048,1048,1048,7,3,retained,0;1;2;3;4;5;6
1049,1049,1049,7,1,retained,0;1;2;3;4;5;6
1050,1050,1050,7,2,retained,0;1;2;3;4;5;6
1051,1051,1051,7,2,retained,0;1;2;3;4;5;6
1052,1052,1052,7,3,retained,0;1;2;3;4;5;6
1053,1053,1053,7,2,retained,0;1;2;3;4;5;6
1054,1054,1054,7,3,retained,0;1;2;3;4;5;6
1055,1055,1055,7,2,retained,0;1;2;3;4;5;6
1056,1056,1056,7,4,retained,0;1;2;3;4;5;6
1057,1057,1057,7,2,retained,0;1;2;3;4;5;6
1058,1058,1058,7,4,retained,0;1;2;3;4;5;6
1059,1059,1059,7,4,retained,0;1;2;3;4;5;6
1060,1060,1060,7,2,retained,0;1;2;3;4;5;6
1061,1061,1061,7,3,retained,0;1;2;3;4;5;6
1062,1062,1062,7,3,retained,0;1;2;3;4;5;6
1063,1063,1063,7,4,retained,0;1;2;3;4;5;6
1064,1064,1064,7,3,retained,0;1;2;3;4;5;6
1065,1065,1065,7,3,retained,0;1;2;3;4;5;6
1066,1066,1066,7,4,retained,0;1;2;3;4;5;6
1067,1067,1067,7,2,retained,0;1;2;3;4;5;6
1068,1068,1068,7,3,retained,0;1;2;3;4;5;6
1069,1069,1069,7,3,retained,0;1;2;3;4;5;6
1070,1070,1070,7,4,retained,0;1;2;3;4;5;6
1071,1071,1071,7,3,retained,0;1;2;3;4;5;6
1072,1072,1072,7,4,retained,0;1;2;3;4;5;6
1073,1073,1073,7,4,retained,0;1;2;3;4;5;6
1074,1074,1074,7,4,retained,0;1;2;3;4;5;6
1075,1075,1075,7,4,retained,0;1;2;3;4;5;6
1076,1076,1076,7,4,retained,0;1;2;3;4;5;6
1077,1077,1077,7,4,retained,0;1;2;3;4;5;6
1078,1078,1078,7,4,retained,0;1;2;3;4;5;6
1079,1079,1079,7,3,retained,0;1;2;3;4;5;6
1080,1080,1080,7,4,retained,0;1;2;3;4;5;6
1081,1081,1081,7,4,retained,0;1;2;3;4;5;6
1082,1082,1082,7,4,retained,0;1;2;3;4;5;6
1083,1083,1083,7,4,retained,0;1;2;3;4;5;6
1084,1084,1084,7,3,retained,0;1;2;3;4;5;6
1085,1085,1085,7,4,retained,0;1;2;3;4;5;6
1086,1086,1086,7,4,retained,0;1;2;3;4;5;6
1087,1087,1087,7,4,retained,0;1;2;3;4;5;6
1088,1088,1088,7,4,retained,0;1;2;3;4;5;6
1089,1089,1089,7,4,retained,0;1;2;3;4;5;6
1090,1090,1090,7,3,retained,0;1;2;3;4;5;6
1091,1091,1091,7,4,retained,0;1;2;3;4;5;6
1092,1092,1092,7,3,retained,0;1;2;3;4;5;6
1093,1093,1093,7,4,retained,0;1;2;3;4;5;6
1094,1094,1094,7,4,retained,0;1;2;3;4;5;6
1095,1095,1095,7,4,retained,0;1;2;3;4;5;6
1096,1096,1096,7,4,retained,0;1;2;3;4;5;6
1097,1097,1097,7,4,retained,0;1;2;3;4;5;6
1098,1098,1098,7,4,retained,0;1;2;3;4;5;6
1099,1099,1099,7,4,retained,0;1;2;3;4;5;6
1100,1100,1100,7,4,retained,0;1;2;3;4;5;6
1101,1101,1101,7,2,retained,0;1;2;3;4;5;6
1102,1102,1102,7,3,retained,0;1;2;3;4;5;6
1103,1103,1103,7,3,retained,0;1;2;3;4;5;6
1104,1104,1104,7,4,retained,0;1;2;3;4;5;6
1105,1105,1105,7,4,retained,0;1;2;3;4;5;6
1106,1106,1106,7,2,retained,0;1;2;3;4;5;6
1107,1107,1107,7,4,retained,0;1;2;3;4;5;6
1108,1108,1108,7,2,retained,0;1;2;3;4;5;6
1109,1109,1109,7,3,retained,0;1;2;3;4;5;6
1110,1110,1110,7,3,retained,0;1;2;3;4;5;6
1111,1111,1111,7,3,retained,0;1;2;3;4;5;6
1112,1112,1112,7,4,retained,0;1;2;3;4;5;6
1113,1113,1113,7,3,retained,0;1;2;3;4;5;6
1114,1114,1114,7,3,retained,0;1;2;3;4;5;6
1115,1115,1115,7,3,retained,0;1;2;3;4;5;6
1116,1116,1116,7,4,retained,0;1;2;3;4;5;6
1117,1117,1117,7,4,retained,0;1;2;3;4;5;6
1118,1118,1118,7,3,retained,0;1;2;3;4;5;6
1119,1119,1119,7,3,retained,0;1;2;3;4;5;6
1120,1120,1120,7,4,retained,0;1;2;3;4;5;6
1121,1121,1121,7,4,retained,0;1;2;3;4;5;6
1122,1122,1122,7,4,retained,0;1;2;3;4;5;6
1123,1123,1123,7,4,retained,0;1;2;3;4;5;6
1124,1124,1124,7,4,retained,0;1;2;3;4;5;6
1125,1125,1125,7,2,retained,0;1;2;3;4;5;6
1126,1126,1126,7,4,retained,0;1;2;3;4;5;6
1127,1127,1127,7,4,retained,0;1;2;3;4;5;6
1128,1128,1128,7,4,retained,0;1;2;3;4;5;6
1129,1129,1129,7,4,retained,0;1;2;3;4;5;6
1130,1130,1130,7,4,retained,0;1;2;3;4;5;6
1131,1131,1131,7,4,retained,0;1;2;3;4;5;6
1132,1132,1132,7,4,retained,0;1;2;3;4;5;6
1133,1133,1133,7,3,retained,0;1;2;3;4;5;6
1134,1134,1134,7,3,retained,0;1;2;3;4;5;6
1135,1135,1135,7,3,retained,0;1;2;3;4;5;6
1136,1136,1136,7,4,retained,0;1;2;3;4;5;6
1137,1137,1137,7,4,retained,0;1;2;3;4;5;6
1138,1138,1138,7,3,retained,0;1;2;3;4;5;6
1139,1139,1139,7,4,retained,0;1;2;3;4;5;6
1140,1140,1140,7,4,retained,0;1;2;3;4;5;6
1141,1141,1141,7,4,retained,0;1;2;3;4;5;6
1142,1142,1142,7,4,retained,0;1;2;3;4;5;6
1143,1143,1143,7,4,retained,0;1;2;3;4;5;6
1144,1144,1144,7,4,retained,0;1;2;3;4;5;6
1145,1145,1145,7,4,retained,0;1;2;3;4;5;6
1146,1146,1146,7,4,retained,0;1;2;3;4;5;6
1147,1147,1147,7,4,retained,0;1;2;3;4;5;6
1148,1148,1148,7,4,retained,0;1;2;3;4;5;6
1149,1149,1149,7,4,retained,0;1;2;3;4;5;6
1150,1150,1150,7,4,retained,0;1;2;3;4;5;6
1151,1151,1151,7,3,retained,0;1;2;3;4;5;6
1152,1152,1152,7,4,retained,0;1;2;3;4;5;6
1153,1153,1153,7,4,retained,0;1;2;3;4;5;6
1154,1154,1154,7,3,retained,0;1;2;3;4;5;6
1155,1155,1155,7,3,retained,0;1;2;3;4;5;6
1156,1156,1156,7,3,retained,0;1;2;3;4;5;6
1157,1157,1157,7,4,retained,0;1;2;3;4;5;6
1158,1158,1158,7,4,retained,0;1;2;3;4;5;6
1159,1159,1159,7,4,retained,0;1;2;3;4;5;6
1160,1160,1160,7,3,retained,0;1;2;3;4;5;6
1161,1161,1161,7,4,retained,0;1;2;3;4;5;6
1162,1162,1162,7,4,retained,0;1;2;3;4;5;6
1163,1163,1163,7,3,retained,0;1;2;3;4;5;6
1164,1164,1164,7,4,retained,0;1;2;3;4;5;6
1165,1165,1165,7,3,retained,0;1;2;3;4;5;6
1166,1166,1166,7,4,retained,0;1;2;3;4;5;6
1167,1167,1167,7,3,retained,0;1;2;3;4;5;6
1168,1168,1168,7,3,retained,0;1;2;3;4;5;6
1169,1169,1169,7,3,retained,0;1;2;3;4;5;6
1170,1170,1170,7,4,retained,0;1;2;3;4;5;6
1171,1171,1171,7,3,retained,0;1;2;3;4;5;6
1172,1172,1172,7,3,retained,0;1;2;3;4;5;6
1173,1173,1173,7,3,retained,0;1;2;3;4;5;6
1174,1174,1174,7,4,retained,0;1;2;3;4;5;6
1175,1175,1175,7,3,retained,0;1;2;3;4;5;6
1176,1176,1176,7,4,retained,0;1;2;3;4;5;6
1177,1177,1177,7,3,retained,0;1;2;3;4;5;6
1178,1178,1178,7,3,retained,0;1;2;3;4;5;6
1179,1179,1179,7,4,retained,0;1;2;3;4;5;6
1180,1180,1180,7,3,retained,0;1;2;3;4;5;6
1181,1181,1181,7,4,retained,0;1;2;3;4;5;6
1182,1182,1182,7,3,retained,0;1;2;3;4;5;6
1183,1183,1183,7,4,retained,0;1;2;3;4;5;6
1184,1184,1184,7,3,retained,0;1;2;3;4;5;6
1185,1185,1185,7,4,retained,0;1;2;3;4;5;6
1186,1186,1186,7,3,retained,0;1;2;3;4;5;6
1187,1187,1187,7,4,retained,0;1;2;3;4;5;6
1188,1188,1188,7,3,retained,0;1;2;3;4;5;6
1189,1189,1189,7,4,retained,0;1;2;3;4;5;6
1190,1190,1190,7,3,retained,0;1;2;3;4;5;6
1191,1191,1191,7,3,retained,0;1;2;3;4;5;6
1192,1192,1192,7,4,retained,0;1;2;3;4;5;6
1193,1193,1193,7,4,retained,0;1;2;3;4;5;6
1194,1194,1194,7,4,retained,0;1;2;3;4;5;6
1195,1195,1195,7,4,retained,0;1;2;3;4;5;6
1196,1196,1196,7,3,retained,0;1;2;3;4;5;6
1197,1197,1197,7,3,retained,0;1;2;3;4;5;6
1198,1198,1198,7,4,retained,0;1;2;3;4;5;6
1199,1199,1199,7,4,retained,0;1;2;3;4;5;6
1200,1200,1200,7,3,retained,0;1;2;3;4;5;6
1201,1201,1201,7,4,retained,0;1;2;3;4;5;6
1202,1202,1202,7,3,retained,0;1;2;3;4;5;6
1203,1203,1203,7,4,retained,0;1;2;3;4;5;6
1204,1204,1204,7,4,retained,0;1;2;3;4;5;6
1205,1205,1205,7,4,retained,0;1;2;3;4;5;6
1206,1206,1206,7,4,retained,0;1;2;3;4;5;6
1207,1207,1207,7,4,retained,0;1;2;3;4;5;6
1208,1208,1208,7,4,retained,0;1;2;3;4;5;6
1209,1209,1209,7,4,retained,0;1;2;3;4;5;6
1210,1210,1210,7,4,retained,0;1;2;3;4;5;6
1211,1211,1211,7,4,retained,0;1;2;3;4;5;6
1212,1212,1212,7,4,retained,0;1;2;3;4;5;6
1213,1213,1213,7,4,retained,0;1;2;3;4;5;6
1214,1214,1214,7,4,retained,0;1;2;3;4;5;6
1215,1215,1215,7,4,retained,0;1;2;3;4;5;6
1216,1216,1216,7,4,retained,0;1;2;3;4;5;6
1217,1217,1217,7,4,retained,0;1;2;3;4;5;6
1218,1218,1218,7,4,retained,0;1;2;3;4;5;6
1219,1219,1219,7,4,retained,0;1;2;3;4;5;6
1220,1220,1220,7,4,retained,0;1;2;3;4;5;6
1221,1221,1221,7,4,retained,0;1;2;3;4;5;6
1222,1222,1222,7,4,retained,0;1;2;3;4;5;6
1223,1223,1223,7,4,retained,0;1;2;3;4;5;6
1224,1224,1224,7,4,retained,0;1;2;3;4;5;6
1225,1225,1225,7,4,retained,0;1;2;3;4;5;6
1226,1226,1226,7,4,retained,0;1;2;3;4;5;6
1227,1227,1227,7,4,retained,0;1;2;3;4;5;6
1228,1228,1228,7,4,retained,0;1;2;3;4;5;6
1229,1229,1229,7,4,retained,0;1;2;3;4;5;6
1230,1230,1230,7,4,retained,0;1;2;3;4;5;6
1231,1231,1231,7,4,retained,0;1;2;3;4;5;6
1232,1232,1232,7,4,retained,0;1;2;3;4;5;6
1233,1233,1233,7,4,retained,0;1;2;3;4;5;6
1234,1234,1234,7,4,retained,0;1;2;3;4;5;6
1235,1235,1235,7,4,retained,0;1;2;3;4;5;6
1236,1236,1236,7,4,retained,0;1;2;3;4;5;6
1237,1237,1237,7,4,retained,0;1;2;3;4;5;6
1238,1238,1238,7,4,retained,0;1;2;3;4;5;6
1239,1239,1239,7,3,retained,0;1;2;3;4;5;6
1240,1240,1240,7,4,retained,0;1;2;3;4;5;6
1241,1241,1241,7,4,retained,0;1;2;3;4;5;6
1242,1242,1242,7,4,retained,0;1;2;3;4;5;6
1243,1243,1243,7,4,retained,0;1;2;3;4;5;6
1244,1244,1244,7,4,retained,0;1;2;3;4;5;6
1245,1245,1245,7,4,retained,0;1;2;3;4;5;6
1246,1246,1246,7,4,retained,0;1;2;3;4;5;6
1247,1247,1247,7,4,retained,0;1;2;3;4;5;6
1248,1248,1248,7,4,retained,0;1;2;3;4;5;6
1249,1249,1249,7,4,retained,0;1;2;3;4;5;6
1250,1250,1250,7,4,retained,0;1;2;3;4;5;6
1251,1251,1251,7,4,retained,0;1;2;3;4;5;6
1252,1252,1252,7,2,retained,0;1;2;3;4;5;6
1253,1253,1253,7,4,retained,0;1;2;3;4;5;6
1254,1254,1254,7,4,retained,0;1;2;3;4;5;6
1255,1255,1255,7,2,retained,0;1;2;3;4;5;6
1256,1256,1256,7,3,retained,0;1;2;3;4;5;6
1257,1257,1257,7,3,retained,0;1;2;3;4;5;6
1258,1258,1258,7,4,retained,0;1;2;3;4;5;6
1259,1259,1259,7,4,retained,0;1;2;3;4;5;6
1260,1260,1260,7,4,retained,0;1;2;3;4;5;6
1261,1261,1261,7,2,retained,0;1;2;3;4;5;6
1262,1262,1262,7,4,retained,0;1;2;3;4;5;6
1263,1263,1263,7,4,retained,0;1;2;3;4;5;6
1264,1264,1264,7,3,retained,0;1;2;3;4;5;6
1265,1265,1265,7,4,retained,0;1;2;3;4;5;6
1266,1266,1266,7,3,retained,0;1;2;3;4;5;6
1267,1267,1267,7,4,retained,0;1;2;3;4;5;6
1268,1268,1268,7,3,retained,0;1;2;3;4;5;6
1269,1269,1269,7,2,retained,0;1;2;3;4;5;6
1270,1270,1270,7,3,retained,0;1;2;3;4;5;6
1271,1271,1271,7,4,retained,0;1;2;3;4;5;6
1272,1272,1272,7,3,retained,0;1;2;3;4;5;6
1273,1273,1273,7,3,retained,0;1;2;3;4;5;6
1274,1274,1274,7,3,retained,0;1;2;3;4;5;6
1275,1275,1275,7,4,retained,0;1;2;3;4;5;6
1276,1276,1276,7,3,retained,0;1;2;3;4;5;6
1277,1277,1277,7,4,retained,0;1;2;3;4;5;6
1278,1278,1278,7,3,retained,0;1;2;3;4;5;6
1279,1279,1279,7,3,retained,0;1;2;3;4;5;6
1280,1280,1280,7,4,retained,0;1;2;3;4;5;6
1281,1281,1281,7,3,retained,0;1;2;3;4;5;6
1282,1282,1282,7,4,retained,0;1;2;3;4;5;6
1283,1283,1283,7,2,retained,0;1;2;3;4;5;6
1284,1284,1284,7,4,retained,0;1;2;3;4;5;6
1285,1285,1285,7,3,retained,0;1;2;3;4;5;6
1286,1286,1286,7,4,retained,0;1;2;3;4;5;6
1287,1287,1287,7,3,retained,0;1;2;3;4;5;6
1288,1288,1288,7,4,retained,0;1;2;3;4;5;6
1289,1289,1289,7,3,retained,0;1;2;3;4;5;6
1290,1290,1290,7,4,retained,0;1;2;3;4;5;6
1291,1291,1291,7,3,retained,0;1;2;3;4;5;6
1292,1292,1292,7,3,retained,0;1;2;3;4;5;6
1293,1293,1293,7,4,retained,0;1;2;3;4;5;6
1294,1294,1294,7,4,retained,0;1;2;3;4;5;6
1295,1295,1295,7,4,retained,0;1;2;3;4;5;6
1296,1296,1296,7,4,retained,0;1;2;3;4;5;6
1297,1297,1297,7,3,retained,0;1;2;3;4;5;6
1298,1298,1298,7,3,retained,0;1;2;3;4;5;6
1299,1299,1299,7,4,retained,0;1;2;3;4;5;6
1300,1300,1300,7,4,retained,0;1;2;3;4;5;6
1301,1301,1301,7,3,retained,0;1;2;3;4;5;6
1302,1302,1302,7,4,retained,0;1;2;3;4;5;6
1303,1303,1303,7,3,retained,0;1;2;3;4;5;6
1304,1304,1304,7,4,retained,0;1;2;3;4;5;6
1305,1305,1305,7,4,retained,0;1;2;3;4;5;6
1306,1306,1306,7,4,retained,0;1;2;3;4;5;6
1307,1307,1307,7,3,retained,0;1;2;3;4;5;6
1308,1308,1308,7,3,retained,0;1;2;3;4;5;6
1309,1309,1309,7,4,retained,0;1;2;3;4;5;6
1310,1310,1310,7,3,retained,0;1;2;3;4;5;6
1311,1311,1311,7,3,retained,0;1;2;3;4;5;6
1312,1312,1312,7,3,retained,0;1;2;3;4;5;6
1313,1313,1313,7,3,retained,0;1;2;3;4;5;6
1314,1314,1314,7,4,retained,0;1;2;3;4;5;6
1315,1315,1315,7,3,retained,0;1;2;3;4;5;6
1316,1316,1316,7,4,retained,0;1;2;3;4;5;6
1317,1317,1317,7,4,retained,0;1;2;3;4;5;6
1318,1318,1318,7,4,retained,0;1;2;3;4;5;6
1319,1319,1319,7,3,retained,0;1;2;3;4;5;6
1320,1320,1320,7,4,retained,0;1;2;3;4;5;6
1321,1321,1321,7,3,retained,0;1;2;3;4;5;6
1322,1322,1322,7,3,retained,0;1;2;3;4;5;6
1323,1323,1323,7,3,retained,0;1;2;3;4;5;6
1324,1324,1324,7,4,retained,0;1;2;3;4;5;6
1325,1325,1325,7,4,retained,0;1;2;3;4;5;6
1326,1326,1326,7,3,retained,0;1;2;3;4;5;6
1327,1327,1327,7,4,retained,0;1;2;3;4;5;6
1328,1328,1328,7,3,retained,0;1;2;3;4;5;6
1329,1329,1329,7,4,retained,0;1;2;3;4;5;6
1330,1330,1330,7,4,retained,0;1;2;3;4;5;6
1331,1331,1331,7,4,retained,0;1;2;3;4;5;6
1332,1332,1332,7,4,retained,0;1;2;3;4;5;6
1333,1333,1333,7,4,retained,0;1;2;3;4;5;6
1334,1334,1334,7,4,retained,0;1;2;3;4;5;6
1335,1335,1335,7,4,retained,0;1;2;3;4;5;6
1336,1336,1336,7,4,retained,0;1;2;3;4;5;6
1337,1337,1337,7,4,retained,0;1;2;3;4;5;6
1338,1338,1338,7,4,retained,0;1;2;3;4;5;6
1339,1339,1339,7,4,retained,0;1;2;3;4;5;6
1340,1340,1340,7,4,retained,0;1;2;3;4;5;6
1341,1341,1341,7,4,retained,0;1;2;3;4;5;6
1342,1342,1342,7,4,retained,0;1;2;3;4;5;6
1343,1343,1343,7,4,retained,0;1;2;3;4;5;6
1344,1344,1344,7,4,retained,0;1;2;3;4;5;6
1345,1345,1345,7,4,retained,0;1;2;3;4;5;6
1346,1346,1346,7,4,retained,0;1;2;3;4;5;6
1347,1347,1347,7,4,retained,0;1;2;3;4;5;6
1348,1348,1348,7,4,retained,0;1;2;3;4;5;6
1349,1349,1349,7,4,retained,0;1;2;3;4;5;6
1350,1350,1350,7,4,retained,0;1;2;3;4;5;6
1351,1351,1351,7,4,retained,0;1;2;3;4;5;6
1352,1352,1352,7,4,retained,0;1;2;3;4;5;6
1353,1353,1353,7,4,retained,0;1;2;3;4;5;6
1354,1354,1354,7,4,retained,0;1;2;3;4;5;6
1355,1355,1355,7,4,retained,0;1;2;3;4;5;6
1356,1356,1356,7,4,retained,0;1;2;3;4;5;6
1357,1357,1357,7,4,retained,0;1;2;3;4;5;6
1358,1358,1358,7,4,retained,0;1;2;3;4;5;6
1359,1359,1359,7,4,retained,0;1;2;3;4;5;6
1360,1360,1360,7,4,retained,0;1;2;3;4;5;6
1361,1361,1361,7,4,retained,0;1;2;3;4;5;6
1362,1362,1362,7,4,retained,0;1;2;3;4;5;6
1363,1363,1363,7,4,retained,0;1;2;3;4;5;6
1364,1364,1364,7,4,retained,0;1;2;3;4;5;6
1365,1365,1365,7,4,retained,0;1;2;3;4;5;6
1366,1366,1366,7,4,retained,0;1;2;3;4;5;6
1367,1367,1367,7,4,retained,0;1;2;3;4;5;6
1368,1368,1368,7,4,retained,0;1;2;3;4;5;6
1369,1369,1369,7,4,retained,0;1;2;3;4;5;6
1370,1370,1370,7,4,retained,0;1;2;3;4;5;6
1371,1371,1371,7,4,retained,0;1;2;3;4;5;6
1372,1372,1372,7,4,retained,0;1;2;3;4;5;6
1373,1373,1373,7,4,retained,0;1;2;3;4;5;6
1374,1374,1374,7,4,retained,0;1;2;3;4;5;6
1375,1375,1375,7,4,retained,0;1;2;3;4;5;6
1376,1376,1376,7,4,retained,0;1;2;3;4;5;6
1377,1377,1377,7,4,retained,0;1;2;3;4;5;6
1378,1378,1378,7,4,retained,0;1;2;3;4;5;6
1379,1379,1379,7,4,retained,0;1;2;3;4;5;6
1380,1380,1380,7,4,retained,0;1;2;3;4;5;6
1381,1381,1381,7,4,retained,0;1;2;3;4;5;6
1382,1382,1382,7,4,retained,0;1;2;3;4;5;6
1383,1383,1383,7,4,retained,0;1;2;3;4;5;6
1384,1384,1384,7,4,retained,0;1;2;3;4;5;6
1385,1385,1385,7,4,retained,0;1;2;3;4;5;6
1386,1386,1386,7,3,retained,0;1;2;3;4;5;6
1387,1387,1387,7,4,retained,0;1;2;3;4;5;6
1388,1388,1388,7,4,retained,0;1;2;3;4;5;6
1389,1389,1389,7,4,retained,0;1;2;3;4;5;6
1390,1390,1390,7,4,retained,0;1;2;3;4;5;6
1391,1391,1391,7,4,retained,0;1;2;3;4;5;6
1392,1392,1392,7,4,retained,0;1;2;3;4;5;6
1393,1393,1393,7,4,retained,0;1;2;3;4;5;6
1394,1394,1394,7,3,retained,0;1;2;3;4;5;6
1395,1395,1395,7,3,retained,0;1;2;3;4;5;6
1396,1396,1396,7,3,retained,0;1;2;3;4;5;6
1397,1397,1397,7,4,retained,0;1;2;3;4;5;6
1398,1398,1398,7,4,retained,0;1;2;3;4;5;6
1399,1399,1399,7,4,retained,0;1;2;3;4;5;6
1400,1400,1400,7,3,retained,0;1;2;3;4;5;6
1401,1401,1401,7,4,retained,0;1;2;3;4;5;6
1402,1402,1402,7,4,retained,0;1;2;3;4;5;6
1403,1403,1403,7,4,retained,0;1;2;3;4;5;6
1404,1404,1404,7,4,retained,0;1;2;3;4;5;6
1405,1405,1405,7,3,retained,0;1;2;3;4;5;6
1406,1406,1406,7,4,retained,0;1;2;3;4;5;6
1407,1407,1407,7,4,retained,0;1;2;3;4;5;6
1408,1408,1408,7,4,retained,0;1;2;3;4;5;6
1409,1409,1409,7,3,retained,0;1;2;3;4;5;6
1410,1410,1410,7,3,retained,0;1;2;3;4;5;6
1411,1411,1411,7,3,retained,0;1;2;3;4;5;6
1412,1412,1412,7,3,retained,0;1;2;3;4;5;6
1413,1413,1413,7,4,retained,0;1;2;3;4;5;6
1414,1414,1414,7,4,retained,0;1;2;3;4;5;6
1415,1415,1415,7,4,retained,0;1;2;3;4;5;6
1416,1416,1416,7,4,retained,0;1;2;3;4;5;6
1417,1417,1417,7,3,retained,0;1;2;3;4;5;6
1418,1418,1418,7,4,retained,0;1;2;3;4;5;6
1419,1419,1419,7,4,retained,0;1;2;3;4;5;6
1420,1420,1420,7,4,retained,0;1;2;3;4;5;6
1421,1421,1421,7,4,retained,0;1;2;3;4;5;6
1422,1422,1422,7,4,retained,0;1;2;3;4;5;6
1423,1423,1423,7,4,retained,0;1;2;3;4;5;6
1424,1424,1424,7,3,retained,0;1;2;3;4;5;6
1425,1425,1425,7,4,retained,0;1;2;3;4;5;6
1426,1426,1426,7,4,retained,0;1;2;3;4;5;6
1427,1427,1427,7,4,retained,0;1;2;3;4;5;6
1428,1428,1428,7,4,retained,0;1;2;3;4;5;6
1429,1429,1429,7,4,retained,0;1;2;3;4;5;6
1430,1430,1430,7,4,retained,0;1;2;3;4;5;6
1431,1431,1431,7,4,retained,0;1;2;3;4;5;6
1432,1432,1432,7,4,retained,0;1;2;3;4;5;6
1433,1433,1433,7,4,retained,0;1;2;3;4;5;6
1434,1434,1434,7,4,retained,0;1;2;3;4;5;6
1435,1435,1435,7,4,retained,0;1;2;3;4;5;6
1436,1436,1436,7,4,retained,0;1;2;3;4;5;6
1437,1437,1437,7,4,retained,0;1;2;3;4;5;6
1438,1438,1438,7,4,retained,0;1;2;3;4;5;6
1439,1439,1439,7,4,retained,0;1;2;3;4;5;6
1440,1440,1440,7,4,retained,0;1;2;3;4;5;6
1441,1441,1441,7,4,retained,0;1;2;3;4;5;6
1442,1442,1442,7,4,retained,0;1;2;3;4;5;6
1443,1443,1443,7,4,retained,0;1;2;3;4;5;6
1444,1444,1444,7,4,retained,0;1;2;3;4;5;6
1445,1445,1445,7,4,retained,0;1;2;3;4;5;6
1446,1446,1446,7,4,retained,0;1;2;3;4;5;6
1447,1447,1447,7,4,retained,0;1;2;3;4;5;6
1448,1448,1448,7,4,retained,0;1;2;3;4;5;6
1449,1449,1449,7,4,retained,0;1;2;3;4;5;6
1450,1450,1450,7,4,retained,0;1;2;3;4;5;6
1451,1451,1451,7,4,retained,0;1;2;3;4;5;6
1452,1452,1452,7,4,retained,0;1;2;3;4;5;6
1453,1453,1453,7,4,retained,0;1;2;3;4;5;6
1454,1454,1454,7,4,retained,0;1;2;3;4;5;6
1455,1455,1455,7,4,retained,0;1;2;3;4;5;6
1456,1456,1456,7,4,retained,0;1;2;3;4;5;6
1457,1457,1457,7,4,retained,0;1;2;3;4;5;6
1458,1458,1458,7,4,retained,0;1;2;3;4;5;6
1459,1459,1459,7,4,retained,0;1;2;3;4;5;6
1460,1460,1460,7,4,retained,0;1;2;3;4;5;6
1461,1461,1461,7,4,retained,0;1;2;3;4;5;6
1462,1462,1462,7,4,retained,0;1;2;3;4;5;6
1463,1463,1463,7,4,retained,0;1;2;3;4;5;6
1464,1464,1464,7,4,retained,0;1;2;3;4;5;6
1465,1465,1465,7,4,retained,0;1;2;3;4;5;6
1466,1466,1466,7,4,retained,0;1;2;3;4;5;6
1467,1467,1467,7,4,retained,0;1;2;3;4;5;6
1468,1468,1468,7,4,retained,0;1;2;3;4;5;6
1469,1469,1469,7,4,retained,0;1;2;3;4;5;6
1470,1470,1470,7,4,retained,0;1;2;3;4;5;6
1471,1471,1471,7,4,retained,0;1;2;3;4;5;6
1472,1472,1472,7,4,retained,0;1;2;3;4;5;6
1473,1473,1473,7,4,retained,0;1;2;3;4;5;6
1474,1474,1474,7,4,retained,0;1;2;3;4;5;6
1475,1475,1475,7,4,retained,0;1;2;3;4;5;6
1476,1476,1476,7,4,retained,0;1;2;3;4;5;6
1477,1477,1477,7,4,retained,0;1;2;3;4;5;6
1478,1478,1478,7,4,retained,0;1;2;3;4;5;6
1479,1479,1479,7,4,retained,0;1;2;3;4;5;6
1480,1480,1480,7,1,retained,0;1;2;3;4;5;6
1481,1481,1481,7,4,retained,0;1;2;3;4;5;6
1482,1482,1482,7,2,retained,0;1;2;3;4;5;6
1483,1483,1483,7,4,retained,0;1;2;3;4;5;6
1484,1484,1484,7,2,retained,0;1;2;3;4;5;6
1485,1485,1485,7,2,retained,0;1;2;3;4;5;6
1486,1486,1486,7,2,retained,0;1;2;3;4;5;6
1487,1487,1487,7,3,retained,0;1;2;3;4;5;6
1488,1488,1488,7,4,retained,0;1;2;3;4;5;6
1489,1489,1489,7,3,retained,0;1;2;3;4;5;6
1490,1490,1490,7,3,retained,0;1;2;3;4;5;6
1491,1491,1491,7,4,retained,0;1;2;3;4;5;6
1492,1492,1492,7,4,retained,0;1;2;3;4;5;6
1493,1493,1493,7,4,retained,0;1;2;3;4;5;6
1494,1494,1494,7,4,retained,0;1;2;3;4;5;6
1495,1495,1495,7,4,retained,0;1;2;3;4;5;6
1496,1496,1496,7,4,retained,0;1;2;3;4;5;6
1497,1497,1497,7,4,retained,0;1;2;3;4;5;6
1498,1498,1498,7,4,retained,0;1;2;3;4;5;6
1499,1499,1499,7,3,retained,0;1;2;3;4;5;6
1500,1500,1500,7,4,retained,0;1;2;3;4;5;6
1501,1501,1501,7,4,retained,0;1;2;3;4;5;6
1502,1502,1502,7,4,retained,0;1;2;3;4;5;6
1503,1503,1503,7,3,retained,0;1;2;3;4;5;6
1504,1504,1504,7,4,retained,0;1;2;3;4;5;6
1505,1505,1505,7,4,retained,0;1;2;3;4;5;6
1506,1506,1506,7,4,retained,0;1;2;3;4;5;6
1507,1507,1507,7,4,retained,0;1;2;3;4;5;6
1508,1508,1508,7,4,retained,0;1;2;3;4;5;6
1509,1509,1509,7,4,retained,0;1;2;3;4;5;6
1510,1510,1510,7,4,retained,0;1;2;3;4;5;6
1511,1511,1511,7,4,retained,0;1;2;3;4;5;6
1512,1512,1512,7,4,retained,0;1;2;3;4;5;6
1513,1513,1513,7,4,retained,0;1;2;3;4;5;6
1514,1514,1514,7,4,retained,0;1;2;3;4;5;6
1515,1515,1515,7,4,retained,0;1;2;3;4;5;6
1516,1516,1516,7,4,retained,0;1;2;3;4;5;6
1517,1517,1517,7,3,retained,0;1;2;3;4;5;6
1518,1518,1518,7,3,retained,0;1;2;3;4;5;6
1519,1519,1519,7,3,retained,0;1;2;3;4;5;6
1520,1520,1520,7,3,retained,0;1;2;3;4;5;6
1521,1521,1521,7,3,retained,0;1;2;3;4;5;6
1522,1522,1522,7,4,retained,0;1;2;3;4;5;6
1523,1523,1523,7,4,retained,0;1;2;3;4;5;6
1524,1524,1524,7,2,retained,0;1;2;3;4;5;6
1525,1525,1525,7,2,retained,0;1;2;3;4;5;6
1526,1526,1526,7,3,retained,0;1;2;3;4;5;6
1527,1527,1527,7,4,retained,0;1;2;3;4;5;6
1528,1528,1528,7,3,retained,0;1;2;3;4;5;6
1529,1529,1529,7,2,retained,0;1;2;3;4;5;6
1530,1530,1530,7,4,retained,0;1;2;3;4;5;6
1531,1531,1531,7,3,retained,0;1;2;3;4;5;6
1532,1532,1532,7,3,retained,0;1;2;3;4;5;6
1533,1533,1533,7,4,retained,0;1;2;3;4;5;6
1534,1534,1534,7,4,retained,0;1;2;3;4;5;6
1535,1535,1535,7,4,retained,0;1;2;3;4;5;6
1536,1536,1536,7,3,retained,0;1;2;3;4;5;6
1537,1537,1537,7,3,retained,0;1;2;3;4;5;6
1538,1538,1538,7,4,retained,0;1;2;3;4;5;6
1539,1539,1539,7,4,retained,0;1;2;3;4;5;6
1540,1540,1540,7,3,retained,0;1;2;3;4;5;6
1541,1541,1541,7,4,retained,0;1;2;3;4;5;6
1542,1542,1542,7,4,retained,0;1;2;3;4;5;6
1543,1543,1543,7,4,retained,0;1;2;3;4;5;6
1544,1544,1544,7,4,retained,0;1;2;3;4;5;6
1545,1545,1545,7,4,retained,0;1;2;3;4;5;6
1546,1546,1546,7,4,retained,0;1;2;3;4;5;6
1547,1547,1547,7,3,retained,0;1;2;3;4;5;6
1548,1548,1548,7,3,retained,0;1;2;3;4;5;6
1549,1549,1549,7,3,retained,0;1;2;3;4;5;6
1550,1550,1550,7,3,retained,0;1;2;3;4;5;6
1551,1551,1551,7,4,retained,0;1;2;3;4;5;6
1552,1552,1552,7,4,retained,0;1;2;3;4;5;6
1553,1553,1553,7,4,retained,0;1;2;3;4;5;6
1554,1554,1554,7,3,retained,0;1;2;3;4;5;6
1555,1555,1555,7,4,retained,0;1;2;3;4;5;6
1556,1556,1556,7,3,retained,0;1;2;3;4;5;6
1557,1557,1557,7,3,retained,0;1;2;3;4;5;6
1558,1558,1558,7,4,retained,0;1;2;3;4;5;6
1559,1559,1559,7,4,retained,0;1;2;3;4;5;6
1560,1560,1560,7,4,retained,0;1;2;3;4;5;6
1561,1561,1561,7,4,retained,0;1;2;3;4;5;6
1562,1562,1562,7,4,retained,0;1;2;3;4;5;6
1563,1563,1563,7,4,retained,0;1;2;3;4;5;6
1564,1564,1564,7,3,retained,0;1;2;3;4;5;6
1565,1565,1565,7,4,retained,0;1;2;3;4;5;6
1566,1566,1566,7,4,retained,0;1;2;3;4;5;6
1567,1567,1567,7,3,retained,0;1;2;3;4;5;6
1568,1568,1568,7,3,retained,0;1;2;3;4;5;6
1569,1569,1569,7,4,retained,0;1;2;3;4;5;6
1570,1570,1570,7,4,retained,0;1;2;3;4;5;6
1571,1571,1571,7,4,retained,0;1;2;3;4;5;6
1572,1572,1572,7,4,retained,0;1;2;3;4;5;6
1573,1573,1573,7,4,retained,0;1;2;3;4;5;6
1574,1574,1574,7,4,retained,0;1;2;3;4;5;6
1575,1575,1575,7,4,retained,0;1;2;3;4;5;6
1576,1576,1576,7,4,retained,0;1;2;3;4;5;6
1577,1577,1577,7,4,retained,0;1;2;3;4;5;6
1578,1578,1578,7,4,retained,0;1;2;3;4;5;6
1579,1579,1579,7,4,retained,0;1;2;3;4;5;6
1580,1580,1580,7,4,retained,0;1;2;3;4;5;6
1581,1581,1581,7,4,retained,0;1;2;3;4;5;6
1582,1582,1582,7,4,retained,0;1;2;3;4;5;6
1583,1583,1583,7,4,retained,0;1;2;3;4;5;6
1584,1584,1584,7,4,retained,0;1;2;3;4;5;6
1585,1585,1585,7,4,retained,0;1;2;3;4;5;6
1586,1586,1586,7,3,retained,0;1;2;3;4;5;6
1587,1587,1587,7,4,retained,0;1;2;3;4;5;6
1588,1588,1588,7,4,retained,0;1;2;3;4;5;6
1589,1589,1589,7,4,retained,0;1;2;3;4;5;6
1590,1590,1590,7,4,retained,0;1;2;3;4;5;6
1591,1591,1591,7,4,retained,0;1;2;3;4;5;6
1592,1592,1592,7,2,retained,0;1;2;3;4;5;6
1593,1593,1593,7,4,retained,0;1;2;3;4;5;6
1594,1594,1594,7,4,retained,0;1;2;3;4;5;6
1595,1595,1595,7,3,retained,0;1;2;3;4;5;6
1596,1596,1596,7,3,retained,0;1;2;3;4;5;6
1597,1597,1597,7,4,retained,0;1;2;3;4;5;6
1598,1598,1598,7,4,retained,0;1;2;3;4;5;6
1599,1599,1599,7,4,retained,0;1;2;3;4;5;6
1600,1600,1600,7,4,retained,0;1;2;3;4;5;6
1601,1601,1601,7,3,retained,0;1;2;3;4;5;6
1602,1602,1602,7,4,retained,0;1;2;3;4;5;6
1603,1603,1603,7,4,retained,0;1;2;3;4;5;6
1604,1604,1604,7,2,retained,0;1;2;3;4;5;6
1605,1605,1605,7,2,retained,0;1;2;3;4;5;6
1606,1606,1606,7,2,retained,0;1;2;3;4;5;6
1607,1607,1607,7,4,retained,0;1;2;3;4;5;6
1608,1608,1608,7,4,retained,0;1;2;3;4;5;6
1609,1609,1609,7,4,retained,0;1;2;3;4;5;6
1610,1610,1610,7,3,retained,0;1;2;3;4;5;6
1611,1611,1611,7,2,retained,0;1;2;3;4;5;6
1612,1612,1612,7,4,retained,0;1;2;3;4;5;6
1613,1613,1613,7,4,retained,0;1;2;3;4;5;6
1614,1614,1614,7,3,retained,0;1;2;3;4;5;6
1615,1615,1615,7,4,retained,0;1;2;3;4;5;6
1616,1616,1616,7,2,retained,0;1;2;3;4;5;6
1617,1617,1617,7,4,retained,0;1;2;3;4;5;6
1618,1618,1618,7,3,retained,0;1;2;3;4;5;6
1619,1619,1619,7,3,retained,0;1;2;3;4;5;6
1620,1620,1620,7,4,retained,0;1;2;3;4;5;6
1621,1621,1621,7,4,retained,0;1;2;3;4;5;6
1622,1622,1622,7,4,retained,0;1;2;3;4;5;6
1623,1623,1623,7,3,retained,0;1;2;3;4;5;6
1624,1624,1624,7,4,retained,0;1;2;3;4;5;6
1625,1625,1625,7,4,retained,0;1;2;3;4;5;6
1626,1626,1626,7,2,retained,0;1;2;3;4;5;6
1627,1627,1627,7,3,retained,0;1;2;3;4;5;6
1628,1628,1628,7,4,retained,0;1;2;3;4;5;6
1629,1629,1629,7,3,retained,0;1;2;3;4;5;6
1630,1630,1630,7,4,retained,0;1;2;3;4;5;6
1631,1631,1631,7,4,retained,0;1;2;3;4;5;6
1632,1632,1632,7,4,retained,0;1;2;3;4;5;6
1633,1633,1633,7,4,retained,0;1;2;3;4;5;6
1634,1634,1634,7,3,retained,0;1;2;3;4;5;6
1635,1635,1635,7,4,retained,0;1;2;3;4;5;6
1636,1636,1636,7,4,retained,0;1;2;3;4;5;6
1637,1637,1637,7,4,retained,0;1;2;3;4;5;6
1638,1638,1638,7,4,retained,0;1;2;3;4;5;6
1639,1639,1639,7,3,retained,0;1;2;3;4;5;6
1640,1640,1640,7,4,retained,0;1;2;3;4;5;6
1641,1641,1641,7,4,retained,0;1;2;3;4;5;6
1642,1642,1642,7,4,retained,0;1;2;3;4;5;6
1643,1643,1643,7,4,retained,0;1;2;3;4;5;6
1644,1644,1644,7,4,retained,0;1;2;3;4;5;6
1645,1645,1645,7,4,retained,0;1;2;3;4;5;6
1646,1646,1646,7,4,retained,0;1;2;3;4;5;6
1647,1647,1647,7,4,retained,0;1;2;3;4;5;6
1648,1648,1648,7,4,retained,0;1;2;3;4;5;6
1649,1649,1649,7,4,retained,0;1;2;3;4;5;6
1650,1650,1650,7,4,retained,0;1;2;3;4;5;6
1651,1651,1651,7,4,retained,0;1;2;3;4;5;6
1652,1652,1652,7,4,retained,0;1;2;3;4;5;6
1653,1653,1653,7,4,retained,0;1;2;3;4;5;6
1654,1654,1654,7,4,retained,0;1;2;3;4;5;6
1655,1655,1655,7,4,retained,0;1;2;3;4;5;6
1656,1656,1656,7,4,retained,0;1;2;3;4;5;6
1657,1657,1657,7,4,retained,0;1;2;3;4;5;6
1658,1658,1658,7,4,retained,0;1;2;3;4;5;6
1659,1659,1659,7,3,retained,0;1;2;3;4;5;6
1660,1660,1660,7,4,retained,0;1;2;3;4;5;6
1661,1661,1661,7,2,retained,0;1;2;3;4;5;6
1662,1662,1662,7,3,retained,0;1;2;3;4;5;6
1663,1663,1663,7,3,retained,0;1;2;3;4;5;6
1664,1664,1664,7,4,retained,0;1;2;3;4;5;6
1665,1665,1665,7,3,retained,0;1;2;3;4;5;6
1666,1666,1666,7,4,retained,0;1;2;3;4;5;6
1667,1667,1667,7,4,retained,0;1;2;3;4;5;6
1668,1668,1668,7,4,retained,0;1;2;3;4;5;6
1669,1669,1669,7,3,retained,0;1;2;3;4;5;6
1670,1670,1670,7,3,retained,0;1;2;3;4;5;6
1671,1671,1671,7,4,retained,0;1;2;3;4;5;6
1672,1672,1672,7,4,retained,0;1;2;3;4;5;6
1673,1673,1673,7,4,retained,0;1;2;3;4;5;6
1674,1674,1674,7,4,retained,0;1;2;3;4;5;6
1675,1675,1675,7,4,retained,0;1;2;3;4;5;6
1676,1676,1676,7,4,retained,0;1;2;3;4;5;6
1677,1677,1677,7,4,retained,0;1;2;3;4;5;6
1678,1678,1678,7,4,retained,0;1;2;3;4;5;6
1679,1679,1679,7,4,retained,0;1;2;3;4;5;6
1680,1680,1680,7,3,retained,0;1;2;3;4;5;6
1681,1681,1681,7,3,retained,0;1;2;3;4;5;6
1682,1682,1682,7,4,retained,0;1;2;3;4;5;6
1683,1683,1683,7,4,retained,0;1;2;3;4;5;6
1684,1684,1684,7,3,retained,0;1;2;3;4;5;6
1685,1685,1685,7,4,retained,0;1;2;3;4;5;6
1686,1686,1686,7,4,retained,0;1;2;3;4;5;6
1687,1687,1687,7,4,retained,0;1;2;3;4;5;6
1688,1688,1688,7,4,retained,0;1;2;3;4;5;6
1689,1689,1689,7,4,retained,0;1;2;3;4;5;6
1690,1690,1690,7,4,retained,0;1;2;3;4;5;6
1691,1691,1691,7,4,retained,0;1;2;3;4;5;6
1692,1692,1692,7,4,retained,0;1;2;3;4;5;6
1693,1693,1693,7,4,retained,0;1;2;3;4;5;6
1694,1694,1694,7,4,retained,0;1;2;3;4;5;6
1695,1695,1695,7,4,retained,0;1;2;3;4;5;6
1696,1696,1696,7,4,retained,0;1;2;3;4;5;6
1697,1697,1697,7,4,retained,0;1;2;3;4;5;6
1698,1698,1698,7,4,retained,0;1;2;3;4;5;6
1699,1699,1699,7,4,retained,0;1;2;3;4;5;6
1700,1700,1700,7,4,retained,0;1;2;3;4;5;6
1701,1701,1701,7,3,retained,0;1;2;3;4;5;6
1702,1702,1702,7,4,retained,0;1;2;3;4;5;6
1703,1703,1703,7,3,retained,0;1;2;3;4;5;6
1704,1704,1704,7,4,retained,0;1;2;3;4;5;6
1705,1705,1705,7,3,retained,0;1;2;3;4;5;6
1706,1706,1706,7,4,retained,0;1;2;3;4;5;6
1707,1707,1707,7,4,retained,0;1;2;3;4;5;6
1708,1708,1708,7,4,retained,0;1;2;3;4;5;6
1709,1709,1709,7,4,retained,0;1;2;3;4;5;6
1710,1710,1710,7,4,retained,0;1;2;3;4;5;6
1711,1711,1711,7,4,retained,0;1;2;3;4;5;6
1712,1712,1712,7,4,retained,0;1;2;3;4;5;6
1713,1713,1713,7,4,retained,0;1;2;3;4;5;6
1714,1714,1714,7,4,retained,0;1;2;3;4;5;6
1715,1715,1715,7,3,retained,0;1;2;3;4;5;6
1716,1716,1716,7,4,retained,0;1;2;3;4;5;6
1717,1717,1717,7,4,retained,0;1;2;3;4;5;6
1718,1718,1718,7,4,retained,0;1;2;3;4;5;6
1719,1719,1719,7,4,retained,0;1;2;3;4;5;6
1720,1720,1720,7,4,retained,0;1;2;3;4;5;6
1721,1721,1721,7,4,retained,0;1;2;3;4;5;6
1722,1722,1722,7,3,retained,0;1;2;3;4;5;6
1723,1723,1723,7,3,retained,0;1;2;3;4;5;6
1724,1724,1724,7,3,retained,0;1;2;3;4;5;6
1725,1725,1725,7,4,retained,0;1;2;3;4;5;6
1726,1726,1726,7,4,retained,0;1;2;3;4;5;6
1727,1727,1727,7,4,retained,0;1;2;3;4;5;6
1728,1728,1728,7,4,retained,0;1;2;3;4;5;6
1729,1729,1729,7,3,retained,0;1;2;3;4;5;6
1730,1730,1730,7,4,retained,0;1;2;3;4;5;6
1731,1731,1731,7,3,retained,0;1;2;3;4;5;6
1732,1732,1732,7,4,retained,0;1;2;3;4;5;6
1733,1733,1733,7,4,retained,0;1;2;3;4;5;6
1734,1734,1734,7,4,retained,0;1;2;3;4;5;6
1735,1735,1735,7,4,retained,0;1;2;3;4;5;6
1736,1736,1736,7,4,retained,0;1;2;3;4;5;6
1737,1737,1737,7,2,retained,0;1;2;3;4;5;6
1738,1738,1738,7,4,retained,0;1;2;3;4;5;6
1739,1739,1739,7,4,retained,0;1;2;3;4;5;6
1740,1740,1740,7,3,retained,0;1;2;3;4;5;6
1741,1741,1741,7,4,retained,0;1;2;3;4;5;6
1742,1742,1742,7,4,retained,0;1;2;3;4;5;6
1743,1743,1743,7,4,retained,0;1;2;3;4;5;6
1744,1744,1744,7,4,retained,0;1;2;3;4;5;6
1745,1745,1745,7,3,retained,0;1;2;3;4;5;6
1746,1746,1746,7,3,retained,0;1;2;3;4;5;6
1747,1747,1747,7,4,retained,0;1;2;3;4;5;6
1748,1748,1748,7,3,retained,0;1;2;3;4;5;6
1749,1749,1749,7,4,retained,0;1;2;3;4;5;6
1750,1750,1750,7,4,retained,0;1;2;3;4;5;6
1751,1751,1751,7,4,retained,0;1;2;3;4;5;6
1752,1752,1752,7,4,retained,0;1;2;3;4;5;6
1753,1753,1753,7,4,retained,0;1;2;3;4;5;6
1754,1754,1754,7,4,retained,0;1;2;3;4;5;6
1755,1755,1755,7,4,retained,0;1;2;3;4;5;6
1756,1756,1756,7,4,retained,0;1;2;3;4;5;6
1757,1757,1757,7,4,retained,0;1;2;3;4;5;6
1758,1758,1758,7,4,retained,0;1;2;3;4;5;6
1759,1759,1759,7,4,retained,0;1;2;3;4;5;6
1760,1760,1760,7,4,retained,0;1;2;3;4;5;6
1761,1761,1761,7,4,retained,0;1;2;3;4;5;6
1762,1762,1762,7,4,retained,0;1;2;3;4;5;6
1763,1763,1763,7,4,retained,0;1;2;3;4;5;6
1764,1764,1764,7,4,retained,0;1;2;3;4;5;6
1765,1765,1765,7,3,retained,0;1;2;3;4;5;6
1766,1766,1766,7,4,retained,0;1;2;3;4;5;6
1767,1767,1767,7,4,retained,0;1;2;3;4;5;6
1768,1768,1768,7,4,retained,0;1;2;3;4;5;6
1769,1769,1769,7,4,retained,0;1;2;3;4;5;6
1770,1770,1770,7,4,retained,0;1;2;3;4;5;6
1771,1771,1771,7,4,retained,0;1;2;3;4;5;6
1772,1772,1772,7,4,retained,0;1;2;3;4;5;6
1773,1773,1773,7,4,retained,0;1;2;3;4;5;6
1774,1774,1774,7,4,retained,0;1;2;3;4;5;6
1775,1775,1775,7,4,retained,0;1;2;3;4;5;6
1776,1776,1776,7,3,retained,0;1;2;3;4;5;6
1777,1777,1777,7,4,retained,0;1;2;3;4;5;6
1778,1778,1778,7,4,retained,0;1;2;3;4;5;6
1779,1779,1779,7,3,retained,0;1;2;3;4;5;6
1780,1780,1780,7,4,retained,0;1;2;3;4;5;6
1781,1781,1781,7,4,retained,0;1;2;3;4;5;6
1782,1782,1782,7,4,retained,0;1;2;3;4;5;6
1783,1783,1783,7,4,retained,0;1;2;3;4;5;6
1784,1784,1784,7,4,retained,0;1;2;3;4;5;6
1785,1785,1785,7,4,retained,0;1;2;3;4;5;6
1786,1786,1786,7,4,retained,0;1;2;3;4;5;6
1787,1787,1787,7,3,retained,0;1;2;3;4;5;6
1788,1788,1788,7,4,retained,0;1;2;3;4;5;6
1789,1789,1789,7,4,retained,0;1;2;3;4;5;6
1790,1790,1790,7,3,retained,0;1;2;3;4;5;6
1791,1791,1791,7,4,retained,0;1;2;3;4;5;6
1792,1792,1792,7,4,retained,0;1;2;3;4;5;6
1793,1793,1793,7,3,retained,0;1;2;3;4;5;6
1794,1794,1794,7,3,retained,0;1;2;3;4;5;6
1795,1795,1795,7,3,retained,0;1;2;3;4;5;6
1796,1796,1796,7,4,retained,0;1;2;3;4;5;6
1797,1797,1797,7,4,retained,0;1;2;3;4;5;6
1798,1798,1798,7,4,retained,0;1;2;3;4;5;6
1799,1799,1799,7,4,retained,0;1;2;3;4;5;6
1800,1800,1800,7,4,retained,0;1;2;3;4;5;6
1801,1801,1801,7,4,retained,0;1;2;3;4;5;6
1802,1802,1802,7,4,retained,0;1;2;3;4;5;6
1803,1803,1803,7,4,retained,0;1;2;3;4;5;6
1804,1804,1804,7,4,retained,0;1;2;3;4;5;6
1805,1805,1805,7,4,retained,0;1;2;3;4;5;6
1806,1806,1806,7,4,retained,0;1;2;3;4;5;6
1807,1807,1807,7,4,retained,0;1;2;3;4;5;6
1808,1808,1808,7,3,retained,0;1;2;3;4;5;6
1809,1809,1809,7,4,retained,0;1;2;3;4;5;6
1810,1810,1810,7,4,retained,0;1;2;3;4;5;6
1811,1811,1811,7,4,retained,0;1;2;3;4;5;6
1812,1812,1812,7,4,retained,0;1;2;3;4;5;6
1813,1813,1813,7,4,retained,0;1;2;3;4;5;6
1814,1814,1814,7,4,retained,0;1;2;3;4;5;6
1815,1815,1815,7,4,retained,0;1;2;3;4;5;6
1816,1816,1816,7,4,retained,0;1;2;3;4;5;6
1817,1817,1817,7,4,retained,0;1;2;3;4;5;6
1818,1818,1818,7,4,retained,0;1;2;3;4;5;6
1819,1819,1819,7,4,retained,0;1;2;3;4;5;6
1820,1820,1820,7,4,retained,0;1;2;3;4;5;6
1821,1821,1821,7,4,retained,0;1;2;3;4;5;6
1822,1822,1822,7,4,retained,0;1;2;3;4;5;6
1823,1823,1823,7,4,retained,0;1;2;3;4;5;6
1824,1824,1824,7,4,retained,0;1;2;3;4;5;6
1825,1825,1825,7,4,retained,0;1;2;3;4;5;6
1826,1826,1826,7,4,retained,0;1;2;3;4;5;6
1827,1827,1827,7,4,retained,0;1;2;3;4;5;6
1828,1828,1828,7,4,retained,0;1;2;3;4;5;6
1829,1829,1829,7,4,retained,0;1;2;3;4;5;6
1830,1830,1830,7,4,retained,0;1;2;3;4;5;6
1831,1831,1831,7,4,retained,0;1;2;3;4;5;6
1832,1832,1832,7,3,retained,0;1;2;3;4;5;6
1833,1833,1833,7,3,retained,0;1;2;3;4;5;6
1834,1834,1834,7,4,retained,0;1;2;3;4;5;6
1835,1835,1835,7,4,retained,0;1;2;3;4;5;6
1836,1836,1836,7,4,retained,0;1;2;3;4;5;6
1837,1837,1837,7,4,retained,0;1;2;3;4;5;6
1838,1838,1838,7,4,retained,0;1;2;3;4;5;6
1839,1839,1839,7,4,retained,0;1;2;3;4;5;6
1840,1840,1840,7,4,retained,0;1;2;3;4;5;6
1841,1841,1841,7,4,retained,0;1;2;3;4;5;6
1842,1842,1842,7,4,retained,0;1;2;3;4;5;6
1843,1843,1843,7,4,retained,0;1;2;3;4;5;6
1844,1844,1844,7,4,retained,0;1;2;3;4;5;6
1845,1845,1845,7,4,retained,0;1;2;3;4;5;6
1846,1846,1846,7,4,retained,0;1;2;3;4;5;6
1847,1847,1847,7,2,retained,0;1;2;3;4;5;6
1848,1848,1848,7,4,retained,0;1;2;3;4;5;6
1849,1849,1849,7,3,retained,0;1;2;3;4;5;6
1850,1850,1850,7,3,retained,0;1;2;3;4;5;6
1851,1851,1851,7,4,retained,0;1;2;3;4;5;6
1852,1852,1852,7,4,retained,0;1;2;3;4;5;6
1853,1853,1853,7,4,retained,0;1;2;3;4;5;6
1854,1854,1854,7,4,retained,0;1;2;3;4;5;6
1855,1855,1855,7,3,retained,0;1;2;3;4;5;6
1856,1856,1856,7,4,retained,0;1;2;3;4;5;6
1857,1857,1857,7,4,retained,0;1;2;3;4;5;6
1858,1858,1858,7,4,retained,0;1;2;3;4;5;6
1859,1859,1859,7,4,retained,0;1;2;3;4;5;6
1860,1860,1860,7,3,retained,0;1;2;3;4;5;6
1861,1861,1861,7,4,retained,0;1;2;3;4;5;6
1862,1862,1862,7,3,retained,0;1;2;3;4;5;6
1863,1863,1863,7,4,retained,0;1;2;3;4;5;6
1864,1864,1864,7,4,retained,0;1;2;3;4;5;6
1865,1865,1865,7,3,retained,0;1;2;3;4;5;6
1866,1866,1866,7,4,retained,0;1;2;3;4;5;6
1867,1867,1867,7,4,retained,0;1;2;3;4;5;6
1868,1868,1868,7,4,retained,0;1;2;3;4;5;6
1869,1869,1869,7,4,retained,0;1;2;3;4;5;6
1870,1870,1870,7,4,retained,0;1;2;3;4;5;6
1871,1871,1871,7,4,retained,0;1;2;3;4;5;6
1872,1872,1872,7,3,retained,0;1;2;3;4;5;6
1873,1873,1873,7,4,retained,0;1;2;3;4;5;6
1874,1874,1874,7,4,retained,0;1;2;3;4;5;6
1875,1875,1875,7,4,retained,0;1;2;3;4;5;6
1876,1876,1876,7,4,retained,0;1;2;3;4;5;6
1877,1877,1877,7,4,retained,0;1;2;3;4;5;6
1878,1878,1878,7,4,retained,0;1;2;3;4;5;6
1879,1879,1879,7,4,retained,0;1;2;3;4;5;6
1880,1880,1880,7,4,retained,0;1;2;3;4;5;6
1881,1881,1881,7,4,retained,0;1;2;3;4;5;6
1882,1882,1882,7,4,retained,0;1;2;3;4;5;6
1883,1883,1883,7,2,retained,0;1;2;3;4;5;6
1884,1884,1884,7,2,retained,0;1;2;3;4;5;6
1885,1885,1885,7,3,retained,0;1;2;3;4;5;6
1886,1886,1886,7,4,retained,0;1;2;3;4;5;6
1887,1887,1887,7,2,retained,0;1;2;3;4;5;6
1888,1888,1888,7,2,retained,0;1;2;3;4;5;6
1889,1889,1889,7,3,retained,0;1;2;3;4;5;6
1890,1890,1890,7,2,retained,0;1;2;3;4;5;6
1891,1891,1891,7,2,retained,0;1;2;3;4;5;6
1892,1892,1892,7,4,retained,0;1;2;3;4;5;6
1893,1893,1893,7,3,retained,0;1;2;3;4;5;6
1894,1894,1894,7,2,retained,0;1;2;3;4;5;6
1895,1895,1895,7,4,retained,0;1;2;3;4;5;6
1896,1896,1896,7,4,retained,0;1;2;3;4;5;6
1897,1897,1897,7,2,retained,0;1;2;3;4;5;6
1898,1898,1898,7,3,retained,0;1;2;3;4;5;6
1899,1899,1899,7,4,retained,0;1;2;3;4;5;6
1900,1900,1900,7,3,retained,0;1;2;3;4;5;6
1901,1901,1901,7,3,retained,0;1;2;3;4;5;6
1902,1902,1902,7,3,retained,0;1;2;3;4;5;6
1903,1903,1903,7,2,retained,0;1;2;3;4;5;6
1904,1904,1904,7,3,retained,0;1;2;3;4;5;6
1905,1905,1905,7,4,retained,0;1;2;3;4;5;6
1906,1906,1906,7,3,retained,0;1;2;3;4;5;6
1907,1907,1907,7,4,retained,0;1;2;3;4;5;6
1908,1908,1908,7,4,retained,0;1;2;3;4;5;6
1909,1909,1909,7,2,retained,0;1;2;3;4;5;6
1910,1910,1910,7,4,retained,0;1;2;3;4;5;6
1911,1911,1911,7,2,retained,0;1;2;3;4;5;6
1912,1912,1912,7,4,retained,0;1;2;3;4;5;6
1913,1913,1913,7,3,retained,0;1;2;3;4;5;6
1914,1914,1914,7,3,retained,0;1;2;3;4;5;6
1915,1915,1915,7,4,retained,0;1;2;3;4;5;6
1916,1916,1916,7,3,retained,0;1;2;3;4;5;6
1917,1917,1917,7,3,retained,0;1;2;3;4;5;6
1918,1918,1918,7,2,retained,0;1;2;3;4;5;6
1919,1919,1919,7,3,retained,0;1;2;3;4;5;6
1920,1920,1920,7,4,retained,0;1;2;3;4;5;6
1921,1921,1921,7,4,retained,0;1;2;3;4;5;6
1922,1922,1922,7,3,retained,0;1;2;3;4;5;6
1923,1923,1923,7,4,retained,0;1;2;3;4;5;6
1924,1924,1924,7,4,retained,0;1;2;3;4;5;6
1925,1925,1925,7,3,retained,0;1;2;3;4;5;6
1926,1926,1926,7,3,retained,0;1;2;3;4;5;6
1927,1927,1927,7,4,retained,0;1;2;3;4;5;6
1928,1928,1928,7,4,retained,0;1;2;3;4;5;6
1929,1929,1929,7,3,retained,0;1;2;3;4;5;6
1930,1930,1930,7,4,retained,0;1;2;3;4;5;6
1931,1931,1931,7,4,retained,0;1;2;3;4;5;6
1932,1932,1932,7,4,retained,0;1;2;3;4;5;6
1933,1933,1933,7,4,retained,0;1;2;3;4;5;6
1934,1934,1934,7,4,retained,0;1;2;3;4;5;6
1935,1935,1935,7,4,retained,0;1;2;3;4;5;6
1936,1936,1936,7,4,retained,0;1;2;3;4;5;6
1937,1937,1937,7,4,retained,0;1;2;3;4;5;6
1938,1938,1938,7,4,retained,0;1;2;3;4;5;6
1939,1939,1939,7,4,retained,0;1;2;3;4;5;6
1940,1940,1940,7,4,retained,0;1;2;3;4;5;6
1941,1941,1941,7,4,retained,0;1;2;3;4;5;6
1942,1942,1942,7,4,retained,0;1;2;3;4;5;6
1943,1943,1943,7,4,retained,0;1;2;3;4;5;6
1944,1944,1944,7,4,retained,0;1;2;3;4;5;6
1945,1945,1945,7,4,retained,0;1;2;3;4;5;6
1946,1946,1946,7,4,retained,0;1;2;3;4;5;6
1947,1947,1947,7,4,retained,0;1;2;3;4;5;6
1948,1948,1948,7,4,retained,0;1;2;3;4;5;6
1949,1949,1949,7,4,retained,0;1;2;3;4;5;6
1950,1950,1950,7,3,retained,0;1;2;3;4;5;6
1951,1951,1951,7,4,retained,0;1;2;3;4;5;6
1952,1952,1952,7,4,retained,0;1;2;3;4;5;6
1953,1953,1953,7,4,retained,0;1;2;3;4;5;6
1954,1954,1954,7,4,retained,0;1;2;3;4;5;6
1955,1955,1955,7,4,retained,0;1;2;3;4;5;6
1956,1956,1956,7,4,retained,0;1;2;3;4;5;6
1957,1957,1957,7,4,retained,0;1;2;3;4;5;6
1958,1958,1958,7,4,retained,0;1;2;3;4;5;6
1959,1959,1959,7,4,retained,0;1;2;3;4;5;6
1960,1960,1960,7,4,retained,0;1;2;3;4;5;6
1961,1961,1961,7,4,retained,0;1;2;3;4;5;6
1962,1962,1962,7,4,retained,0;1;2;3;4;5;6
1963,1963,1963,7,4,retained,0;1;2;3;4;5;6
1964,1964,1964,7,4,retained,0;1;2;3;4;5;6
1965,1965,1965,7,3,retained,0;1;2;3;4;5;6
1966,1966,1966,7,4,retained,0;1;2;3;4;5;6
1967,1967,1967,7,4,retained,0;1;2;3;4;5;6
1968,1968,1968,7,4,retained,0;1;2;3;4;5;6
1969,1969,1969,7,4,retained,0;1;2;3;4;5;6
1970,1970,1970,7,4,retained,0;1;2;3;4;5;6
1971,1971,1971,7,4,retained,0;1;2;3;4;5;6
1972,1972,1972,7,3,retained,0;1;2;3;4;5;6
1973,1973,1973,7,2,retained,0;1;2;3;4;5;6
1974,1974,1974,7,4,retained,0;1;2;3;4;5;6
1975,1975,1975,7,4,retained,0;1;2;3;4;5;6
1976,1976,1976,7,4,retained,0;1;2;3;4;5;6
1977,1977,1977,7,4,retained,0;1;2;3;4;5;6
1978,1978,1978,7,4,retained,0;1;2;3;4;5;6
1979,1979,1979,7,4,retained,0;1;2;3;4;5;6
1980,1980,1980,7,4,retained,0;1;2;3;4;5;6
1981,1981,1981,7,4,retained,0;1;2;3;4;5;6
1982,1982,1982,7,4,retained,0;1;2;3;4;5;6
1983,1983,1983,7,4,retained,0;1;2;3;4;5;6
1984,1984,1984,7,3,retained,0;1;2;3;4;5;6
1985,1985,1985,7,4,retained,0;1;2;3;4;5;6
1986,1986,1986,7,3,retained,0;1;2;3;4;5;6
1987,1987,1987,7,4,retained,0;1;2;3;4;5;6
1988,1988,1988,7,4,retained,0;1;2;3;4;5;6
1989,1989,1989,7,4,retained,0;1;2;3;4;5;6
1990,1990,1990,7,4,retained,0;1;2;3;4;5;6
1991,1991,1991,7,4,retained,0;1;2;3;4;5;6
1992,1992,1992,7,4,retained,0;1;2;3;4;5;6
1993,1993,1993,7,4,retained,0;1;2;3;4;5;6
1994,1994,1994,7,4,retained,0;1;2;3;4;5;6
1995,1995,1995,7,4,retained,0;1;2;3;4;5;6
1996,1996,1996,7,4,retained,0;1;2;3;4;5;6
1997,1997,1997,7,4,retained,0;1;2;3;4;5;6
1998,1998,1998,7,4,retained,0;1;2;3;4;5;6
1999,1999,1999,7,4,retained,0;1;2;3;4;5;6
2000,2000,2000,7,4,retained,0;1;2;3;4;5;6
2001,2001,2001,7,4,retained,0;1;2;3;4;5;6
2002,2002,2002,7,4,retained,0;1;2;3;4;5;6
2003,2003,2003,7,4,retained,0;1;2;3;4;5;6
2004,2004,2004,7,4,retained,0;1;2;3;4;5;6
2005,2005,2005,7,3,retained,0;1;2;3;4;5;6
2006,2006,2006,7,4,retained,0;1;2;3;4;5;6
2007,2007,2007,7,4,retained,0;1;2;3;4;5;6
2008,2008,2008,7,4,retained,0;1;2;3;4;5;6
2009,2009,2009,7,4,retained,0;1;2;3;4;5;6
2010,2010,2010,7,4,retained,0;1;2;3;4;5;6
2011,2011,2011,7,4,retained,0;1;2;3;4;5;6
2012,2012,2012,7,4,retained,0;1;2;3;4;5;6
2013,2013,2013,7,4,retained,0;1;2;3;4;5;6
2014,2014,2014,7,3,retained,0;1;2;3;4;5;6
2015,2015,2015,7,3,retained,0;1;2;3;4;5;6
2016,2016,2016,7,4,retained,0;1;2;3;4;5;6
2017,2017,2017,7,4,retained,0;1;2;3;4;5;6
2018,2018,2018,7,4,retained,0;1;2;3;4;5;6
2019,2019,2019,7,4,retained,0;1;2;3;4;5;6
2020,2020,2020,7,3,retained,0;1;2;3;4;5;6
2021,2021,2021,7,4,retained,0;1;2;3;4;5;6
2022,2022,2022,7,4,retained,0;1;2;3;4;5;6
2023,2023,2023,7,4,retained,0;1;2;3;4;5;6
2024,2024,2024,7,4,retained,0;1;2;3;4;5;6
2025,2025,2025,7,4,retained,0;1;2;3;4;5;6
2026,2026,2026,7,4,retained,0;1;2;3;4;5;6
2027,2027,2027,7,4,retained,0;1;2;3;4;5;6
2028,2028,2028,7,4,retained,0;1;2;3;4;5;6
2029,2029,2029,7,4,retained,0;1;2;3;4;5;6
2030,2030,2030,7,4,retained,0;1;2;3;4;5;6
2031,2031,2031,7,4,retained,0;1;2;3;4;5;6
2032,2032,2032,7,3,retained,0;1;2;3;4;5;6
2033,2033,2033,7,4,retained,0;1;2;3;4;5;6
2034,2034,2034,7,4,retained,0;1;2;3;4;5;6
2035,2035,2035,7,4,retained,0;1;2;3;4;5;6
2036,2036,2036,7,4,retained,0;1;2;3;4;5;6
2037,2037,2037,7,4,retained,0;1;2;3;4;5;6
2038,2038,2038,7,4,retained,0;1;2;3;4;5;6
2039,2039,2039,7,4,retained,0;1;2;3;4;5;6
2040,2040,2040,7,4,retained,0;1;2;3;4;5;6
2041,2041,2041,7,4,retained,0;1;2;3;4;5;6
2042,2042,2042,7,3,retained,0;1;2;3;4;5;6
2043,2043,2043,7,4,retained,0;1;2;3;4;5;6
2044,2044,2044,7,4,retained,0;1;2;3;4;5;6
2045,2045,2045,7,4,retained,0;1;2;3;4;5;6
2046,2046,2046,7,4,retained,0;1;2;3;4;5;6
2047,2047,2047,7,4,retained,0;1;2;3;4;5;6
2048,2048,2048,7,4,retained,0;1;2;3;4;5;6
2049,2049,2049,7,4,retained,0;1;2;3;4;5;6
2050,2050,2050,7,4,retained,0;1;2;3;4;5;6
2051,2051,2051,7,4,retained,0;1;2;3;4;5;6
2052,2052,2052,7,4,retained,0;1;2;3;4;5;6
2053,2053,2053,7,3,retained,0;1;2;3;4;5;6
2054,2054,2054,7,4,retained,0;1;2;3;4;5;6
2055,2055,2055,7,4,retained,0;1;2;3;4;5;6
2056,2056,2056,7,4,retained,0;1;2;3;4;5;6
2057,2057,2057,7,4,retained,0;1;2;3;4;5;6
2058,2058,2058,7,4,retained,0;1;2;3;4;5;6
2059,2059,2059,7,4,retained,0;1;2;3;4;5;6
2060,2060,2060,7,4,retained,0;1;2;3;4;5;6
2061,2061,2061,7,4,retained,0;1;2;3;4;5;6
2062,2062,2062,7,4,retained,0;1;2;3;4;5;6
2063,2063,2063,7,3,retained,0;1;2;3;4;5;6
2064,2064,2064,7,4,retained,0;1;2;3;4;5;6
2065,2065,2065,7,4,retained,0;1;2;3;4;5;6
2066,2066,2066,7,4,retained,0;1;2;3;4;5;6
2067,2067,2067,7,3,retained,0;1;2;3;4;5;6
2068,2068,2068,7,3,retained,0;1;2;3;4;5;6
2069,2069,2069,7,4,retained,0;1;2;3;4;5;6
2070,2070,2070,7,4,retained,0;1;2;3;4;5;6
2071,2071,2071,7,4,retained,0;1;2;3;4;5;6
2072,2072,2072,7,3,retained,0;1;2;3;4;5;6
2073,2073,2073,7,4,retained,0;1;2;3;4;5;6
2074,2074,2074,7,4,retained,0;1;2;3;4;5;6
2075,2075,2075,7,4,retained,0;1;2;3;4;5;6
2076,2076,2076,7,4,retained,0;1;2;3;4;5;6
2077,2077,2077,7,4,retained,0;1;2;3;4;5;6
2078,2078,2078,7,4,retained,0;1;2;3;4;5;6
2079,2079,2079,7,4,retained,0;1;2;3;4;5;6
2080,2080,2080,7,3,retained,0;1;2;3;4;5;6
2081,2081,2081,7,4,retained,0;1;2;3;4;5;6
2082,2082,2082,7,4,retained,0;1;2;3;4;5;6
2083,2083,2083,7,4,retained,0;1;2;3;4;5;6
2084,2084,2084,7,4,retained,0;1;2;3;4;5;6
2085,2085,2085,7,4,retained,0;1;2;3;4;5;6
2086,2086,2086,7,3,retained,0;1;2;3;4;5;6
2087,2087,2087,7,4,retained,0;1;2;3;4;5;6
2088,2088,2088,7,4,retained,0;1;2;3;4;5;6
2089,2089,2089,7,4,retained,0;1;2;3;4;5;6
2090,2090,2090,7,4,retained,0;1;2;3;4;5;6
2091,2091,2091,7,4,retained,0;1;2;3;4;5;6
2092,2092,2092,7,3,retained,0;1;2;3;4;5;6
2093,2093,2093,7,4,retained,0;1;2;3;4;5;6
2094,2094,2094,7,4,retained,0;1;2;3;4;5;6
2095,2095,2095,7,4,retained,0;1;2;3;4;5;6
2096,2096,2096,7,4,retained,0;1;2;3;4;5;6
2097,2097,2097,7,4,retained,0;1;2;3;4;5;6
2098,2098,2098,7,4,retained,0;1;2;3;4;5;6
2099,2099,2099,7,4,retained,0;1;2;3;4;5;6
2100,2100,2100,7,4,retained,0;1;2;3;4;5;6
2101,2101,2101,7,4,retained,0;1;2;3;4;5;6
2102,2102,2102,7,4,retained,0;1;2;3;4;5;6
2103,2103,2103,7,4,retained,0;1;2;3;4;5;6
2104,2104,2104,7,4,retained,0;1;2;3;4;5;6
2105,2105,2105,7,4,retained,0;1;2;3;4;5;6
2106,2106,2106,7,4,retained,0;1;2;3;4;5;6
2107,2107,2107,7,4,retained,0;1;2;3;4;5;6
2108,2108,2108,7,4,retained,0;1;2;3;4;5;6
2109,2109,2109,7,4,retained,0;1;2;3;4;5;6
2110,2110,2110,7,4,retained,0;1;2;3;4;5;6
2111,2111,2111,7,4,retained,0;1;2;3;4;5;6
2112,2112,2112,7,4,retained,0;1;2;3;4;5;6
2113,2113,2113,7,4,retained,0;1;2;3;4;5;6
2114,2114,2114,7,4,retained,0;1;2;3;4;5;6
2115,2115,2115,7,4,retained,0;1;2;3;4;5;6
2116,2116,2116,7,4,retained,0;1;2;3;4;5;6
2117,2117,2117,7,4,retained,0;1;2;3;4;5;6
2118,2118,2118,7,4,retained,0;1;2;3;4;5;6
2119,2119,2119,7,4,retained,0;1;2;3;4;5;6
2120,2120,2120,7,4,retained,0;1;2;3;4;5;6
2121,2121,2121,7,4,retained,0;1;2;3;4;5;6
2122,2122,2122,7,4,retained,0;1;2;3;4;5;6
2123,2123,2123,7,4,retained,0;1;2;3;4;5;6
2124,2124,2124,7,4,retained,0;1;2;3;4;5;6
2125,2125,2125,7,4,retained,0;1;2;3;4;5;6
2126,2126,2126,7,4,retained,0;1;2;3;4;5;6
2127,2127,2127,7,4,retained,0;1;2;3;4;5;6
2128,2128,2128,7,4,retained,0;1;2;3;4;5;6
2129,2129,2129,7,4,retained,0;1;2;3;4;5;6
2130,2130,2130,7,4,retained,0;1;2;3;4;5;6
2131,2131,2131,7,4,retained,0;1;2;3;4;5;6
2132,2132,2132,7,4,retained,0;1;2;3;4;5;6
2133,2133,2133,7,4,retained,0;1;2;3;4;5;6
2134,2134,2134,7,4,retained,0;1;2;3;4;5;6
2135,2135,2135,7,4,retained,0;1;2;3;4;5;6
2136,2136,2136,7,4,retained,0;1;2;3;4;5;6
2137,2137,2137,7,4,retained,0;1;2;3;4;5;6
2138,2138,2138,7,4,retained,0;1;2;3;4;5;6
2139,2139,2139,7,4,retained,0;1;2;3;4;5;6
2140,2140,2140,7,4,retained,0;1;2;3;4;5;6
2141,2141,2141,7,4,retained,0;1;2;3;4;5;6
2142,2142,2142,7,4,retained,0;1;2;3;4;5;6
2143,2143,2143,7,4,retained,0;1;2;3;4;5;6
2144,2144,2144,7,4,retained,0;1;2;3;4;5;6
2145,2145,2145,7,4,retained,0;1;2;3;4;5;6
2146,2146,2146,7,4,retained,0;1;2;3;4;5;6
2147,2147,2147,7,4,retained,0;1;2;3;4;5;6
2148,2148,2148,7,4,retained,0;1;2;3;4;5;6
2149,2149,2149,7,4,retained,0;1;2;3;4;5;6
2150,2150,2150,7,4,retained,0;1;2;3;4;5;6
2151,2151,2151,7,4,retained,0;1;2;3;4;5;6
2152,2152,2152,7,3,retained,0;1;2;3;4;5;6
2153,2153,2153,7,3,retained,0;1;2;3;4;5;6
2154,2154,2154,7,4,retained,0;1;2;3;4;5;6
2155,2155,2155,7,3,retained,0;1;2;3;4;5;6
2156,2156,2156,7,4,retained,0;1;2;3;4;5;6
2157,2157,2157,7,4,retained,0;1;2;3;4;5;6
2158,2158,2158,7,4,retained,0;1;2;3;4;5;6
2159,2159,2159,7,4,retained,0;1;2;3;4;5;6
2160,2160,2160,7,4,retained,0;1;2;3;4;5;6
2161,2161,2161,7,4,retained,0;1;2;3;4;5;6
2162,2162,2162,7,4,retained,0;1;2;3;4;5;6
2163,2163,2163,7,4,retained,0;1;2;3;4;5;6
2164,2164,2164,7,3,retained,0;1;2;3;4;5;6
2165,2165,2165,7,3,retained,0;1;2;3;4;5;6
2166,2166,2166,7,3,retained,0;1;2;3;4;5;6
2167,2167,2167,7,3,retained,0;1;2;3;4;5;6
2168,2168,2168,7,2,retained,0;1;2;3;4;5;6
2169,2169,2169,7,1,retained,0;1;2;3;4;5;6
2170,2170,2170,7,3,retained,0;1;2;3;4;5;6
2171,2171,2171,7,4,retained,0;1;2;3;4;5;6
2172,2172,2172,7,4,retained,0;1;2;3;4;5;6
2173,2173,2173,7,2,retained,0;1;2;3;4;5;6
2174,2174,2174,7,4,retained,0;1;2;3;4;5;6
2175,2175,2175,7,2,retained,0;1;2;3;4;5;6
2176,2176,2176,7,4,retained,0;1;2;3;4;5;6
2177,2177,2177,7,4,retained,0;1;2;3;4;5;6
2178,2178,2178,7,4,retained,0;1;2;3;4;5;6
2179,2179,2179,7,4,retained,0;1;2;3;4;5;6
2180,2180,2180,7,3,retained,0;1;2;3;4;5;6
2181,2181,2181,7,4,retained,0;1;2;3;4;5;6
2182,2182,2182,7,4,retained,0;1;2;3;4;5;6
2183,2183,2183,7,4,retained,0;1;2;3;4;5;6
2184,2184,2184,7,4,retained,0;1;2;3;4;5;6
2185,2185,2185,7,4,retained,0;1;2;3;4;5;6
2186,2186,2186,7,2,retained,0;1;2;3;4;5;6
2187,2187,2187,7,4,retained,0;1;2;3;4;5;6
2188,2188,2188,7,3,retained,0;1;2;3;4;5;6
2189,2189,2189,7,4,retained,0;1;2;3;4;5;6
2190,2190,2190,7,4,retained,0;1;2;3;4;5;6
2191,2191,2191,7,4,retained,0;1;2;3;4;5;6
2192,2192,2192,7,4,retained,0;1;2;3;4;5;6
2193,2193,2193,7,4,retained,0;1;2;3;4;5;6
2194,2194,2194,7,4,retained,0;1;2;3;4;5;6
2195,2195,2195,7,4,retained,0;1;2;3;4;5;6
2196,2196,2196,7,4,retained,0;1;2;3;4;5;6
2197,2197,2197,7,4,retained,0;1;2;3;4;5;6
2198,2198,2198,7,4,retained,0;1;2;3;4;5;6
2199,2199,2199,7,3,retained,0;1;2;3;4;5;6
2200,2200,2200,7,3,retained,0;1;2;3;4;5;6
2201,2201,2201,7,4,retained,0;1;2;3;4;5;6
2202,2202,2202,7,4,retained,0;1;2;3;4;5;6
2203,2203,2203,7,3,retained,0;1;2;3;4;5;6
2204,2204,2204,7,3,retained,0;1;2;3;4;5;6
2205,2205,2205,7,4,retained,0;1;2;3;4;5;6
2206,2206,2206,7,3,retained,0;1;2;3;4;5;6
2207,2207,2207,7,4,retained,0;1;2;3;4;5;6
2208,2208,2208,7,3,retained,0;1;2;3;4;5;6
2209,2209,2209,7,2,retained,0;1;2;3;4;5;6
2210,2210,2210,7,4,retained,0;1;2;3;4;5;6
2211,2211,2211,7,3,retained,0;1;2;3;4;5;6
2212,2212,2212,7,3,retained,0;1;2;3;4;5;6
2213,2213,2213,7,3,retained,0;1;2;3;4;5;6
2214,2214,2214,7,4,retained,0;1;2;3;4;5;6
2215,2215,2215,7,3,retained,0;1;2;3;4;5;6
2216,2216,2216,7,4,retained,0;1;2;3;4;5;6
2217,2217,2217,7,4,retained,0;1;2;3;4;5;6
2218,2218,2218,7,4,retained,0;1;2;3;4;5;6
2219,2219,2219,7,4,retained,0;1;2;3;4;5;6
2220,2220,2220,7,4,retained,0;1;2;3;4;5;6
2221,2221,2221,7,4,retained,0;1;2;3;4;5;6
2222,2222,2222,7,4,retained,0;1;2;3;4;5;6
2223,2223,2223,7,3,retained,0;1;2;3;4;5;6
2224,2224,2224,7,4,retained,0;1;2;3;4;5;6
2225,2225,2225,7,4,retained,0;1;2;3;4;5;6
2226,2226,2226,7,4,retained,0;1;2;3;4;5;6
2227,2227,2227,7,4,retained,0;1;2;3;4;5;6
2228,2228,2228,7,4,retained,0;1;2;3;4;5;6
2229,2229,2229,7,3,retained,0;1;2;3;4;5;6
2230,2230,2230,7,3,retained,0;1;2;3;4;5;6
2231,2231,2231,7,4,retained,0;1;2;3;4;5;6
2232,2232,2232,7,3,retained,0;1;2;3;4;5;6
2233,2233,2233,7,3,retained,0;1;2;3;4;5;6
2234,2234,2234,7,3,retained,0;1;2;3;4;5;6
2235,2235,2235,7,4,retained,0;1;2;3;4;5;6
2236,2236,2236,7,4,retained,0;1;2;3;4;5;6
2237,2237,2237,7,4,retained,0;1;2;3;4;5;6
2238,2238,2238,7,4,retained,0;1;2;3;4;5;6
2239,2239,2239,7,3,retained,0;1;2;3;4;5;6
2240,2240,2240,7,4,retained,0;1;2;3;4;5;6
2241,2241,2241,7,3,retained,0;1;2;3;4;5;6
2242,2242,2242,7,3,retained,0;1;2;3;4;5;6
2243,2243,2243,7,3,retained,0;1;2;3;4;5;6
2244,2244,2244,7,3,retained,0;1;2;3;4;5;6
2245,2245,2245,7,4,retained,0;1;2;3;4;5;6
2246,2246,2246,7,3,retained,0;1;2;3;4;5;6
2247,2247,2247,7,3,retained,0;1;2;3;4;5;6
2248,2248,2248,7,3,retained,0;1;2;3;4;5;6
2249,2249,2249,7,3,retained,0;1;2;3;4;5;6
2250,2250,2250,7,3,retained,0;1;2;3;4;5;6
2251,2251,2251,7,4,retained,0;1;2;3;4;5;6
2252,2252,2252,7,3,retained,0;1;2;3;4;5;6
2253,2253,2253,7,3,retained,0;1;2;3;4;5;6
2254,2254,2254,7,3,retained,0;1;2;3;4;5;6
2255,2255,2255,7,4,retained,0;1;2;3;4;5;6
2256,2256,2256,7,3,retained,0;1;2;3;4;5;6
2257,2257,2257,7,3,retained,0;1;2;3;4;5;6
2258,2258,2258,7,4,retained,0;1;2;3;4;5;6
2259,2259,2259,7,3,retained,0;1;2;3;4;5;6
2260,2260,2260,7,4,retained,0;1;2;3;4;5;6
2261,2261,2261,7,4,retained,0;1;2;3;4;5;6
2262,2262,2262,7,4,retained,0;1;2;3;4;5;6
2263,2263,2263,7,4,retained,0;1;2;3;4;5;6
2264,2264,2264,7,3,retained,0;1;2;3;4;5;6
2265,2265,2265,7,4,retained,0;1;2;3;4;5;6
2266,2266,2266,7,4,retained,0;1;2;3;4;5;6
2267,2267,2267,7,4,retained,0;1;2;3;4;5;6
2268,2268,2268,7,3,retained,0;1;2;3;4;5;6
2269,2269,2269,7,4,retained,0;1;2;3;4;5;6
2270,2270,2270,7,4,retained,0;1;2;3;4;5;6
2271,2271,2271,7,3,retained,0;1;2;3;4;5;6
2272,2272,2272,7,3,retained,0;1;2;3;4;5;6
2273,2273,2273,7,4,retained,0;1;2;3;4;5;6
2274,2274,2274,7,3,retained,0;1;2;3;4;5;6
2275,2275,2275,7,4,retained,0;1;2;3;4;5;6
2276,2276,2276,7,3,retained,0;1;2;3;4;5;6
2277,2277,2277,7,4,retained,0;1;2;3;4;5;6
2278,2278,2278,7,4,retained,0;1;2;3;4;5;6
2279,2279,2279,7,4,retained,0;1;2;3;4;5;6
2280,2280,2280,7,4,retained,0;1;2;3;4;5;6
2281,2281,2281,7,4,retained,0;1;2;3;4;5;6
2282,2282,2282,7,4,retained,0;1;2;3;4;5;6
2283,2283,2283,7,3,retained,0;1;2;3;4;5;6
2284,2284,2284,7,4,retained,0;1;2;3;4;5;6
2285,2285,2285,7,4,retained,0;1;2;3;4;5;6
2286,2286,2286,7,4,retained,0;1;2;3;4;5;6
2287,2287,2287,7,4,retained,0;1;2;3;4;5;6
2288,2288,2288,7,4,retained,0;1;2;3;4;5;6
2289,2289,2289,7,3,retained,0;1;2;3;4;5;6
2290,2290,2290,7,4,retained,0;1;2;3;4;5;6
2291,2291,2291,7,3,retained,0;1;2;3;4;5;6
2292,2292,2292,7,4,retained,0;1;2;3;4;5;6
2293,2293,2293,7,4,retained,0;1;2;3;4;5;6
2294,2294,2294,7,4,retained,0;1;2;3;4;5;6
2295,2295,2295,7,4,retained,0;1;2;3;4;5;6
2296,2296,2296,7,3,retained,0;1;2;3;4;5;6
2297,2297,2297,7,4,retained,0;1;2;3;4;5;6
2298,2298,2298,7,4,retained,0;1;2;3;4;5;6
2299,2299,2299,7,3,retained,0;1;2;3;4;5;6
2300,2300,2300,7,4,retained,0;1;2;3;4;5;6
2301,2301,2301,7,4,retained,0;1;2;3;4;5;6
2302,2302,2302,7,3,retained,0;1;2;3;4;5;6
2303,2303,2303,7,3,retained,0;1;2;3;4;5;6
2304,2304,2304,7,4,retained,0;1;2;3;4;5;6
2305,2305,2305,7,4,retained,0;1;2;3;4;5;6
2306,2306,2306,7,3,retained,0;1;2;3;4;5;6
2307,2307,2307,7,4,retained,0;1;2;3;4;5;6
2308,2308,2308,7,4,retained,0;1;2;3;4;5;6
2309,2309,2309,7,4,retained,0;1;2;3;4;5;6
2310,2310,2310,7,4,retained,0;1;2;3;4;5;6
2311,2311,2311,7,4,retained,0;1;2;3;4;5;6
2312,2312,2312,7,3,retained,0;1;2;3;4;5;6
2313,2313,2313,7,3,retained,0;1;2;3;4;5;6
2314,2314,2314,7,4,retained,0;1;2;3;4;5;6
2315,2315,2315,7,3,retained,0;1;2;3;4;5;6
2316,2316,2316,7,3,retained,0;1;2;3;4;5;6
2317,2317,2317,7,4,retained,0;1;2;3;4;5;6
2318,2318,2318,7,3,retained,0;1;2;3;4;5;6
2319,2319,2319,7,3,retained,0;1;2;3;4;5;6
2320,2320,2320,7,3,retained,0;1;2;3;4;5;6
2321,2321,2321,7,4,retained,0;1;2;3;4;5;6
2322,2322,2322,7,4,retained,0;1;2;3;4;5;6
2323,2323,2323,7,2,retained,0;1;2;3;4;5;6
2324,2324,2324,7,3,retained,0;1;2;3;4;5;6
2325,2325,2325,7,2,retained,0;1;2;3;4;5;6
2326,2326,2326,7,3,retained,0;1;2;3;4;5;6
2327,2327,2327,7,3,retained,0;1;2;3;4;5;6
2328,2328,2328,7,3,retained,0;1;2;3;4;5;6
2329,2329,2329,7,3,retained,0;1;2;3;4;5;6
2330,2330,2330,7,2,retained,0;1;2;3;4;5;6
2331,2331,2331,7,3,retained,0;1;2;3;4;5;6
2332,2332,2332,7,4,retained,0;1;2;3;4;5;6
2333,2333,2333,7,4,retained,0;1;2;3;4;5;6
2334,2334,2334,7,4,retained,0;1;2;3;4;5;6
2335,2335,2335,7,4,retained,0;1;2;3;4;5;6
2336,2336,2336,7,4,retained,0;1;2;3;4;5;6
2337,2337,2337,7,4,retained,0;1;2;3;4;5;6
2338,2338,2338,7,2,retained,0;1;2;3;4;5;6
2339,2339,2339,7,4,retained,0;1;2;3;4;5;6
2340,2340,2340,7,2,retained,0;1;2;3;4;5;6
2341,2341,2341,7,4,retained,0;1;2;3;4;5;6
2342,2342,2342,7,4,retained,0;1;2;3;4;5;6
2343,2343,2343,7,4,retained,0;1;2;3;4;5;6
2344,2344,2344,7,2,retained,0;1;2;3;4;5;6
2345,2345,2345,7,2,retained,0;1;2;3;4;5;6
2346,2346,2346,7,4,retained,0;1;2;3;4;5;6
2347,2347,2347,7,4,retained,0;1;2;3;4;5;6
2348,2348,2348,7,4,retained,0;1;2;3;4;5;6
2349,2349,2349,7,4,retained,0;1;2;3;4;5;6
2350,2350,2350,7,4,retained,0;1;2;3;4;5;6
2351,2351,2351,7,3,retained,0;1;2;3;4;5;6
2352,2352,2352,7,4,retained,0;1;2;3;4;5;6
2353,2353,2353,7,4,retained,0;1;2;3;4;5;6
2354,2354,2354,7,4,retained,0;1;2;3;4;5;6
2355,2355,2355,7,4,retained,0;1;2;3;4;5;6
2356,2356,2356,7,4,retained,0;1;2;3;4;5;6
2357,2357,2357,7,4,retained,0;1;2;3;4;5;6
2358,2358,2358,7,4,retained,0;1;2;3;4;5;6
2359,2359,2359,7,4,retained,0;1;2;3;4;5;6
2360,2360,2360,7,4,retained,0;1;2;3;4;5;6
2361,2361,2361,7,4,retained,0;1;2;3;4;5;6
2362,2362,2362,7,3,retained,0;1;2;3;4;5;6
2363,2363,2363,7,3,retained,0;1;2;3;4;5;6
2364,2364,2364,7,4,retained,0;1;2;3;4;5;6
2365,2365,2365,7,4,retained,0;1;2;3;4;5;6
2366,2366,2366,7,4,retained,0;1;2;3;4;5;6
2367,2367,2367,7,4,retained,0;1;2;3;4;5;6
2368,2368,2368,7,3,retained,0;1;2;3;4;5;6
2369,2369,2369,7,4,retained,0;1;2;3;4;5;6
2370,2370,2370,7,4,retained,0;1;2;3;4;5;6
2371,2371,2371,7,4,retained,0;1;2;3;4;5;6
2372,2372,2372,7,4,retained,0;1;2;3;4;5;6
2373,2373,2373,7,4,retained,0;1;2;3;4;5;6
2374,2374,2374,7,4,retained,0;1;2;3;4;5;6
2375,2375,2375,7,4,retained,0;1;2;3;4;5;6
2376,2376,2376,7,4,retained,0;1;2;3;4;5;6
2377,2377,2377,7,4,retained,0;1;2;3;4;5;6
2378,2378,2378,7,2,retained,0;1;2;3;4;5;6
2379,2379,2379,7,3,retained,0;1;2;3;4;5;6
2380,2380,2380,7,4,retained,0;1;2;3;4;5;6
2381,2381,2381,7,3,retained,0;1;2;3;4;5;6
2382,2382,2382,7,4,retained,0;1;2;3;4;5;6
2383,2383,2383,7,4,retained,0;1;2;3;4;5;6
2384,2384,2384,7,4,retained,0;1;2;3;4;5;6
2385,2385,2385,7,4,retained,0;1;2;3;4;5;6
2386,2386,2386,7,2,retained,0;1;2;3;4;5;6
2387,2387,2387,7,3,retained,0;1;2;3;4;5;6
2388,2388,2388,7,4,retained,0;1;2;3;4;5;6
2389,2389,2389,7,3,retained,0;1;2;3;4;5;6
2390,2390,2390,7,4,retained,0;1;2;3;4;5;6
2391,2391,2391,7,4,retained,0;1;2;3;4;5;6
2392,2392,2392,7,3,retained,0;1;2;3;4;5;6
2393,2393,2393,7,4,retained,0;1;2;3;4;5;6
2394,2394,2394,7,4,retained,0;1;2;3;4;5;6
2395,2395,2395,7,4,retained,0;1;2;3;4;5;6
2396,2396,2396,7,4,retained,0;1;2;3;4;5;6
2397,2397,2397,7,4,retained,0;1;2;3;4;5;6
2398,2398,2398,7,4,retained,0;1;2;3;4;5;6
2399,2399,2399,7,3,retained,0;1;2;3;4;5;6
2400,2400,2400,7,4,retained,0;1;2;3;4;5;6
2401,2401,2401,7,4,retained,0;1;2;3;4;5;6
2402,2402,2402,7,4,retained,0;1;2;3;4;5;6
2403,2403,2403,7,3,retained,0;1;2;3;4;5;6
2404,2404,2404,7,4,retained,0;1;2;3;4;5;6
2405,2405,2405,7,4,retained,0;1;2;3;4;5;6
2406,2406,2406,7,4,retained,0;1;2;3;4;5;6
2407,2407,2407,7,4,retained,0;1;2;3;4;5;6
2408,2408,2408,7,4,retained,0;1;2;3;4;5;6
2409,2409,2409,7,4,retained,0;1;2;3;4;5;6
2410,2410,2410,7,4,retained,0;1;2;3;4;5;6
2411,2411,2411,7,4,retained,0;1;2;3;4;5;6
2412,2412,2412,7,4,retained,0;1;2;3;4;5;6
2413,2413,2413,7,4,retained,0;1;2;3;4;5;6
2414,2414,2414,7,4,retained,0;1;2;3;4;5;6
2415,2415,2415,7,4,retained,0;1;2;3;4;5;6
2416,2416,2416,7,4,retained,0;1;2;3;4;5;6
2417,2417,2417,7,4,retained,0;1;2;3;4;5;6
2418,2418,2418,7,4,retained,0;1;2;3;4;5;6
2419,2419,2419,7,4,retained,0;1;2;3;4;5;6
2420,2420,2420,7,4,retained,0;1;2;3;4;5;6
2421,2421,2421,7,4,retained,0;1;2;3;4;5;6
2422,2422,2422,7,4,retained,0;1;2;3;4;5;6
2423,2423,2423,7,4,retained,0;1;2;3;4;5;6
2424,2424,2424,7,4,retained,0;1;2;3;4;5;6
2425,2425,2425,7,4,retained,0;1;2;3;4;5;6
2426,2426,2426,7,4,retained,0;1;2;3;4;5;6
2427,2427,2427,7,4,retained,0;1;2;3;4;5;6
2428,2428,2428,7,4,retained,0;1;2;3;4;5;6
2429,2429,2429,7,2,retained,0;1;2;3;4;5;6
2430,2430,2430,7,4,retained,0;1;2;3;4;5;6
2431,2431,2431,7,4,retained,0;1;2;3;4;5;6
2432,2432,2432,7,4,retained,0;1;2;3;4;5;6
2433,2433,2433,7,4,retained,0;1;2;3;4;5;6
2434,2434,2434,7,4,retained,0;1;2;3;4;5;6
2435,2435,2435,7,4,retained,0;1;2;3;4;5;6
2436,2436,2436,7,4,retained,0;1;2;3;4;5;6
2437,2437,2437,7,3,retained,0;1;2;3;4;5;6
2438,2438,2438,7,4,retained,0;1;2;3;4;5;6
2439,2439,2439,7,4,retained,0;1;2;3;4;5;6
2440,2440,2440,7,3,retained,0;1;2;3;4;5;6
2441,2441,2441,7,4,retained,0;1;2;3;4;5;6
2442,2442,2442,7,3,retained,0;1;2;3;4;5;6
2443,2443,2443,7,3,retained,0;1;2;3;4;5;6
2444,2444,2444,7,4,retained,0;1;2;3;4;5;6
2445,2445,2445,7,3,retained,0;1;2;3;4;5;6
2446,2446,2446,7,4,retained,0;1;2;3;4;5;6
2447,2447,2447,7,3,retained,0;1;2;3;4;5;6
2448,2448,2448,7,4,retained,0;1;2;3;4;5;6
2449,2449,2449,7,4,retained,0;1;2;3;4;5;6
2450,2450,2450,7,4,retained,0;1;2;3;4;5;6
2451,2451,2451,7,4,retained,0;1;2;3;4;5;6
2452,2452,2452,7,4,retained,0;1;2;3;4;5;6
2453,2453,2453,7,4,retained,0;1;2;3;4;5;6
2454,2454,2454,7,4,retained,0;1;2;3;4;5;6
2455,2455,2455,7,3,retained,0;1;2;3;4;5;6
2456,2456,2456,7,3,retained,0;1;2;3;4;5;6
2457,2457,2457,7,4,retained,0;1;2;3;4;5;6
2458,2458,2458,7,4,retained,0;1;2;3;4;5;6
2459,2459,2459,7,3,retained,0;1;2;3;4;5;6
2460,2460,2460,7,4,retained,0;1;2;3;4;5;6
2461,2461,2461,7,3,retained,0;1;2;3;4;5;6
2462,2462,2462,7,3,retained,0;1;2;3;4;5;6
2463,2463,2463,7,4,retained,0;1;2;3;4;5;6
2464,2464,2464,7,4,retained,0;1;2;3;4;5;6
2465,2465,2465,7,4,retained,0;1;2;3;4;5;6
2466,2466,2466,7,4,retained,0;1;2;3;4;5;6
2467,2467,2467,7,4,retained,0;1;2;3;4;5;6
2468,2468,2468,7,3,retained,0;1;2;3;4;5;6
2469,2469,2469,7,4,retained,0;1;2;3;4;5;6
2470,2470,2470,7,3,retained,0;1;2;3;4;5;6
2471,2471,2471,7,4,retained,0;1;2;3;4;5;6
2472,2472,2472,7,4,retained,0;1;2;3;4;5;6
2473,2473,2473,7,4,retained,0;1;2;3;4;5;6
2474,2474,2474,7,4,retained,0;1;2;3;4;5;6
2475,2475,2475,7,4,retained,0;1;2;3;4;5;6
2476,2476,2476,7,4,retained,0;1;2;3;4;5;6
2477,2477,2477,7,4,retained,0;1;2;3;4;5;6
2478,2478,2478,7,4,retained,0;1;2;3;4;5;6
2479,2479,2479,7,4,retained,0;1;2;3;4;5;6
2480,2480,2480,7,3,retained,0;1;2;3;4;5;6
2481,2481,2481,7,4,retained,0;1;2;3;4;5;6
2482,2482,2482,7,4,retained,0;1;2;3;4;5;6
2483,2483,2483,7,4,retained,0;1;2;3;4;5;6
2484,2484,2484,7,4,retained,0;1;2;3;4;5;6
2485,2485,2485,7,4,retained,0;1;2;3;4;5;6
2486,2486,2486,7,4,retained,0;1;2;3;4;5;6
2487,2487,2487,7,2,retained,0;1;2;3;4;5;6
2488,2488,2488,7,4,retained,0;1;2;3;4;5;6
2489,2489,2489,7,3,retained,0;1;2;3;4;5;6
2490,2490,2490,7,4,retained,0;1;2;3;4;5;6
2491,2491,2491,7,3,retained,0;1;2;3;4;5;6
2492,2492,2492,7,2,retained,0;1;2;3;4;5;6
2493,2493,2493,7,4,retained,0;1;2;3;4;5;6
2494,2494,2494,7,4,retained,0;1;2;3;4;5;6
2495,2495,2495,7,4,retained,0;1;2;3;4;5;6
2496,2496,2496,7,4,retained,0;1;2;3;4;5;6
2497,2497,2497,7,4,retained,0;1;2;3;4;5;6
2498,2498,2498,7,4,retained,0;1;2;3;4;5;6
2499,2499,2499,7,4,retained,0;1;2;3;4;5;6
2500,2500,2500,7,4,retained,0;1;2;3;4;5;6
2501,2501,2501,7,3,retained,0;1;2;3;4;5;6
2502,2502,2502,7,3,retained,0;1;2;3;4;5;6
2503,2503,2503,7,3,retained,0;1;2;3;4;5;6
2504,2504,2504,7,4,retained,0;1;2;3;4;5;6
2505,2505,2505,7,4,retained,0;1;2;3;4;5;6
2506,2506,2506,7,4,retained,0;1;2;3;4;5;6
2507,2507,2507,7,4,retained,0;1;2;3;4;5;6
2508,2508,2508,7,4,retained,0;1;2;3;4;5;6
2509,2509,2509,7,4,retained,0;1;2;3;4;5;6
2510,2510,2510,7,4,retained,0;1;2;3;4;5;6
2511,2511,2511,7,2,retained,0;1;2;3;4;5;6
2512,2512,2512,7,4,retained,0;1;2;3;4;5;6
2513,2513,2513,7,4,retained,0;1;2;3;4;5;6
2514,2514,2514,7,4,retained,0;1;2;3;4;5;6
2515,2515,2515,7,2,retained,0;1;2;3;4;5;6
2516,2516,2516,7,3,retained,0;1;2;3;4;5;6
2517,2517,2517,7,4,retained,0;1;2;3;4;5;6
2518,2518,2518,7,4,retained,0;1;2;3;4;5;6
2519,2519,2519,7,4,retained,0;1;2;3;4;5;6
2520,2520,2520,7,4,retained,0;1;2;3;4;5;6
2521,2521,2521,7,3,retained,0;1;2;3;4;5;6
2522,2522,2522,7,3,retained,0;1;2;3;4;5;6
2523,2523,2523,7,4,retained,0;1;2;3;4;5;6
2524,2524,2524,7,4,retained,0;1;2;3;4;5;6
2525,2525,2525,7,4,retained,0;1;2;3;4;5;6
2526,2526,2526,7,4,retained,0;1;2;3;4;5;6
2527,2527,2527,7,3,retained,0;1;2;3;4;5;6
2528,2528,2528,7,4,retained,0;1;2;3;4;5;6
2529,2529,2529,7,4,retained,0;1;2;3;4;5;6
2530,2530,2530,7,4,retained,0;1;2;3;4;5;6
2531,2531,2531,7,4,retained,0;1;2;3;4;5;6
2532,2532,2532,7,4,retained,0;1;2;3;4;5;6
2533,2533,2533,7,4,retained,0;1;2;3;4;5;6
2534,2534,2534,7,3,retained,0;1;2;3;4;5;6
2535,2535,2535,7,4,retained,0;1;2;3;4;5;6
2536,2536,2536,7,4,retained,0;1;2;3;4;5;6
2537,2537,2537,7,4,retained,0;1;2;3;4;5;6
2538,2538,2538,7,3,retained,0;1;2;3;4;5;6
2539,2539,2539,7,4,retained,0;1;2;3;4;5;6
2540,2540,2540,7,3,retained,0;1;2;3;4;5;6
2541,2541,2541,7,4,retained,0;1;2;3;4;5;6
2542,2542,2542,7,4,retained,0;1;2;3;4;5;6
2543,2543,2543,7,4,retained,0;1;2;3;4;5;6
2544,2544,2544,7,3,retained,0;1;2;3;4;5;6
2545,2545,2545,7,4,retained,0;1;2;3;4;5;6
2546,2546,2546,7,4,retained,0;1;2;3;4;5;6
2547,2547,2547,7,4,retained,0;1;2;3;4;5;6
2548,2548,2548,7,4,retained,0;1;2;3;4;5;6
2549,2549,2549,7,4,retained,0;1;2;3;4;5;6
2550,2550,2550,7,4,retained,0;1;2;3;4;5;6
2551,2551,2551,7,4,retained,0;1;2;3;4;5;6
2552,2552,2552,7,4,retained,0;1;2;3;4;5;6
2553,2553,2553,7,4,retained,0;1;2;3;4;5;6
2554,2554,2554,7,4,retained,0;1;2;3;4;5;6
2555,2555,2555,7,4,retained,0;1;2;3;4;5;6
2556,2556,2556,7,4,retained,0;1;2;3;4;5;6
2557,2557,2557,7,4,retained,0;1;2;3;4;5;6
2558,2558,2558,7,4,retained,0;1;2;3;4;5;6
2559,2559,2559,7,4,retained,0;1;2;3;4;5;6
2560,2560,2560,7,4,retained,0;1;2;3;4;5;6
2561,2561,2561,7,4,retained,0;1;2;3;4;5;6
2562,2562,2562,7,4,retained,0;1;2;3;4;5;6
2563,2563,2563,7,4,retained,0;1;2;3;4;5;6
2564,2564,2564,7,4,retained,0;1;2;3;4;5;6
2565,2565,2565,7,4,retained,0;1;2;3;4;5;6
2566,2566,2566,7,4,retained,0;1;2;3;4;5;6
2567,2567,2567,7,4,retained,0;1;2;3;4;5;6
2568,2568,2568,7,4,retained,0;1;2;3;4;5;6
2569,2569,2569,7,4,retained,0;1;2;3;4;5;6
2570,2570,2570,7,4,retained,0;1;2;3;4;5;6
2571,2571,2571,7,4,retained,0;1;2;3;4;5;6
2572,2572,2572,7,3,retained,0;1;2;3;4;5;6
2573,2573,2573,7,3,retained,0;1;2;3;4;5;6
2574,2574,2574,7,4,retained,0;1;2;3;4;5;6
2575,2575,2575,7,4,retained,0;1;2;3;4;5;6
2576,2576,2576,7,3,retained,0;1;2;3;4;5;6
2577,2577,2577,7,4,retained,0;1;2;3;4;5;6
2578,2578,2578,7,3,retained,0;1;2;3;4;5;6
2579,2579,2579,7,2,retained,0;1;2;3;4;5;6
2580,2580,2580,7,2,retained,0;1;2;3;4;5;6
2581,2581,2581,7,4,retained,0;1;2;3;4;5;6
2582,2582,2582,7,4,retained,0;1;2;3;4;5;6
2583,2583,2583,7,3,retained,0;1;2;3;4;5;6
2584,2584,2584,7,4,retained,0;1;2;3;4;5;6
2585,2585,2585,7,2,retained,0;1;2;3;4;5;6
2586,2586,2586,7,4,retained,0;1;2;3;4;5;6
2587,2587,2587,7,4,retained,0;1;2;3;4;5;6
2588,2588,2588,7,4,retained,0;1;2;3;4;5;6
2589,2589,2589,7,4,retained,0;1;2;3;4;5;6
2590,2590,2590,7,4,retained,0;1;2;3;4;5;6
2591,2591,2591,7,3,retained,0;1;2;3;4;5;6
2592,2592,2592,7,3,retained,0;1;2;3;4;5;6
2593,2593,2593,7,3,retained,0;1;2;3;4;5;6
2594,2594,2594,7,3,retained,0;1;2;3;4;5;6
2595,2595,2595,7,4,retained,0;1;2;3;4;5;6
2596,2596,2596,7,4,retained,0;1;2;3;4;5;6
2597,2597,2597,7,4,retained,0;1;2;3;4;5;6
2598,2598,2598,7,4,retained,0;1;2;3;4;5;6
2599,2599,2599,7,4,retained,0;1;2;3;4;5;6
2600,2600,2600,7,4,retained,0;1;2;3;4;5;6
2601,2601,2601,7,4,retained,0;1;2;3;4;5;6
2602,2602,2602,7,4,retained,0;1;2;3;4;5;6
2603,2603,2603,7,3,retained,0;1;2;3;4;5;6
2604,2604,2604,7,4,retained,0;1;2;3;4;5;6
2605,2605,2605,7,4,retained,0;1;2;3;4;5;6
2606,2606,2606,7,4,retained,0;1;2;3;4;5;6
2607,2607,2607,7,4,retained,0;1;2;3;4;5;6
2608,2608,2608,7,4,retained,0;1;2;3;4;5;6
2609,2609,2609,7,4,retained,0;1;2;3;4;5;6
2610,2610,2610,7,4,retained,0;1;2;3;4;5;6
2611,2611,2611,7,4,retained,0;1;2;3;4;5;6
2612,2612,2612,7,4,retained,0;1;2;3;4;5;6
2613,2613,2613,7,3,retained,0;1;2;3;4;5;6
2614,2614,2614,7,4,retained,0;1;2;3;4;5;6
2615,2615,2615,7,4,retained,0;1;2;3;4;5;6
2616,2616,2616,7,4,retained,0;1;2;3;4;5;6
2617,2617,2617,7,4,retained,0;1;2;3;4;5;6
2618,2618,2618,7,4,retained,0;1;2;3;4;5;6
2619,2619,2619,7,4,retained,0;1;2;3;4;5;6
2620,2620,2620,7,4,retained,0;1;2;3;4;5;6
2621,2621,2621,7,4,retained,0;1;2;3;4;5;6
2622,2622,2622,7,4,retained,0;1;2;3;4;5;6
2623,2623,2623,7,4,retained,0;1;2;3;4;5;6
2624,2624,2624,7,3,retained,0;1;2;3;4;5;6
2625,2625,2625,7,4,retained,0;1;2;3;4;5;6
2626,2626,2626,7,4,retained,0;1;2;3;4;5;6
2627,2627,2627,7,4,retained,0;1;2;3;4;5;6
2628,2628,2628,7,4,retained,0;1;2;3;4;5;6
2629,2629,2629,7,4,retained,0;1;2;3;4;5;6
2630,2630,2630,7,4,retained,0;1;2;3;4;5;6
2631,2631,2631,7,4,retained,0;1;2;3;4;5;6
2632,2632,2632,7,4,retained,0;1;2;3;4;5;6
2633,2633,2633,7,4,retained,0;1;2;3;4;5;6
2634,2634,2634,7,3,retained,0;1;2;3;4;5;6
2635,2635,2635,7,2,retained,0;1;2;3;4;5;6
2636,2636,2636,7,2,retained,0;1;2;3;4;5;6
2637,2637,2637,7,4,retained,0;1;2;3;4;5;6
2638,2638,2638,7,4,retained,0;1;2;3;4;5;6
2639,2639,2639,7,4,retained,0;1;2;3;4;5;6
2640,2640,2640,7,4,retained,0;1;2;3;4;5;6
2641,2641,2641,7,4,retained,0;1;2;3;4;5;6
2642,2642,2642,7,4,retained,0;1;2;3;4;5;6
2643,2643,2643,7,4,retained,0;1;2;3;4;5;6
2644,2644,2644,7,4,retained,0;1;2;3;4;5;6
2645,2645,2645,7,4,retained,0;1;2;3;4;5;6
2646,2646,2646,7,4,retained,0;1;2;3;4;5;6
2647,2647,2647,7,3,retained,0;1;2;3;4;5;6
2648,2648,2648,7,2,retained,0;1;2;3;4;5;6
2649,2649,2649,7,4,retained,0;1;2;3;4;5;6
2650,2650,2650,7,2,retained,0;1;2;3;4;5;6
2651,2651,2651,7,1,retained,0;1;2;3;4;5;6
2652,2652,2652,7,4,retained,0;1;2;3;4;5;6
2653,2653,2653,7,4,retained,0;1;2;3;4;5;6
2654,2654,2654,7,4,retained,0;1;2;3;4;5;6
2655,2655,2655,7,4,retained,0;1;2;3;4;5;6
2656,2656,2656,7,3,retained,0;1;2;3;4;5;6
2657,2657,2657,7,4,retained,0;1;2;3;4;5;6
2658,2658,2658,7,2,retained,0;1;2;3;4;5;6
2659,2659,2659,7,4,retained,0;1;2;3;4;5;6
2660,2660,2660,7,4,retained,0;1;2;3;4;5;6
2661,2661,2661,7,4,retained,0;1;2;3;4;5;6
2662,2662,2662,7,3,retained,0;1;2;3;4;5;6
2663,2663,2663,7,3,retained,0;1;2;3;4;5;6
2664,2664,2664,7,3,retained,0;1;2;3;4;5;6
2665,2665,2665,7,4,retained,0;1;2;3;4;5;6
2666,2666,2666,7,4,retained,0;1;2;3;4;5;6
2667,2667,2667,7,4,retained,0;1;2;3;4;5;6
2668,2668,2668,7,4,retained,0;1;2;3;4;5;6
2669,2669,2669,7,4,retained,0;1;2;3;4;5;6
2670,2670,2670,7,4,retained,0;1;2;3;4;5;6
2671,2671,2671,7,4,retained,0;1;2;3;4;5;6
2672,2672,2672,7,4,retained,0;1;2;3;4;5;6
2673,2673,2673,7,3,retained,0;1;2;3;4;5;6
2674,2674,2674,7,4,retained,0;1;2;3;4;5;6
2675,2675,2675,7,4,retained,0;1;2;3;4;5;6
2676,2676,2676,7,3,retained,0;1;2;3;4;5;6
2677,2677,2677,7,4,retained,0;1;2;3;4;5;6
2678,2678,2678,7,2,retained,0;1;2;3;4;5;6
2679,2679,2679,7,3,retained,0;1;2;3;4;5;6
2680,2680,2680,7,3,retained,0;1;2;3;4;5;6
2681,2681,2681,7,3,retained,0;1;2;3;4;5;6
2682,2682,2682,7,3,retained,0;1;2;3;4;5;6
2683,2683,2683,7,4,retained,0;1;2;3;4;5;6
2684,2684,2684,7,3,retained,0;1;2;3;4;5;6
2685,2685,2685,7,3,retained,0;1;2;3;4;5;6
2686,2686,2686,7,4,retained,0;1;2;3;4;5;6
2687,2687,2687,7,4,retained,0;1;2;3;4;5;6
2688,2688,2688,7,4,retained,0;1;2;3;4;5;6
2689,2689,2689,7,3,retained,0;1;2;3;4;5;6
2690,2690,2690,7,4,retained,0;1;2;3;4;5;6
2691,2691,2691,7,4,retained,0;1;2;3;4;5;6
2692,2692,2692,7,4,retained,0;1;2;3;4;5;6
2693,2693,2693,7,4,retained,0;1;2;3;4;5;6
2694,2694,2694,7,4,retained,0;1;2;3;4;5;6
2695,2695,2695,7,3,retained,0;1;2;3;4;5;6
2696,2696,2696,7,2,retained,0;1;2;3;4;5;6
2697,2697,2697,7,4,retained,0;1;2;3;4;5;6
2698,2698,2698,7,3,retained,0;1;2;3;4;5;6
2699,2699,2699,7,4,retained,0;1;2;3;4;5;6
2700,2700,2700,7,3,retained,0;1;2;3;4;5;6
2701,2701,2701,7,3,retained,0;1;2;3;4;5;6
2702,2702,2702,7,3,retained,0;1;2;3;4;5;6
2703,2703,2703,7,4,retained,0;1;2;3;4;5;6
2704,2704,2704,7,4,retained,0;1;2;3;4;5;6
2705,2705,2705,7,4,retained,0;1;2;3;4;5;6
2706,2706,2706,7,3,retained,0;1;2;3;4;5;6
2707,2707,2707,7,4,retained,0;1;2;3;4;5;6
2708,2708,2708,7,4,retained,0;1;2;3;4;5;6
2709,2709,2709,7,4,retained,0;1;2;3;4;5;6
2710,2710,2710,7,4,retained,0;1;2;3;4;5;6
2711,2711,2711,7,3,retained,0;1;2;3;4;5;6
2712,2712,2712,7,4,retained,0;1;2;3;4;5;6
2713,2713,2713,7,4,retained,0;1;2;3;4;5;6
2714,2714,2714,7,4,retained,0;1;2;3;4;5;6
2715,2715,2715,7,4,retained,0;1;2;3;4;5;6
2716,2716,2716,7,4,retained,0;1;2;3;4;5;6
2717,2717,2717,7,4,retained,0;1;2;3;4;5;6
2718,2718,2718,7,4,retained,0;1;2;3;4;5;6
2719,2719,2719,7,4,retained,0;1;2;3;4;5;6
2720,2720,2720,7,4,retained,0;1;2;3;4;5;6
2721,2721,2721,7,4,retained,0;1;2;3;4;5;6
2722,2722,2722,7,4,retained,0;1;2;3;4;5;6
2723,2723,2723,7,4,retained,0;1;2;3;4;5;6
2724,2724,2724,7,4,retained,0;1;2;3;4;5;6
2725,2725,2725,7,4,retained,0;1;2;3;4;5;6
2726,2726,2726,7,3,retained,0;1;2;3;4;5;6
2727,2727,2727,7,4,retained,0;1;2;3;4;5;6
2728,2728,2728,7,4,retained,0;1;2;3;4;5;6
2729,2729,2729,7,4,retained,0;1;2;3;4;5;6
2730,2730,2730,7,4,retained,0;1;2;3;4;5;6
2731,2731,2731,7,3,retained,0;1;2;3;4;5;6
2732,2732,2732,7,4,retained,0;1;2;3;4;5;6
2733,2733,2733,7,3,retained,0;1;2;3;4;5;6
2734,2734,2734,7,3,retained,0;1;2;3;4;5;6
2735,2735,2735,7,4,retained,0;1;2;3;4;5;6
2736,2736,2736,7,4,retained,0;1;2;3;4;5;6
2737,2737,2737,7,4,retained,0;1;2;3;4;5;6
2738,2738,2738,7,4,retained,0;1;2;3;4;5;6
2739,2739,2739,7,4,retained,0;1;2;3;4;5;6
2740,2740,2740,7,4,retained,0;1;2;3;4;5;6
2741,2741,2741,7,4,retained,0;1;2;3;4;5;6
2742,2742,2742,7,4,retained,0;1;2;3;4;5;6
2743,2743,2743,7,4,retained,0;1;2;3;4;5;6
2744,2744,2744,7,4,retained,0;1;2;3;4;5;6
2745,2745,2745,7,4,retained,0;1;2;3;4;5;6
2746,2746,2746,7,4,retained,0;1;2;3;4;5;6
2747,2747,2747,7,4,retained,0;1;2;3;4;5;6
2748,2748,2748,7,4,retained,0;1;2;3;4;5;6
2749,2749,2749,7,4,retained,0;1;2;3;4;5;6
2750,2750,2750,7,4,retained,0;1;2;3;4;5;6
2751,2751,2751,7,4,retained,0;1;2;3;4;5;6
2752,2752,2752,7,4,retained,0;1;2;3;4;5;6
2753,2753,2753,7,3,retained,0;1;2;3;4;5;6
2754,2754,2754,7,4,retained,0;1;2;3;4;5;6
2755,2755,2755,7,4,retained,0;1;2;3;4;5;6
2756,2756,2756,7,3,retained,0;1;2;3;4;5;6
2757,2757,2757,7,4,retained,0;1;2;3;4;5;6
2758,2758,2758,7,4,retained,0;1;2;3;4;5;6
2759,2759,2759,7,4,retained,0;1;2;3;4;5;6
2760,2760,2760,7,3,retained,0;1;2;3;4;5;6
2761,2761,2761,7,4,retained,0;1;2;3;4;5;6
2762,2762,2762,7,3,retained,0;1;2;3;4;5;6
2763,2763,2763,7,3,retained,0;1;2;3;4;5;6
2764,2764,2764,7,4,retained,0;1;2;3;4;5;6
2765,2765,2765,7,4,retained,0;1;2;3;4;5;6
2766,2766,2766,7,4,retained,0;1;2;3;4;5;6
2767,2767,2767,7,4,retained,0;1;2;3;4;5;6
2768,2768,2768,7,4,retained,0;1;2;3;4;5;6
2769,2769,2769,7,4,retained,0;1;2;3;4;5;6
2770,2770,2770,7,4,retained,0;1;2;3;4;5;6
2771,2771,2771,7,4,retained,0;1;2;3;4;5;6
2772,2772,2772,7,4,retained,0;1;2;3;4;5;6
2773,2773,2773,7,4,retained,0;1;2;3;4;5;6
2774,2774,2774,7,3,retained,0;1;2;3;4;5;6
2775,2775,2775,7,4,retained,0;1;2;3;4;5;6
2776,2776,2776,7,4,retained,0;1;2;3;4;5;6
2777,2777,2777,7,4,retained,0;1;2;3;4;5;6
2778,2778,2778,7,4,retained,0;1;2;3;4;5;6
2779,2779,2779,7,4,retained,0;1;2;3;4;5;6
2780,2780,2780,7,4,retained,0;1;2;3;4;5;6
2781,2781,2781,7,4,retained,0;1;2;3;4;5;6
2782,2782,2782,7,4,retained,0;1;2;3;4;5;6
2783,2783,2783,7,4,retained,0;1;2;3;4;5;6
2784,2784,2784,7,4,retained,0;1;2;3;4;5;6
2785,2785,2785,7,4,retained,0;1;2;3;4;5;6
2786,2786,2786,7,4,retained,0;1;2;3;4;5;6
2787,2787,2787,7,4,retained,0;1;2;3;4;5;6
2788,2788,2788,7,4,retained,0;1;2;3;4;5;6
2789,2789,2789,7,4,retained,0;1;2;3;4;5;6
2790,2790,2790,7,4,retained,0;1;2;3;4;5;6
2791,2791,2791,7,3,retained,0;1;2;3;4;5;6
2792,2792,2792,7,3,retained,0;1;2;3;4;5;6
2793,2793,2793,7,4,retained,0;1;2;3;4;5;6
2794,2794,2794,7,3,retained,0;1;2;3;4;5;6
2795,2795,2795,7,4,retained,0;1;2;3;4;5;6
2796,2796,2796,7,2,retained,0;1;2;3;4;5;6
2797,2797,2797,7,3,retained,0;1;2;3;4;5;6
2798,2798,2798,7,3,retained,0;1;2;3;4;5;6
2799,2799,2799,7,3,retained,0;1;2;3;4;5;6
2800,2800,2800,7,2,retained,0;1;2;3;4;5;6
2801,2801,2801,7,2,retained,0;1;2;3;4;5;6
2802,2802,2802,7,3,retained,0;1;2;3;4;5;6
2803,2803,2803,7,4,retained,0;1;2;3;4;5;6
2804,2804,2804,7,4,retained,0;1;2;3;4;5;6
2805,2805,2805,7,4,retained,0;1;2;3;4;5;6
2806,2806,2806,7,3,retained,0;1;2;3;4;5;6
2807,2807,2807,7,4,retained,0;1;2;3;4;5;6
2808,2808,2808,7,4,retained,0;1;2;3;4;5;6
2809,2809,2809,7,4,retained,0;1;2;3;4;5;6
2810,2810,2810,7,3,retained,0;1;2;3;4;5;6
2811,2811,2811,7,3,retained,0;1;2;3;4;5;6
2812,2812,2812,7,3,retained,0;1;2;3;4;5;6
2813,2813,2813,7,4,retained,0;1;2;3;4;5;6
2814,2814,2814,7,4,retained,0;1;2;3;4;5;6
2815,2815,2815,7,4,retained,0;1;2;3;4;5;6
2816,2816,2816,7,4,retained,0;1;2;3;4;5;6
2817,2817,2817,7,3,retained,0;1;2;3;4;5;6
2818,2818,2818,7,4,retained,0;1;2;3;4;5;6
2819,2819,2819,7,4,retained,0;1;2;3;4;5;6
2820,2820,2820,7,3,retained,0;1;2;3;4;5;6
2821,2821,2821,7,4,retained,0;1;2;3;4;5;6
2822,2822,2822,7,4,retained,0;1;2;3;4;5;6
2823,2823,2823,7,3,retained,0;1;2;3;4;5;6
2824,2824,2824,7,3,retained,0;1;2;3;4;5;6
2825,2825,2825,7,4,retained,0;1;2;3;4;5;6
2826,2826,2826,7,4,retained,0;1;2;3;4;5;6
2827,2827,2827,7,4,retained,0;1;2;3;4;5;6
2828,2828,2828,7,4,retained,0;1;2;3;4;5;6
2829,2829,2829,7,4,retained,0;1;2;3;4;5;6
2830,2830,2830,7,4,retained,0;1;2;3;4;5;6
2831,2831,2831,7,4,retained,0;1;2;3;4;5;6
2832,2832,2832,7,4,retained,0;1;2;3;4;5;6
2833,2833,2833,7,4,retained,0;1;2;3;4;5;6
2834,2834,2834,7,4,retained,0;1;2;3;4;5;6
2835,2835,2835,7,3,retained,0;1;2;3;4;5;6
2836,2836,2836,7,4,retained,0;1;2;3;4;5;6
2837,2837,2837,7,4,retained,0;1;2;3;4;5;6
2838,2838,2838,7,4,retained,0;1;2;3;4;5;6
2839,2839,2839,7,4,retained,0;1;2;3;4;5;6
2840,2840,2840,7,4,retained,0;1;2;3;4;5;6
2841,2841,2841,7,4,retained,0;1;2;3;4;5;6
2842,2842,2842,7,4,retained,0;1;2;3;4;5;6
2843,2843,2843,7,4,retained,0;1;2;3;4;5;6
2844,2844,2844,7,4,retained,0;1;2;3;4;5;6
2845,2845,2845,7,4,retained,0;1;2;3;4;5;6
2846,2846,2846,7,4,retained,0;1;2;3;4;5;6
2847,2847,2847,7,4,retained,0;1;2;3;4;5;6
2848,2848,2848,7,4,retained,0;1;2;3;4;5;6
2849,2849,2849,7,4,retained,0;1;2;3;4;5;6
2850,2850,2850,7,3,retained,0;1;2;3;4;5;6
2851,2851,2851,7,3,retained,0;1;2;3;4;5;6
2852,2852,2852,7,4,retained,0;1;2;3;4;5;6
2853,2853,2853,7,3,retained,0;1;2;3;4;5;6
2854,2854,2854,7,4,retained,0;1;2;3;4;5;6
2855,2855,2855,7,4,retained,0;1;2;3;4;5;6
2856,2856,2856,7,4,retained,0;1;2;3;4;5;6
2857,2857,2857,7,3,retained,0;1;2;3;4;5;6
2858,2858,2858,7,4,retained,0;1;2;3;4;5;6
2859,2859,2859,7,4,retained,0;1;2;3;4;5;6
2860,2860,2860,7,4,retained,0;1;2;3;4;5;6
2861,2861,2861,7,4,retained,0;1;2;3;4;5;6
2862,2862,2862,7,3,retained,0;1;2;3;4;5;6
2863,2863,2863,7,4,retained,0;1;2;3;4;5;6
2864,2864,2864,7,4,retained,0;1;2;3;4;5;6
2865,2865,2865,7,3,retained,0;1;2;3;4;5;6
2866,2866,2866,7,4,retained,0;1;2;3;4;5;6
2867,2867,2867,7,4,retained,0;1;2;3;4;5;6
2868,2868,2868,7,4,retained,0;1;2;3;4;5;6
2869,2869,2869,7,4,retained,0;1;2;3;4;5;6
2870,2870,2870,7,4,retained,0;1;2;3;4;5;6
2871,2871,2871,7,4,retained,0;1;2;3;4;5;6
2872,2872,2872,7,4,retained,0;1;2;3;4;5;6
2873,2873,2873,7,4,retained,0;1;2;3;4;5;6
2874,2874,2874,7,4,retained,0;1;2;3;4;5;6
2875,2875,2875,7,2,retained,0;1;2;3;4;5;6
2876,2876,2876,7,4,retained,0;1;2;3;4;5;6
2877,2877,2877,7,3,retained,0;1;2;3;4;5;6
2878,2878,2878,7,3,retained,0;1;2;3;4;5;6
2879,2879,2879,7,3,retained,0;1;2;3;4;5;6
2880,2880,2880,7,4,retained,0;1;2;3;4;5;6
2881,2881,2881,7,3,retained,0;1;2;3;4;5;6
2882,2882,2882,7,3,retained,0;1;2;3;4;5;6
2883,2883,2883,7,4,retained,0;1;2;3;4;5;6
2884,2884,2884,7,3,retained,0;1;2;3;4;5;6
2885,2885,2885,7,4,retained,0;1;2;3;4;5;6
2886,2886,2886,7,4,retained,0;1;2;3;4;5;6
2887,2887,2887,7,4,retained,0;1;2;3;4;5;6
2888,2888,2888,7,4,retained,0;1;2;3;4;5;6
2889,2889,2889,7,4,retained,0;1;2;3;4;5;6
2890,2890,2890,7,4,retained,0;1;2;3;4;5;6
2891,2891,2891,7,4,retained,0;1;2;3;4;5;6
2892,2892,2892,7,4,retained,0;1;2;3;4;5;6
2893,2893,2893,7,4,retained,0;1;2;3;4;5;6
2894,2894,2894,7,3,retained,0;1;2;3;4;5;6
2895,2895,2895,7,4,retained,0;1;2;3;4;5;6
2896,2896,2896,7,3,retained,0;1;2;3;4;5;6
2897,2897,2897,7,3,retained,0;1;2;3;4;5;6
2898,2898,2898,7,2,retained,0;1;2;3;4;5;6
2899,2899,2899,7,3,retained,0;1;2;3;4;5;6
2900,2900,2900,7,3,retained,0;1;2;3;4;5;6
2901,2901,2901,7,4,retained,0;1;2;3;4;5;6
2902,2902,2902,7,3,retained,0;1;2;3;4;5;6
2903,2903,2903,7,4,retained,0;1;2;3;4;5;6
2904,2904,2904,7,4,retained,0;1;2;3;4;5;6
2905,2905,2905,7,4,retained,0;1;2;3;4;5;6
2906,2906,2906,7,3,retained,0;1;2;3;4;5;6
2907,2907,2907,7,4,retained,0;1;2;3;4;5;6
2908,2908,2908,7,3,retained,0;1;2;3;4;5;6
2909,2909,2909,7,4,retained,0;1;2;3;4;5;6
2910,2910,2910,7,4,retained,0;1;2;3;4;5;6
2911,2911,2911,7,4,retained,0;1;2;3;4;5;6
2912,2912,2912,7,4,retained,0;1;2;3;4;5;6
2913,2913,2913,7,3,retained,0;1;2;3;4;5;6
2914,2914,2914,7,3,retained,0;1;2;3;4;5;6
2915,2915,2915,7,4,retained,0;1;2;3;4;5;6
2916,2916,2916,7,4,retained,0;1;2;3;4;5;6
2917,2917,2917,7,4,retained,0;1;2;3;4;5;6
2918,2918,2918,7,4,retained,0;1;2;3;4;5;6
2919,2919,2919,7,4,retained,0;1;2;3;4;5;6
2920,2920,2920,7,4,retained,0;1;2;3;4;5;6
2921,2921,2921,7,3,retained,0;1;2;3;4;5;6
2922,2922,2922,7,4,retained,0;1;2;3;4;5;6
2923,2923,2923,7,4,retained,0;1;2;3;4;5;6
2924,2924,2924,7,4,retained,0;1;2;3;4;5;6
2925,2925,2925,7,4,retained,0;1;2;3;4;5;6
2926,2926,2926,7,4,retained,0;1;2;3;4;5;6
2927,2927,2927,7,4,retained,0;1;2;3;4;5;6
2928,2928,2928,7,3,retained,0;1;2;3;4;5;6
2929,2929,2929,7,4,retained,0;1;2;3;4;5;6
2930,2930,2930,7,4,retained,0;1;2;3;4;5;6
2931,2931,2931,7,4,retained,0;1;2;3;4;5;6
2932,2932,2932,7,4,retained,0;1;2;3;4;5;6
2933,2933,2933,7,4,retained,0;1;2;3;4;5;6
2934,2934,2934,7,4,retained,0;1;2;3;4;5;6
2935,2935,2935,7,4,retained,0;1;2;3;4;5;6
2936,2936,2936,7,2,retained,0;1;2;3;4;5;6
2937,2937,2937,7,2,retained,0;1;2;3;4;5;6
2938,2938,2938,7,2,retained,0;1;2;3;4;5;6
2939,2939,2939,7,3,retained,0;1;2;3;4;5;6
2940,2940,2940,7,4,retained,0;1;2;3;4;5;6
2941,2941,2941,7,1,retained,0;1;2;3;4;5;6
2942,2942,2942,7,1,retained,0;1;2;3;4;5;6
2943,2943,2943,7,4,retained,0;1;2;3;4;5;6
2944,2944,2944,7,1,retained,0;1;2;3;4;5;6
2945,2945,2945,7,1,retained,0;1;2;3;4;5;6
2946,2946,2946,7,2,retained,0;1;2;3;4;5;6
2947,2947,2947,7,2,retained,0;1;2;3;4;5;6
2948,2948,2948,7,2,retained,0;1;2;3;4;5;6
2949,2949,2949,7,3,retained,0;1;2;3;4;5;6
2950,2950,2950,7,3,retained,0;1;2;3;4;5;6
2951,2951,2951,7,3,retained,0;1;2;3;4;5;6
2952,2952,2952,7,4,retained,0;1;2;3;4;5;6
2953,2953,2953,7,4,retained,0;1;2;3;4;5;6
2954,2954,2954,7,4,retained,0;1;2;3;4;5;6
2955,2955,2955,7,3,retained,0;1;2;3;4;5;6
2956,2956,2956,7,3,retained,0;1;2;3;4;5;6
2957,2957,2957,7,3,retained,0;1;2;3;4;5;6
2958,2958,2958,7,4,retained,0;1;2;3;4;5;6
2959,2959,2959,7,3,retained,0;1;2;3;4;5;6
2960,2960,2960,7,3,retained,0;1;2;3;4;5;6
2961,2961,2961,7,3,retained,0;1;2;3;4;5;6
2962,2962,2962,7,3,retained,0;1;2;3;4;5;6
2963,2963,2963,7,3,retained,0;1;2;3;4;5;6
2964,2964,2964,7,3,retained,0;1;2;3;4;5;6
2965,2965,2965,7,4,retained,0;1;2;3;4;5;6
2966,2966,2966,7,4,retained,0;1;2;3;4;5;6
2967,2967,2967,7,4,retained,0;1;2;3;4;5;6
2968,2968,2968,7,4,retained,0;1;2;3;4;5;6
2969,2969,2969,7,1,retained,0;1;2;3;4;5;6
2970,2970,2970,7,2,retained,0;1;2;3;4;5;6
2971,2971,2971,7,3,retained,0;1;2;3;4;5;6
2972,2972,2972,7,2,retained,0;1;2;3;4;5;6
2973,2973,2973,7,3,retained,0;1;2;3;4;5;6
2974,2974,2974,7,4,retained,0;1;2;3;4;5;6
2975,2975,2975,7,3,retained,0;1;2;3;4;5;6
2976,2976,2976,7,4,retained,0;1;2;3;4;5;6
2977,2977,2977,7,4,retained,0;1;2;3;4;5;6
2978,2978,2978,7,3,retained,0;1;2;3;4;5;6
2979,2979,2979,7,3,retained,0;1;2;3;4;5;6
2980,2980,2980,7,3,retained,0;1;2;3;4;5;6
2981,2981,2981,7,2,retained,0;1;2;3;4;5;6
2982,2982,2982,7,2,retained,0;1;2;3;4;5;6
2983,2983,2983,7,3,retained,0;1;2;3;4;5;6
2984,2984,2984,7,3,retained,0;1;2;3;4;5;6
2985,2985,2985,7,3,retained,0;1;2;3;4;5;6
2986,2986,2986,7,4,retained,0;1;2;3;4;5;6
2987,2987,2987,7,4,retained,0;1;2;3;4;5;6
2988,2988,2988,7,4,retained,0;1;2;3;4;5;6
2989,2989,2989,7,4,retained,0;1;2;3;4;5;6
2990,2990,2990,7,4,retained,0;1;2;3;4;5;6
2991,2991,2991,7,4,retained,0;1;2;3;4;5;6
2992,2992,2992,7,4,retained,0;1;2;3;4;5;6
2993,2993,2993,7,4,retained,0;1;2;3;4;5;6
2994,2994,2994,7,4,retained,0;1;2;3;4;5;6
2995,2995,2995,7,2,retained,0;1;2;3;4;5;6
2996,2996,2996,7,4,retained,0;1;2;3;4;5;6
2997,2997,2997,7,3,retained,0;1;2;3;4;5;6
2998,2998,2998,7,4,retained,0;1;2;3;4;5;6
2999,2999,2999,7,3,retained,0;1;2;3;4;5;6
3000,3000,3000,7,2,retained,0;1;2;3;4;5;6
3001,3001,3001,7,4,retained,0;1;2;3;4;5;6
3002,3002,3002,7,3,retained,0;1;2;3;4;5;6
3003,3003,3003,7,3,retained,0;1;2;3;4;5;6
3004,3004,3004,7,3,retained,0;1;2;3;4;5;6
3005,3005,3005,7,3,retained,0;1;2;3;4;5;6
3006,3006,3006,7,4,retained,0;1;2;3;4;5;6
3007,3007,3007,7,4,retained,0;1;2;3;4;5;6
3008,3008,3008,7,4,retained,0;1;2;3;4;5;6
3009,3009,3009,7,4,retained,0;1;2;3;4;5;6
3010,3010,3010,7,4,retained,0;1;2;3;4;5;6
3011,3011,3011,7,3,retained,0;1;2;3;4;5;6
3012,3012,3012,7,4,retained,0;1;2;3;4;5;6
3013,3013,3013,7,3,retained,0;1;2;3;4;5;6
3014,3014,3014,7,4,retained,0;1;2;3;4;5;6
3015,3015,3015,7,4,retained,0;1;2;3;4;5;6
3016,3016,3016,7,4,retained,0;1;2;3;4;5;6
3017,3017,3017,7,4,retained,0;1;2;3;4;5;6
3018,3018,3018,7,4,retained,0;1;2;3;4;5;6
3019,3019,3019,7,4,retained,0;1;2;3;4;5;6
3020,3020,3020,7,4,retained,0;1;2;3;4;5;6
3021,3021,3021,7,2,retained,0;1;2;3;4;5;6
3022,3022,3022,7,2,retained,0;1;2;3;4;5;6
3023,3023,3023,7,2,retained,0;1;2;3;4;5;6
3024,3024,3024,7,3,retained,0;1;2;3;4;5;6
3025,3025,3025,7,4,retained,0;1;2;3;4;5;6
3026,3026,3026,7,2,retained,0;1;2;3;4;5;6
3027,3027,3027,7,2,retained,0;1;2;3;4;5;6
3028,3028,3028,7,3,retained,0;1;2;3;4;5;6
3029,3029,3029,7,4,retained,0;1;2;3;4;5;6
3030,3030,3030,7,2,retained,0;1;2;3;4;5;6
3031,3031,3031,7,3,retained,0;1;2;3;4;5;6
3032,3032,3032,7,4,retained,0;1;2;3;4;5;6
3033,3033,3033,7,3,retained,0;1;2;3;4;5;6
3034,3034,3034,7,4,retained,0;1;2;3;4;5;6
3035,3035,3035,7,4,retained,0;1;2;3;4;5;6
3036,3036,3036,7,3,retained,0;1;2;3;4;5;6
3037,3037,3037,7,2,retained,0;1;2;3;4;5;6
3038,3038,3038,7,4,retained,0;1;2;3;4;5;6
3039,3039,3039,7,4,retained,0;1;2;3;4;5;6
3040,3040,3040,7,3,retained,0;1;2;3;4;5;6
3041,3041,3041,7,4,retained,0;1;2;3;4;5;6
3042,3042,3042,7,4,retained,0;1;2;3;4;5;6
3043,3043,3043,7,4,retained,0;1;2;3;4;5;6
3044,3044,3044,7,4,retained,0;1;2;3;4;5;6
3045,3045,3045,7,4,retained,0;1;2;3;4;5;6
3046,3046,3046,7,4,retained,0;1;2;3;4;5;6
3047,3047,3047,7,4,retained,0;1;2;3;4;5;6
3048,3048,3048,7,4,retained,0;1;2;3;4;5;6
3049,3049,3049,7,4,retained,0;1;2;3;4;5;6
3050,3050,3050,7,4,retained,0;1;2;3;4;5;6
3051,3051,3051,7,2,retained,0;1;2;3;4;5;6
3052,3052,3052,7,2,retained,0;1;2;3;4;5;6
3053,3053,3053,7,4,retained,0;1;2;3;4;5;6
3054,3054,3054,7,4,retained,0;1;2;3;4;5;6
3055,3055,3055,7,2,retained,0;1;2;3;4;5;6
3056,3056,3056,7,4,retained,0;1;2;3;4;5;6
3057,3057,3057,7,3,retained,0;1;2;3;4;5;6
3058,3058,3058,7,3,retained,0;1;2;3;4;5;6
3059,3059,3059,7,4,retained,0;1;2;3;4;5;6
3060,3060,3060,7,4,retained,0;1;2;3;4;5;6
3061,3061,3061,7,4,retained,0;1;2;3;4;5;6
3062,3062,3062,7,4,retained,0;1;2;3;4;5;6
3063,3063,3063,7,4,retained,0;1;2;3;4;5;6
3064,3064,3064,7,4,retained,0;1;2;3;4;5;6
3065,3065,3065,7,2,retained,0;1;2;3;4;5;6
3066,3066,3066,7,2,retained,0;1;2;3;4;5;6
3067,3067,3067,7,4,retained,0;1;2;3;4;5;6
3068,3068,3068,7,4,retained,0;1;2;3;4;5;6
3069,3069,3069,7,4,retained,0;1;2;3;4;5;6
3070,3070,3070,7,4,retained,0;1;2;3;4;5;6
3071,3071,3071,7,4,retained,0;1;2;3;4;5;6
3072,3072,3072,7,3,retained,0;1;2;3;4;5;6
3073,3073,3073,7,2,retained,0;1;2;3;4;5;6
3074,3074,3074,7,4,retained,0;1;2;3;4;5;6
3075,3075,3075,7,4,retained,0;1;2;3;4;5;6
3076,3076,3076,7,3,retained,0;1;2;3;4;5;6
3077,3077,3077,7,3,retained,0;1;2;3;4;5;6
3078,3078,3078,7,4,retained,0;1;2;3;4;5;6
3079,3079,3079,7,3,retained,0;1;2;3;4;5;6
3080,3080,3080,7,3,retained,0;1;2;3;4;5;6
3081,3081,3081,7,4,retained,0;1;2;3;4;5;6
3082,3082,3082,7,4,retained,0;1;2;3;4;5;6
3083,3083,3083,7,4,retained,0;1;2;3;4;5;6
3084,3084,3084,7,4,retained,0;1;2;3;4;5;6
3085,3085,3085,7,4,retained,0;1;2;3;4;5;6
3086,3086,3086,7,4,retained,0;1;2;3;4;5;6
3087,3087,3087,7,3,retained,0;1;2;3;4;5;6
3088,3088,3088,7,4,retained,0;1;2;3;4;5;6
3089,3089,3089,7,4,retained,0;1;2;3;4;5;6
3090,3090,3090,7,4,retained,0;1;2;3;4;5;6
3091,3091,3091,7,4,retained,0;1;2;3;4;5;6
3092,3092,3092,7,4,retained,0;1;2;3;4;5;6
3093,3093,3093,7,4,retained,0;1;2;3;4;5;6
3094,3094,3094,7,4,retained,0;1;2;3;4;5;6
3095,3095,3095,7,4,retained,0;1;2;3;4;5;6
3096,3096,3096,7,4,retained,0;1;2;3;4;5;6
3097,3097,3097,7,4,retained,0;1;2;3;4;5;6
3098,3098,3098,7,4,retained,0;1;2;3;4;5;6
3099,3099,3099,7,2,retained,0;1;2;3;4;5;6
3100,3100,3100,7,4,retained,0;1;2;3;4;5;6
3101,3101,3101,7,3,retained,0;1;2;3;4;5;6
3102,3102,3102,7,4,retained,0;1;2;3;4;5;6
3103,3103,3103,7,4,retained,0;1;2;3;4;5;6
3104,3104,3104,7,4,retained,0;1;2;3;4;5;6
3105,3105,3105,7,4,retained,0;1;2;3;4;5;6
3106,3106,3106,7,4,retained,0;1;2;3;4;5;6
3107,3107,3107,7,3,retained,0;1;2;3;4;5;6
3108,3108,3108,7,4,retained,0;1;2;3;4;5;6
3109,3109,3109,7,4,retained,0;1;2;3;4;5;6
3110,3110,3110,7,2,retained,0;1;2;3;4;5;6
3111,3111,3111,7,4,retained,0;1;2;3;4;5;6
3112,3112,3112,7,4,retained,0;1;2;3;4;5;6
3113,3113,3113,7,3,retained,0;1;2;3;4;5;6
3114,3114,3114,7,4,retained,0;1;2;3;4;5;6
3115,3115,3115,7,4,retained,0;1;2;3;4;5;6
3116,3116,3116,7,4,retained,0;1;2;3;4;5;6
3117,3117,3117,7,4,retained,0;1;2;3;4;5;6
3118,3118,3118,7,3,retained,0;1;2;3;4;5;6
3119,3119,3119,7,4,retained,0;1;2;3;4;5;6
3120,3120,3120,7,4,retained,0;1;2;3;4;5;6
3121,3121,3121,7,4,retained,0;1;2;3;4;5;6
3122,3122,3122,7,1,retained,0;1;2;3;4;5;6
3123,3123,3123,7,3,retained,0;1;2;3;4;5;6
3124,3124,3124,7,3,retained,0;1;2;3;4;5;6
3125,3125,3125,7,3,retained,0;1;2;3;4;5;6
3126,3126,3126,7,4,retained,0;1;2;3;4;5;6
3127,3127,3127,7,2,retained,0;1;2;3;4;5;6
3128,3128,3128,7,2,retained,0;1;2;3;4;5;6
3129,3129,3129,7,4,retained,0;1;2;3;4;5;6
3130,3130,3130,7,4,retained,0;1;2;3;4;5;6
3131,3131,3131,7,3,retained,0;1;2;3;4;5;6
3132,3132,3132,7,2,retained,0;1;2;3;4;5;6
3133,3133,3133,7,3,retained,0;1;2;3;4;5;6
3134,3134,3134,7,3,retained,0;1;2;3;4;5;6
3135,3135,3135,7,4,retained,0;1;2;3;4;5;6
3136,3136,3136,7,4,retained,0;1;2;3;4;5;6
3137,3137,3137,7,3,retained,0;1;2;3;4;5;6
3138,3138,3138,7,4,retained,0;1;2;3;4;5;6
3139,3139,3139,7,3,retained,0;1;2;3;4;5;6
3140,3140,3140,7,2,retained,0;1;2;3;4;5;6
3141,3141,3141,7,4,retained,0;1;2;3;4;5;6
3142,3142,3142,7,3,retained,0;1;2;3;4;5;6
3143,3143,3143,7,4,retained,0;1;2;3;4;5;6
3144,3144,3144,7,4,retained,0;1;2;3;4;5;6
3145,3145,3145,7,2,retained,0;1;2;3;4;5;6
3146,3146,3146,7,3,retained,0;1;2;3;4;5;6
3147,3147,3147,7,4,retained,0;1;2;3;4;5;6
3148,3148,3148,7,3,retained,0;1;2;3;4;5;6
3149,3149,3149,7,4,retained,0;1;2;3;4;5;6
3150,3150,3150,7,1,retained,0;1;2;3;4;5;6
3151,3151,3151,7,1,retained,0;1;2;3;4;5;6
3152,3152,3152,7,4,retained,0;1;2;3;4;5;6
3153,3153,3153,7,2,retained,0;1;2;3;4;5;6
3154,3154,3154,7,1,retained,0;1;2;3;4;5;6
3155,3155,3155,7,4,retained,0;1;2;3;4;5;6
3156,3156,3156,7,4,retained,0;1;2;3;4;5;6
3157,3157,3157,7,3,retained,0;1;2;3;4;5;6
3158,3158,3158,7,4,retained,0;1;2;3;4;5;6
3159,3159,3159,7,3,retained,0;1;2;3;4;5;6
3160,3160,3160,7,4,retained,0;1;2;3;4;5;6
3161,3161,3161,7,4,retained,0;1;2;3;4;5;6
3162,3162,3162,7,3,retained,0;1;2;3;4;5;6
3163,3163,3163,7,4,retained,0;1;2;3;4;5;6
3164,3164,3164,7,4,retained,0;1;2;3;4;5;6
3165,3165,3165,7,4,retained,0;1;2;3;4;5;6
3166,3166,3166,7,4,retained,0;1;2;3;4;5;6
3167,3167,3167,7,4,retained,0;1;2;3;4;5;6
3168,3168,3168,7,1,retained,0;1;2;3;4;5;6
3169,3169,3169,7,2,retained,0;1;2;3;4;5;6
3170,3170,3170,7,4,retained,0;1;2;3;4;5;6
3171,3171,3171,7,3,retained,0;1;2;3;4;5;6
3172,3172,3172,7,3,retained,0;1;2;3;4;5;6
3173,3173,3173,7,3,retained,0;1;2;3;4;5;6
3174,3174,3174,7,4,retained,0;1;2;3;4;5;6
3175,3175,3175,7,2,retained,0;1;2;3;4;5;6
3176,3176,3176,7,3,retained,0;1;2;3;4;5;6
3177,3177,3177,7,4,retained,0;1;2;3;4;5;6
3178,3178,3178,7,2,retained,0;1;2;3;4;5;6
3179,3179,3179,7,3,retained,0;1;2;3;4;5;6
3180,3180,3180,7,4,retained,0;1;2;3;4;5;6
3181,3181,3181,7,4,retained,0;1;2;3;4;5;6
3182,3182,3182,7,4,retained,0;1;2;3;4;5;6
3183,3183,3183,7,4,retained,0;1;2;3;4;5;6
3184,3184,3184,7,4,retained,0;1;2;3;4;5;6
3185,3185,3185,7,3,retained,0;1;2;3;4;5;6
3186,3186,3186,7,2,retained,0;1;2;3;4;5;6
3187,3187,3187,7,4,retained,0;1;2;3;4;5;6
3188,3188,3188,7,4,retained,0;1;2;3;4;5;6
3189,3189,3189,7,3,retained,0;1;2;3;4;5;6
3190,3190,3190,7,4,retained,0;1;2;3;4;5;6
3191,3191,3191,7,3,retained,0;1;2;3;4;5;6
3192,3192,3192,7,3,retained,0;1;2;3;4;5;6
3193,3193,3193,7,4,retained,0;1;2;3;4;5;6
3194,3194,3194,7,4,retained,0;1;2;3;4;5;6
3195,3195,3195,7,4,retained,0;1;2;3;4;5;6
3196,3196,3196,7,3,retained,0;1;2;3;4;5;6
3197,3197,3197,7,3,retained,0;1;2;3;4;5;6
3198,3198,3198,7,4,retained,0;1;2;3;4;5;6
3199,3199,3199,7,4,retained,0;1;2;3;4;5;6
3200,3200,3200,7,4,retained,0;1;2;3;4;5;6
3201,3201,3201,7,3,retained,0;1;2;3;4;5;6
3202,3202,3202,7,1,retained,0;1;2;3;4;5;6
3203,3203,3203,7,1,retained,0;1;2;3;4;5;6
3204,3204,3204,7,2,retained,0;1;2;3;4;5;6
3205,3205,3205,7,3,retained,0;1;2;3;4;5;6
3206,3206,3206,7,4,retained,0;1;2;3;4;5;6
3207,3207,3207,7,2,retained,0;1;2;3;4;5;6
3208,3208,3208,7,3,retained,0;1;2;3;4;5;6
3209,3209,3209,7,2,retained,0;1;2;3;4;5;6
3210,3210,3210,7,1,retained,0;1;2;3;4;5;6
3211,3211,3211,7,2,retained,0;1;2;3;4;5;6
3212,3212,3212,7,3,retained,0;1;2;3;4;5;6
3213,3213,3213,7,2,retained,0;1;2;3;4;5;6
3214,3214,3214,7,3,retained,0;1;2;3;4;5;6
3215,3215,3215,7,3,retained,0;1;2;3;4;5;6
3216,3216,3216,7,3,retained,0;1;2;3;4;5;6
3217,3217,3217,7,4,retained,0;1;2;3;4;5;6
3218,3218,3218,7,4,retained,0;1;2;3;4;5;6
3219,3219,3219,7,4,retained,0;1;2;3;4;5;6
3220,3220,3220,7,4,retained,0;1;2;3;4;5;6
3221,3221,3221,7,4,retained,0;1;2;3;4;5;6
3222,3222,3222,7,4,retained,0;1;2;3;4;5;6
3223,3223,3223,7,4,retained,0;1;2;3;4;5;6
3224,3224,3224,7,3,retained,0;1;2;3;4;5;6
3225,3225,3225,7,4,retained,0;1;2;3;4;5;6
3226,3226,3226,7,3,retained,0;1;2;3;4;5;6
3227,3227,3227,7,4,retained,0;1;2;3;4;5;6
3228,3228,3228,7,4,retained,0;1;2;3;4;5;6
3229,3229,3229,7,3,retained,0;1;2;3;4;5;6
3230,3230,3230,7,3,retained,0;1;2;3;4;5;6
3231,3231,3231,7,3,retained,0;1;2;3;4;5;6
3232,3232,3232,7,3,retained,0;1;2;3;4;5;6
3233,3233,3233,7,4,retained,0;1;2;3;4;5;6
3234,3234,3234,7,4,retained,0;1;2;3;4;5;6
3235,3235,3235,7,3,retained,0;1;2;3;4;5;6
3236,3236,3236,7,3,retained,0;1;2;3;4;5;6
3237,3237,3237,7,3,retained,0;1;2;3;4;5;6
3238,3238,3238,7,2,retained,0;1;2;3;4;5;6
3239,3239,3239,7,4,retained,0;1;2;3;4;5;6
3240,3240,3240,7,4,retained,0;1;2;3;4;5;6
3241,3241,3241,7,4,retained,0;1;2;3;4;5;6
3242,3242,3242,7,4,retained,0;1;2;3;4;5;6
3243,3243,3243,7,4,retained,0;1;2;3;4;5;6
3244,3244,3244,7,4,retained,0;1;2;3;4;5;6
3245,3245,3245,7,4,retained,0;1;2;3;4;5;6
3246,3246,3246,7,4,retained,0;1;2;3;4;5;6
3247,3247,3247,7,4,retained,0;1;2;3;4;5;6
3248,3248,3248,7,4,retained,0;1;2;3;4;5;6
3249,3249,3249,7,3,retained,0;1;2;3;4;5;6
3250,3250,3250,7,3,retained,0;1;2;3;4;5;6
3251,3251,3251,7,4,retained,0;1;2;3;4;5;6
3252,3252,3252,7,4,retained,0;1;2;3;4;5;6
3253,3253,3253,7,4,retained,0;1;2;3;4;5;6
3254,3254,3254,7,3,retained,0;1;2;3;4;5;6
3255,3255,3255,7,3,retained,0;1;2;3;4;5;6
3256,3256,3256,7,3,retained,0;1;2;3;4;5;6
3257,3257,3257,7,4,retained,0;1;2;3;4;5;6
3258,3258,3258,7,4,retained,0;1;2;3;4;5;6
3259,3259,3259,7,4,retained,0;1;2;3;4;5;6
3260,3260,3260,7,3,retained,0;1;2;3;4;5;6
3261,3261,3261,7,4,retained,0;1;2;3;4;5;6
3262,3262,3262,7,4,retained,0;1;2;3;4;5;6
3263,3263,3263,7,4,retained,0;1;2;3;4;5;6
3264,3264,3264,7,3,retained,0;1;2;3;4;5;6
3265,3265,3265,7,3,retained,0;1;2;3;4;5;6
3266,3266,3266,7,3,retained,0;1;2;3;4;5;6
3267,3267,3267,7,3,retained,0;1;2;3;4;5;6
3268,3268,3268,7,3,retained,0;1;2;3;4;5;6
3269,3269,3269,7,3,retained,0;1;2;3;4;5;6
3270,3270,3270,7,3,retained,0;1;2;3;4;5;6
3271,3271,3271,7,4,retained,0;1;2;3;4;5;6
3272,3272,3272,7,4,retained,0;1;2;3;4;5;6
3273,3273,3273,7,4,retained,0;1;2;3;4;5;6
3274,3274,3274,7,4,retained,0;1;2;3;4;5;6
3275,3275,3275,7,4,retained,0;1;2;3;4;5;6
3276,3276,3276,7,3,retained,0;1;2;3;4;5;6
3277,3277,3277,7,4,retained,0;1;2;3;4;5;6
3278,3278,3278,7,4,retained,0;1;2;3;4;5;6
3279,3279,3279,7,4,retained,0;1;2;3;4;5;6
3280,3280,3280,7,4,retained,0;1;2;3;4;5;6
3281,3281,3281,7,4,retained,0;1;2;3;4;5;6
3282,3282,3282,7,3,retained,0;1;2;3;4;5;6
3283,3283,3283,7,4,retained,0;1;2;3;4;5;6
3284,3284,3284,7,4,retained,0;1;2;3;4;5;6
3285,3285,3285,7,4,retained,0;1;2;3;4;5;6
3286,3286,3286,7,4,retained,0;1;2;3;4;5;6
3287,3287,3287,7,4,retained,0;1;2;3;4;5;6
3288,3288,3288,7,4,retained,0;1;2;3;4;5;6
3289,3289,3289,7,4,retained,0;1;2;3;4;5;6
3290,3290,3290,7,4,retained,0;1;2;3;4;5;6
3291,3291,3291,7,4,retained,0;1;2;3;4;5;6
3292,3292,3292,7,4,retained,0;1;2;3;4;5;6
3293,3293,3293,7,4,retained,0;1;2;3;4;5;6
3294,3294,3294,7,3,retained,0;1;2;3;4;5;6
3295,3295,3295,7,4,retained,0;1;2;3;4;5;6
3296,3296,3296,7,4,retained,0;1;2;3;4;5;6
3297,3297,3297,7,4,retained,0;1;2;3;4;5;6
3298,3298,3298,7,4,retained,0;1;2;3;4;5;6
3299,3299,3299,7,4,retained,0;1;2;3;4;5;6
3300,3300,3300,7,4,retained,0;1;2;3;4;5;6
3301,3301,3301,7,4,retained,0;1;2;3;4;5;6
3302,3302,3302,7,4,retained,0;1;2;3;4;5;6
3303,3303,3303,7,4,retained,0;1;2;3;4;5;6
3304,3304,3304,7,3,retained,0;1;2;3;4;5;6
3305,3305,3305,7,3,retained,0;1;2;3;4;5;6
3306,3306,3306,7,3,retained,0;1;2;3;4;5;6
3307,3307,3307,7,4,retained,0;1;2;3;4;5;6
3308,3308,3308,7,3,retained,0;1;2;3;4;5;6
3309,3309,3309,7,3,retained,0;1;2;3;4;5;6
3310,3310,3310,7,4,retained,0;1;2;3;4;5;6
3311,3311,3311,7,3,retained,0;1;2;3;4;5;6
3312,3312,3312,7,4,retained,0;1;2;3;4;5;6
3313,3313,3313,7,4,retained,0;1;2;3;4;5;6
3314,3314,3314,7,4,retained,0;1;2;3;4;5;6
3315,3315,3315,7,4,retained,0;1;2;3;4;5;6
3316,3316,3316,7,4,retained,0;1;2;3;4;5;6
3317,3317,3317,7,4,retained,0;1;2;3;4;5;6
3318,3318,3318,7,4,retained,0;1;2;3;4;5;6
3319,3319,3319,7,4,retained,0;1;2;3;4;5;6
3320,3320,3320,7,4,retained,0;1;2;3;4;5;6
3321,3321,3321,7,4,retained,0;1;2;3;4;5;6
3322,3322,3322,7,4,retained,0;1;2;3;4;5;6
3323,3323,3323,7,3,retained,0;1;2;3;4;5;6
3324,3324,3324,7,3,retained,0;1;2;3;4;5;6
3325,3325,3325,7,3,retained,0;1;2;3;4;5;6
3326,3326,3326,7,4,retained,0;1;2;3;4;5;6
3327,3327,3327,7,4,retained,0;1;2;3;4;5;6
3328,3328,3328,7,4,retained,0;1;2;3;4;5;6
3329,3329,3329,7,4,retained,0;1;2;3;4;5;6
3330,3330,3330,7,3,retained,0;1;2;3;4;5;6
3331,3331,3331,7,4,retained,0;1;2;3;4;5;6
3332,3332,3332,7,3,retained,0;1;2;3;4;5;6
3333,3333,3333,7,4,retained,0;1;2;3;4;5;6
3334,3334,3334,7,4,retained,0;1;2;3;4;5;6
3335,3335,3335,7,4,retained,0;1;2;3;4;5;6
3336,3336,3336,7,4,retained,0;1;2;3;4;5;6
3337,3337,3337,7,4,retained,0;1;2;3;4;5;6
3338,3338,3338,7,3,retained,0;1;2;3;4;5;6
3339,3339,3339,7,4,retained,0;1;2;3;4;5;6
3340,3340,3340,7,4,retained,0;1;2;3;4;5;6
3341,3341,3341,7,3,retained,0;1;2;3;4;5;6
3342,3342,3342,7,4,retained,0;1;2;3;4;5;6
3343,3343,3343,7,4,retained,0;1;2;3;4;5;6
3344,3344,3344,7,3,retained,0;1;2;3;4;5;6
3345,3345,3345,7,3,retained,0;1;2;3;4;5;6
3346,3346,3346,7,4,retained,0;1;2;3;4;5;6
3347,3347,3347,7,4,retained,0;1;2;3;4;5;6
3348,3348,3348,7,4,retained,0;1;2;3;4;5;6
3349,3349,3349,7,4,retained,0;1;2;3;4;5;6
3350,3350,3350,7,4,retained,0;1;2;3;4;5;6
3351,3351,3351,7,4,retained,0;1;2;3;4;5;6
3352,3352,3352,7,4,retained,0;1;2;3;4;5;6
3353,3353,3353,7,4,retained,0;1;2;3;4;5;6
3354,3354,3354,7,4,retained,0;1;2;3;4;5;6
3355,3355,3355,7,4,retained,0;1;2;3;4;5;6
3356,3356,3356,7,4,retained,0;1;2;3;4;5;6
3357,3357,3357,7,3,retained,0;1;2;3;4;5;6
3358,3358,3358,7,4,retained,0;1;2;3;4;5;6
3359,3359,3359,7,4,retained,0;1;2;3;4;5;6
3360,3360,3360,7,3,retained,0;1;2;3;4;5;6
3361,3361,3361,7,3,retained,0;1;2;3;4;5;6
3362,3362,3362,7,4,retained,0;1;2;3;4;5;6
3363,3363,3363,7,4,retained,0;1;2;3;4;5;6
3364,3364,3364,7,3,retained,0;1;2;3;4;5;6
3365,3365,3365,7,3,retained,0;1;2;3;4;5;6
3366,3366,3366,7,4,retained,0;1;2;3;4;5;6
3367,3367,3367,7,4,retained,0;1;2;3;4;5;6
3368,3368,3368,7,4,retained,0;1;2;3;4;5;6
3369,3369,3369,7,4,retained,0;1;2;3;4;5;6
3370,3370,3370,7,4,retained,0;1;2;3;4;5;6
3371,3371,3371,7,4,retained,0;1;2;3;4;5;6
3372,3372,3372,7,4,retained,0;1;2;3;4;5;6
3373,3373,3373,7,4,retained,0;1;2;3;4;5;6
3374,3374,3374,7,4,retained,0;1;2;3;4;5;6
3375,3375,3375,7,4,retained,0;1;2;3;4;5;6
3376,3376,3376,7,4,retained,0;1;2;3;4;5;6
3377,3377,3377,7,4,retained,0;1;2;3;4;5;6
3378,3378,3378,7,4,retained,0;1;2;3;4;5;6
3379,3379,3379,7,4,retained,0;1;2;3;4;5;6
3380,3380,3380,7,4,retained,0;1;2;3;4;5;6
3381,3381,3381,7,4,retained,0;1;2;3;4;5;6
3382,3382,3382,7,4,retained,0;1;2;3;4;5;6
3383,3383,3383,7,4,retained,0;1;2;3;4;5;6
3384,3384,3384,7,4,retained,0;1;2;3;4;5;6
3385,3385,3385,7,3,retained,0;1;2;3;4;5;6
3386,3386,3386,7,4,retained,0;1;2;3;4;5;6
3387,3387,3387,7,4,retained,0;1;2;3;4;5;6
3388,3388,3388,7,4,retained,0;1;2;3;4;5;6
3389,3389,3389,7,3,retained,0;1;2;3;4;5;6
3390,3390,3390,7,4,retained,0;1;2;3;4;5;6
3391,3391,3391,7,4,retained,0;1;2;3;4;5;6
3392,3392,3392,7,4,retained,0;1;2;3;4;5;6
3393,3393,3393,7,2,retained,0;1;2;3;4;5;6
3394,3394,3394,7,2,retained,0;1;2;3;4;5;6
3395,3395,3395,7,3,retained,0;1;2;3;4;5;6
3396,3396,3396,7,3,retained,0;1;2;3;4;5;6
3397,3397,3397,7,4,retained,0;1;2;3;4;5;6
3398,3398,3398,7,2,retained,0;1;2;3;4;5;6
3399,3399,3399,7,2,retained,0;1;2;3;4;5;6
3400,3400,3400,7,3,retained,0;1;2;3;4;5;6
3401,3401,3401,7,2,retained,0;1;2;3;4;5;6
3402,3402,3402,7,2,retained,0;1;2;3;4;5;6
3403,3403,3403,7,2,retained,0;1;2;3;4;5;6
3404,3404,3404,7,3,retained,0;1;2;3;4;5;6
3405,3405,3405,7,4,retained,0;1;2;3;4;5;6
3406,3406,3406,7,3,retained,0;1;2;3;4;5;6
3407,3407,3407,7,4,retained,0;1;2;3;4;5;6
3408,3408,3408,7,4,retained,0;1;2;3;4;5;6
3409,3409,3409,7,4,retained,0;1;2;3;4;5;6
3410,3410,3410,7,4,retained,0;1;2;3;4;5;6
3411,3411,3411,7,4,retained,0;1;2;3;4;5;6
3412,3412,3412,7,4,retained,0;1;2;3;4;5;6
3413,3413,3413,7,4,retained,0;1;2;3;4;5;6
3414,3414,3414,7,4,retained,0;1;2;3;4;5;6
3415,3415,3415,7,4,retained,0;1;2;3;4;5;6
3416,3416,3416,7,4,retained,0;1;2;3;4;5;6
3417,3417,3417,7,4,retained,0;1;2;3;4;5;6
3418,3418,3418,7,4,retained,0;1;2;3;4;5;6
3419,3419,3419,7,4,retained,0;1;2;3;4;5;6
3420,3420,3420,7,4,retained,0;1;2;3;4;5;6
3421,3421,3421,7,4,retained,0;1;2;3;4;5;6
3422,3422,3422,7,3,retained,0;1;2;3;4;5;6
3423,3423,3423,7,3,retained,0;1;2;3;4;5;6
3424,3424,3424,7,3,retained,0;1;2;3;4;5;6
3425,3425,3425,7,3,retained,0;1;2;3;4;5;6
3426,3426,3426,7,4,retained,0;1;2;3;4;5;6
3427,3427,3427,7,3,retained,0;1;2;3;4;5;6
3428,3428,3428,7,3,retained,0;1;2;3;4;5;6
3429,3429,3429,7,3,retained,0;1;2;3;4;5;6
3430,3430,3430,7,4,retained,0;1;2;3;4;5;6
3431,3431,3431,7,3,retained,0;1;2;3;4;5;6
3432,3432,3432,7,3,retained,0;1;2;3;4;5;6
3433,3433,3433,7,4,retained,0;1;2;3;4;5;6
3434,3434,3434,7,3,retained,0;1;2;3;4;5;6
3435,3435,3435,7,4,retained,0;1;2;3;4;5;6
3436,3436,3436,7,4,retained,0;1;2;3;4;5;6
3437,3437,3437,7,4,retained,0;1;2;3;4;5;6
3438,3438,3438,7,4,retained,0;1;2;3;4;5;6
3439,3439,3439,7,4,retained,0;1;2;3;4;5;6
3440,3440,3440,7,4,retained,0;1;2;3;4;5;6
3441,3441,3441,7,3,retained,0;1;2;3;4;5;6
3442,3442,3442,7,4,retained,0;1;2;3;4;5;6
3443,3443,3443,7,3,retained,0;1;2;3;4;5;6
3444,3444,3444,7,3,retained,0;1;2;3;4;5;6
3445,3445,3445,7,3,retained,0;1;2;3;4;5;6
3446,3446,3446,7,3,retained,0;1;2;3;4;5;6
3447,3447,3447,7,4,retained,0;1;2;3;4;5;6
3448,3448,3448,7,4,retained,0;1;2;3;4;5;6
3449,3449,3449,7,3,retained,0;1;2;3;4;5;6
3450,3450,3450,7,4,retained,0;1;2;3;4;5;6
3451,3451,3451,7,4,retained,0;1;2;3;4;5;6
3452,3452,3452,7,4,retained,0;1;2;3;4;5;6
3453,3453,3453,7,3,retained,0;1;2;3;4;5;6
3454,3454,3454,7,4,retained,0;1;2;3;4;5;6
3455,3455,3455,7,4,retained,0;1;2;3;4;5;6
3456,3456,3456,7,4,retained,0;1;2;3;4;5;6
3457,3457,3457,7,4,retained,0;1;2;3;4;5;6
3458,3458,3458,7,4,retained,0;1;2;3;4;5;6
3459,3459,3459,7,4,retained,0;1;2;3;4;5;6
3460,3460,3460,7,2,retained,0;1;2;3;4;5;6
3461,3461,3461,7,4,retained,0;1;2;3;4;5;6
3462,3462,3462,7,4,retained,0;1;2;3;4;5;6
3463,3463,3463,7,4,retained,0;1;2;3;4;5;6
3464,3464,3464,7,4,retained,0;1;2;3;4;5;6
3465,3465,3465,7,2,retained,0;1;2;3;4;5;6
3466,3466,3466,7,3,retained,0;1;2;3;4;5;6
3467,3467,3467,7,3,retained,0;1;2;3;4;5;6
3468,3468,3468,7,3,retained,0;1;2;3;4;5;6
3469,3469,3469,7,2,retained,0;1;2;3;4;5;6
3470,3470,3470,7,2,retained,0;1;2;3;4;5;6
3471,3471,3471,7,2,retained,0;1;2;3;4;5;6
3472,3472,3472,7,3,retained,0;1;2;3;4;5;6
3473,3473,3473,7,4,retained,0;1;2;3;4;5;6
3474,3474,3474,7,2,retained,0;1;2;3;4;5;6
3475,3475,3475,7,2,retained,0;1;2;3;4;5;6
3476,3476,3476,7,3,retained,0;1;2;3;4;5;6
3477,3477,3477,7,4,retained,0;1;2;3;4;5;6
3478,3478,3478,7,2,retained,0;1;2;3;4;5;6
3479,3479,3479,7,3,retained,0;1;2;3;4;5;6
3480,3480,3480,7,4,retained,0;1;2;3;4;5;6
3481,3481,3481,7,3,retained,0;1;2;3;4;5;6
3482,3482,3482,7,4,retained,0;1;2;3;4;5;6
3483,3483,3483,7,4,retained,0;1;2;3;4;5;6
3484,3484,3484,7,3,retained,0;1;2;3;4;5;6
3485,3485,3485,7,3,retained,0;1;2;3;4;5;6
3486,3486,3486,7,3,retained,0;1;2;3;4;5;6
3487,3487,3487,7,4,retained,0;1;2;3;4;5;6
3488,3488,3488,7,4,retained,0;1;2;3;4;5;6
3489,3489,3489,7,4,retained,0;1;2;3;4;5;6
3490,3490,3490,7,4,retained,0;1;2;3;4;5;6
3491,3491,3491,7,4,retained,0;1;2;3;4;5;6
3492,3492,3492,7,4,retained,0;1;2;3;4;5;6
3493,3493,3493,7,4,retained,0;1;2;3;4;5;6
3494,3494,3494,7,1,retained,0;1;2;3;4;5;6
3495,3495,3495,7,2,retained,0;1;2;3;4;5;6
3496,3496,3496,7,2,retained,0;1;2;3;4;5;6
3497,3497,3497,7,3,retained,0;1;2;3;4;5;6
3498,3498,3498,7,4,retained,0;1;2;3;4;5;6
3499,3499,3499,7,4,retained,0;1;2;3;4;5;6
3500,3500,3500,7,2,retained,0;1;2;3;4;5;6
3501,3501,3501,7,2,retained,0;1;2;3;4;5;6
3502,3502,3502,7,4,retained,0;1;2;3;4;5;6
3503,3503,3503,7,3,retained,0;1;2;3;4;5;6
3504,3504,3504,7,4,retained,0;1;2;3;4;5;6
3505,3505,3505,7,3,retained,0;1;2;3;4;5;6
3506,3506,3506,7,4,retained,0;1;2;3;4;5;6
3507,3507,3507,7,3,retained,0;1;2;3;4;5;6
3508,3508,3508,7,4,retained,0;1;2;3;4;5;6
3509,3509,3509,7,4,retained,0;1;2;3;4;5;6
3510,3510,3510,7,1,retained,0;1;2;3;4;5;6
3511,3511,3511,7,2,retained,0;1;2;3;4;5;6
3512,3512,3512,7,3,retained,0;1;2;3;4;5;6
3513,3513,3513,7,2,retained,0;1;2;3;4;5;6
3514,3514,3514,7,3,retained,0;1;2;3;4;5;6
3515,3515,3515,7,3,retained,0;1;2;3;4;5;6
3516,3516,3516,7,3,retained,0;1;2;3;4;5;6
3517,3517,3517,7,4,retained,0;1;2;3;4;5;6
3518,3518,3518,7,4,retained,0;1;2;3;4;5;6
3519,3519,3519,7,3,retained,0;1;2;3;4;5;6
3520,3520,3520,7,3,retained,0;1;2;3;4;5;6
3521,3521,3521,7,4,retained,0;1;2;3;4;5;6
3522,3522,3522,7,4,retained,0;1;2;3;4;5;6
3523,3523,3523,7,3,retained,0;1;2;3;4;5;6
3524,3524,3524,7,3,retained,0;1;2;3;4;5;6
3525,3525,3525,7,3,retained,0;1;2;3;4;5;6
3526,3526,3526,7,4,retained,0;1;2;3;4;5;6
3527,3527,3527,7,4,retained,0;1;2;3;4;5;6
3528,3528,3528,7,4,retained,0;1;2;3;4;5;6
3529,3529,3529,7,1,retained,0;1;2;3;4;5;6
3530,3530,3530,7,3,retained,0;1;2;3;4;5;6
3531,3531,3531,7,2,retained,0;1;2;3;4;5;6
3532,3532,3532,7,4,retained,0;1;2;3;4;5;6
3533,3533,3533,7,3,retained,0;1;2;3;4;5;6
3534,3534,3534,7,1,retained,0;1;2;3;4;5;6
3535,3535,3535,7,2,retained,0;1;2;3;4;5;6
3536,3536,3536,7,2,retained,0;1;2;3;4;5;6
3537,3537,3537,7,3,retained,0;1;2;3;4;5;6
3538,3538,3538,7,2,retained,0;1;2;3;4;5;6
3539,3539,3539,7,3,retained,0;1;2;3;4;5;6
3540,3540,3540,7,2,retained,0;1;2;3;4;5;6
3541,3541,3541,7,4,retained,0;1;2;3;4;5;6
3542,3542,3542,7,2,retained,0;1;2;3;4;5;6
3543,3543,3543,7,4,retained,0;1;2;3;4;5;6
3544,3544,3544,7,4,retained,0;1;2;3;4;5;6
3545,3545,3545,7,2,retained,0;1;2;3;4;5;6
3546,3546,3546,7,3,retained,0;1;2;3;4;5;6
3547,3547,3547,7,3,retained,0;1;2;3;4;5;6
3548,3548,3548,7,4,retained,0;1;2;3;4;5;6
3549,3549,3549,7,3,retained,0;1;2;3;4;5;6
3550,3550,3550,7,3,retained,0;1;2;3;4;5;6
3551,3551,3551,7,4,retained,0;1;2;3;4;5;6
3552,3552,3552,7,2,retained,0;1;2;3;4;5;6
3553,3553,3553,7,3,retained,0;1;2;3;4;5;6
3554,3554,3554,7,3,retained,0;1;2;3;4;5;6
3555,3555,3555,7,4,retained,0;1;2;3;4;5;6
3556,3556,3556,7,3,retained,0;1;2;3;4;5;6
3557,3557,3557,7,4,retained,0;1;2;3;4;5;6
3558,3558,3558,7,4,retained,0;1;2;3;4;5;6
3559,3559,3559,7,4,retained,0;1;2;3;4;5;6
3560,3560,3560,7,2,retained,0;1;2;3;4;5;6
3561,3561,3561,7,2,retained,0;1;2;3;4;5;6
3562,3562,3562,7,3,retained,0;1;2;3;4;5;6
3563,3563,3563,7,3,retained,0;1;2;3;4;5;6
3564,3564,3564,7,4,retained,0;1;2;3;4;5;6
3565,3565,3565,7,4,retained,0;1;2;3;4;5;6
3566,3566,3566,7,4,retained,0;1;2;3;4;5;6
3567,3567,3567,7,4,retained,0;1;2;3;4;5;6
3568,3568,3568,7,3,retained,0;1;2;3;4;5;6
3569,3569,3569,7,4,retained,0;1;2;3;4;5;6
3570,3570,3570,7,4,retained,0;1;2;3;4;5;6
3571,3571,3571,7,4,retained,0;1;2;3;4;5;6
3572,3572,3572,7,4,retained,0;1;2;3;4;5;6
3573,3573,3573,7,3,retained,0;1;2;3;4;5;6
3574,3574,3574,7,4,retained,0;1;2;3;4;5;6
3575,3575,3575,7,4,retained,0;1;2;3;4;5;6
3576,3576,3576,7,4,retained,0;1;2;3;4;5;6
3577,3577,3577,7,4,retained,0;1;2;3;4;5;6
3578,3578,3578,7,3,retained,0;1;2;3;4;5;6
3579,3579,3579,7,2,retained,0;1;2;3;4;5;6
3580,3580,3580,7,4,retained,0;1;2;3;4;5;6
3581,3581,3581,7,3,retained,0;1;2;3;4;5;6
3582,3582,3582,7,4,retained,0;1;2;3;4;5;6
3583,3583,3583,7,3,retained,0;1;2;3;4;5;6
3584,3584,3584,7,4,retained,0;1;2;3;4;5;6
3585,3585,3585,7,3,retained,0;1;2;3;4;5;6
3586,3586,3586,7,4,retained,0;1;2;3;4;5;6
3587,3587,3587,7,4,retained,0;1;2;3;4;5;6
3588,3588,3588,7,4,retained,0;1;2;3;4;5;6
3589,3589,3589,7,4,retained,0;1;2;3;4;5;6
3590,3590,3590,7,4,retained,0;1;2;3;4;5;6
3591,3591,3591,7,4,retained,0;1;2;3;4;5;6
3592,3592,3592,7,3,retained,0;1;2;3;4;5;6
3593,3593,3593,7,4,retained,0;1;2;3;4;5;6
3594,3594,3594,7,3,retained,0;1;2;3;4;5;6
3595,3595,3595,7,4,retained,0;1;2;3;4;5;6
3596,3596,3596,7,4,retained,0;1;2;3;4;5;6
3597,3597,3597,7,4,retained,0;1;2;3;4;5;6
3598,3598,3598,7,4,retained,0;1;2;3;4;5;6
3599,3599,3599,7,3,retained,0;1;2;3;4;5;6
3600,3600,3600,7,3,retained,0;1;2;3;4;5;6
3601,3601,3601,7,3,retained,0;1;2;3;4;5;6
3602,3602,3602,7,3,retained,0;1;2;3;4;5;6
3603,3603,3603,7,4,retained,0;1;2;3;4;5;6
3604,3604,3604,7,3,retained,0;1;2;3;4;5;6
3605,3605,3605,7,3,retained,0;1;2;3;4;5;6
3606,3606,3606,7,4,retained,0;1;2;3;4;5;6
3607,3607,3607,7,4,retained,0;1;2;3;4;5;6
3608,3608,3608,7,4,retained,0;1;2;3;4;5;6
3609,3609,3609,7,3,retained,0;1;2;3;4;5;6
3610,3610,3610,7,4,retained,0;1;2;3;4;5;6
3611,3611,3611,7,4,retained,0;1;2;3;4;5;6
3612,3612,3612,7,4,retained,0;1;2;3;4;5;6
3613,3613,3613,7,3,retained,0;1;2;3;4;5;6
3614,3614,3614,7,2,retained,0;1;2;3;4;5;6
3615,3615,3615,7,3,retained,0;1;2;3;4;5;6
3616,3616,3616,7,4,retained,0;1;2;3;4;5;6
3617,3617,3617,7,3,retained,0;1;2;3;4;5;6
3618,3618,3618,7,3,retained,0;1;2;3;4;5;6
3619,3619,3619,7,4,retained,0;1;2;3;4;5;6
3620,3620,3620,7,3,retained,0;1;2;3;4;5;6
3621,3621,3621,7,3,retained,0;1;2;3;4;5;6
3622,3622,3622,7,4,retained,0;1;2;3;4;5;6
3623,3623,3623,7,4,retained,0;1;2;3;4;5;6
3624,3624,3624,7,4,retained,0;1;2;3;4;5;6
3625,3625,3625,7,4,retained,0;1;2;3;4;5;6
3626,3626,3626,7,4,retained,0;1;2;3;4;5;6
3627,3627,3627,7,3,retained,0;1;2;3;4;5;6
3628,3628,3628,7,4,retained,0;1;2;3;4;5;6
3629,3629,3629,7,4,retained,0;1;2;3;4;5;6
3630,3630,3630,7,4,retained,0;1;2;3;4;5;6
3631,3631,3631,7,4,retained,0;1;2;3;4;5;6
3632,3632,3632,7,4,retained,0;1;2;3;4;5;6
3633,3633,3633,7,4,retained,0;1;2;3;4;5;6
3634,3634,3634,7,4,retained,0;1;2;3;4;5;6
3635,3635,3635,7,4,retained,0;1;2;3;4;5;6
3636,3636,3636,7,4,retained,0;1;2;3;4;5;6
3637,3637,3637,7,4,retained,0;1;2;3;4;5;6
3638,3638,3638,7,2,retained,0;1;2;3;4;5;6
3639,3639,3639,7,4,retained,0;1;2;3;4;5;6
3640,3640,3640,7,3,retained,0;1;2;3;4;5;6
3641,3641,3641,7,3,retained,0;1;2;3;4;5;6
3642,3642,3642,7,4,retained,0;1;2;3;4;5;6
3643,3643,3643,7,4,retained,0;1;2;3;4;5;6
3644,3644,3644,7,4,retained,0;1;2;3;4;5;6
3645,3645,3645,7,4,retained,0;1;2;3;4;5;6
3646,3646,3646,7,3,retained,0;1;2;3;4;5;6
3647,3647,3647,7,4,retained,0;1;2;3;4;5;6
3648,3648,3648,7,4,retained,0;1;2;3;4;5;6
3649,3649,3649,7,4,retained,0;1;2;3;4;5;6
3650,3650,3650,7,4,retained,0;1;2;3;4;5;6
3651,3651,3651,7,4,retained,0;1;2;3;4;5;6
3652,3652,3652,7,4,retained,0;1;2;3;4;5;6
3653,3653,3653,7,4,retained,0;1;2;3;4;5;6
3654,3654,3654,7,3,retained,0;1;2;3;4;5;6
3655,3655,3655,7,4,retained,0;1;2;3;4;5;6
3656,3656,3656,7,2,retained,0;1;2;3;4;5;6
3657,3657,3657,7,2,retained,0;1;2;3;4;5;6
3658,3658,3658,7,4,retained,0;1;2;3;4;5;6
3659,3659,3659,7,3,retained,0;1;2;3;4;5;6
3660,3660,3660,7,2,retained,0;1;2;3;4;5;6
3661,3661,3661,7,3,retained,0;1;2;3;4;5;6
3662,3662,3662,7,4,retained,0;1;2;3;4;5;6
3663,3663,3663,7,4,retained,0;1;2;3;4;5;6
3664,3664,3664,7,4,retained,0;1;2;3;4;5;6
3665,3665,3665,7,4,retained,0;1;2;3;4;5;6
3666,3666,3666,7,4,retained,0;1;2;3;4;5;6
3667,3667,3667,7,4,retained,0;1;2;3;4;5;6
3668,3668,3668,7,4,retained,0;1;2;3;4;5;6
3669,3669,3669,7,2,retained,0;1;2;3;4;5;6
3670,3670,3670,7,4,retained,0;1;2;3;4;5;6
3671,3671,3671,7,4,retained,0;1;2;3;4;5;6
3672,3672,3672,7,3,retained,0;1;2;3;4;5;6
3673,3673,3673,7,4,retained,0;1;2;3;4;5;6
3674,3674,3674,7,4,retained,0;1;2;3;4;5;6
3675,3675,3675,7,3,retained,0;1;2;3;4;5;6
3676,3676,3676,7,2,retained,0;1;2;3;4;5;6
3677,3677,3677,7,4,retained,0;1;2;3;4;5;6
3678,3678,3678,7,4,retained,0;1;2;3;4;5;6
3679,3679,3679,7,4,retained,0;1;2;3;4;5;6
3680,3680,3680,7,3,retained,0;1;2;3;4;5;6
3681,3681,3681,7,4,retained,0;1;2;3;4;5;6
3682,3682,3682,7,4,retained,0;1;2;3;4;5;6
3683,3683,3683,7,4,retained,0;1;2;3;4;5;6
3684,3684,3684,7,4,retained,0;1;2;3;4;5;6
3685,3685,3685,7,4,retained,0;1;2;3;4;5;6
3686,3686,3686,7,4,retained,0;1;2;3;4;5;6
3687,3687,3687,7,2,retained,0;1;2;3;4;5;6
3688,3688,3688,7,4,retained,0;1;2;3;4;5;6
3689,3689,3689,7,4,retained,0;1;2;3;4;5;6
3690,3690,3690,7,2,retained,0;1;2;3;4;5;6
3691,3691,3691,7,3,retained,0;1;2;3;4;5;6
3692,3692,3692,7,3,retained,0;1;2;3;4;5;6
3693,3693,3693,7,4,retained,0;1;2;3;4;5;6
3694,3694,3694,7,4,retained,0;1;2;3;4;5;6
3695,3695,3695,7,4,retained,0;1;2;3;4;5;6
3696,3696,3696,7,2,retained,0;1;2;3;4;5;6
3697,3697,3697,7,4,retained,0;1;2;3;4;5;6
3698,3698,3698,7,4,retained,0;1;2;3;4;5;6
3699,3699,3699,7,3,retained,0;1;2;3;4;5;6
3700,3700,3700,7,4,retained,0;1;2;3;4;5;6
3701,3701,3701,7,3,retained,0;1;2;3;4;5;6
3702,3702,3702,7,4,retained,0;1;2;3;4;5;6
3703,3703,3703,7,2,retained,0;1;2;3;4;5;6
3704,3704,3704,7,2,retained,0;1;2;3;4;5;6
3705,3705,3705,7,3,retained,0;1;2;3;4;5;6
3706,3706,3706,7,2,retained,0;1;2;3;4;5;6
3707,3707,3707,7,2,retained,0;1;2;3;4;5;6
3708,3708,3708,7,3,retained,0;1;2;3;4;5;6
3709,3709,3709,7,2,retained,0;1;2;3;4;5;6
3710,3710,3710,7,3,retained,0;1;2;3;4;5;6
3711,3711,3711,7,4,retained,0;1;2;3;4;5;6
3712,3712,3712,7,3,retained,0;1;2;3;4;5;6
3713,3713,3713,7,3,retained,0;1;2;3;4;5;6
3714,3714,3714,7,3,retained,0;1;2;3;4;5;6
3715,3715,3715,7,3,retained,0;1;2;3;4;5;6
3716,3716,3716,7,4,retained,0;1;2;3;4;5;6
3717,3717,3717,7,4,retained,0;1;2;3;4;5;6
3718,3718,3718,7,3,retained,0;1;2;3;4;5;6
3719,3719,3719,7,4,retained,0;1;2;3;4;5;6
3720,3720,3720,7,4,retained,0;1;2;3;4;5;6
3721,3721,3721,7,3,retained,0;1;2;3;4;5;6
3722,3722,3722,7,4,retained,0;1;2;3;4;5;6
3723,3723,3723,7,4,retained,0;1;2;3;4;5;6
3724,3724,3724,7,3,retained,0;1;2;3;4;5;6
3725,3725,3725,7,3,retained,0;1;2;3;4;5;6
3726,3726,3726,7,4,retained,0;1;2;3;4;5;6
3727,3727,3727,7,3,retained,0;1;2;3;4;5;6
3728,3728,3728,7,4,retained,0;1;2;3;4;5;6
3729,3729,3729,7,2,retained,0;1;2;3;4;5;6
3730,3730,3730,7,4,retained,0;1;2;3;4;5;6
3731,3731,3731,7,3,retained,0;1;2;3;4;5;6
3732,3732,3732,7,4,retained,0;1;2;3;4;5;6
3733,3733,3733,7,3,retained,0;1;2;3;4;5;6
3734,3734,3734,7,4,retained,0;1;2;3;4;5;6
3735,3735,3735,7,3,retained,0;1;2;3;4;5;6
3736,3736,3736,7,4,retained,0;1;2;3;4;5;6
3737,3737,3737,7,3,retained,0;1;2;3;4;5;6
3738,3738,3738,7,3,retained,0;1;2;3;4;5;6
3739,3739,3739,7,4,retained,0;1;2;3;4;5;6
3740,3740,3740,7,4,retained,0;1;2;3;4;5;6
3741,3741,3741,7,4,retained,0;1;2;3;4;5;6
3742,3742,3742,7,4,retained,0;1;2;3;4;5;6
3743,3743,3743,7,3,retained,0;1;2;3;4;5;6
3744,3744,3744,7,3,retained,0;1;2;3;4;5;6
3745,3745,3745,7,4,retained,0;1;2;3;4;5;6
3746,3746,3746,7,3,retained,0;1;2;3;4;5;6
3747,3747,3747,7,4,retained,0;1;2;3;4;5;6
3748,3748,3748,7,3,retained,0;1;2;3;4;5;6
3749,3749,3749,7,4,retained,0;1;2;3;4;5;6
3750,3750,3750,7,3,retained,0;1;2;3;4;5;6
3751,3751,3751,7,4,retained,0;1;2;3;4;5;6
3752,3752,3752,7,4,retained,0;1;2;3;4;5;6
3753,3753,3753,7,3,retained,0;1;2;3;4;5;6
3754,3754,3754,7,4,retained,0;1;2;3;4;5;6
3755,3755,3755,7,3,retained,0;1;2;3;4;5;6
3756,3756,3756,7,3,retained,0;1;2;3;4;5;6
3757,3757,3757,7,3,retained,0;1;2;3;4;5;6
3758,3758,3758,7,4,retained,0;1;2;3;4;5;6
3759,3759,3759,7,3,retained,0;1;2;3;4;5;6
3760,3760,3760,7,3,retained,0;1;2;3;4;5;6
3761,3761,3761,7,4,retained,0;1;2;3;4;5;6
3762,3762,3762,7,4,retained,0;1;2;3;4;5;6
3763,3763,3763,7,3,retained,0;1;2;3;4;5;6
3764,3764,3764,7,4,retained,0;1;2;3;4;5;6
3765,3765,3765,7,4,retained,0;1;2;3;4;5;6
3766,3766,3766,7,4,retained,0;1;2;3;4;5;6
3767,3767,3767,7,4,retained,0;1;2;3;4;5;6
3768,3768,3768,7,4,retained,0;1;2;3;4;5;6
3769,3769,3769,7,4,retained,0;1;2;3;4;5;6
3770,3770,3770,7,4,retained,0;1;2;3;4;5;6
3771,3771,3771,7,4,retained,0;1;2;3;4;5;6
3772,3772,3772,7,4,retained,0;1;2;3;4;5;6
3773,3773,3773,7,4,retained,0;1;2;3;4;5;6
3774,3774,3774,7,4,retained,0;1;2;3;4;5;6
3775,3775,3775,7,4,retained,0;1;2;3;4;5;6
3776,3776,3776,7,4,retained,0;1;2;3;4;5;6
3777,3777,3777,7,4,retained,0;1;2;3;4;5;6
3778,3778,3778,7,4,retained,0;1;2;3;4;5;6
3779,3779,3779,7,4,retained,0;1;2;3;4;5;6
3780,3780,3780,7,4,retained,0;1;2;3;4;5;6
3781,3781,3781,7,4,retained,0;1;2;3;4;5;6
3782,3782,3782,7,4,retained,0;1;2;3;4;5;6
3783,3783,3783,7,4,retained,0;1;2;3;4;5;6
3784,3784,3784,7,4,retained,0;1;2;3;4;5;6
3785,3785,3785,7,4,retained,0;1;2;3;4;5;6
3786,3786,3786,7,4,retained,0;1;2;3;4;5;6
3787,3787,3787,7,4,retained,0;1;2;3;4;5;6
3788,3788,3788,7,4,retained,0;1;2;3;4;5;6
3789,3789,3789,7,4,retained,0;1;2;3;4;5;6
3790,3790,3790,7,4,retained,0;1;2;3;4;5;6
3791,3791,3791,7,3,retained,0;1;2;3;4;5;6
3792,3792,3792,7,3,retained,0;1;2;3;4;5;6
3793,3793,3793,7,4,retained,0;1;2;3;4;5;6
3794,3794,3794,7,4,retained,0;1;2;3;4;5;6
3795,3795,3795,7,4,retained,0;1;2;3;4;5;6
3796,3796,3796,7,3,retained,0;1;2;3;4;5;6
3797,3797,3797,7,3,retained,0;1;2;3;4;5;6
3798,3798,3798,7,3,retained,0;1;2;3;4;5;6
3799,3799,3799,7,3,retained,0;1;2;3;4;5;6
3800,3800,3800,7,3,retained,0;1;2;3;4;5;6
3801,3801,3801,7,3,retained,0;1;2;3;4;5;6
3802,3802,3802,7,3,retained,0;1;2;3;4;5;6
3803,3803,3803,7,4,retained,0;1;2;3;4;5;6
3804,3804,3804,7,4,retained,0;1;2;3;4;5;6
3805,3805,3805,7,3,retained,0;1;2;3;4;5;6
3806,3806,3806,7,4,retained,0;1;2;3;4;5;6
3807,3807,3807,7,4,retained,0;1;2;3;4;5;6
3808,3808,3808,7,4,retained,0;1;2;3;4;5;6
3809,3809,3809,7,4,retained,0;1;2;3;4;5;6
3810,3810,3810,7,3,retained,0;1;2;3;4;5;6
3811,3811,3811,7,4,retained,0;1;2;3;4;5;6
3812,3812,3812,7,4,retained,0;1;2;3;4;5;6
3813,3813,3813,7,4,retained,0;1;2;3;4;5;6
3814,3814,3814,7,4,retained,0;1;2;3;4;5;6
3815,3815,3815,7,4,retained,0;1;2;3;4;5;6
3816,3816,3816,7,4,retained,0;1;2;3;4;5;6
3817,3817,3817,7,4,retained,0;1;2;3;4;5;6
3818,3818,3818,7,3,retained,0;1;2;3;4;5;6
3819,3819,3819,7,4,retained,0;1;2;3;4;5;6
3820,3820,3820,7,4,retained,0;1;2;3;4;5;6
3821,3821,3821,7,4,retained,0;1;2;3;4;5;6
3822,3822,3822,7,4,retained,0;1;2;3;4;5;6
3823,3823,3823,7,4,retained,0;1;2;3;4;5;6
3824,3824,3824,7,4,retained,0;1;2;3;4;5;6
3825,3825,3825,7,3,retained,0;1;2;3;4;5;6
3826,3826,3826,7,3,retained,0;1;2;3;4;5;6
3827,3827,3827,7,3,retained,0;1;2;3;4;5;6
3828,3828,3828,7,4,retained,0;1;2;3;4;5;6
3829,3829,3829,7,4,retained,0;1;2;3;4;5;6
3830,3830,3830,7,3,retained,0;1;2;3;4;5;6
3831,3831,3831,7,3,retained,0;1;2;3;4;5;6
3832,3832,3832,7,3,retained,0;1;2;3;4;5;6
3833,3833,3833,7,4,retained,0;1;2;3;4;5;6
3834,3834,3834,7,4,retained,0;1;2;3;4;5;6
3835,3835,3835,7,4,retained,0;1;2;3;4;5;6
3836,3836,3836,7,3,retained,0;1;2;3;4;5;6
3837,3837,3837,7,4,retained,0;1;2;3;4;5;6
3838,3838,3838,7,4,retained,0;1;2;3;4;5;6
3839,3839,3839,7,4,retained,0;1;2;3;4;5;6
3840,3840,3840,7,4,retained,0;1;2;3;4;5;6
3841,3841,3841,7,4,retained,0;1;2;3;4;5;6
3842,3842,3842,7,3,retained,0;1;2;3;4;5;6
3843,3843,3843,7,4,retained,0;1;2;3;4;5;6
3844,3844,3844,7,4,retained,0;1;2;3;4;5;6
3845,3845,3845,7,4,retained,0;1;2;3;4;5;6
3846,3846,3846,7,3,retained,0;1;2;3;4;5;6
3847,3847,3847,7,3,retained,0;1;2;3;4;5;6
3848,3848,3848,7,3,retained,0;1;2;3;4;5;6
3849,3849,3849,7,3,retained,0;1;2;3;4;5;6
3850,3850,3850,7,4,retained,0;1;2;3;4;5;6
3851,3851,3851,7,4,retained,0;1;2;3;4;5;6
3852,3852,3852,7,4,retained,0;1;2;3;4;5;6
3853,3853,3853,7,3,retained,0;1;2;3;4;5;6
3854,3854,3854,7,4,retained,0;1;2;3;4;5;6
3855,3855,3855,7,3,retained,0;1;2;3;4;5;6
3856,3856,3856,7,4,retained,0;1;2;3;4;5;6
3857,3857,3857,7,4,retained,0;1;2;3;4;5;6
3858,3858,3858,7,4,retained,0;1;2;3;4;5;6
3859,3859,3859,7,4,retained,0;1;2;3;4;5;6
3860,3860,3860,7,4,retained,0;1;2;3;4;5;6
3861,3861,3861,7,4,retained,0;1;2;3;4;5;6
3862,3862,3862,7,4,retained,0;1;2;3;4;5;6
3863,3863,3863,7,3,retained,0;1;2;3;4;5;6
3864,3864,3864,7,4,retained,0;1;2;3;4;5;6
3865,3865,3865,7,4,retained,0;1;2;3;4;5;6
3866,3866,3866,7,4,retained,0;1;2;3;4;5;6
3867,3867,3867,7,4,retained,0;1;2;3;4;5;6
3868,3868,3868,7,4,retained,0;1;2;3;4;5;6
3869,3869,3869,7,4,retained,0;1;2;3;4;5;6
3870,3870,3870,7,4,retained,0;1;2;3;4;5;6
3871,3871,3871,7,4,retained,0;1;2;3;4;5;6
3872,3872,3872,7,3,retained,0;1;2;3;4;5;6
3873,3873,3873,7,4,retained,0;1;2;3;4;5;6
3874,3874,3874,7,4,retained,0;1;2;3;4;5;6
3875,3875,3875,7,4,retained,0;1;2;3;4;5;6
3876,3876,3876,7,4,retained,0;1;2;3;4;5;6
3877,3877,3877,7,4,retained,0;1;2;3;4;5;6
3878,3878,3878,7,4,retained,0;1;2;3;4;5;6
3879,3879,3879,7,4,retained,0;1;2;3;4;5;6
3880,3880,3880,7,4,retained,0;1;2;3;4;5;6
3881,3881,3881,7,4,retained,0;1;2;3;4;5;6
3882,3882,3882,7,4,retained,0;1;2;3;4;5;6
3883,3883,3883,7,4,retained,0;1;2;3;4;5;6
3884,3884,3884,7,4,retained,0;1;2;3;4;5;6
3885,3885,3885,7,4,retained,0;1;2;3;4;5;6
3886,3886,3886,7,4,retained,0;1;2;3;4;5;6
3887,3887,3887,7,4,retained,0;1;2;3;4;5;6
3888,3888,3888,7,4,retained,0;1;2;3;4;5;6
3889,3889,3889,7,4,retained,0;1;2;3;4;5;6
3890,3890,3890,7,4,retained,0;1;2;3;4;5;6
3891,3891,3891,7,4,retained,0;1;2;3;4;5;6
3892,3892,3892,7,4,retained,0;1;2;3;4;5;6
3893,3893,3893,7,4,retained,0;1;2;3;4;5;6
3894,3894,3894,7,4,retained,0;1;2;3;4;5;6
3895,3895,3895,7,4,retained,0;1;2;3;4;5;6
3896,3896,3896,7,4,retained,0;1;2;3;4;5;6
3897,3897,3897,7,4,retained,0;1;2;3;4;5;6
3898,3898,3898,7,4,retained,0;1;2;3;4;5;6
3899,3899,3899,7,4,retained,0;1;2;3;4;5;6
3900,3900,3900,7,4,retained,0;1;2;3;4;5;6
3901,3901,3901,7,4,retained,0;1;2;3;4;5;6
3902,3902,3902,7,4,retained,0;1;2;3;4;5;6
3903,3903,3903,7,4,retained,0;1;2;3;4;5;6
3904,3904,3904,7,4,retained,0;1;2;3;4;5;6
3905,3905,3905,7,4,retained,0;1;2;3;4;5;6
3906,3906,3906,7,4,retained,0;1;2;3;4;5;6
3907,3907,3907,7,4,retained,0;1;2;3;4;5;6
3908,3908,3908,7,4,retained,0;1;2;3;4;5;6
3909,3909,3909,7,4,retained,0;1;2;3;4;5;6
3910,3910,3910,7,4,retained,0;1;2;3;4;5;6
3911,3911,3911,7,4,retained,0;1;2;3;4;5;6
3912,3912,3912,7,4,retained,0;1;2;3;4;5;6
3913,3913,3913,7,4,retained,0;1;2;3;4;5;6
3914,3914,3914,7,4,retained,0;1;2;3;4;5;6
3915,3915,3915,7,4,retained,0;1;2;3;4;5;6
3916,3916,3916,7,4,retained,0;1;2;3;4;5;6
3917,3917,3917,7,4,retained,0;1;2;3;4;5;6
3918,3918,3918,7,4,retained,0;1;2;3;4;5;6
3919,3919,3919,7,4,retained,0;1;2;3;4;5;6
3920,3920,3920,7,4,retained,0;1;2;3;4;5;6
3921,3921,3921,7,4,retained,0;1;2;3;4;5;6
3922,3922,3922,7,4,retained,0;1;2;3;4;5;6
3923,3923,3923,7,4,retained,0;1;2;3;4;5;6
3924,3924,3924,7,4,retained,0;1;2;3;4;5;6
3925,3925,3925,7,4,retained,0;1;2;3;4;5;6
3926,3926,3926,7,4,retained,0;1;2;3;4;5;6
3927,3927,3927,7,4,retained,0;1;2;3;4;5;6
3928,3928,3928,7,4,retained,0;1;2;3;4;5;6
3929,3929,3929,7,4,retained,0;1;2;3;4;5;6
3930,3930,3930,7,4,retained,0;1;2;3;4;5;6
3931,3931,3931,7,4,retained,0;1;2;3;4;5;6
3932,3932,3932,7,4,retained,0;1;2;3;4;5;6
3933,3933,3933,7,4,retained,0;1;2;3;4;5;6
3934,3934,3934,7,4,retained,0;1;2;3;4;5;6
3935,3935,3935,7,4,retained,0;1;2;3;4;5;6
3936,3936,3936,7,4,retained,0;1;2;3;4;5;6
3937,3937,3937,7,4,retained,0;1;2;3;4;5;6
3938,3938,3938,7,4,retained,0;1;2;3;4;5;6
3939,3939,3939,7,4,retained,0;1;2;3;4;5;6
3940,3940,3940,7,4,retained,0;1;2;3;4;5;6
3941,3941,3941,7,4,retained,0;1;2;3;4;5;6
3942,3942,3942,7,4,retained,0;1;2;3;4;5;6
3943,3943,3943,7,4,retained,0;1;2;3;4;5;6
3944,3944,3944,7,4,retained,0;1;2;3;4;5;6
3945,3945,3945,7,4,retained,0;1;2;3;4;5;6
3946,3946,3946,7,4,retained,0;1;2;3;4;5;6
3947,3947,3947,7,4,retained,0;1;2;3;4;5;6
3948,3948,3948,7,4,retained,0;1;2;3;4;5;6
3949,3949,3949,7,4,retained,0;1;2;3;4;5;6
3950,3950,3950,7,4,retained,0;1;2;3;4;5;6
3951,3951,3951,7,4,retained,0;1;2;3;4;5;6
3952,3952,3952,7,4,retained,0;1;2;3;4;5;6
3953,3953,3953,7,4,retained,0;1;2;3;4;5;6
3954,3954,3954,7,4,retained,0;1;2;3;4;5;6
3955,3955,3955,7,4,retained,0;1;2;3;4;5;6
3956,3956,3956,7,4,retained,0;1;2;3;4;5;6
3957,3957,3957,7,4,retained,0;1;2;3;4;5;6
3958,3958,3958,7,4,retained,0;1;2;3;4;5;6
3959,3959,3959,7,4,retained,0;1;2;3;4;5;6
3960,3960,3960,7,4,retained,0;1;2;3;4;5;6
3961,3961,3961,7,4,retained,0;1;2;3;4;5;6
3962,3962,3962,7,4,retained,0;1;2;3;4;5;6
3963,3963,3963,7,1,retained,0;1;2;3;4;5;6
3964,3964,3964,7,1,retained,0;1;2;3;4;5;6
3965,3965,3965,7,4,retained,0;1;2;3;4;5;6
3966,3966,3966,7,3,retained,0;1;2;3;4;5;6
3967,3967,3967,7,1,retained,0;1;2;3;4;5;6
3968,3968,3968,7,2,retained,0;1;2;3;4;5;6
3969,3969,3969,7,3,retained,0;1;2;3;4;5;6
3970,3970,3970,7,3,retained,0;1;2;3;4;5;6
3971,3971,3971,7,3,retained,0;1;2;3;4;5;6
3972,3972,3972,7,2,retained,0;1;2;3;4;5;6
3973,3973,3973,7,4,retained,0;1;2;3;4;5;6
3974,3974,3974,7,3,retained,0;1;2;3;4;5;6
3975,3975,3975,7,2,retained,0;1;2;3;4;5;6
3976,3976,3976,7,4,retained,0;1;2;3;4;5;6
3977,3977,3977,7,4,retained,0;1;2;3;4;5;6
3978,3978,3978,7,3,retained,0;1;2;3;4;5;6
3979,3979,3979,7,3,retained,0;1;2;3;4;5;6
3980,3980,3980,7,4,retained,0;1;2;3;4;5;6
3981,3981,3981,7,4,retained,0;1;2;3;4;5;6
3982,3982,3982,7,4,retained,0;1;2;3;4;5;6
3983,3983,3983,7,4,retained,0;1;2;3;4;5;6
3984,3984,3984,7,2,retained,0;1;2;3;4;5;6
3985,3985,3985,7,2,retained,0;1;2;3;4;5;6
3986,3986,3986,7,2,retained,0;1;2;3;4;5;6
3987,3987,3987,7,2,retained,0;1;2;3;4;5;6
3988,3988,3988,7,3,retained,0;1;2;3;4;5;6
3989,3989,3989,7,4,retained,0;1;2;3;4;5;6
3990,3990,3990,7,2,retained,0;1;2;3;4;5;6
3991,3991,3991,7,3,retained,0;1;2;3;4;5;6
3992,3992,3992,7,3,retained,0;1;2;3;4;5;6
3993,3993,3993,7,2,retained,0;1;2;3;4;5;6
3994,3994,3994,7,4,retained,0;1;2;3;4;5;6
3995,3995,3995,7,4,retained,0;1;2;3;4;5;6
3996,3996,3996,7,3,retained,0;1;2;3;4;5;6
3997,3997,3997,7,4,retained,0;1;2;3;4;5;6
3998,3998,3998,7,4,retained,0;1;2;3;4;5;6
3999,3999,3999,7,3,retained,0;1;2;3;4;5;6
4000,4000,4000,7,4,retained,0;1;2;3;4;5;6
4001,4001,4001,7,4,retained,0;1;2;3;4;5;6
4002,4002,4002,7,3,retained,0;1;2;3;4;5;6
4003,4003,4003,7,3,retained,0;1;2;3;4;5;6
4004,4004,4004,7,3,retained,0;1;2;3;4;5;6
4005,4005,4005,7,4,retained,0;1;2;3;4;5;6
4006,4006,4006,7,1,retained,0;1;2;3;4;5;6
4007,4007,4007,7,1,retained,0;1;2;3;4;5;6
4008,4008,4008,7,2,retained,0;1;2;3;4;5;6
4009,4009,4009,7,3,retained,0;1;2;3;4;5;6
4010,4010,4010,7,4,retained,0;1;2;3;4;5;6
4011,4011,4011,7,2,retained,0;1;2;3;4;5;6
4012,4012,4012,7,4,retained,0;1;2;3;4;5;6
4013,4013,4013,7,4,retained,0;1;2;3;4;5;6
4014,4014,4014,7,3,retained,0;1;2;3;4;5;6
4015,4015,4015,7,3,retained,0;1;2;3;4;5;6
4016,4016,4016,7,4,retained,0;1;2;3;4;5;6
4017,4017,4017,7,4,retained,0;1;2;3;4;5;6
4018,4018,4018,7,2,retained,0;1;2;3;4;5;6
4019,4019,4019,7,3,retained,0;1;2;3;4;5;6
4020,4020,4020,7,3,retained,0;1;2;3;4;5;6
4021,4021,4021,7,3,retained,0;1;2;3;4;5;6
4022,4022,4022,7,3,retained,0;1;2;3;4;5;6
4023,4023,4023,7,4,retained,0;1;2;3;4;5;6
4024,4024,4024,7,3,retained,0;1;2;3;4;5;6
4025,4025,4025,7,2,retained,0;1;2;3;4;5;6
4026,4026,4026,7,4,retained,0;1;2;3;4;5;6
4027,4027,4027,7,3,retained,0;1;2;3;4;5;6
4028,4028,4028,7,4,retained,0;1;2;3;4;5;6
4029,4029,4029,7,4,retained,0;1;2;3;4;5;6
4030,4030,4030,7,3,retained,0;1;2;3;4;5;6
4031,4031,4031,7,3,retained,0;1;2;3;4;5;6
4032,4032,4032,7,4,retained,0;1;2;3;4;5;6
4033,4033,4033,7,4,retained,0;1;2;3;4;5;6
4034,4034,4034,7,2,retained,0;1;2;3;4;5;6
4035,4035,4035,7,2,retained,0;1;2;3;4;5;6
4036,4036,4036,7,4,retained,0;1;2;3;4;5;6
4037,4037,4037,7,2,retained,0;1;2;3;4;5;6
4038,4038,4038,7,2,retained,0;1;2;3;4;5;6
4039,4039,4039,7,2,retained,0;1;2;3;4;5;6
4040,4040,4040,7,3,retained,0;1;2;3;4;5;6
4041,4041,4041,7,3,retained,0;1;2;3;4;5;6
4042,4042,4042,7,3,retained,0;1;2;3;4;5;6
4043,4043,4043,7,3,retained,0;1;2;3;4;5;6
4044,4044,4044,7,4,retained,0;1;2;3;4;5;6
4045,4045,4045,7,4,retained,0;1;2;3;4;5;6
4046,4046,4046,7,4,retained,0;1;2;3;4;5;6
4047,4047,4047,7,4,retained,0;1;2;3;4;5;6
4048,4048,4048,7,2,retained,0;1;2;3;4;5;6
4049,4049,4049,7,1,retained,0;1;2;3;4;5;6
4050,4050,4050,7,2,retained,0;1;2;3;4;5;6
4051,4051,4051,7,2,retained,0;1;2;3;4;5;6
4052,4052,4052,7,1,retained,0;1;2;3;4;5;6
4053,4053,4053,7,2,retained,0;1;2;3;4;5;6
4054,4054,4054,7,3,retained,0;1;2;3;4;5;6
4055,4055,4055,7,2,retained,0;1;2;3;4;5;6
4056,4056,4056,7,4,retained,0;1;2;3;4;5;6
4057,4057,4057,7,4,retained,0;1;2;3;4;5;6
4058,4058,4058,7,4,retained,0;1;2;3;4;5;6
4059,4059,4059,7,3,retained,0;1;2;3;4;5;6
4060,4060,4060,7,4,retained,0;1;2;3;4;5;6
4061,4061,4061,7,4,retained,0;1;2;3;4;5;6
4062,4062,4062,7,4,retained,0;1;2;3;4;5;6
4063,4063,4063,7,2,retained,0;1;2;3;4;5;6
4064,4064,4064,7,4,retained,0;1;2;3;4;5;6
4065,4065,4065,7,4,retained,0;1;2;3;4;5;6
4066,4066,4066,7,4,retained,0;1;2;3;4;5;6
4067,4067,4067,7,2,retained,0;1;2;3;4;5;6
4068,4068,4068,7,2,retained,0;1;2;3;4;5;6
4069,4069,4069,7,3,retained,0;1;2;3;4;5;6
4070,4070,4070,7,3,retained,0;1;2;3;4;5;6
4071,4071,4071,7,3,retained,0;1;2;3;4;5;6
4072,4072,4072,7,4,retained,0;1;2;3;4;5;6
4073,4073,4073,7,4,retained,0;1;2;3;4;5;6
4074,4074,4074,7,3,retained,0;1;2;3;4;5;6
4075,4075,4075,7,3,retained,0;1;2;3;4;5;6
4076,4076,4076,7,3,retained,0;1;2;3;4;5;6
4077,4077,4077,7,3,retained,0;1;2;3;4;5;6
4078,4078,4078,7,3,retained,0;1;2;3;4;5;6
4079,4079,4079,7,3,retained,0;1;2;3;4;5;6
4080,4080,4080,7,3,retained,0;1;2;3;4;5;6
4081,4081,4081,7,4,retained,0;1;2;3;4;5;6
4082,4082,4082,7,4,retained,0;1;2;3;4;5;6
4083,4083,4083,7,4,retained,0;1;2;3;4;5;6
4084,4084,4084,7,4,retained,0;1;2;3;4;5;6
4085,4085,4085,7,4,retained,0;1;2;3;4;5;6
4086,4086,4086,7,4,retained,0;1;2;3;4;5;6
4087,4087,4087,7,4,retained,0;1;2;3;4;5;6
4088,4088,4088,7,4,retained,0;1;2;3;4;5;6
4089,4089,4089,7,4,retained,0;1;2;3;4;5;6
4090,4090,4090,7,4,retained,0;1;2;3;4;5;6
4091,4091,4091,7,4,retained,0;1;2;3;4;5;6
4092,4092,4092,7,4,retained,0;1;2;3;4;5;6
4093,4093,4093,7,4,retained,0;1;2;3;4;5;6
4094,4094,4094,7,4,retained,0;1;2;3;4;5;6
4095,4095,4095,7,4,retained,0;1;2;3;4;5;6
4096,4096,4096,7,4,retained,0;1;2;3;4;5;6
4097,4097,4097,7,3,retained,0;1;2;3;4;5;6
4098,4098,4098,7,3,retained,0;1;2;3;4;5;6
4099,4099,4099,7,3,retained,0;1;2;3;4;5;6
4100,4100,4100,7,3,retained,0;1;2;3;4;5;6
4101,4101,4101,7,4,retained,0;1;2;3;4;5;6
4102,4102,4102,7,4,retained,0;1;2;3;4;5;6
4103,4103,4103,7,4,retained,0;1;2;3;4;5;6
4104,4104,4104,7,3,retained,0;1;2;3;4;5;6
4105,4105,4105,7,3,retained,0;1;2;3;4;5;6
4106,4106,4106,7,4,retained,0;1;2;3;4;5;6
4107,4107,4107,7,4,retained,0;1;2;3;4;5;6
4108,4108,4108,7,4,retained,0;1;2;3;4;5;6
4109,4109,4109,7,2,retained,0;1;2;3;4;5;6
4110,4110,4110,7,4,retained,0;1;2;3;4;5;6
4111,4111,4111,7,4,retained,0;1;2;3;4;5;6
4112,4112,4112,7,4,retained,0;1;2;3;4;5;6
4113,4113,4113,7,3,retained,0;1;2;3;4;5;6
4114,4114,4114,7,4,retained,0;1;2;3;4;5;6
4115,4115,4115,7,4,retained,0;1;2;3;4;5;6
4116,4116,4116,7,3,retained,0;1;2;3;4;5;6
4117,4117,4117,7,3,retained,0;1;2;3;4;5;6
4118,4118,4118,7,4,retained,0;1;2;3;4;5;6
4119,4119,4119,7,4,retained,0;1;2;3;4;5;6
4120,4120,4120,7,4,retained,0;1;2;3;4;5;6
4121,4121,4121,7,3,retained,0;1;2;3;4;5;6
4122,4122,4122,7,4,retained,0;1;2;3;4;5;6
4123,4123,4123,7,3,retained,0;1;2;3;4;5;6
4124,4124,4124,7,4,retained,0;1;2;3;4;5;6
4125,4125,4125,7,4,retained,0;1;2;3;4;5;6
4126,4126,4126,7,4,retained,0;1;2;3;4;5;6
4127,4127,4127,7,4,retained,0;1;2;3;4;5;6
4128,4128,4128,7,4,retained,0;1;2;3;4;5;6
4129,4129,4129,7,2,retained,0;1;2;3;4;5;6
4130,4130,4130,7,3,retained,0;1;2;3;4;5;6
4131,4131,4131,7,4,retained,0;1;2;3;4;5;6
4132,4132,4132,7,4,retained,0;1;2;3;4;5;6
4133,4133,4133,7,4,retained,0;1;2;3;4;5;6
4134,4134,4134,7,4,retained,0;1;2;3;4;5;6
4135,4135,4135,7,4,retained,0;1;2;3;4;5;6
4136,4136,4136,7,4,retained,0;1;2;3;4;5;6
4137,4137,4137,7,3,retained,0;1;2;3;4;5;6
4138,4138,4138,7,3,retained,0;1;2;3;4;5;6
4139,4139,4139,7,3,retained,0;1;2;3;4;5;6
4140,4140,4140,7,4,retained,0;1;2;3;4;5;6
4141,4141,4141,7,3,retained,0;1;2;3;4;5;6
4142,4142,4142,7,3,retained,0;1;2;3;4;5;6
4143,4143,4143,7,3,retained,0;1;2;3;4;5;6
4144,4144,4144,7,3,retained,0;1;2;3;4;5;6
4145,4145,4145,7,4,retained,0;1;2;3;4;5;6
4146,4146,4146,7,2,retained,0;1;2;3;4;5;6
4147,4147,4147,7,2,retained,0;1;2;3;4;5;6
4148,4148,4148,7,3,retained,0;1;2;3;4;5;6
4149,4149,4149,7,4,retained,0;1;2;3;4;5;6
4150,4150,4150,7,3,retained,0;1;2;3;4;5;6
4151,4151,4151,7,3,retained,0;1;2;3;4;5;6
4152,4152,4152,7,4,retained,0;1;2;3;4;5;6
4153,4153,4153,7,3,retained,0;1;2;3;4;5;6
4154,4154,4154,7,4,retained,0;1;2;3;4;5;6
4155,4155,4155,7,3,retained,0;1;2;3;4;5;6
4156,4156,4156,7,3,retained,0;1;2;3;4;5;6
4157,4157,4157,7,4,retained,0;1;2;3;4;5;6
4158,4158,4158,7,4,retained,0;1;2;3;4;5;6
4159,4159,4159,7,3,retained,0;1;2;3;4;5;6
4160,4160,4160,7,3,retained,0;1;2;3;4;5;6
4161,4161,4161,7,3,retained,0;1;2;3;4;5;6
4162,4162,4162,7,4,retained,0;1;2;3;4;5;6
4163,4163,4163,7,3,retained,0;1;2;3;4;5;6
4164,4164,4164,7,4,retained,0;1;2;3;4;5;6
4165,4165,4165,7,4,retained,0;1;2;3;4;5;6
4166,4166,4166,7,3,retained,0;1;2;3;4;5;6
4167,4167,4167,7,2,retained,0;1;2;3;4;5;6
4168,4168,4168,7,3,retained,0;1;2;3;4;5;6
4169,4169,4169,7,4,retained,0;1;2;3;4;5;6
4170,4170,4170,7,4,retained,0;1;2;3;4;5;6
4171,4171,4171,7,4,retained,0;1;2;3;4;5;6
4172,4172,4172,7,4,retained,0;1;2;3;4;5;6
4173,4173,4173,7,4,retained,0;1;2;3;4;5;6
4174,4174,4174,7,4,retained,0;1;2;3;4;5;6
4175,4175,4175,7,4,retained,0;1;2;3;4;5;6
4176,4176,4176,7,3,retained,0;1;2;3;4;5;6
4177,4177,4177,7,4,retained,0;1;2;3;4;5;6
4178,4178,4178,7,2,retained,0;1;2;3;4;5;6
4179,4179,4179,7,4,retained,0;1;2;3;4;5;6
4180,4180,4180,7,4,retained,0;1;2;3;4;5;6
4181,4181,4181,7,4,retained,0;1;2;3;4;5;6
4182,4182,4182,7,4,retained,0;1;2;3;4;5;6
4183,4183,4183,7,3,retained,0;1;2;3;4;5;6
4184,4184,4184,7,4,retained,0;1;2;3;4;5;6
4185,4185,4185,7,4,retained,0;1;2;3;4;5;6
4186,4186,4186,7,4,retained,0;1;2;3;4;5;6
4187,4187,4187,7,4,retained,0;1;2;3;4;5;6
4188,4188,4188,7,4,retained,0;1;2;3;4;5;6
4189,4189,4189,7,4,retained,0;1;2;3;4;5;6
4190,4190,4190,7,4,retained,0;1;2;3;4;5;6
4191,4191,4191,7,4,retained,0;1;2;3;4;5;6
4192,4192,4192,7,4,retained,0;1;2;3;4;5;6
4193,4193,4193,7,3,retained,0;1;2;3;4;5;6
4194,4194,4194,7,4,retained,0;1;2;3;4;5;6
4195,4195,4195,7,4,retained,0;1;2;3;4;5;6
4196,4196,4196,7,4,retained,0;1;2;3;4;5;6
4197,4197,4197,7,4,retained,0;1;2;3;4;5;6
4198,4198,4198,7,1,retained,0;1;2;3;4;5;6
4199,4199,4199,7,3,retained,0;1;2;3;4;5;6
4200,4200,4200,7,2,retained,0;1;2;3;4;5;6
4201,4201,4201,7,2,retained,0;1;2;3;4;5;6
