source_line,representative_source_line,clean_line,rank,multiplicity,kind,permutation_source_to_representative
11486,11485,11485,5,9,literal_repeat,0;1;2;3;4
11488,11487,11486,5,9,literal_repeat,0;1;2;3;4
11491,11490,11488,5,9,literal_repeat,0;1;2;3;4
11494,11493,11490,5,9,literal_repeat,0;1;2;3;4
11512,11511,11507,5,9,literal_repeat,0;1;2;3;4
11517,11516,11511,5,9,literal_repeat,0;1;2;3;4
11520,11519,11513,5,9,literal_repeat,0;1;2;3;4
11530,11529,11522,5,9,literal_repeat,0;1;2;3;4
11533,11532,11524,5,9,literal_repeat,0;1;2;3;4
11537,11536,11527,5,9,literal_repeat,0;1;2;3;4
11540,11539,11529,5,9,literal_repeat,0;1;2;3;4
11559,11558,11547,5,9,literal_repeat,0;1;2;3;4
11561,11560,11548,5,9,literal_repeat,0;1;2;3;4
11566,11565,11552,5,9,literal_repeat,0;1;2;3;4
11568,11567,11553,5,9,literal_repeat,0;1;2;3;4
11571,11570,11555,5,9,literal_repeat,0;1;2;3;4
11573,11572,11556,5,9,literal_repeat,0;1;2;3;4
11577,11576,11559,5,9,literal_repeat,0;1;2;3;4
11579,11578,11560,5,9,literal_repeat,0;1;2;3;4
11582,11581,11562,5,9,literal_repeat,0;1;2;3;4
11585,11584,11564,5,9,literal_repeat,0;1;2;3;4
11587,11586,11565,5,9,literal_repeat,0;1;2;3;4
11590,11589,11567,5,9,literal_repeat,0;1;2;3;4
11594,11593,11570,5,9,literal_repeat,0;1;2;3;4
11597,11596,11572,5,9,literal_repeat,0;1;2;3;4
11602,11601,11576,5,9,new_labelling,0;2;3;1;4
11605,11604,11578,5,9,literal_repeat,0;1;2;3;4
11609,11608,11581,5,9,literal_repeat,0;1;2;3;4
11613,11612,11584,5,9,literal_repeat,0;1;2;3;4
11621,11620,11591,5,9,literal_repeat,0;1;2;3;4
11623,11622,11592,5,9,literal_repeat,0;1;2;3;4
11626,11625,11594,5,9,literal_repeat,0;1;2;3;4
11630,11629,11597,5,9,literal_repeat,0;1;2;3;4
11632,11631,11598,5,9,literal_repeat,0;1;2;3;4
11639,11638,11604,5,9,new_labelling,0;2;1;3;4
11641,11640,11605,5,9,literal_repeat,0;1;2;3;4
11649,11648,11612,5,9,literal_repeat,0;1;2;3;4
11651,11650,11613,5,9,literal_repeat,0;1;2;3;4
11658,11657,11619,5,9,literal_repeat,0;1;2;3;4
11661,11660,11621,5,9,literal_repeat,0;1;2;3;4
11664,11663,11623,5,9,literal_repeat,0;1;2;3;4
11667,11666,11625,5,9,literal_repeat,0;1;2;3;4
11669,11668,11626,5,9,literal_repeat,0;1;2;3;4
11671,11670,11627,5,9,literal_repeat,0;1;2;3;4
11679,11678,11634,5,9,literal_repeat,0;1;2;3;4
11686,11685,11640,5,9,new_labelling,0;1;2;4;3
11689,11688,11642,5,9,new_labelling,0;1;3;2;4
11691,11690,11643,5,9,new_labelling,0;1;3;2;4
11693,11692,11644,5,9,new_labelling,0;1;2;4;3
11702,11701,11652,5,9,literal_repeat,0;1;2;3;4
11708,11707,11657,5,9,literal_repeat,0;1;2;3;4
11710,11709,11658,5,9,literal_repeat,0;1;2;3;4
11713,11712,11660,5,9,literal_repeat,0;1;2;3;4
11715,11714,11661,5,9,literal_repeat,0;1;2;3;4
11718,11717,11663,5,9,new_labelling,0;3;2;1;4
11724,11723,11668,5,9,literal_repeat,0;1;2;3;4
11726,11725,11669,5,9,literal_repeat,0;1;2;3;4
11728,11727,11670,5,9,literal_repeat,0;1;2;3;4
11730,11729,11671,5,9,literal_repeat,0;1;2;3;4
11734,11733,11674,5,9,literal_repeat,0;1;2;3;4
11736,11735,11675,5,9,literal_repeat,0;1;2;3;4
11738,11737,11676,5,9,literal_repeat,0;1;2;3;4
11741,11740,11678,5,9,literal_repeat,0;1;2;3;4
11743,11742,11679,5,9,new_labelling,0;1;2;4;3
11745,11744,11680,5,9,literal_repeat,0;1;2;3;4
11747,11746,11681,5,9,literal_repeat,0;1;2;3;4
11749,11748,11682,5,9,literal_repeat,0;1;2;3;4
11752,11751,11684,5,9,literal_repeat,0;1;2;3;4
11754,11753,11685,5,9,literal_repeat,0;1;2;3;4
11757,11756,11687,5,9,literal_repeat,0;1;2;3;4
11759,11758,11688,5,9,literal_repeat,0;1;2;3;4
11761,11760,11689,5,9,literal_repeat,0;1;2;3;4
11763,11762,11690,5,9,literal_repeat,0;1;2;3;4
11765,11764,11691,5,9,literal_repeat,0;1;2;3;4
11767,11766,11692,5,9,literal_repeat,0;1;2;3;4
11770,11769,11694,5,9,literal_repeat,0;1;2;3;4
11773,11772,11696,5,9,literal_repeat,0;1;2;3;4
11775,11774,11697,5,9,literal_repeat,0;1;2;3;4
11780,11779,11701,5,9,literal_repeat,0;1;2;3;4
11782,11781,11702,5,9,literal_repeat,0;1;2;3;4
11785,11784,11704,5,9,literal_repeat,0;1;2;3;4
11787,11786,11705,5,9,literal_repeat,0;1;2;3;4
11789,11788,11706,5,9,literal_repeat,0;1;2;3;4
11793,11792,11709,5,9,literal_repeat,0;1;2;3;4
11796,11795,11711,5,9,literal_repeat,0;1;2;3;4
11800,11799,11714,5,9,literal_repeat,0;1;2;3;4
11802,11801,11715,5,9,literal_repeat,0;1;2;3;4
11806,11805,11718,5,9,literal_repeat,0;1;2;3;4
11808,11807,11719,5,9,literal_repeat,0;1;2;3;4
11810,11809,11720,5,9,literal_repeat,0;1;2;3;4
11812,11811,11721,5,9,literal_repeat,0;1;2;3;4
11815,11814,11723,5,9,literal_repeat,0;1;2;3;4
11820,11819,11727,5,9,literal_repeat,0;1;2;3;4
11822,11821,11728,5,9,literal_repeat,0;1;2;3;4
11824,11823,11729,5,9,literal_repeat,0;1;2;3;4
11828,11827,11732,5,9,new_labelling,0;2;1;3;4
11830,11829,11733,5,9,literal_repeat,0;1;2;3;4
11832,11831,11734,5,9,new_labelling,0;1;3;2;4
11834,11833,11735,5,9,literal_repeat,0;1;2;3;4
11836,11835,11736,5,9,new_labelling,0;1;3;2;4
11840,11839,11739,5,9,literal_repeat,0;1;2;3;4
11842,11841,11740,5,9,literal_repeat,0;1;2;3;4
11844,11843,11741,5,9,literal_repeat,0;1;2;3;4
11846,11845,11742,5,9,literal_repeat,0;1;2;3;4
11848,11847,11743,5,9,literal_repeat,0;1;2;3;4
11850,11849,11744,5,9,new_labelling,0;1;3;2;4
11852,11851,11745,5,9,literal_repeat,0;1;2;3;4
11856,11855,11748,5,9,literal_repeat,0;1;2;3;4
11858,11857,11749,5,9,literal_repeat,0;1;2;3;4
11860,11859,11750,5,9,literal_repeat,0;1;2;3;4
11862,11861,11751,5,9,literal_repeat,0;1;2;3;4
11864,11863,11752,5,9,literal_repeat,0;1;2;3;4
11870,11869,11757,5,9,literal_repeat,0;1;2;3;4
11877,11876,11763,5,9,literal_repeat,0;1;2;3;4
11879,11878,11764,5,9,literal_repeat,0;1;2;3;4
11881,11880,11765,5,9,literal_repeat,0;1;2;3;4
11883,11882,11766,5,9,literal_repeat,0;1;2;3;4
11885,11884,11767,5,9,literal_repeat,0;1;2;3;4
11887,11886,11768,5,9,literal_repeat,0;1;2;3;4
11889,11888,11769,5,9,literal_repeat,0;1;2;3;4
11892,11891,11771,5,9,literal_repeat,0;1;2;3;4
11895,11894,11773,5,9,literal_repeat,0;1;2;3;4
11898,11897,11775,5,9,literal_repeat,0;1;2;3;4
11900,11899,11776,5,9,literal_repeat,0;1;2;3;4
11904,11903,11779,5,9,literal_repeat,0;1;2;3;4
11906,11905,11780,5,9,literal_repeat,0;1;2;3;4
11908,11907,11781,5,9,literal_repeat,0;1;2;3;4
11910,11909,11782,5,9,literal_repeat,0;1;2;3;4
11912,11911,11783,5,9,literal_repeat,0;1;2;3;4
11914,11913,11784,5,9,literal_repeat,0;1;2;3;4
11916,11915,11785,5,9,literal_repeat,0;1;2;3;4
11918,11917,11786,5,9,literal_repeat,0;1;2;3;4
11920,11919,11787,5,9,literal_repeat,0;1;2;3;4
11922,11921,11788,5,9,literal_repeat,0;1;2;3;4
11924,11923,11789,5,9,literal_repeat,0;1;2;3;4
11927,11926,11791,5,9,literal_repeat,0;1;2;3;4
11929,11928,11792,5,9,literal_repeat,0;1;2;3;4
11932,11931,11794,5,9,literal_repeat,0;1;2;3;4
11934,11933,11795,5,9,literal_repeat,0;1;2;3;4
11936,11935,11796,5,9,literal_repeat,0;1;2;3;4
11938,11937,11797,5,9,literal_repeat,0;1;2;3;4
11941,11940,11799,5,9,literal_repeat,0;1;2;3;4
11943,11942,11800,5,9,literal_repeat,0;1;2;3;4
11946,11945,11802,5,9,literal_repeat,0;1;2;3;4
11951,11950,11806,5,9,literal_repeat,0;1;2;3;4
11953,11952,11807,5,9,literal_repeat,0;1;2;3;4
11955,11954,11808,5,9,literal_repeat,0;1;2;3;4
11958,11957,11810,5,9,literal_repeat,0;1;2;3;4
11960,11959,11811,5,9,literal_repeat,0;1;2;3;4
11962,11961,11812,5,9,literal_repeat,0;1;2;3;4
11964,11963,11813,5,9,literal_repeat,0;1;2;3;4
11966,11965,11814,5,9,literal_repeat,0;1;2;3;4
11971,11970,11818,5,9,literal_repeat,0;1;2;3;4
11973,11972,11819,5,9,literal_repeat,0;1;2;3;4
11978,11977,11823,5,9,literal_repeat,0;1;2;3;4
11980,11979,11824,5,9,literal_repeat,0;1;2;3;4
11986,11985,11829,5,9,literal_repeat,0;1;2;3;4
11988,11987,11830,5,9,literal_repeat,0;1;2;3;4
11990,11989,11831,5,9,literal_repeat,0;1;2;3;4
11992,11991,11832,5,9,literal_repeat,0;1;2;3;4
11994,11993,11833,5,9,literal_repeat,0;1;2;3;4
11996,11995,11834,5,9,literal_repeat,0;1;2;3;4
11998,11997,11835,5,9,literal_repeat,0;1;2;3;4
12000,11999,11836,5,9,new_labelling,0;1;3;2;4
12002,12001,11837,5,9,literal_repeat,0;1;2;3;4
12009,12008,11843,5,9,literal_repeat,0;1;2;3;4
12011,12010,11844,5,9,literal_repeat,0;1;2;3;4
12013,12012,11845,5,9,literal_repeat,0;1;2;3;4
12015,12014,11846,5,9,literal_repeat,0;1;2;3;4
12018,12017,11848,5,9,literal_repeat,0;1;2;3;4
12020,12019,11849,5,9,literal_repeat,0;1;2;3;4
12022,12021,11850,5,9,literal_repeat,0;1;2;3;4
12025,12024,11852,5,9,literal_repeat,0;1;2;3;4
12027,12026,11853,5,9,new_labelling,0;2;1;3;4
12029,12028,11854,5,9,literal_repeat,0;1;2;3;4
12031,12030,11855,5,9,literal_repeat,0;1;2;3;4
12033,12032,11856,5,9,literal_repeat,0;1;2;3;4
12035,12034,11857,5,9,literal_repeat,0;1;2;3;4
12037,12036,11858,5,9,literal_repeat,0;1;2;3;4
12039,12038,11859,5,9,literal_repeat,0;1;2;3;4
12043,12042,11862,5,9,literal_repeat,0;1;2;3;4
12045,12044,11863,5,9,literal_repeat,0;1;2;3;4
12047,12046,11864,5,9,literal_repeat,0;1;2;3;4
12049,12048,11865,5,9,literal_repeat,0;1;2;3;4
12051,12050,11866,5,9,literal_repeat,0;1;2;3;4
12054,12053,11868,5,9,literal_repeat,0;1;2;3;4
12056,12055,11869,5,9,literal_repeat,0;1;2;3;4
12058,12057,11870,5,9,literal_repeat,0;1;2;3;4
12061,12060,11872,5,9,literal_repeat,0;1;2;3;4
12063,12062,11873,5,9,literal_repeat,0;1;2;3;4
12066,12065,11875,5,9,literal_repeat,0;1;2;3;4
12068,12067,11876,5,9,literal_repeat,0;1;2;3;4
12070,12069,11877,5,9,literal_repeat,0;1;2;3;4
12072,12071,11878,5,9,literal_repeat,0;1;2;3;4
12074,12073,11879,5,9,literal_repeat,0;1;2;3;4
12076,12075,11880,5,9,literal_repeat,0;1;2;3;4
12079,12078,11882,5,9,literal_repeat,0;1;2;3;4
12081,12080,11883,5,9,literal_repeat,0;1;2;3;4
12083,12082,11884,5,9,literal_repeat,0;1;2;3;4
12085,12084,11885,5,9,literal_repeat,0;1;2;3;4
12087,12086,11886,5,9,literal_repeat,0;1;2;3;4
12089,12088,11887,5,9,literal_repeat,0;1;2;3;4
12091,12090,11888,5,9,literal_repeat,0;1;2;3;4
12093,12092,11889,5,9,literal_repeat,0;1;2;3;4
12095,12094,11890,5,9,literal_repeat,0;1;2;3;4
12097,12096,11891,5,9,literal_repeat,0;1;2;3;4
12100,12099,11893,5,9,literal_repeat,0;1;2;3;4
12103,12102,11895,5,9,literal_repeat,0;1;2;3;4
12105,12104,11896,5,9,literal_repeat,0;1;2;3;4
12108,12107,11898,5,9,literal_repeat,0;1;2;3;4
12110,12109,11899,5,9,literal_repeat,0;1;2;3;4
12112,12111,11900,5,9,literal_repeat,0;1;2;3;4
12114,12113,11901,5,9,literal_repeat,0;1;2;3;4
12117,12116,11903,5,9,literal_repeat,0;1;2;3;4
12119,12118,11904,5,9,literal_repeat,0;1;2;3;4
12121,12120,11905,5,9,literal_repeat,0;1;2;3;4
12124,12123,11907,5,9,literal_repeat,0;1;2;3;4
12126,12125,11908,5,9,literal_repeat,0;1;2;3;4
12128,12127,11909,5,9,literal_repeat,0;1;2;3;4
12130,12129,11910,5,9,new_labelling,0;1;3;2;4
12132,12131,11911,5,9,literal_repeat,0;1;2;3;4
12134,12133,11912,5,9,new_labelling,0;1;3;2;4
12136,12135,11913,5,9,literal_repeat,0;1;2;3;4
12138,12137,11914,5,9,literal_repeat,0;1;2;3;4
12140,12139,11915,5,9,literal_repeat,0;1;2;3;4
12142,12141,11916,5,9,new_labelling,0;1;3;2;4
12144,12143,11917,5,9,literal_repeat,0;1;2;3;4
12146,12145,11918,5,9,new_labelling,0;1;3;2;4
12148,12147,11919,5,9,new_labelling,0;1;3;2;4
12150,12149,11920,5,9,literal_repeat,0;1;2;3;4
12152,12151,11921,5,9,new_labelling,0;1;3;2;4
12154,12153,11922,5,9,literal_repeat,0;1;2;3;4
12156,12155,11923,5,9,literal_repeat,0;1;2;3;4
12158,12157,11924,5,9,literal_repeat,0;1;2;3;4
12160,12159,11925,5,9,literal_repeat,0;1;2;3;4
12162,12161,11926,5,9,literal_repeat,0;1;2;3;4
12164,12163,11927,5,9,new_labelling,0;1;2;4;3
12166,12165,11928,5,9,new_labelling,0;1;2;4;3
12168,12167,11929,5,9,literal_repeat,0;1;2;3;4
12170,12169,11930,5,9,literal_repeat,0;1;2;3;4
12172,12171,11931,5,9,new_labelling,0;1;2;4;3
12174,12173,11932,5,9,literal_repeat,0;1;2;3;4
12176,12175,11933,5,9,literal_repeat,0;1;2;3;4
12178,12177,11934,5,9,literal_repeat,0;1;2;3;4
12180,12179,11935,5,9,new_labelling,0;1;2;4;3
12182,12181,11936,5,9,literal_repeat,0;1;2;3;4
12184,12183,11937,5,9,literal_repeat,0;1;2;3;4
12186,12185,11938,5,9,literal_repeat,0;1;2;3;4
12188,12187,11939,5,9,literal_repeat,0;1;2;3;4
12190,12189,11940,5,9,literal_repeat,0;1;2;3;4
12192,12191,11941,5,9,literal_repeat,0;1;2;3;4
12194,12193,11942,5,9,literal_repeat,0;1;2;3;4
12196,12195,11943,5,9,literal_repeat,0;1;2;3;4
12198,12197,11944,5,9,literal_repeat,0;1;2;3;4
12200,12199,11945,5,9,literal_repeat,0;1;2;3;4
12202,12201,11946,5,9,literal_repeat,0;1;2;3;4
12204,12203,11947,5,9,literal_repeat,0;1;2;3;4
12206,12205,11948,5,9,literal_repeat,0;1;2;3;4
12208,12207,11949,5,9,literal_repeat,0;1;2;3;4
12210,12209,11950,5,9,new_labelling,0;1;2;4;3
12212,12211,11951,5,9,literal_repeat,0;1;2;3;4
12214,12213,11952,5,9,literal_repeat,0;1;2;3;4
12216,12215,11953,5,9,literal_repeat,0;1;2;3;4
12218,12217,11954,5,9,literal_repeat,0;1;2;3;4
12220,12219,11955,5,9,literal_repeat,0;1;2;3;4
12222,12221,11956,5,9,literal_repeat,0;1;2;3;4
12224,12223,11957,5,9,literal_repeat,0;1;2;3;4
12226,12225,11958,5,9,literal_repeat,0;1;2;3;4
12228,12227,11959,5,9,literal_repeat,0;1;2;3;4
12230,12229,11960,5,9,literal_repeat,0;1;2;3;4
12232,12231,11961,5,9,literal_repeat,0;1;2;3;4
12234,12233,11962,5,9,literal_repeat,0;1;2;3;4
12236,12235,11963,5,9,literal_repeat,0;1;2;3;4
12238,12237,11964,5,9,literal_repeat,0;1;2;3;4
12240,12239,11965,5,9,literal_repeat,0;1;2;3;4
12242,12241,11966,5,9,literal_repeat,0;1;2;3;4
12244,12243,11967,5,9,literal_repeat,0;1;2;3;4
12246,12245,11968,5,9,literal_repeat,0;1;2;3;4
12248,12247,11969,5,9,literal_repeat,0;1;2;3;4
12250,12249,11970,5,9,literal_repeat,0;1;2;3;4
12252,12251,11971,5,9,new_labelling,0;1;2;4;3
12254,12253,11972,5,9,literal_repeat,0;1;2;3;4
12256,12255,11973,5,9,literal_repeat,0;1;2;3;4
12258,12257,11974,5,9,literal_repeat,0;1;2;3;4
12260,12259,11975,5,9,literal_repeat,0;1;2;3;4
12262,12261,11976,5,9,literal_repeat,0;1;2;3;4
12264,12263,11977,5,9,literal_repeat,0;1;2;3;4
12266,12265,11978,5,9,literal_repeat,0;1;2;3;4
12268,12267,11979,5,9,new_labelling,0;1;3;2;4
12270,12269,11980,5,9,literal_repeat,0;1;2;3;4
12272,12271,11981,5,9,literal_repeat,0;1;2;3;4
12274,12273,11982,5,9,literal_repeat,0;1;2;3;4
12276,12275,11983,5,9,literal_repeat,0;1;2;3;4
12278,12277,11984,5,9,literal_repeat,0;1;2;3;4
12280,12279,11985,5,9,literal_repeat,0;1;2;3;4
12282,12281,11986,5,9,literal_repeat,0;1;2;3;4
12284,12283,11987,5,9,literal_repeat,0;1;2;3;4
12286,12285,11988,5,9,literal_repeat,0;1;2;3;4
12288,12287,11989,5,9,literal_repeat,0;1;2;3;4
12290,12289,11990,5,9,literal_repeat,0;1;2;3;4
12292,12291,11991,5,9,literal_repeat,0;1;2;3;4
12294,12293,11992,5,9,literal_repeat,0;1;2;3;4
12296,12295,11993,5,9,literal_repeat,0;1;2;3;4
12298,12297,11994,5,9,literal_repeat,0;1;2;3;4
12300,12299,11995,5,9,literal_repeat,0;1;2;3;4
12302,12301,11996,5,9,literal_repeat,0;1;2;3;4
12304,12303,11997,5,9,literal_repeat,0;1;2;3;4
12306,12305,11998,5,9,literal_repeat,0;1;2;3;4
12308,12307,11999,5,9,literal_repeat,0;1;2;3;4
12310,12309,12000,5,9,literal_repeat,0;1;2;3;4
12312,12311,12001,5,9,literal_repeat,0;1;2;3;4
12314,12313,12002,5,9,literal_repeat,0;1;2;3;4
12316,12315,12003,5,9,literal_repeat,0;1;2;3;4
12318,12317,12004,5,9,literal_repeat,0;1;2;3;4
12320,12319,12005,5,9,literal_repeat,0;1;2;3;4
12322,12321,12006,5,9,new_labelling,0;1;3;2;4
12324,12323,12007,5,9,literal_repeat,0;1;2;3;4
12326,12325,12008,5,9,literal_repeat,0;1;2;3;4
12328,12327,12009,5,9,literal_repeat,0;1;2;3;4
12330,12329,12010,5,9,literal_repeat,0;1;2;3;4
12332,12331,12011,5,9,literal_repeat,0;1;2;3;4
12334,12333,12012,5,9,literal_repeat,0;1;2;3;4
12336,12335,12013,5,9,literal_repeat,0;1;2;3;4
12338,12337,12014,5,9,new_labelling,0;1;3;2;4
12340,12339,12015,5,9,literal_repeat,0;1;2;3;4
12342,12341,12016,5,9,literal_repeat,0;1;2;3;4
12344,12343,12017,5,9,literal_repeat,0;1;2;3;4
12346,12345,12018,5,9,literal_repeat,0;1;2;3;4
12349,12348,12020,5,9,literal_repeat,0;1;2;3;4
12353,12352,12023,5,9,literal_repeat,0;1;2;3;4
12355,12354,12024,5,9,literal_repeat,0;1;2;3;4
12357,12356,12025,5,9,literal_repeat,0;1;2;3;4
12359,12358,12026,5,9,literal_repeat,0;1;2;3;4
12361,12360,12027,5,9,literal_repeat,0;1;2;3;4
12363,12362,12028,5,9,literal_repeat,0;1;2;3;4
12365,12364,12029,5,9,literal_repeat,0;1;2;3;4
12367,12366,12030,5,9,literal_repeat,0;1;2;3;4
12369,12368,12031,5,9,literal_repeat,0;1;2;3;4
12371,12370,12032,5,9,literal_repeat,0;1;2;3;4
12373,12372,12033,5,9,literal_repeat,0;1;2;3;4
12376,12375,12035,5,9,literal_repeat,0;1;2;3;4
12378,12377,12036,5,9,literal_repeat,0;1;2;3;4
12380,12379,12037,5,9,literal_repeat,0;1;2;3;4
12382,12381,12038,5,9,literal_repeat,0;1;2;3;4
12384,12383,12039,5,9,literal_repeat,0;1;2;3;4
12387,12386,12041,5,9,literal_repeat,0;1;2;3;4
12389,12388,12042,5,9,literal_repeat,0;1;2;3;4
12391,12390,12043,5,9,new_labelling,0;1;3;2;4
12393,12392,12044,5,9,literal_repeat,0;1;2;3;4
12395,12394,12045,5,9,literal_repeat,0;1;2;3;4
12397,12396,12046,5,9,literal_repeat,0;1;2;3;4
12399,12398,12047,5,9,literal_repeat,0;1;2;3;4
12401,12400,12048,5,9,new_labelling,0;1;3;2;4
12403,12402,12049,5,9,new_labelling,0;1;3;2;4
12405,12404,12050,5,9,literal_repeat,0;1;2;3;4
12407,12406,12051,5,9,literal_repeat,0;1;2;3;4
12409,12408,12052,5,9,literal_repeat,0;1;2;3;4
12411,12410,12053,5,9,literal_repeat,0;1;2;3;4
12413,12412,12054,5,9,literal_repeat,0;1;2;3;4
12415,12414,12055,5,9,literal_repeat,0;1;2;3;4
12417,12416,12056,5,9,literal_repeat,0;1;2;3;4
12419,12418,12057,5,9,literal_repeat,0;1;2;3;4
12421,12420,12058,5,9,literal_repeat,0;1;2;3;4
12423,12422,12059,5,9,literal_repeat,0;1;2;3;4
12425,12424,12060,5,9,literal_repeat,0;1;2;3;4
12427,12426,12061,5,9,literal_repeat,0;1;2;3;4
12429,12428,12062,5,9,literal_repeat,0;1;2;3;4
12431,12430,12063,5,9,literal_repeat,0;1;2;3;4
12433,12432,12064,5,9,literal_repeat,0;1;2;3;4
12435,12434,12065,5,9,literal_repeat,0;1;2;3;4
12437,12436,12066,5,9,literal_repeat,0;1;2;3;4
12439,12438,12067,5,9,literal_repeat,0;1;2;3;4
12441,12440,12068,5,9,literal_repeat,0;1;2;3;4
12443,12442,12069,5,9,literal_repeat,0;1;2;3;4
12445,12444,12070,5,9,literal_repeat,0;1;2;3;4
12447,12446,12071,5,9,literal_repeat,0;1;2;3;4
12449,12448,12072,5,9,literal_repeat,0;1;2;3;4
12451,12450,12073,5,9,literal_repeat,0;1;2;3;4
12453,12452,12074,5,9,literal_repeat,0;1;2;3;4
12455,12454,12075,5,9,literal_repeat,0;1;2;3;4
12457,12456,12076,5,9,literal_repeat,0;1;2;3;4
12459,12458,12077,5,9,literal_repeat,0;1;2;3;4
12461,12460,12078,5,9,literal_repeat,0;1;2;3;4
12463,12462,12079,5,9,literal_repeat,0;1;2;3;4
12465,12464,12080,5,9,literal_repeat,0;1;2;3;4
12467,12466,12081,5,9,literal_repeat,0;1;2;3;4
12469,12468,12082,5,9,new_labelling,0;1;3;2;4
12471,12470,12083,5,9,new_labelling,0;1;3;4;2
12475,12474,12086,5,9,literal_repeat,0;1;2;3;4
12477,12476,12087,5,9,literal_repeat,0;1;2;3;4
12480,12479,12089,5,9,literal_repeat,0;1;2;3;4
12482,12481,12090,5,9,literal_repeat,0;1;2;3;4
12484,12483,12091,5,9,literal_repeat,0;1;2;3;4
12486,12485,12092,5,9,literal_repeat,0;1;2;3;4
12488,12487,12093,5,9,literal_repeat,0;1;2;3;4
12490,12489,12094,5,9,literal_repeat,0;1;2;3;4
12492,12491,12095,5,9,literal_repeat,0;1;2;3;4
12494,12493,12096,5,9,literal_repeat,0;1;2;3;4
12496,12495,12097,5,9,literal_repeat,0;1;2;3;4
12498,12497,12098,5,9,literal_repeat,0;1;2;3;4
12500,12499,12099,5,9,literal_repeat,0;1;2;3;4
12502,12501,12100,5,9,literal_repeat,0;1;2;3;4
12504,12503,12101,5,9,literal_repeat,0;1;2;3;4
12506,12505,12102,5,9,literal_repeat,0;1;2;3;4
12508,12507,12103,5,9,literal_repeat,0;1;2;3;4
12510,12509,12104,5,9,literal_repeat,0;1;2;3;4
12512,12511,12105,5,9,literal_repeat,0;1;2;3;4
12514,12513,12106,5,9,literal_repeat,0;1;2;3;4
12516,12515,12107,5,9,literal_repeat,0;1;2;3;4
12518,12517,12108,5,9,literal_repeat,0;1;2;3;4
12520,12519,12109,5,9,literal_repeat,0;1;2;3;4
12522,12521,12110,5,9,literal_repeat,0;1;2;3;4
12524,12523,12111,5,9,literal_repeat,0;1;2;3;4
12526,12525,12112,5,9,literal_repeat,0;1;2;3;4
12528,12527,12113,5,9,literal_repeat,0;1;2;3;4
12530,12529,12114,5,9,literal_repeat,0;1;2;3;4
12532,12531,12115,5,9,literal_repeat,0;1;2;3;4
12534,12533,12116,5,9,literal_repeat,0;1;2;3;4
12536,12535,12117,5,9,literal_repeat,0;1;2;3;4
12538,12537,12118,5,9,literal_repeat,0;1;2;3;4
12540,12539,12119,5,9,literal_repeat,0;1;2;3;4
12542,12541,12120,5,9,literal_repeat,0;1;2;3;4
12544,12543,12121,5,9,literal_repeat,0;1;2;3;4
12546,12545,12122,5,9,literal_repeat,0;1;2;3;4
12548,12547,12123,5,9,literal_repeat,0;1;2;3;4
12550,12549,12124,5,9,literal_repeat,0;1;2;3;4
12552,12551,12125,5,9,literal_repeat,0;1;2;3;4
12554,12553,12126,5,9,literal_repeat,0;1;2;3;4
12556,12555,12127,5,9,literal_repeat,0;1;2;3;4
12558,12557,12128,5,9,literal_repeat,0;1;2;3;4
12560,12559,12129,5,9,literal_repeat,0;1;2;3;4
12562,12561,12130,5,9,literal_repeat,0;1;2;3;4
12565,12564,12132,5,9,literal_repeat,0;1;2;3;4
12567,12566,12133,5,9,literal_repeat,0;1;2;3;4
12569,12568,12134,5,9,literal_repeat,0;1;2;3;4
12571,12570,12135,5,9,literal_repeat,0;1;2;3;4
12576,12575,12139,5,9,literal_repeat,0;1;2;3;4
12578,12577,12140,5,9,literal_repeat,0;1;2;3;4
12580,12579,12141,5,9,literal_repeat,0;1;2;3;4
12582,12581,12142,5,9,literal_repeat,0;1;2;3;4
12584,12583,12143,5,9,literal_repeat,0;1;2;3;4
12587,12586,12145,5,9,literal_repeat,0;1;2;3;4
12589,12588,12146,5,9,literal_repeat,0;1;2;3;4
12592,12591,12148,5,9,literal_repeat,0;1;2;3;4
12595,12594,12150,5,9,literal_repeat,0;1;2;3;4
12597,12596,12151,5,9,literal_repeat,0;1;2;3;4
12599,12598,12152,5,9,literal_repeat,0;1;2;3;4
12601,12600,12153,5,9,literal_repeat,0;1;2;3;4
12603,12602,12154,5,9,literal_repeat,0;1;2;3;4
12605,12604,12155,5,9,literal_repeat,0;1;2;3;4
12607,12606,12156,5,9,new_labelling,0;1;3;2;4
12609,12608,12157,5,9,new_labelling,0;1;3;2;4
12611,12610,12158,5,9,literal_repeat,0;1;2;3;4
12613,12612,12159,5,9,new_labelling,0;1;2;4;3
12615,12614,12160,5,9,literal_repeat,0;1;2;3;4
12617,12616,12161,5,9,literal_repeat,0;1;2;3;4
12619,12618,12162,5,9,literal_repeat,0;1;2;3;4
12621,12620,12163,5,9,new_labelling,0;1;2;4;3
12623,12622,12164,5,9,literal_repeat,0;1;2;3;4
12625,12624,12165,5,9,literal_repeat,0;1;2;3;4
12627,12626,12166,5,9,literal_repeat,0;1;2;3;4
12629,12628,12167,5,9,literal_repeat,0;1;2;3;4
12631,12630,12168,5,9,literal_repeat,0;1;2;3;4
12633,12632,12169,5,9,literal_repeat,0;1;2;3;4
12635,12634,12170,5,9,literal_repeat,0;1;2;3;4
12637,12636,12171,5,9,literal_repeat,0;1;2;3;4
12639,12638,12172,5,9,literal_repeat,0;1;2;3;4
12642,12641,12174,5,9,literal_repeat,0;1;2;3;4
12644,12643,12175,5,9,new_labelling,0;2;1;3;4
12646,12645,12176,5,9,literal_repeat,0;1;2;3;4
12648,12647,12177,5,9,literal_repeat,0;1;2;3;4
12650,12649,12178,5,9,literal_repeat,0;1;2;3;4
12652,12651,12179,5,9,literal_repeat,0;1;2;3;4
12654,12653,12180,5,9,new_labelling,0;1;3;2;4
12656,12655,12181,5,9,new_labelling,0;1;3;2;4
12658,12657,12182,5,9,literal_repeat,0;1;2;3;4
12660,12659,12183,5,9,literal_repeat,0;1;2;3;4
12662,12661,12184,5,9,literal_repeat,0;1;2;3;4
12664,12663,12185,5,9,literal_repeat,0;1;2;3;4
12666,12665,12186,5,9,new_labelling,0;1;2;4;3
12668,12667,12187,5,9,literal_repeat,0;1;2;3;4
12670,12669,12188,5,9,literal_repeat,0;1;2;3;4
12672,12671,12189,5,9,literal_repeat,0;1;2;3;4
12674,12673,12190,5,9,new_labelling,0;1;2;4;3
12676,12675,12191,5,9,literal_repeat,0;1;2;3;4
12678,12677,12192,5,9,literal_repeat,0;1;2;3;4
12680,12679,12193,5,9,literal_repeat,0;1;2;3;4
12682,12681,12194,5,9,literal_repeat,0;1;2;3;4
12684,12683,12195,5,9,literal_repeat,0;1;2;3;4
12686,12685,12196,5,9,literal_repeat,0;1;2;3;4
12688,12687,12197,5,9,literal_repeat,0;1;2;3;4
12690,12689,12198,5,9,literal_repeat,0;1;2;3;4
12692,12691,12199,5,9,literal_repeat,0;1;2;3;4
12694,12693,12200,5,9,literal_repeat,0;1;2;3;4
12696,12695,12201,5,9,literal_repeat,0;1;2;3;4
12699,12698,12203,5,9,literal_repeat,0;1;2;3;4
12701,12700,12204,5,9,literal_repeat,0;1;2;3;4
12703,12702,12205,5,9,literal_repeat,0;1;2;3;4
12705,12704,12206,5,9,new_labelling,0;2;1;3;4
12707,12706,12207,5,9,literal_repeat,0;1;2;3;4
12709,12708,12208,5,9,new_labelling,0;1;2;4;3
12711,12710,12209,5,9,literal_repeat,0;1;2;3;4
12713,12712,12210,5,9,literal_repeat,0;1;2;3;4
12715,12714,12211,5,9,literal_repeat,0;1;2;3;4
12717,12716,12212,5,9,literal_repeat,0;1;2;3;4
12719,12718,12213,5,9,literal_repeat,0;1;2;3;4
12721,12720,12214,5,9,literal_repeat,0;1;2;3;4
12723,12722,12215,5,9,literal_repeat,0;1;2;3;4
12725,12724,12216,5,9,literal_repeat,0;1;2;3;4
12728,12727,12218,5,9,literal_repeat,0;1;2;3;4
12730,12729,12219,5,9,literal_repeat,0;1;2;3;4
12732,12731,12220,5,9,literal_repeat,0;1;2;3;4
12734,12733,12221,5,9,literal_repeat,0;1;2;3;4
12736,12735,12222,5,9,literal_repeat,0;1;2;3;4
12738,12737,12223,5,9,literal_repeat,0;1;2;3;4
12740,12739,12224,5,9,literal_repeat,0;1;2;3;4
12742,12741,12225,5,9,literal_repeat,0;1;2;3;4
12744,12743,12226,5,9,literal_repeat,0;1;2;3;4
12746,12745,12227,5,9,literal_repeat,0;1;2;3;4
12748,12747,12228,5,9,literal_repeat,0;1;2;3;4
12750,12749,12229,5,9,literal_repeat,0;1;2;3;4
12752,12751,12230,5,9,literal_repeat,0;1;2;3;4
12754,12753,12231,5,9,literal_repeat,0;1;2;3;4
12756,12755,12232,5,9,literal_repeat,0;1;2;3;4
12758,12757,12233,5,9,literal_repeat,0;1;2;3;4
12760,12759,12234,5,9,literal_repeat,0;1;2;3;4
12762,12761,12235,5,9,literal_repeat,0;1;2;3;4
12764,12763,12236,5,9,literal_repeat,0;1;2;3;4
12766,12765,12237,5,9,literal_repeat,0;1;2;3;4
12768,12767,12238,5,9,literal_repeat,0;1;2;3;4
12770,12769,12239,5,9,literal_repeat,0;1;2;3;4
12772,12771,12240,5,9,literal_repeat,0;1;2;3;4
12774,12773,12241,5,9,literal_repeat,0;1;2;3;4
12776,12775,12242,5,9,literal_repeat,0;1;2;3;4
12778,12777,12243,5,9,literal_repeat,0;1;2;3;4
12780,12779,12244,5,9,literal_repeat,0;1;2;3;4
12782,12781,12245,5,9,literal_repeat,0;1;2;3;4
12784,12783,12246,5,9,literal_repeat,0;1;2;3;4
12786,12785,12247,5,9,literal_repeat,0;1;2;3;4
12788,12787,12248,5,9,new_labelling,0;1;3;2;4
12790,12789,12249,5,9,literal_repeat,0;1;2;3;4
12792,12791,12250,5,9,literal_repeat,0;1;2;3;4
12794,12793,12251,5,9,new_labelling,0;1;2;4;3
12796,12795,12252,5,9,literal_repeat,0;1;2;3;4
12798,12797,12253,5,9,literal_repeat,0;1;2;3;4
12800,12799,12254,5,9,literal_repeat,0;1;2;3;4
12802,12801,12255,5,9,literal_repeat,0;1;2;3;4
12804,12803,12256,5,9,literal_repeat,0;1;2;3;4
12806,12805,12257,5,9,new_labelling,0;1;3;2;4
12808,12807,12258,5,9,literal_repeat,0;1;2;3;4
12810,12809,12259,5,9,literal_repeat,0;1;2;3;4
12812,12811,12260,5,9,literal_repeat,0;1;2;3;4
12814,12813,12261,5,9,literal_repeat,0;1;2;3;4
12816,12815,12262,5,9,new_labelling,0;1;3;2;4
12818,12817,12263,5,9,new_labelling,0;1;3;2;4
12820,12819,12264,5,9,literal_repeat,0;1;2;3;4
12822,12821,12265,5,9,literal_repeat,0;1;2;3;4
12824,12823,12266,5,9,new_labelling,0;1;2;4;3
12826,12825,12267,5,9,new_labelling,0;1;2;4;3
12828,12827,12268,5,9,new_labelling,0;1;2;4;3
12830,12829,12269,5,9,new_labelling,0;1;2;4;3
12832,12831,12270,5,9,literal_repeat,0;1;2;3;4
12834,12833,12271,5,9,new_labelling,0;1;2;4;3
12836,12835,12272,5,9,new_labelling,0;1;2;4;3
12838,12837,12273,5,9,new_labelling,0;1;2;4;3
12840,12839,12274,5,9,literal_repeat,0;1;2;3;4
12842,12841,12275,5,9,literal_repeat,0;1;2;3;4
12844,12843,12276,5,9,literal_repeat,0;1;2;3;4
12846,12845,12277,5,9,literal_repeat,0;1;2;3;4
12848,12847,12278,5,9,literal_repeat,0;1;2;3;4
12851,12850,12280,5,9,literal_repeat,0;1;2;3;4
12853,12852,12281,5,9,literal_repeat,0;1;2;3;4
12855,12854,12282,5,9,literal_repeat,0;1;2;3;4
12857,12856,12283,5,9,literal_repeat,0;1;2;3;4
12859,12858,12284,5,9,literal_repeat,0;1;2;3;4
12861,12860,12285,5,9,literal_repeat,0;1;2;3;4
12863,12862,12286,5,9,literal_repeat,0;1;2;3;4
12865,12864,12287,5,9,literal_repeat,0;1;2;3;4
12867,12866,12288,5,9,literal_repeat,0;1;2;3;4
12869,12868,12289,5,9,literal_repeat,0;1;2;3;4
12871,12870,12290,5,9,literal_repeat,0;1;2;3;4
12873,12872,12291,5,9,literal_repeat,0;1;2;3;4
12875,12874,12292,5,9,literal_repeat,0;1;2;3;4
12877,12876,12293,5,9,literal_repeat,0;1;2;3;4
12879,12878,12294,5,9,literal_repeat,0;1;2;3;4
12881,12880,12295,5,9,literal_repeat,0;1;2;3;4
12883,12882,12296,5,9,new_labelling,0;1;3;2;4
12885,12884,12297,5,9,literal_repeat,0;1;2;3;4
12887,12886,12298,5,9,literal_repeat,0;1;2;3;4
12891,12890,12301,5,9,literal_repeat,0;1;2;3;4
12893,12892,12302,5,9,new_labelling,0;1;3;2;4
12896,12895,12304,5,9,literal_repeat,0;1;2;3;4
12898,12897,12305,5,9,literal_repeat,0;1;2;3;4
12900,12899,12306,5,9,literal_repeat,0;1;2;3;4
12902,12901,12307,5,9,literal_repeat,0;1;2;3;4
12904,12903,12308,5,9,literal_repeat,0;1;2;3;4
12906,12905,12309,5,9,literal_repeat,0;1;2;3;4
12908,12907,12310,5,9,literal_repeat,0;1;2;3;4
12910,12909,12311,5,9,literal_repeat,0;1;2;3;4
12912,12911,12312,5,9,literal_repeat,0;1;2;3;4
13145,13144,12544,5,10,literal_repeat,0;1;2;3;4
13148,13147,12546,5,10,literal_repeat,0;1;2;3;4
13175,13174,12572,5,10,literal_repeat,0;1;2;3;4
13197,13196,12593,5,10,literal_repeat,0;1;2;3;4
13200,13199,12595,5,10,literal_repeat,0;1;2;3;4
13202,13201,12596,5,10,literal_repeat,0;1;2;3;4
13208,13207,12601,5,10,literal_repeat,0;1;2;3;4
13210,13209,12602,5,10,literal_repeat,0;1;2;3;4
13213,13212,12604,5,10,literal_repeat,0;1;2;3;4
13227,13226,12617,5,10,literal_repeat,0;1;2;3;4
13237,13236,12626,5,10,literal_repeat,0;1;2;3;4
13243,13242,12631,5,10,literal_repeat,0;1;2;3;4
13247,13246,12634,5,10,literal_repeat,0;1;2;3;4
13251,13250,12637,5,10,literal_repeat,0;1;2;3;4
13257,13256,12642,5,10,literal_repeat,0;1;2;3;4
13263,13262,12647,5,10,literal_repeat,0;1;2;3;4
13265,13264,12648,5,10,literal_repeat,0;1;2;3;4
13268,13267,12650,5,10,literal_repeat,0;1;2;3;4
13270,13269,12651,5,10,literal_repeat,0;1;2;3;4
13273,13272,12653,5,10,literal_repeat,0;1;2;3;4
13275,13274,12654,5,10,literal_repeat,0;1;2;3;4
13282,13281,12660,5,10,literal_repeat,0;1;2;3;4
13286,13285,12663,5,10,new_labelling,0;1;2;4;3
13300,13299,12676,5,10,new_labelling,0;2;1;3;4
13303,13302,12678,5,10,literal_repeat,0;1;2;3;4
13305,13304,12679,5,10,literal_repeat,0;1;2;3;4
13307,13306,12680,5,10,literal_repeat,0;1;2;3;4
13309,13308,12681,5,10,literal_repeat,0;1;2;3;4
13314,13313,12685,5,10,literal_repeat,0;1;2;3;4
13317,13316,12687,5,10,literal_repeat,0;1;2;3;4
13319,13318,12688,5,10,literal_repeat,0;1;2;3;4
13323,13322,12691,5,10,literal_repeat,0;1;2;3;4
13325,13324,12692,5,10,literal_repeat,0;1;2;3;4
13332,13331,12698,5,10,literal_repeat,0;1;2;3;4
13341,13340,12706,5,10,literal_repeat,0;1;2;3;4
13349,13348,12713,5,10,new_labelling,0;1;2;4;3
13351,13350,12714,5,10,new_labelling,0;1;2;4;3
13355,13354,12717,5,10,literal_repeat,0;1;2;3;4
13357,13356,12718,5,10,literal_repeat,0;1;2;3;4
13363,13362,12723,5,10,literal_repeat,0;1;2;3;4
13382,13381,12741,5,10,literal_repeat,0;1;2;3;4
13384,13383,12742,5,10,literal_repeat,0;1;2;3;4
13397,13396,12754,5,10,literal_repeat,0;1;2;3;4
13407,13406,12763,5,10,new_labelling,0;3;2;1;4
13414,13413,12769,5,10,literal_repeat,0;1;2;3;4
13421,13420,12775,5,10,literal_repeat,0;1;2;3;4
13423,13422,12776,5,10,literal_repeat,0;1;2;3;4
13427,13426,12779,5,10,literal_repeat,0;1;2;3;4
13430,13429,12781,5,10,literal_repeat,0;1;2;3;4
13434,13433,12784,5,10,literal_repeat,0;1;2;3;4
13436,13435,12785,5,10,new_labelling,0;1;2;4;3
13439,13438,12787,5,10,literal_repeat,0;1;2;3;4
13441,13440,12788,5,10,literal_repeat,0;1;2;3;4
13443,13442,12789,5,10,literal_repeat,0;1;2;3;4
13448,13447,12793,5,10,literal_repeat,0;1;2;3;4
13450,13449,12794,5,10,literal_repeat,0;1;2;3;4
13453,13452,12796,5,10,literal_repeat,0;1;2;3;4
13455,13454,12797,5,10,literal_repeat,0;1;2;3;4
13458,13457,12799,5,10,literal_repeat,0;1;2;3;4
13460,13459,12800,5,10,literal_repeat,0;1;2;3;4
13462,13461,12801,5,10,literal_repeat,0;1;2;3;4
13465,13464,12803,5,10,new_labelling,0;1;3;2;4
13467,13466,12804,5,10,literal_repeat,0;1;2;3;4
13469,13468,12805,5,10,literal_repeat,0;1;2;3;4
13471,13470,12806,5,10,literal_repeat,0;1;2;3;4
13474,13473,12808,5,10,literal_repeat,0;1;2;3;4
13477,13476,12810,5,10,literal_repeat,0;1;2;3;4
13481,13480,12813,5,10,literal_repeat,0;1;2;3;4
13483,13482,12814,5,10,literal_repeat,0;1;2;3;4
13485,13484,12815,5,10,literal_repeat,0;1;2;3;4
13487,13486,12816,5,10,literal_repeat,0;1;2;3;4
13490,13489,12818,5,10,literal_repeat,0;1;2;3;4
13493,13492,12820,5,10,literal_repeat,0;1;2;3;4
13498,13497,12824,5,10,literal_repeat,0;1;2;3;4
13500,13499,12825,5,10,literal_repeat,0;1;2;3;4
13503,13502,12827,5,10,literal_repeat,0;1;2;3;4
13506,13505,12829,5,10,literal_repeat,0;1;2;3;4
13508,13507,12830,5,10,literal_repeat,0;1;2;3;4
13510,13509,12831,5,10,literal_repeat,0;1;2;3;4
13513,13512,12833,5,10,literal_repeat,0;1;2;3;4
13515,13514,12834,5,10,literal_repeat,0;1;2;3;4
13518,13517,12836,5,10,literal_repeat,0;1;2;3;4
13522,13521,12839,5,10,literal_repeat,0;1;2;3;4
13525,13524,12841,5,10,literal_repeat,0;1;2;3;4
13527,13526,12842,5,10,literal_repeat,0;1;2;3;4
13529,13528,12843,5,10,literal_repeat,0;1;2;3;4
13532,13531,12845,5,10,literal_repeat,0;1;2;3;4
13534,13533,12846,5,10,literal_repeat,0;1;2;3;4
13538,13537,12849,5,10,literal_repeat,0;1;2;3;4
13540,13539,12850,5,10,literal_repeat,0;1;2;3;4
13542,13541,12851,5,10,literal_repeat,0;1;2;3;4
13544,13543,12852,5,10,new_labelling,0;1;4;2;3
13546,13545,12853,5,10,literal_repeat,0;1;2;3;4
13552,13551,12858,5,10,new_labelling,0;1;3;2;4
13555,13554,12860,5,10,literal_repeat,0;1;2;3;4
13560,13559,12864,5,10,literal_repeat,0;1;2;3;4
13563,13562,12866,5,10,literal_repeat,0;1;2;3;4
13565,13564,12867,5,10,new_labelling,0;2;1;3;4
13567,13566,12868,5,10,literal_repeat,0;1;2;3;4
13570,13569,12870,5,10,new_labelling,0;2;1;3;4
13572,13571,12871,5,10,literal_repeat,0;1;2;3;4
13574,13573,12872,5,10,new_labelling,0;1;3;2;4
13576,13575,12873,5,10,literal_repeat,0;1;2;3;4
13578,13577,12874,5,10,new_labelling,0;1;3;2;4
13580,13579,12875,5,10,literal_repeat,0;1;2;3;4
13582,13581,12876,5,10,literal_repeat,0;1;2;3;4
13585,13584,12878,5,10,literal_repeat,0;1;2;3;4
13589,13588,12881,5,10,literal_repeat,0;1;2;3;4
13592,13591,12883,5,10,literal_repeat,0;1;2;3;4
13594,13593,12884,5,10,new_labelling,0;1;3;2;4
13596,13595,12885,5,10,literal_repeat,0;1;2;3;4
13598,13597,12886,5,10,literal_repeat,0;1;2;3;4
13601,13600,12888,5,10,literal_repeat,0;1;2;3;4
13604,13603,12890,5,10,new_labelling,0;3;2;1;4
13606,13605,12891,5,10,literal_repeat,0;1;2;3;4
13608,13607,12892,5,10,literal_repeat,0;1;2;3;4
13611,13610,12894,5,10,literal_repeat,0;1;2;3;4
13613,13612,12895,5,10,literal_repeat,0;1;2;3;4
13615,13614,12896,5,10,literal_repeat,0;1;2;3;4
13617,13616,12897,5,10,literal_repeat,0;1;2;3;4
13621,13620,12900,5,10,literal_repeat,0;1;2;3;4
13623,13622,12901,5,10,literal_repeat,0;1;2;3;4
13625,13624,12902,5,10,literal_repeat,0;1;2;3;4
13627,13626,12903,5,10,new_labelling,0;1;3;2;4
13631,13630,12906,5,10,literal_repeat,0;1;2;3;4
13633,13632,12907,5,10,new_labelling,0;2;3;1;4
13636,13635,12909,5,10,literal_repeat,0;1;2;3;4
13638,13637,12910,5,10,literal_repeat,0;1;2;3;4
13640,13639,12911,5,10,literal_repeat,0;1;2;3;4
13642,13641,12912,5,10,literal_repeat,0;1;2;3;4
13644,13643,12913,5,10,literal_repeat,0;1;2;3;4
13646,13645,12914,5,10,literal_repeat,0;1;2;3;4
13648,13647,12915,5,10,literal_repeat,0;1;2;3;4
13650,13649,12916,5,10,literal_repeat,0;1;2;3;4
13652,13651,12917,5,10,literal_repeat,0;1;2;3;4
13654,13653,12918,5,10,literal_repeat,0;1;2;3;4
13656,13655,12919,5,10,literal_repeat,0;1;2;3;4
13658,13657,12920,5,10,literal_repeat,0;1;2;3;4
13660,13659,12921,5,10,literal_repeat,0;1;2;3;4
13662,13661,12922,5,10,literal_repeat,0;1;2;3;4
13666,13665,12925,5,10,new_labelling,0;1;2;4;3
13668,13667,12926,5,10,literal_repeat,0;1;2;3;4
13673,13672,12930,5,10,literal_repeat,0;1;2;3;4
13675,13674,12931,5,10,literal_repeat,0;1;2;3;4
13677,13676,12932,5,10,literal_repeat,0;1;2;3;4
13679,13678,12933,5,10,literal_repeat,0;1;2;3;4
13681,13680,12934,5,10,literal_repeat,0;1;2;3;4
13683,13682,12935,5,10,new_labelling,0;1;2;4;3
13685,13684,12936,5,10,literal_repeat,0;1;2;3;4
13687,13686,12937,5,10,literal_repeat,0;1;2;3;4
13690,13689,12939,5,10,literal_repeat,0;1;2;3;4
13692,13691,12940,5,10,literal_repeat,0;1;2;3;4
13694,13693,12941,5,10,literal_repeat,0;1;2;3;4
13696,13695,12942,5,10,literal_repeat,0;1;2;3;4
13698,13697,12943,5,10,literal_repeat,0;1;2;3;4
13700,13699,12944,5,10,literal_repeat,0;1;2;3;4
13702,13701,12945,5,10,literal_repeat,0;1;2;3;4
13704,13703,12946,5,10,literal_repeat,0;1;2;3;4
13708,13707,12949,5,10,literal_repeat,0;1;2;3;4
13713,13712,12953,5,10,literal_repeat,0;1;2;3;4
13715,13714,12954,5,10,literal_repeat,0;1;2;3;4
13718,13717,12956,5,10,literal_repeat,0;1;2;3;4
13720,13719,12957,5,10,literal_repeat,0;1;2;3;4
13722,13721,12958,5,10,literal_repeat,0;1;2;3;4
13726,13725,12961,5,10,literal_repeat,0;1;2;3;4
13728,13727,12962,5,10,literal_repeat,0;1;2;3;4
13733,13732,12966,5,10,literal_repeat,0;1;2;3;4
13736,13735,12968,5,10,literal_repeat,0;1;2;3;4
13738,13737,12969,5,10,literal_repeat,0;1;2;3;4
13740,13739,12970,5,10,literal_repeat,0;1;2;3;4
13742,13741,12971,5,10,literal_repeat,0;1;2;3;4
13744,13743,12972,5,10,literal_repeat,0;1;2;3;4
13746,13745,12973,5,10,literal_repeat,0;1;2;3;4
13748,13747,12974,5,10,literal_repeat,0;1;2;3;4
13750,13749,12975,5,10,literal_repeat,0;1;2;3;4
13752,13751,12976,5,10,literal_repeat,0;1;2;3;4
13754,13753,12977,5,10,literal_repeat,0;1;2;3;4
13756,13755,12978,5,10,literal_repeat,0;1;2;3;4
13758,13757,12979,5,10,literal_repeat,0;1;2;3;4
13760,13759,12980,5,10,literal_repeat,0;1;2;3;4
13762,13761,12981,5,10,literal_repeat,0;1;2;3;4
13765,13764,12983,5,10,literal_repeat,0;1;2;3;4
13767,13766,12984,5,10,literal_repeat,0;1;2;3;4
13770,13769,12986,5,10,literal_repeat,0;1;2;3;4
13773,13772,12988,5,10,literal_repeat,0;1;2;3;4
13775,13774,12989,5,10,literal_repeat,0;1;2;3;4
13777,13776,12990,5,10,literal_repeat,0;1;2;3;4
13779,13778,12991,5,10,literal_repeat,0;1;2;3;4
13781,13780,12992,5,10,literal_repeat,0;1;2;3;4
13785,13784,12995,5,10,literal_repeat,0;1;2;3;4
13787,13786,12996,5,10,literal_repeat,0;1;2;3;4
13792,13791,13000,5,10,literal_repeat,0;1;2;3;4
13794,13793,13001,5,10,literal_repeat,0;1;2;3;4
13797,13796,13003,5,10,literal_repeat,0;1;2;3;4
13799,13798,13004,5,10,new_labelling,0;1;3;2;4
13801,13800,13005,5,10,literal_repeat,0;1;2;3;4
13806,13805,13009,5,10,literal_repeat,0;1;2;3;4
13808,13807,13010,5,10,literal_repeat,0;1;2;3;4
13811,13810,13012,5,10,literal_repeat,0;1;2;3;4
13813,13812,13013,5,10,literal_repeat,0;1;2;3;4
13816,13815,13015,5,10,literal_repeat,0;1;2;3;4
13821,13820,13019,5,10,literal_repeat,0;1;2;3;4
13823,13822,13020,5,10,literal_repeat,0;1;2;3;4
13825,13824,13021,5,10,literal_repeat,0;1;2;3;4
13827,13826,13022,5,10,literal_repeat,0;1;2;3;4
13831,13830,13025,5,10,literal_repeat,0;1;2;3;4
13833,13832,13026,5,10,literal_repeat,0;1;2;3;4
13836,13835,13028,5,10,literal_repeat,0;1;2;3;4
13838,13837,13029,5,10,literal_repeat,0;1;2;3;4
13840,13839,13030,5,10,literal_repeat,0;1;2;3;4
13842,13841,13031,5,10,literal_repeat,0;1;2;3;4
13845,13844,13033,5,10,literal_repeat,0;1;2;3;4
13848,13847,13035,5,10,literal_repeat,0;1;2;3;4
13850,13849,13036,5,10,literal_repeat,0;1;2;3;4
13852,13851,13037,5,10,new_labelling,0;1;2;4;3
13854,13853,13038,5,10,literal_repeat,0;1;2;3;4
13856,13855,13039,5,10,literal_repeat,0;1;2;3;4
13859,13858,13041,5,10,literal_repeat,0;1;2;3;4
13861,13860,13042,5,10,literal_repeat,0;1;2;3;4
13863,13862,13043,5,10,literal_repeat,0;1;2;3;4
13865,13864,13044,5,10,literal_repeat,0;1;2;3;4
13869,13868,13047,5,10,literal_repeat,0;1;2;3;4
13871,13870,13048,5,10,literal_repeat,0;1;2;3;4
13873,13872,13049,5,10,literal_repeat,0;1;2;3;4
13875,13874,13050,5,10,literal_repeat,0;1;2;3;4
13877,13876,13051,5,10,literal_repeat,0;1;2;3;4
13881,13880,13054,5,10,literal_repeat,0;1;2;3;4
13883,13882,13055,5,10,literal_repeat,0;1;2;3;4
13885,13884,13056,5,10,literal_repeat,0;1;2;3;4
13887,13886,13057,5,10,literal_repeat,0;1;2;3;4
13889,13888,13058,5,10,literal_repeat,0;1;2;3;4
13891,13890,13059,5,10,literal_repeat,0;1;2;3;4
13893,13892,13060,5,10,literal_repeat,0;1;2;3;4
13895,13894,13061,5,10,literal_repeat,0;1;2;3;4
13897,13896,13062,5,10,literal_repeat,0;1;2;3;4
13899,13898,13063,5,10,literal_repeat,0;1;2;3;4
13902,13901,13065,5,10,literal_repeat,0;1;2;3;4
13904,13903,13066,5,10,new_labelling,0;1;3;2;4
13906,13905,13067,5,10,literal_repeat,0;1;2;3;4
13909,13908,13069,5,10,literal_repeat,0;1;2;3;4
13911,13910,13070,5,10,literal_repeat,0;1;2;3;4
13913,13912,13071,5,10,literal_repeat,0;1;2;3;4
13915,13914,13072,5,10,literal_repeat,0;1;2;3;4
13917,13916,13073,5,10,literal_repeat,0;1;2;3;4
13919,13918,13074,5,10,literal_repeat,0;1;2;3;4
13921,13920,13075,5,10,literal_repeat,0;1;2;3;4
13923,13922,13076,5,10,literal_repeat,0;1;2;3;4
13925,13924,13077,5,10,literal_repeat,0;1;2;3;4
13927,13926,13078,5,10,literal_repeat,0;1;2;3;4
13929,13928,13079,5,10,literal_repeat,0;1;2;3;4
13931,13930,13080,5,10,literal_repeat,0;1;2;3;4
13933,13932,13081,5,10,literal_repeat,0;1;2;3;4
13935,13934,13082,5,10,literal_repeat,0;1;2;3;4
13937,13936,13083,5,10,literal_repeat,0;1;2;3;4
13939,13938,13084,5,10,literal_repeat,0;1;2;3;4
13942,13941,13086,5,10,literal_repeat,0;1;2;3;4
13944,13943,13087,5,10,literal_repeat,0;1;2;3;4
13946,13945,13088,5,10,literal_repeat,0;1;2;3;4
13948,13947,13089,5,10,literal_repeat,0;1;2;3;4
13950,13949,13090,5,10,literal_repeat,0;1;2;3;4
13952,13951,13091,5,10,literal_repeat,0;1;2;3;4
13954,13953,13092,5,10,literal_repeat,0;1;2;3;4
13956,13955,13093,5,10,literal_repeat,0;1;2;3;4
13958,13957,13094,5,10,literal_repeat,0;1;2;3;4
13960,13959,13095,5,10,literal_repeat,0;1;2;3;4
13962,13961,13096,5,10,literal_repeat,0;1;2;3;4
13964,13963,13097,5,10,literal_repeat,0;1;2;3;4
13966,13965,13098,5,10,literal_repeat,0;1;2;3;4
13968,13967,13099,5,10,literal_repeat,0;1;2;3;4
13970,13969,13100,5,10,literal_repeat,0;1;2;3;4
13972,13971,13101,5,10,literal_repeat,0;1;2;3;4
13974,13973,13102,5,10,literal_repeat,0;1;2;3;4
13976,13975,13103,5,10,literal_repeat,0;1;2;3;4
13978,13977,13104,5,10,literal_repeat,0;1;2;3;4
13980,13979,13105,5,10,literal_repeat,0;1;2;3;4
13982,13981,13106,5,10,new_labelling,0;1;3;2;4
13984,13983,13107,5,10,literal_repeat,0;1;2;3;4
13986,13985,13108,5,10,literal_repeat,0;1;2;3;4
13988,13987,13109,5,10,literal_repeat,0;1;2;3;4
13990,13989,13110,5,10,new_labelling,0;1;3;2;4
13992,13991,13111,5,10,literal_repeat,0;1;2;3;4
13994,13993,13112,5,10,literal_repeat,0;1;2;3;4
13996,13995,13113,5,10,literal_repeat,0;1;2;3;4
13998,13997,13114,5,10,literal_repeat,0;1;2;3;4
14000,13999,13115,5,10,new_labelling,0;1;3;2;4
14002,14001,13116,5,10,new_labelling,0;1;3;2;4
14004,14003,13117,5,10,literal_repeat,0;1;2;3;4
14006,14005,13118,5,10,literal_repeat,0;1;2;3;4
14008,14007,13119,5,10,new_labelling,0;1;3;2;4
14010,14009,13120,5,10,new_labelling,0;1;3;2;4
14012,14011,13121,5,10,new_labelling,0;1;3;2;4
14014,14013,13122,5,10,literal_repeat,0;1;2;3;4
14016,14015,13123,5,10,literal_repeat,0;1;2;3;4
14018,14017,13124,5,10,literal_repeat,0;1;2;3;4
14020,14019,13125,5,10,new_labelling,0;1;2;4;3
14022,14021,13126,5,10,new_labelling,0;1;2;4;3
14024,14023,13127,5,10,literal_repeat,0;1;2;3;4
14026,14025,13128,5,10,new_labelling,0;1;2;4;3
14028,14027,13129,5,10,literal_repeat,0;1;2;3;4
14030,14029,13130,5,10,new_labelling,0;1;2;4;3
14032,14031,13131,5,10,new_labelling,0;1;2;4;3
14034,14033,13132,5,10,literal_repeat,0;1;2;3;4
14036,14035,13133,5,10,literal_repeat,0;1;2;3;4
14038,14037,13134,5,10,literal_repeat,0;1;2;3;4
14040,14039,13135,5,10,literal_repeat,0;1;2;3;4
14042,14041,13136,5,10,literal_repeat,0;1;2;3;4
14044,14043,13137,5,10,literal_repeat,0;1;2;3;4
14046,14045,13138,5,10,new_labelling,0;1;2;4;3
14048,14047,13139,5,10,literal_repeat,0;1;2;3;4
14050,14049,13140,5,10,literal_repeat,0;1;2;3;4
14052,14051,13141,5,10,new_labelling,0;1;2;4;3
14054,14053,13142,5,10,new_labelling,0;1;2;4;3
14056,14055,13143,5,10,literal_repeat,0;1;2;3;4
14058,14057,13144,5,10,new_labelling,0;1;2;4;3
14060,14059,13145,5,10,literal_repeat,0;1;2;3;4
14062,14061,13146,5,10,literal_repeat,0;1;2;3;4
14064,14063,13147,5,10,literal_repeat,0;1;2;3;4
14066,14065,13148,5,10,literal_repeat,0;1;2;3;4
14068,14067,13149,5,10,literal_repeat,0;1;2;3;4
14070,14069,13150,5,10,literal_repeat,0;1;2;3;4
14072,14071,13151,5,10,literal_repeat,0;1;2;3;4
14074,14073,13152,5,10,literal_repeat,0;1;2;3;4
14076,14075,13153,5,10,literal_repeat,0;1;2;3;4
14078,14077,13154,5,10,literal_repeat,0;1;2;3;4
14080,14079,13155,5,10,literal_repeat,0;1;2;3;4
14082,14081,13156,5,10,literal_repeat,0;1;2;3;4
14084,14083,13157,5,10,literal_repeat,0;1;2;3;4
14086,14085,13158,5,10,new_labelling,0;1;2;4;3
14088,14087,13159,5,10,literal_repeat,0;1;2;3;4
14090,14089,13160,5,10,literal_repeat,0;1;2;3;4
14092,14091,13161,5,10,literal_repeat,0;1;2;3;4
14094,14093,13162,5,10,literal_repeat,0;1;2;3;4
14096,14095,13163,5,10,literal_repeat,0;1;2;3;4
14098,14097,13164,5,10,literal_repeat,0;1;2;3;4
14100,14099,13165,5,10,literal_repeat,0;1;2;3;4
14102,14101,13166,5,10,literal_repeat,0;1;2;3;4
14104,14103,13167,5,10,literal_repeat,0;1;2;3;4
14106,14105,13168,5,10,literal_repeat,0;1;2;3;4
14108,14107,13169,5,10,literal_repeat,0;1;2;3;4
14110,14109,13170,5,10,literal_repeat,0;1;2;3;4
14112,14111,13171,5,10,literal_repeat,0;1;2;3;4
14114,14113,13172,5,10,new_labelling,0;1;2;4;3
14116,14115,13173,5,10,literal_repeat,0;1;2;3;4
14118,14117,13174,5,10,literal_repeat,0;1;2;3;4
14120,14119,13175,5,10,literal_repeat,0;1;2;3;4
14122,14121,13176,5,10,literal_repeat,0;1;2;3;4
14124,14123,13177,5,10,literal_repeat,0;1;2;3;4
14126,14125,13178,5,10,literal_repeat,0;1;2;3;4
14128,14127,13179,5,10,literal_repeat,0;1;2;3;4
14130,14129,13180,5,10,literal_repeat,0;1;2;3;4
14132,14131,13181,5,10,literal_repeat,0;1;2;3;4
14134,14133,13182,5,10,literal_repeat,0;1;2;3;4
14136,14135,13183,5,10,literal_repeat,0;1;2;3;4
14138,14137,13184,5,10,new_labelling,0;1;2;4;3
14140,14139,13185,5,10,literal_repeat,0;1;2;3;4
14142,14141,13186,5,10,literal_repeat,0;1;2;3;4
14144,14143,13187,5,10,literal_repeat,0;1;2;3;4
14146,14145,13188,5,10,literal_repeat,0;1;2;3;4
14148,14147,13189,5,10,literal_repeat,0;1;2;3;4
14150,14149,13190,5,10,literal_repeat,0;1;2;3;4
14152,14151,13191,5,10,literal_repeat,0;1;2;3;4
14154,14153,13192,5,10,literal_repeat,0;1;2;3;4
14156,14155,13193,5,10,literal_repeat,0;1;2;3;4
14158,14157,13194,5,10,literal_repeat,0;1;2;3;4
14160,14159,13195,5,10,literal_repeat,0;1;2;3;4
14162,14161,13196,5,10,literal_repeat,0;1;2;3;4
14164,14163,13197,5,10,literal_repeat,0;1;2;3;4
14166,14165,13198,5,10,literal_repeat,0;1;2;3;4
14168,14167,13199,5,10,literal_repeat,0;1;2;3;4
14170,14169,13200,5,10,literal_repeat,0;1;2;3;4
14172,14171,13201,5,10,literal_repeat,0;1;2;3;4
14174,14173,13202,5,10,literal_repeat,0;1;2;3;4
14176,14175,13203,5,10,literal_repeat,0;1;2;3;4
14178,14177,13204,5,10,literal_repeat,0;1;2;3;4
14180,14179,13205,5,10,literal_repeat,0;1;2;3;4
14182,14181,13206,5,10,literal_repeat,0;1;2;3;4
14184,14183,13207,5,10,literal_repeat,0;1;2;3;4
14186,14185,13208,5,10,literal_repeat,0;1;2;3;4
14188,14187,13209,5,10,literal_repeat,0;1;2;3;4
14190,14189,13210,5,10,literal_repeat,0;1;2;3;4
14192,14191,13211,5,10,literal_repeat,0;1;2;3;4
14194,14193,13212,5,10,literal_repeat,0;1;2;3;4
14196,14195,13213,5,10,literal_repeat,0;1;2;3;4
14198,14197,13214,5,10,literal_repeat,0;1;2;3;4
14200,14199,13215,5,10,literal_repeat,0;1;2;3;4
14202,14201,13216,5,10,literal_repeat,0;1;2;3;4
14204,14203,13217,5,10,literal_repeat,0;1;2;3;4
14206,14205,13218,5,10,literal_repeat,0;1;2;3;4
14208,14207,13219,5,10,literal_repeat,0;1;2;3;4
14210,14209,13220,5,10,literal_repeat,0;1;2;3;4
14212,14211,13221,5,10,literal_repeat,0;1;2;3;4
14214,14213,13222,5,10,literal_repeat,0;1;2;3;4
14216,14215,13223,5,10,literal_repeat,0;1;2;3;4
14218,14217,13224,5,10,literal_repeat,0;1;2;3;4
14220,14219,13225,5,10,literal_repeat,0;1;2;3;4
14222,14221,13226,5,10,literal_repeat,0;1;2;3;4
14224,14223,13227,5,10,literal_repeat,0;1;2;3;4
14226,14225,13228,5,10,literal_repeat,0;1;2;3;4
14228,14227,13229,5,10,literal_repeat,0;1;2;3;4
14230,14229,13230,5,10,literal_repeat,0;1;2;3;4
14232,14231,13231,5,10,literal_repeat,0;1;2;3;4
14234,14233,13232,5,10,literal_repeat,0;1;2;3;4
14236,14235,13233,5,10,literal_repeat,0;1;2;3;4
14238,14237,13234,5,10,literal_repeat,0;1;2;3;4
14240,14239,13235,5,10,literal_repeat,0;1;2;3;4
14242,14241,13236,5,10,literal_repeat,0;1;2;3;4
14244,14243,13237,5,10,literal_repeat,0;1;2;3;4
14246,14245,13238,5,10,literal_repeat,0;1;2;3;4
14248,14247,13239,5,10,literal_repeat,0;1;2;3;4
14250,14249,13240,5,10,literal_repeat,0;1;2;3;4
14252,14251,13241,5,10,literal_repeat,0;1;2;3;4
14254,14253,13242,5,10,new_labelling,0;1;4;3;2
14256,14255,13243,5,10,literal_repeat,0;1;2;3;4
14258,14257,13244,5,10,literal_repeat,0;1;2;3;4
14260,14259,13245,5,10,new_labelling,0;1;3;2;4
14263,14262,13247,5,10,literal_repeat,0;1;2;3;4
14265,14264,13248,5,10,literal_repeat,0;1;2;3;4
14268,14267,13250,5,10,literal_repeat,0;1;2;3;4
14270,14269,13251,5,10,literal_repeat,0;1;2;3;4
14272,14271,13252,5,10,literal_repeat,0;1;2;3;4
14274,14273,13253,5,10,new_labelling,0;1;3;2;4
14276,14275,13254,5,10,literal_repeat,0;1;2;3;4
14281,14280,13258,5,10,literal_repeat,0;1;2;3;4
14283,14282,13259,5,10,literal_repeat,0;1;2;3;4
14285,14284,13260,5,10,literal_repeat,0;1;2;3;4
14287,14286,13261,5,10,literal_repeat,0;1;2;3;4
14290,14289,13263,5,10,literal_repeat,0;1;2;3;4
14292,14291,13264,5,10,literal_repeat,0;1;2;3;4
14297,14296,13268,5,10,literal_repeat,0;1;2;3;4
14301,14300,13271,5,10,literal_repeat,0;1;2;3;4
14304,14303,13273,5,10,literal_repeat,0;1;2;3;4
14306,14305,13274,5,10,literal_repeat,0;1;2;3;4
14308,14307,13275,5,10,literal_repeat,0;1;2;3;4
14310,14309,13276,5,10,literal_repeat,0;1;2;3;4
14312,14311,13277,5,10,new_labelling,0;1;3;2;4
14314,14313,13278,5,10,literal_repeat,0;1;2;3;4
14316,14315,13279,5,10,literal_repeat,0;1;2;3;4
14318,14317,13280,5,10,literal_repeat,0;1;2;3;4
14321,14320,13282,5,10,literal_repeat,0;1;2;3;4
14323,14322,13283,5,10,literal_repeat,0;1;2;3;4
14325,14324,13284,5,10,literal_repeat,0;1;2;3;4
14327,14326,13285,5,10,literal_repeat,0;1;2;3;4
14330,14329,13287,5,10,literal_repeat,0;1;2;3;4
14333,14332,13289,5,10,literal_repeat,0;1;2;3;4
14335,14334,13290,5,10,literal_repeat,0;1;2;3;4
14337,14336,13291,5,10,literal_repeat,0;1;2;3;4
14341,14340,13294,5,10,literal_repeat,0;1;2;3;4
14343,14342,13295,5,10,literal_repeat,0;1;2;3;4
14345,14344,13296,5,10,literal_repeat,0;1;2;3;4
14347,14346,13297,5,10,literal_repeat,0;1;2;3;4
14349,14348,13298,5,10,new_labelling,0;1;3;2;4
14351,14350,13299,5,10,literal_repeat,0;1;2;3;4
14353,14352,13300,5,10,literal_repeat,0;1;2;3;4
14355,14354,13301,5,10,new_labelling,0;1;3;2;4
14357,14356,13302,5,10,new_labelling,0;1;2;4;3
14359,14358,13303,5,10,literal_repeat,0;1;2;3;4
14361,14360,13304,5,10,literal_repeat,0;1;2;3;4
14363,14362,13305,5,10,literal_repeat,0;1;2;3;4
14365,14364,13306,5,10,literal_repeat,0;1;2;3;4
14367,14366,13307,5,10,literal_repeat,0;1;2;3;4
14369,14368,13308,5,10,literal_repeat,0;1;2;3;4
14371,14370,13309,5,10,literal_repeat,0;1;2;3;4
14373,14372,13310,5,10,literal_repeat,0;1;2;3;4
14375,14374,13311,5,10,literal_repeat,0;1;2;3;4
14377,14376,13312,5,10,literal_repeat,0;1;2;3;4
14379,14378,13313,5,10,literal_repeat,0;1;2;3;4
14381,14380,13314,5,10,literal_repeat,0;1;2;3;4
14383,14382,13315,5,10,literal_repeat,0;1;2;3;4
14385,14384,13316,5,10,literal_repeat,0;1;2;3;4
14387,14386,13317,5,10,literal_repeat,0;1;2;3;4
14389,14388,13318,5,10,literal_repeat,0;1;2;3;4
14391,14390,13319,5,10,literal_repeat,0;1;2;3;4
14393,14392,13320,5,10,literal_repeat,0;1;2;3;4
14395,14394,13321,5,10,literal_repeat,0;1;2;3;4
14397,14396,13322,5,10,literal_repeat,0;1;2;3;4
14399,14398,13323,5,10,literal_repeat,0;1;2;3;4
14401,14400,13324,5,10,literal_repeat,0;1;2;3;4
14403,14402,13325,5,10,literal_repeat,0;1;2;3;4
14405,14404,13326,5,10,literal_repeat,0;1;2;3;4
14407,14406,13327,5,10,literal_repeat,0;1;2;3;4
14409,14408,13328,5,10,literal_repeat,0;1;2;3;4
14411,14410,13329,5,10,literal_repeat,0;1;2;3;4
14413,14412,13330,5,10,literal_repeat,0;1;2;3;4
14415,14414,13331,5,10,literal_repeat,0;1;2;3;4
14417,14416,13332,5,10,literal_repeat,0;1;2;3;4
14419,14418,13333,5,10,literal_repeat,0;1;2;3;4
14421,14420,13334,5,10,literal_repeat,0;1;2;3;4
14423,14422,13335,5,10,literal_repeat,0;1;2;3;4
14425,14424,13336,5,10,literal_repeat,0;1;2;3;4
14427,14426,13337,5,10,literal_repeat,0;1;2;3;4
14429,14428,13338,5,10,literal_repeat,0;1;2;3;4
14431,14430,13339,5,10,literal_repeat,0;1;2;3;4
14433,14432,13340,5,10,literal_repeat,0;1;2;3;4
14435,14434,13341,5,10,literal_repeat,0;1;2;3;4
14437,14436,13342,5,10,literal_repeat,0;1;2;3;4
14439,14438,13343,5,10,literal_repeat,0;1;2;3;4
14441,14440,13344,5,10,literal_repeat,0;1;2;3;4
14443,14442,13345,5,10,literal_repeat,0;1;2;3;4
14445,14444,13346,5,10,literal_repeat,0;1;2;3;4
14447,14446,13347,5,10,literal_repeat,0;1;2;3;4
14449,14448,13348,5,10,literal_repeat,0;1;2;3;4
14451,14450,13349,5,10,literal_repeat,0;1;2;3;4
14453,14452,13350,5,10,literal_repeat,0;1;2;3;4
14455,14454,13351,5,10,new_labelling,0;1;3;2;4
14457,14456,13352,5,10,literal_repeat,0;1;2;3;4
14459,14458,13353,5,10,literal_repeat,0;1;2;3;4
14461,14460,13354,5,10,literal_repeat,0;1;2;3;4
14463,14462,13355,5,10,literal_repeat,0;1;2;3;4
14465,14464,13356,5,10,literal_repeat,0;1;2;3;4
14467,14466,13357,5,10,literal_repeat,0;1;2;3;4
14469,14468,13358,5,10,literal_repeat,0;1;2;3;4
14471,14470,13359,5,10,literal_repeat,0;1;2;3;4
14473,14472,13360,5,10,literal_repeat,0;1;2;3;4
14475,14474,13361,5,10,literal_repeat,0;1;2;3;4
14477,14476,13362,5,10,literal_repeat,0;1;2;3;4
14479,14478,13363,5,10,literal_repeat,0;1;2;3;4
14481,14480,13364,5,10,literal_repeat,0;1;2;3;4
14483,14482,13365,5,10,literal_repeat,0;1;2;3;4
14485,14484,13366,5,10,literal_repeat,0;1;2;3;4
14487,14486,13367,5,10,literal_repeat,0;1;2;3;4
14489,14488,13368,5,10,literal_repeat,0;1;2;3;4
14491,14490,13369,5,10,literal_repeat,0;1;2;3;4
14493,14492,13370,5,10,literal_repeat,0;1;2;3;4
14495,14494,13371,5,10,literal_repeat,0;1;2;3;4
14497,14496,13372,5,10,literal_repeat,0;1;2;3;4
14499,14498,13373,5,10,literal_repeat,0;1;2;3;4
14501,14500,13374,5,10,literal_repeat,0;1;2;3;4
14503,14502,13375,5,10,new_labelling,0;1;3;2;4
14505,14504,13376,5,10,new_labelling,0;1;3;2;4
14507,14506,13377,5,10,literal_repeat,0;1;2;3;4
14509,14508,13378,5,10,literal_repeat,0;1;2;3;4
14511,14510,13379,5,10,literal_repeat,0;1;2;3;4
14513,14512,13380,5,10,literal_repeat,0;1;2;3;4
14515,14514,13381,5,10,literal_repeat,0;1;2;3;4
14517,14516,13382,5,10,literal_repeat,0;1;2;3;4
14519,14518,13383,5,10,literal_repeat,0;1;2;3;4
14521,14520,13384,5,10,literal_repeat,0;1;2;3;4
14523,14522,13385,5,10,literal_repeat,0;1;2;3;4
14525,14524,13386,5,10,literal_repeat,0;1;2;3;4
14527,14526,13387,5,10,literal_repeat,0;1;2;3;4
14529,14528,13388,5,10,literal_repeat,0;1;2;3;4
14531,14530,13389,5,10,literal_repeat,0;1;2;3;4
14533,14532,13390,5,10,literal_repeat,0;1;2;3;4
14535,14534,13391,5,10,literal_repeat,0;1;2;3;4
14539,14538,13394,5,10,literal_repeat,0;1;2;3;4
14541,14540,13395,5,10,literal_repeat,0;1;2;3;4
14545,14544,13398,5,10,literal_repeat,0;1;2;3;4
14547,14546,13399,5,10,literal_repeat,0;1;2;3;4
14550,14549,13401,5,10,literal_repeat,0;1;2;3;4
14553,14552,13403,5,10,literal_repeat,0;1;2;3;4
14556,14555,13405,5,10,literal_repeat,0;1;2;3;4
14558,14557,13406,5,10,literal_repeat,0;1;2;3;4
14560,14559,13407,5,10,literal_repeat,0;1;2;3;4
14562,14561,13408,5,10,literal_repeat,0;1;2;3;4
14564,14563,13409,5,10,literal_repeat,0;1;2;3;4
14566,14565,13410,5,10,literal_repeat,0;1;2;3;4
14568,14567,13411,5,10,literal_repeat,0;1;2;3;4
14570,14569,13412,5,10,literal_repeat,0;1;2;3;4
14572,14571,13413,5,10,literal_repeat,0;1;2;3;4
14574,14573,13414,5,10,literal_repeat,0;1;2;3;4
14576,14575,13415,5,10,literal_repeat,0;1;2;3;4
14578,14577,13416,5,10,literal_repeat,0;1;2;3;4
14580,14579,13417,5,10,literal_repeat,0;1;2;3;4
14582,14581,13418,5,10,literal_repeat,0;1;2;3;4
14584,14583,13419,5,10,literal_repeat,0;1;2;3;4
14586,14585,13420,5,10,literal_repeat,0;1;2;3;4
14588,14587,13421,5,10,literal_repeat,0;1;2;3;4
14590,14589,13422,5,10,new_labelling,0;1;3;2;4
14592,14591,13423,5,10,new_labelling,0;1;2;4;3
14594,14593,13424,5,10,literal_repeat,0;1;2;3;4
14596,14595,13425,5,10,literal_repeat,0;1;2;3;4
14598,14597,13426,5,10,literal_repeat,0;1;2;3;4
14600,14599,13427,5,10,literal_repeat,0;1;2;3;4
14602,14601,13428,5,10,literal_repeat,0;1;2;3;4
14604,14603,13429,5,10,literal_repeat,0;1;2;3;4
14606,14605,13430,5,10,literal_repeat,0;1;2;3;4
14608,14607,13431,5,10,new_labelling,0;1;3;2;4
14610,14609,13432,5,10,literal_repeat,0;1;2;3;4
14612,14611,13433,5,10,literal_repeat,0;1;2;3;4
14614,14613,13434,5,10,new_labelling,0;2;1;3;4
14616,14615,13435,5,10,literal_repeat,0;1;2;3;4
14618,14617,13436,5,10,literal_repeat,0;1;2;3;4
14620,14619,13437,5,10,literal_repeat,0;1;2;3;4
14622,14621,13438,5,10,new_labelling,0;1;3;2;4
14625,14624,13440,5,10,literal_repeat,0;1;2;3;4
14627,14626,13441,5,10,new_labelling,0;1;3;2;4
14629,14628,13442,5,10,literal_repeat,0;1;2;3;4
14631,14630,13443,5,10,literal_repeat,0;1;2;3;4
14633,14632,13444,5,10,literal_repeat,0;1;2;3;4
14635,14634,13445,5,10,literal_repeat,0;1;2;3;4
14637,14636,13446,5,10,literal_repeat,0;1;2;3;4
14639,14638,13447,5,10,new_labelling,0;1;2;4;3
14641,14640,13448,5,10,new_labelling,0;1;2;4;3
14643,14642,13449,5,10,literal_repeat,0;1;2;3;4
14645,14644,13450,5,10,literal_repeat,0;1;2;3;4
14647,14646,13451,5,10,literal_repeat,0;1;2;3;4
14649,14648,13452,5,10,new_labelling,0;1;2;4;3
14651,14650,13453,5,10,new_labelling,0;1;2;4;3
14653,14652,13454,5,10,new_labelling,0;1;2;4;3
14655,14654,13455,5,10,new_labelling,0;1;2;4;3
14657,14656,13456,5,10,literal_repeat,0;1;2;3;4
14659,14658,13457,5,10,new_labelling,0;1;2;4;3
14661,14660,13458,5,10,literal_repeat,0;1;2;3;4
14663,14662,13459,5,10,literal_repeat,0;1;2;3;4
14665,14664,13460,5,10,literal_repeat,0;1;2;3;4
14667,14666,13461,5,10,literal_repeat,0;1;2;3;4
14669,14668,13462,5,10,literal_repeat,0;1;2;3;4
14671,14670,13463,5,10,literal_repeat,0;1;2;3;4
14673,14672,13464,5,10,literal_repeat,0;1;2;3;4
14675,14674,13465,5,10,literal_repeat,0;1;2;3;4
14678,14677,13467,5,10,literal_repeat,0;1;2;3;4
14680,14679,13468,5,10,literal_repeat,0;1;2;3;4
14682,14681,13469,5,10,new_labelling,0;2;1;3;4
14685,14684,13471,5,10,literal_repeat,0;1;2;3;4
14687,14686,13472,5,10,literal_repeat,0;1;2;3;4
14689,14688,13473,5,10,literal_repeat,0;1;2;3;4
14691,14690,13474,5,10,literal_repeat,0;1;2;3;4
14694,14693,13476,5,10,literal_repeat,0;1;2;3;4
14696,14695,13477,5,10,literal_repeat,0;1;2;3;4
14698,14697,13478,5,10,literal_repeat,0;1;2;3;4
14700,14699,13479,5,10,literal_repeat,0;1;2;3;4
14702,14701,13480,5,10,new_labelling,0;1;3;2;4
14704,14703,13481,5,10,literal_repeat,0;1;2;3;4
14706,14705,13482,5,10,literal_repeat,0;1;2;3;4
14709,14708,13484,5,10,literal_repeat,0;1;2;3;4
14711,14710,13485,5,10,literal_repeat,0;1;2;3;4
14713,14712,13486,5,10,literal_repeat,0;1;2;3;4
14715,14714,13487,5,10,literal_repeat,0;1;2;3;4
14717,14716,13488,5,10,literal_repeat,0;1;2;3;4
14719,14718,13489,5,10,literal_repeat,0;1;2;3;4
14721,14720,13490,5,10,literal_repeat,0;1;2;3;4
14723,14722,13491,5,10,literal_repeat,0;1;2;3;4
14725,14724,13492,5,10,literal_repeat,0;1;2;3;4
14727,14726,13493,5,10,literal_repeat,0;1;2;3;4
14729,14728,13494,5,10,literal_repeat,0;1;2;3;4
14731,14730,13495,5,10,literal_repeat,0;1;2;3;4
14733,14732,13496,5,10,literal_repeat,0;1;2;3;4
14735,14734,13497,5,10,literal_repeat,0;1;2;3;4
14737,14736,13498,5,10,literal_repeat,0;1;2;3;4
14739,14738,13499,5,10,literal_repeat,0;1;2;3;4
14741,14740,13500,5,10,literal_repeat,0;1;2;3;4
14743,14742,13501,5,10,literal_repeat,0;1;2;3;4
14745,14744,13502,5,10,literal_repeat,0;1;2;3;4
14747,14746,13503,5,10,literal_repeat,0;1;2;3;4
14750,14749,13505,5,10,literal_repeat,0;1;2;3;4
14752,14751,13506,5,10,literal_repeat,0;1;2;3;4
14754,14753,13507,5,10,literal_repeat,0;1;2;3;4
14756,14755,13508,5,10,literal_repeat,0;1;2;3;4
14758,14757,13509,5,10,literal_repeat,0;1;2;3;4
14760,14759,13510,5,10,literal_repeat,0;1;2;3;4
14762,14761,13511,5,10,literal_repeat,0;1;2;3;4
14764,14763,13512,5,10,literal_repeat,0;1;2;3;4
14767,14766,13514,5,10,literal_repeat,0;1;2;3;4
14769,14768,13515,5,10,literal_repeat,0;1;2;3;4
14772,14771,13517,5,10,literal_repeat,0;1;2;3;4
14774,14773,13518,5,10,literal_repeat,0;1;2;3;4
14776,14775,13519,5,10,literal_repeat,0;1;2;3;4
14778,14777,13520,5,10,literal_repeat,0;1;2;3;4
14780,14779,13521,5,10,literal_repeat,0;1;2;3;4
14782,14781,13522,5,10,literal_repeat,0;1;2;3;4
14784,14783,13523,5,10,literal_repeat,0;1;2;3;4
14786,14785,13524,5,10,literal_repeat,0;1;2;3;4
14788,14787,13525,5,10,literal_repeat,0;1;2;3;4
14790,14789,13526,5,10,literal_repeat,0;1;2;3;4
14792,14791,13527,5,10,literal_repeat,0;1;2;3;4
14794,14793,13528,5,10,literal_repeat,0;1;2;3;4
14796,14795,13529,5,10,literal_repeat,0;1;2;3;4
14798,14797,13530,5,10,literal_repeat,0;1;2;3;4
14800,14799,13531,5,10,literal_repeat,0;1;2;3;4
14802,14801,13532,5,10,new_labelling,0;1;3;2;4
14804,14803,13533,5,10,literal_repeat,0;1;2;3;4
14806,14805,13534,5,10,new_labelling,0;1;3;2;4
14808,14807,13535,5,10,literal_repeat,0;1;2;3;4
14810,14809,13536,5,10,literal_repeat,0;1;2;3;4
14812,14811,13537,5,10,literal_repeat,0;1;2;3;4
14814,14813,13538,5,10,new_labelling,0;1;2;4;3
14816,14815,13539,5,10,new_labelling,0;1;2;4;3
14818,14817,13540,5,10,new_labelling,0;1;2;4;3
14820,14819,13541,5,10,literal_repeat,0;1;2;3;4
14822,14821,13542,5,10,literal_repeat,0;1;2;3;4
14824,14823,13543,5,10,new_labelling,0;1;2;4;3
14826,14825,13544,5,10,new_labelling,0;1;2;4;3
14828,14827,13545,5,10,literal_repeat,0;1;2;3;4
14830,14829,13546,5,10,literal_repeat,0;1;2;3;4
14832,14831,13547,5,10,literal_repeat,0;1;2;3;4
14834,14833,13548,5,10,literal_repeat,0;1;2;3;4
14836,14835,13549,5,10,literal_repeat,0;1;2;3;4
14838,14837,13550,5,10,literal_repeat,0;1;2;3;4
14841,14840,13552,5,10,literal_repeat,0;1;2;3;4
14843,14842,13553,5,10,literal_repeat,0;1;2;3;4
14845,14844,13554,5,10,literal_repeat,0;1;2;3;4
14847,14846,13555,5,10,literal_repeat,0;1;2;3;4
14850,14849,13557,5,10,literal_repeat,0;1;2;3;4
14852,14851,13558,5,10,literal_repeat,0;1;2;3;4
14854,14853,13559,5,10,literal_repeat,0;1;2;3;4
14856,14855,13560,5,10,literal_repeat,0;1;2;3;4
14858,14857,13561,5,10,literal_repeat,0;1;2;3;4
14860,14859,13562,5,10,new_labelling,0;1;3;2;4
14862,14861,13563,5,10,literal_repeat,0;1;2;3;4
14864,14863,13564,5,10,literal_repeat,0;1;2;3;4
14866,14865,13565,5,10,literal_repeat,0;1;2;3;4
14868,14867,13566,5,10,new_labelling,0;1;3;2;4
14870,14869,13567,5,10,new_labelling,0;1;2;4;3
14872,14871,13568,5,10,literal_repeat,0;1;2;3;4
14874,14873,13569,5,10,literal_repeat,0;1;2;3;4
14876,14875,13570,5,10,literal_repeat,0;1;2;3;4
14880,14879,13573,5,10,literal_repeat,0;1;2;3;4
14882,14881,13574,5,10,literal_repeat,0;1;2;3;4
14884,14883,13575,5,10,literal_repeat,0;1;2;3;4
14886,14885,13576,5,10,literal_repeat,0;1;2;3;4
14888,14887,13577,5,10,literal_repeat,0;1;2;3;4
14890,14889,13578,5,10,literal_repeat,0;1;2;3;4
15194,15193,13881,5,11,new_labelling,0;1;3;2;4
15196,15195,13882,5,11,literal_repeat,0;1;2;3;4
15204,15203,13889,5,11,literal_repeat,0;1;2;3;4
15209,15208,13893,5,11,literal_repeat,0;1;2;3;4
15227,15226,13910,5,11,literal_repeat,0;1;2;3;4
15229,15228,13911,5,11,literal_repeat,0;1;2;3;4
15234,15233,13915,5,11,literal_repeat,0;1;2;3;4
15238,15237,13918,5,11,literal_repeat,0;1;2;3;4
15253,15252,13932,5,11,literal_repeat,0;1;2;3;4
15259,15258,13937,5,11,literal_repeat,0;1;2;3;4
15272,15271,13949,5,11,literal_repeat,0;1;2;3;4
15275,15274,13951,5,11,literal_repeat,0;1;2;3;4
15277,15276,13952,5,11,literal_repeat,0;1;2;3;4
15279,15278,13953,5,11,literal_repeat,0;1;2;3;4
15285,15284,13958,5,11,literal_repeat,0;1;2;3;4
15290,15289,13962,5,11,literal_repeat,0;1;2;3;4
15294,15293,13965,5,11,new_labelling,0;1;4;3;2
15305,15304,13975,5,11,literal_repeat,0;1;2;3;4
15308,15307,13977,5,11,literal_repeat,0;1;2;3;4
15310,15309,13978,5,11,literal_repeat,0;1;2;3;4
15321,15320,13988,5,11,literal_repeat,0;1;2;3;4
15324,15323,13990,5,11,literal_repeat,0;1;2;3;4
15331,15330,13996,5,11,literal_repeat,0;1;2;3;4
15338,15337,14002,5,11,literal_repeat,0;1;2;3;4
15341,15340,14004,5,11,literal_repeat,0;1;2;3;4
15349,15348,14011,5,11,literal_repeat,0;1;2;3;4
15360,15359,14021,5,11,literal_repeat,0;1;2;3;4
15364,15363,14024,5,11,literal_repeat,0;1;2;3;4
15371,15370,14030,5,11,literal_repeat,0;1;2;3;4
15374,15373,14032,5,11,literal_repeat,0;1;2;3;4
15376,15375,14033,5,11,literal_repeat,0;1;2;3;4
15379,15378,14035,5,11,literal_repeat,0;1;2;3;4
15385,15384,14040,5,11,literal_repeat,0;1;2;3;4
15387,15386,14041,5,11,literal_repeat,0;1;2;3;4
15390,15389,14043,5,11,literal_repeat,0;1;2;3;4
15393,15392,14045,5,11,literal_repeat,0;1;2;3;4
15395,15394,14046,5,11,literal_repeat,0;1;2;3;4
15406,15405,14056,5,11,literal_repeat,0;1;2;3;4
15411,15410,14060,5,11,literal_repeat,0;1;2;3;4
15413,15412,14061,5,11,literal_repeat,0;1;2;3;4
15419,15418,14066,5,11,literal_repeat,0;1;2;3;4
15423,15422,14069,5,11,new_labelling,0;1;3;2;4
15426,15425,14071,5,11,new_labelling,0;1;2;4;3
15433,15432,14077,5,11,literal_repeat,0;1;2;3;4
15436,15435,14079,5,11,new_labelling,0;2;1;3;4
15443,15442,14085,5,11,literal_repeat,0;1;2;3;4
15445,15444,14086,5,11,literal_repeat,0;1;2;3;4
15448,15447,14088,5,11,literal_repeat,0;1;2;3;4
15450,15449,14089,5,11,literal_repeat,0;1;2;3;4
15453,15452,14091,5,11,literal_repeat,0;1;2;3;4
15456,15455,14093,5,11,literal_repeat,0;1;2;3;4
15458,15457,14094,5,11,literal_repeat,0;1;2;3;4
15463,15462,14098,5,11,literal_repeat,0;1;2;3;4
15469,15468,14103,5,11,literal_repeat,0;1;2;3;4
15474,15473,14107,5,11,literal_repeat,0;1;2;3;4
15477,15476,14109,5,11,literal_repeat,0;1;2;3;4
15479,15478,14110,5,11,literal_repeat,0;1;2;3;4
15483,15482,14113,5,11,literal_repeat,0;1;2;3;4
15487,15486,14116,5,11,literal_repeat,0;1;2;3;4
15491,15490,14119,5,11,literal_repeat,0;1;2;3;4
15495,15494,14122,5,11,literal_repeat,0;1;2;3;4
15497,15496,14123,5,11,literal_repeat,0;1;2;3;4
15500,15499,14125,5,11,literal_repeat,0;1;2;3;4
15502,15501,14126,5,11,literal_repeat,0;1;2;3;4
15504,15503,14127,5,11,literal_repeat,0;1;2;3;4
15506,15505,14128,5,11,literal_repeat,0;1;2;3;4
15509,15508,14130,5,11,literal_repeat,0;1;2;3;4
15519,15518,14139,5,11,literal_repeat,0;1;2;3;4
15521,15520,14140,5,11,literal_repeat,0;1;2;3;4
15526,15525,14144,5,11,literal_repeat,0;1;2;3;4
15529,15528,14146,5,11,literal_repeat,0;1;2;3;4
15532,15531,14148,5,11,literal_repeat,0;1;2;3;4
15534,15533,14149,5,11,new_labelling,0;2;1;3;4
15539,15538,14153,5,11,literal_repeat,0;1;2;3;4
15552,15551,14165,5,11,literal_repeat,0;1;2;3;4
15556,15555,14168,5,11,literal_repeat,0;1;2;3;4
15558,15557,14169,5,11,literal_repeat,0;1;2;3;4
15563,15562,14173,5,11,literal_repeat,0;1;2;3;4
15571,15570,14180,5,11,literal_repeat,0;1;2;3;4
15577,15576,14185,5,11,literal_repeat,0;1;2;3;4
15581,15580,14188,5,11,new_labelling,0;1;2;4;3
15583,15582,14189,5,11,literal_repeat,0;1;2;3;4
15589,15588,14194,5,11,literal_repeat,0;1;2;3;4
15592,15591,14196,5,11,new_labelling,0;1;3;2;4
15594,15593,14197,5,11,new_labelling,0;2;1;3;4
15600,15599,14202,5,11,new_labelling,0;2;1;3;4
15603,15602,14204,5,11,literal_repeat,0;1;2;3;4
15605,15604,14205,5,11,literal_repeat,0;1;2;3;4
15617,15616,14216,5,11,literal_repeat,0;1;2;3;4
15620,15619,14218,5,11,new_labelling,0;2;1;3;4
15622,15621,14219,5,11,literal_repeat,0;1;2;3;4
15625,15624,14221,5,11,literal_repeat,0;1;2;3;4
15627,15626,14222,5,11,literal_repeat,0;1;2;3;4
15629,15628,14223,5,11,literal_repeat,0;1;2;3;4
15632,15631,14225,5,11,new_labelling,0;2;1;3;4
15634,15633,14226,5,11,literal_repeat,0;1;2;3;4
15636,15635,14227,5,11,literal_repeat,0;1;2;3;4
15639,15638,14229,5,11,literal_repeat,0;1;2;3;4
15641,15640,14230,5,11,literal_repeat,0;1;2;3;4
15644,15643,14232,5,11,literal_repeat,0;1;2;3;4
15648,15647,14235,5,11,literal_repeat,0;1;2;3;4
15652,15651,14238,5,11,literal_repeat,0;1;2;3;4
15654,15653,14239,5,11,new_labelling,0;1;2;4;3
15658,15657,14242,5,11,literal_repeat,0;1;2;3;4
15661,15660,14244,5,11,literal_repeat,0;1;2;3;4
15663,15662,14245,5,11,literal_repeat,0;1;2;3;4
15666,15665,14247,5,11,literal_repeat,0;1;2;3;4
15668,15667,14248,5,11,literal_repeat,0;1;2;3;4
15671,15670,14250,5,11,literal_repeat,0;1;2;3;4
15673,15672,14251,5,11,new_labelling,0;1;3;2;4
15680,15679,14257,5,11,new_labelling,0;1;2;4;3
15684,15683,14260,5,11,literal_repeat,0;1;2;3;4
15686,15685,14261,5,11,literal_repeat,0;1;2;3;4
15689,15688,14263,5,11,literal_repeat,0;1;2;3;4
15691,15690,14264,5,11,literal_repeat,0;1;2;3;4
15695,15694,14267,5,11,literal_repeat,0;1;2;3;4
15697,15696,14268,5,11,literal_repeat,0;1;2;3;4
15699,15698,14269,5,11,literal_repeat,0;1;2;3;4
15701,15700,14270,5,11,literal_repeat,0;1;2;3;4
15704,15703,14272,5,11,literal_repeat,0;1;2;3;4
15706,15705,14273,5,11,literal_repeat,0;1;2;3;4
15710,15709,14276,5,11,literal_repeat,0;1;2;3;4
15712,15711,14277,5,11,literal_repeat,0;1;2;3;4
15714,15713,14278,5,11,literal_repeat,0;1;2;3;4
15716,15715,14279,5,11,literal_repeat,0;1;2;3;4
15718,15717,14280,5,11,literal_repeat,0;1;2;3;4
15720,15719,14281,5,11,literal_repeat,0;1;2;3;4
15722,15721,14282,5,11,literal_repeat,0;1;2;3;4
15724,15723,14283,5,11,literal_repeat,0;1;2;3;4
15726,15725,14284,5,11,literal_repeat,0;1;2;3;4
15728,15727,14285,5,11,literal_repeat,0;1;2;3;4
15731,15730,14287,5,11,literal_repeat,0;1;2;3;4
15733,15732,14288,5,11,literal_repeat,0;1;2;3;4
15735,15734,14289,5,11,literal_repeat,0;1;2;3;4
15737,15736,14290,5,11,literal_repeat,0;1;2;3;4
15739,15738,14291,5,11,literal_repeat,0;1;2;3;4
15741,15740,14292,5,11,literal_repeat,0;1;2;3;4
15743,15742,14293,5,11,literal_repeat,0;1;2;3;4
15747,15746,14296,5,11,literal_repeat,0;1;2;3;4
15751,15750,14299,5,11,literal_repeat,0;1;2;3;4
15754,15753,14301,5,11,literal_repeat,0;1;2;3;4
15758,15757,14304,5,11,literal_repeat,0;1;2;3;4
15760,15759,14305,5,11,literal_repeat,0;1;2;3;4
15763,15762,14307,5,11,literal_repeat,0;1;2;3;4
15766,15765,14309,5,11,literal_repeat,0;1;2;3;4
15770,15769,14312,5,11,literal_repeat,0;1;2;3;4
15772,15771,14313,5,11,literal_repeat,0;1;2;3;4
15774,15773,14314,5,11,new_labelling,0;1;3;2;4
15776,15775,14315,5,11,new_labelling,0;1;3;2;4
15778,15777,14316,5,11,literal_repeat,0;1;2;3;4
15780,15779,14317,5,11,literal_repeat,0;1;2;3;4
15782,15781,14318,5,11,literal_repeat,0;1;2;3;4
15784,15783,14319,5,11,literal_repeat,0;1;2;3;4
15787,15786,14321,5,11,literal_repeat,0;1;2;3;4
15789,15788,14322,5,11,literal_repeat,0;1;2;3;4
15795,15794,14327,5,11,literal_repeat,0;1;2;3;4
15797,15796,14328,5,11,literal_repeat,0;1;2;3;4
15799,15798,14329,5,11,literal_repeat,0;1;2;3;4
15801,15800,14330,5,11,new_labelling,0;1;3;2;4
15804,15803,14332,5,11,literal_repeat,0;1;2;3;4
15810,15809,14337,5,11,literal_repeat,0;1;2;3;4
15812,15811,14338,5,11,literal_repeat,0;1;2;3;4
15816,15815,14341,5,11,literal_repeat,0;1;2;3;4
15820,15819,14344,5,11,literal_repeat,0;1;2;3;4
15823,15822,14346,5,11,literal_repeat,0;1;2;3;4
15826,15825,14348,5,11,literal_repeat,0;1;2;3;4
15828,15827,14349,5,11,literal_repeat,0;1;2;3;4
15831,15830,14351,5,11,literal_repeat,0;1;2;3;4
15833,15832,14352,5,11,literal_repeat,0;1;2;3;4
15835,15834,14353,5,11,literal_repeat,0;1;2;3;4
15837,15836,14354,5,11,literal_repeat,0;1;2;3;4
15839,15838,14355,5,11,literal_repeat,0;1;2;3;4
15841,15840,14356,5,11,literal_repeat,0;1;2;3;4
15844,15843,14358,5,11,literal_repeat,0;1;2;3;4
15846,15845,14359,5,11,literal_repeat,0;1;2;3;4
15848,15847,14360,5,11,literal_repeat,0;1;2;3;4
15852,15851,14363,5,11,literal_repeat,0;1;2;3;4
15854,15853,14364,5,11,literal_repeat,0;1;2;3;4
15856,15855,14365,5,11,literal_repeat,0;1;2;3;4
15858,15857,14366,5,11,literal_repeat,0;1;2;3;4
15860,15859,14367,5,11,literal_repeat,0;1;2;3;4
15863,15862,14369,5,11,literal_repeat,0;1;2;3;4
15865,15864,14370,5,11,literal_repeat,0;1;2;3;4
15867,15866,14371,5,11,literal_repeat,0;1;2;3;4
15869,15868,14372,5,11,new_labelling,0;1;3;2;4
15872,15871,14374,5,11,literal_repeat,0;1;2;3;4
15877,15876,14378,5,11,literal_repeat,0;1;2;3;4
15882,15881,14382,5,11,literal_repeat,0;1;2;3;4
15884,15883,14383,5,11,literal_repeat,0;1;2;3;4
15887,15886,14385,5,11,literal_repeat,0;1;2;3;4
15889,15888,14386,5,11,literal_repeat,0;1;2;3;4
15893,15892,14389,5,11,literal_repeat,0;1;2;3;4
15895,15894,14390,5,11,literal_repeat,0;1;2;3;4
15897,15896,14391,5,11,literal_repeat,0;1;2;3;4
15900,15899,14393,5,11,literal_repeat,0;1;2;3;4
15902,15901,14394,5,11,literal_repeat,0;1;2;3;4
15905,15904,14396,5,11,literal_repeat,0;1;2;3;4
15910,15909,14400,5,11,literal_repeat,0;1;2;3;4
15912,15911,14401,5,11,literal_repeat,0;1;2;3;4
15914,15913,14402,5,11,literal_repeat,0;1;2;3;4
15916,15915,14403,5,11,literal_repeat,0;1;2;3;4
15918,15917,14404,5,11,literal_repeat,0;1;2;3;4
15921,15920,14406,5,11,literal_repeat,0;1;2;3;4
15924,15923,14408,5,11,literal_repeat,0;1;2;3;4
15927,15926,14410,5,11,literal_repeat,0;1;2;3;4
15929,15928,14411,5,11,literal_repeat,0;1;2;3;4
15933,15932,14414,5,11,literal_repeat,0;1;2;3;4
15935,15934,14415,5,11,literal_repeat,0;1;2;3;4
15937,15936,14416,5,11,literal_repeat,0;1;2;3;4
15939,15938,14417,5,11,literal_repeat,0;1;2;3;4
15941,15940,14418,5,11,literal_repeat,0;1;2;3;4
15943,15942,14419,5,11,literal_repeat,0;1;2;3;4
15945,15944,14420,5,11,literal_repeat,0;1;2;3;4
15948,15947,14422,5,11,literal_repeat,0;1;2;3;4
15951,15950,14424,5,11,literal_repeat,0;1;2;3;4
15953,15952,14425,5,11,literal_repeat,0;1;2;3;4
15956,15955,14427,5,11,literal_repeat,0;1;2;3;4
15958,15957,14428,5,11,literal_repeat,0;1;2;3;4
15960,15959,14429,5,11,new_labelling,0;1;2;4;3
15962,15961,14430,5,11,literal_repeat,0;1;2;3;4
15964,15963,14431,5,11,literal_repeat,0;1;2;3;4
15966,15965,14432,5,11,literal_repeat,0;1;2;3;4
15968,15967,14433,5,11,literal_repeat,0;1;2;3;4
15970,15969,14434,5,11,literal_repeat,0;1;2;3;4
15972,15971,14435,5,11,literal_repeat,0;1;2;3;4
15974,15973,14436,5,11,literal_repeat,0;1;2;3;4
15977,15976,14438,5,11,literal_repeat,0;1;2;3;4
15979,15978,14439,5,11,literal_repeat,0;1;2;3;4
15981,15980,14440,5,11,literal_repeat,0;1;2;3;4
15983,15982,14441,5,11,literal_repeat,0;1;2;3;4
15985,15984,14442,5,11,literal_repeat,0;1;2;3;4
15987,15986,14443,5,11,literal_repeat,0;1;2;3;4
15989,15988,14444,5,11,literal_repeat,0;1;2;3;4
15991,15990,14445,5,11,literal_repeat,0;1;2;3;4
15995,15994,14448,5,11,new_labelling,0;1;3;2;4
15997,15996,14449,5,11,literal_repeat,0;1;2;3;4
15999,15998,14450,5,11,literal_repeat,0;1;2;3;4
16001,16000,14451,5,11,literal_repeat,0;1;2;3;4
16005,16004,14454,5,11,literal_repeat,0;1;2;3;4
16009,16008,14457,5,11,literal_repeat,0;1;2;3;4
16011,16010,14458,5,11,literal_repeat,0;1;2;3;4
16013,16012,14459,5,11,literal_repeat,0;1;2;3;4
16018,16017,14463,5,11,literal_repeat,0;1;2;3;4
16020,16019,14464,5,11,literal_repeat,0;1;2;3;4
16022,16021,14465,5,11,literal_repeat,0;1;2;3;4
16024,16023,14466,5,11,literal_repeat,0;1;2;3;4
16026,16025,14467,5,11,new_labelling,0;1;2;4;3
16028,16027,14468,5,11,literal_repeat,0;1;2;3;4
16030,16029,14469,5,11,new_labelling,0;2;3;1;4
16032,16031,14470,5,11,new_labelling,0;1;3;2;4
16034,16033,14471,5,11,literal_repeat,0;1;2;3;4
16036,16035,14472,5,11,literal_repeat,0;1;2;3;4
16038,16037,14473,5,11,literal_repeat,0;1;2;3;4
16040,16039,14474,5,11,literal_repeat,0;1;2;3;4
16043,16042,14476,5,11,literal_repeat,0;1;2;3;4
16046,16045,14478,5,11,literal_repeat,0;1;2;3;4
16049,16048,14480,5,11,literal_repeat,0;1;2;3;4
16051,16050,14481,5,11,literal_repeat,0;1;2;3;4
16054,16053,14483,5,11,literal_repeat,0;1;2;3;4
16056,16055,14484,5,11,literal_repeat,0;1;2;3;4
16058,16057,14485,5,11,literal_repeat,0;1;2;3;4
16060,16059,14486,5,11,literal_repeat,0;1;2;3;4
16062,16061,14487,5,11,literal_repeat,0;1;2;3;4
16065,16064,14489,5,11,literal_repeat,0;1;2;3;4
16067,16066,14490,5,11,literal_repeat,0;1;2;3;4
16069,16068,14491,5,11,literal_repeat,0;1;2;3;4
16071,16070,14492,5,11,literal_repeat,0;1;2;3;4
16073,16072,14493,5,11,literal_repeat,0;1;2;3;4
16075,16074,14494,5,11,literal_repeat,0;1;2;3;4
16077,16076,14495,5,11,literal_repeat,0;1;2;3;4
16079,16078,14496,5,11,literal_repeat,0;1;2;3;4
16081,16080,14497,5,11,literal_repeat,0;1;2;3;4
16084,16083,14499,5,11,literal_repeat,0;1;2;3;4
16086,16085,14500,5,11,literal_repeat,0;1;2;3;4
16090,16089,14503,5,11,literal_repeat,0;1;2;3;4
16093,16092,14505,5,11,literal_repeat,0;1;2;3;4
16096,16095,14507,5,11,literal_repeat,0;1;2;3;4
16099,16098,14509,5,11,literal_repeat,0;1;2;3;4
16103,16102,14512,5,11,literal_repeat,0;1;2;3;4
16105,16104,14513,5,11,literal_repeat,0;1;2;3;4
16107,16106,14514,5,11,literal_repeat,0;1;2;3;4
16109,16108,14515,5,11,literal_repeat,0;1;2;3;4
16112,16111,14517,5,11,literal_repeat,0;1;2;3;4
16114,16113,14518,5,11,literal_repeat,0;1;2;3;4
16117,16116,14520,5,11,literal_repeat,0;1;2;3;4
16119,16118,14521,5,11,literal_repeat,0;1;2;3;4
16121,16120,14522,5,11,literal_repeat,0;1;2;3;4
16123,16122,14523,5,11,literal_repeat,0;1;2;3;4
16125,16124,14524,5,11,literal_repeat,0;1;2;3;4
16127,16126,14525,5,11,literal_repeat,0;1;2;3;4
16130,16129,14527,5,11,literal_repeat,0;1;2;3;4
16133,16132,14529,5,11,literal_repeat,0;1;2;3;4
16135,16134,14530,5,11,literal_repeat,0;1;2;3;4
16138,16137,14532,5,11,literal_repeat,0;1;2;3;4
16143,16142,14536,5,11,literal_repeat,0;1;2;3;4
16145,16144,14537,5,11,literal_repeat,0;1;2;3;4
16147,16146,14538,5,11,literal_repeat,0;1;2;3;4
16151,16150,14541,5,11,literal_repeat,0;1;2;3;4
16153,16152,14542,5,11,literal_repeat,0;1;2;3;4
16157,16156,14545,5,11,literal_repeat,0;1;2;3;4
16160,16159,14547,5,11,literal_repeat,0;1;2;3;4
16163,16162,14549,5,11,literal_repeat,0;1;2;3;4
16165,16164,14550,5,11,literal_repeat,0;1;2;3;4
16167,16166,14551,5,11,literal_repeat,0;1;2;3;4
16170,16169,14553,5,11,literal_repeat,0;1;2;3;4
16172,16171,14554,5,11,literal_repeat,0;1;2;3;4
16175,16174,14556,5,11,literal_repeat,0;1;2;3;4
16177,16176,14557,5,11,literal_repeat,0;1;2;3;4
16179,16178,14558,5,11,literal_repeat,0;1;2;3;4
16181,16180,14559,5,11,literal_repeat,0;1;2;3;4
16183,16182,14560,5,11,literal_repeat,0;1;2;3;4
16185,16184,14561,5,11,literal_repeat,0;1;2;3;4
16188,16187,14563,5,11,literal_repeat,0;1;2;3;4
16190,16189,14564,5,11,literal_repeat,0;1;2;3;4
16192,16191,14565,5,11,literal_repeat,0;1;2;3;4
16194,16193,14566,5,11,literal_repeat,0;1;2;3;4
16197,16196,14568,5,11,literal_repeat,0;1;2;3;4
16200,16199,14570,5,11,literal_repeat,0;1;2;3;4
16203,16202,14572,5,11,literal_repeat,0;1;2;3;4
16205,16204,14573,5,11,literal_repeat,0;1;2;3;4
16207,16206,14574,5,11,literal_repeat,0;1;2;3;4
16209,16208,14575,5,11,literal_repeat,0;1;2;3;4
16213,16212,14578,5,11,literal_repeat,0;1;2;3;4
16216,16215,14580,5,11,literal_repeat,0;1;2;3;4
16219,16218,14582,5,11,literal_repeat,0;1;2;3;4
16221,16220,14583,5,11,literal_repeat,0;1;2;3;4
16224,16223,14585,5,11,literal_repeat,0;1;2;3;4
16226,16225,14586,5,11,literal_repeat,0;1;2;3;4
16228,16227,14587,5,11,literal_repeat,0;1;2;3;4
16231,16230,14589,5,11,literal_repeat,0;1;2;3;4
16233,16232,14590,5,11,literal_repeat,0;1;2;3;4
16235,16234,14591,5,11,literal_repeat,0;1;2;3;4
16237,16236,14592,5,11,literal_repeat,0;1;2;3;4
16239,16238,14593,5,11,literal_repeat,0;1;2;3;4
16241,16240,14594,5,11,literal_repeat,0;1;2;3;4
16243,16242,14595,5,11,literal_repeat,0;1;2;3;4
16246,16245,14597,5,11,literal_repeat,0;1;2;3;4
16248,16247,14598,5,11,literal_repeat,0;1;2;3;4
16252,16251,14601,5,11,literal_repeat,0;1;2;3;4
16255,16254,14603,5,11,literal_repeat,0;1;2;3;4
16258,16257,14605,5,11,literal_repeat,0;1;2;3;4
16260,16259,14606,5,11,literal_repeat,0;1;2;3;4
16262,16261,14607,5,11,literal_repeat,0;1;2;3;4
16264,16263,14608,5,11,literal_repeat,0;1;2;3;4
16267,16266,14610,5,11,literal_repeat,0;1;2;3;4
16269,16268,14611,5,11,literal_repeat,0;1;2;3;4
16271,16270,14612,5,11,literal_repeat,0;1;2;3;4
16274,16273,14614,5,11,literal_repeat,0;1;2;3;4
16276,16275,14615,5,11,literal_repeat,0;1;2;3;4
16278,16277,14616,5,11,literal_repeat,0;1;2;3;4
16280,16279,14617,5,11,literal_repeat,0;1;2;3;4
16282,16281,14618,5,11,literal_repeat,0;1;2;3;4
16284,16283,14619,5,11,literal_repeat,0;1;2;3;4
16286,16285,14620,5,11,literal_repeat,0;1;2;3;4
16289,16288,14622,5,11,literal_repeat,0;1;2;3;4
16291,16290,14623,5,11,new_labelling,0;1;2;4;3
16293,16292,14624,5,11,literal_repeat,0;1;2;3;4
16295,16294,14625,5,11,literal_repeat,0;1;2;3;4
16297,16296,14626,5,11,literal_repeat,0;1;2;3;4
16300,16299,14628,5,11,literal_repeat,0;1;2;3;4
16302,16301,14629,5,11,literal_repeat,0;1;2;3;4
16304,16303,14630,5,11,literal_repeat,0;1;2;3;4
16306,16305,14631,5,11,literal_repeat,0;1;2;3;4
16308,16307,14632,5,11,literal_repeat,0;1;2;3;4
16310,16309,14633,5,11,literal_repeat,0;1;2;3;4
16312,16311,14634,5,11,literal_repeat,0;1;2;3;4
16314,16313,14635,5,11,new_labelling,0;1;3;2;4
16316,16315,14636,5,11,literal_repeat,0;1;2;3;4
16318,16317,14637,5,11,literal_repeat,0;1;2;3;4
16320,16319,14638,5,11,literal_repeat,0;1;2;3;4
16322,16321,14639,5,11,literal_repeat,0;1;2;3;4
16324,16323,14640,5,11,new_labelling,0;1;3;2;4
16326,16325,14641,5,11,literal_repeat,0;1;2;3;4
16328,16327,14642,5,11,literal_repeat,0;1;2;3;4
16330,16329,14643,5,11,literal_repeat,0;1;2;3;4
16332,16331,14644,5,11,literal_repeat,0;1;2;3;4
16334,16333,14645,5,11,literal_repeat,0;1;2;3;4
16336,16335,14646,5,11,literal_repeat,0;1;2;3;4
16338,16337,14647,5,11,literal_repeat,0;1;2;3;4
16340,16339,14648,5,11,literal_repeat,0;1;2;3;4
16342,16341,14649,5,11,literal_repeat,0;1;2;3;4
16344,16343,14650,5,11,new_labelling,0;1;3;2;4
16346,16345,14651,5,11,literal_repeat,0;1;2;3;4
16348,16347,14652,5,11,literal_repeat,0;1;2;3;4
16350,16349,14653,5,11,literal_repeat,0;1;2;3;4
16352,16351,14654,5,11,literal_repeat,0;1;2;3;4
16354,16353,14655,5,11,literal_repeat,0;1;2;3;4
16356,16355,14656,5,11,new_labelling,0;1;3;2;4
16358,16357,14657,5,11,new_labelling,0;1;3;2;4
16360,16359,14658,5,11,literal_repeat,0;1;2;3;4
16362,16361,14659,5,11,literal_repeat,0;1;2;3;4
16364,16363,14660,5,11,literal_repeat,0;1;2;3;4
16366,16365,14661,5,11,literal_repeat,0;1;2;3;4
16368,16367,14662,5,11,literal_repeat,0;1;2;3;4
16370,16369,14663,5,11,literal_repeat,0;1;2;3;4
16372,16371,14664,5,11,literal_repeat,0;1;2;3;4
16374,16373,14665,5,11,literal_repeat,0;1;2;3;4
16376,16375,14666,5,11,new_labelling,0;1;3;2;4
16378,16377,14667,5,11,literal_repeat,0;1;2;3;4
16380,16379,14668,5,11,new_labelling,0;1;3;2;4
16382,16381,14669,5,11,literal_repeat,0;1;2;3;4
16384,16383,14670,5,11,new_labelling,0;1;3;2;4
16386,16385,14671,5,11,new_labelling,0;1;3;2;4
16388,16387,14672,5,11,literal_repeat,0;1;2;3;4
16390,16389,14673,5,11,new_labelling,0;1;3;2;4
16392,16391,14674,5,11,literal_repeat,0;1;2;3;4
16394,16393,14675,5,11,new_labelling,0;1;2;4;3
16396,16395,14676,5,11,new_labelling,0;1;2;4;3
16398,16397,14677,5,11,literal_repeat,0;1;2;3;4
16400,16399,14678,5,11,literal_repeat,0;1;2;3;4
16402,16401,14679,5,11,new_labelling,0;1;2;4;3
16404,16403,14680,5,11,literal_repeat,0;1;2;3;4
16406,16405,14681,5,11,literal_repeat,0;1;2;3;4
16408,16407,14682,5,11,literal_repeat,0;1;2;3;4
16410,16409,14683,5,11,new_labelling,0;1;2;4;3
16412,16411,14684,5,11,literal_repeat,0;1;2;3;4
16414,16413,14685,5,11,new_labelling,0;1;2;4;3
16416,16415,14686,5,11,new_labelling,0;1;2;4;3
16418,16417,14687,5,11,new_labelling,0;1;2;4;3
16420,16419,14688,5,11,new_labelling,0;1;2;4;3
16422,16421,14689,5,11,literal_repeat,0;1;2;3;4
16424,16423,14690,5,11,new_labelling,0;1;2;4;3
16426,16425,14691,5,11,literal_repeat,0;1;2;3;4
16428,16427,14692,5,11,literal_repeat,0;1;2;3;4
16430,16429,14693,5,11,literal_repeat,0;1;2;3;4
16432,16431,14694,5,11,literal_repeat,0;1;2;3;4
16434,16433,14695,5,11,new_labelling,0;1;2;4;3
16436,16435,14696,5,11,literal_repeat,0;1;2;3;4
16438,16437,14697,5,11,literal_repeat,0;1;2;3;4
16440,16439,14698,5,11,literal_repeat,0;1;2;3;4
16442,16441,14699,5,11,literal_repeat,0;1;2;3;4
16444,16443,14700,5,11,new_labelling,0;1;2;4;3
16446,16445,14701,5,11,new_labelling,0;1;2;4;3
16448,16447,14702,5,11,literal_repeat,0;1;2;3;4
16450,16449,14703,5,11,new_labelling,0;1;2;4;3
16452,16451,14704,5,11,literal_repeat,0;1;2;3;4
16454,16453,14705,5,11,new_labelling,0;1;2;4;3
16456,16455,14706,5,11,new_labelling,0;1;2;4;3
16458,16457,14707,5,11,literal_repeat,0;1;2;3;4
16460,16459,14708,5,11,literal_repeat,0;1;2;3;4
16462,16461,14709,5,11,new_labelling,0;1;2;4;3
16464,16463,14710,5,11,literal_repeat,0;1;2;3;4
16466,16465,14711,5,11,literal_repeat,0;1;2;3;4
16468,16467,14712,5,11,literal_repeat,0;1;2;3;4
16470,16469,14713,5,11,literal_repeat,0;1;2;3;4
16472,16471,14714,5,11,literal_repeat,0;1;2;3;4
16474,16473,14715,5,11,literal_repeat,0;1;2;3;4
16476,16475,14716,5,11,literal_repeat,0;1;2;3;4
16478,16477,14717,5,11,literal_repeat,0;1;2;3;4
16480,16479,14718,5,11,literal_repeat,0;1;2;3;4
16482,16481,14719,5,11,literal_repeat,0;1;2;3;4
16484,16483,14720,5,11,literal_repeat,0;1;2;3;4
16486,16485,14721,5,11,literal_repeat,0;1;2;3;4
16488,16487,14722,5,11,literal_repeat,0;1;2;3;4
16490,16489,14723,5,11,literal_repeat,0;1;2;3;4
16492,16491,14724,5,11,literal_repeat,0;1;2;3;4
16494,16493,14725,5,11,new_labelling,0;1;2;4;3
16496,16495,14726,5,11,literal_repeat,0;1;2;3;4
16498,16497,14727,5,11,literal_repeat,0;1;2;3;4
16500,16499,14728,5,11,literal_repeat,0;1;2;3;4
16502,16501,14729,5,11,literal_repeat,0;1;2;3;4
16504,16503,14730,5,11,literal_repeat,0;1;2;3;4
16506,16505,14731,5,11,new_labelling,0;1;2;4;3
16508,16507,14732,5,11,literal_repeat,0;1;2;3;4
16510,16509,14733,5,11,new_labelling,0;1;2;4;3
16512,16511,14734,5,11,literal_repeat,0;1;2;3;4
16514,16513,14735,5,11,literal_repeat,0;1;2;3;4
16516,16515,14736,5,11,literal_repeat,0;1;2;3;4
16518,16517,14737,5,11,literal_repeat,0;1;2;3;4
16520,16519,14738,5,11,literal_repeat,0;1;2;3;4
16522,16521,14739,5,11,literal_repeat,0;1;2;3;4
16524,16523,14740,5,11,literal_repeat,0;1;2;3;4
16526,16525,14741,5,11,literal_repeat,0;1;2;3;4
16528,16527,14742,5,11,literal_repeat,0;1;2;3;4
16530,16529,14743,5,11,literal_repeat,0;1;2;3;4
16532,16531,14744,5,11,literal_repeat,0;1;2;3;4
16534,16533,14745,5,11,literal_repeat,0;1;2;3;4
16536,16535,14746,5,11,literal_repeat,0;1;2;3;4
16538,16537,14747,5,11,literal_repeat,0;1;2;3;4
16540,16539,14748,5,11,literal_repeat,0;1;2;3;4
16542,16541,14749,5,11,literal_repeat,0;1;2;3;4
16544,16543,14750,5,11,literal_repeat,0;1;2;3;4
16546,16545,14751,5,11,literal_repeat,0;1;2;3;4
16548,16547,14752,5,11,literal_repeat,0;1;2;3;4
16550,16549,14753,5,11,new_labelling,0;1;2;4;3
16552,16551,14754,5,11,literal_repeat,0;1;2;3;4
16554,16553,14755,5,11,literal_repeat,0;1;2;3;4
16556,16555,14756,5,11,new_labelling,0;1;3;2;4
16558,16557,14757,5,11,literal_repeat,0;1;2;3;4
16560,16559,14758,5,11,literal_repeat,0;1;2;3;4
16562,16561,14759,5,11,literal_repeat,0;1;2;3;4
16564,16563,14760,5,11,literal_repeat,0;1;2;3;4
16566,16565,14761,5,11,literal_repeat,0;1;2;3;4
16568,16567,14762,5,11,literal_repeat,0;1;2;3;4
16570,16569,14763,5,11,literal_repeat,0;1;2;3;4
16572,16571,14764,5,11,literal_repeat,0;1;2;3;4
16574,16573,14765,5,11,literal_repeat,0;1;2;3;4
16576,16575,14766,5,11,literal_repeat,0;1;2;3;4
16578,16577,14767,5,11,literal_repeat,0;1;2;3;4
16580,16579,14768,5,11,literal_repeat,0;1;2;3;4
16582,16581,14769,5,11,literal_repeat,0;1;2;3;4
16584,16583,14770,5,11,literal_repeat,0;1;2;3;4
16586,16585,14771,5,11,literal_repeat,0;1;2;3;4
16588,16587,14772,5,11,literal_repeat,0;1;2;3;4
16590,16589,14773,5,11,literal_repeat,0;1;2;3;4
16592,16591,14774,5,11,literal_repeat,0;1;2;3;4
16594,16593,14775,5,11,literal_repeat,0;1;2;3;4
16596,16595,14776,5,11,literal_repeat,0;1;2;3;4
16598,16597,14777,5,11,new_labelling,0;1;3;2;4
16600,16599,14778,5,11,literal_repeat,0;1;2;3;4
16602,16601,14779,5,11,literal_repeat,0;1;2;3;4
16604,16603,14780,5,11,literal_repeat,0;1;2;3;4
16606,16605,14781,5,11,literal_repeat,0;1;2;3;4
16608,16607,14782,5,11,new_labelling,0;1;3;2;4
16610,16609,14783,5,11,literal_repeat,0;1;2;3;4
16612,16611,14784,5,11,literal_repeat,0;1;2;3;4
16614,16613,14785,5,11,new_labelling,0;1;3;2;4
16616,16615,14786,5,11,literal_repeat,0;1;2;3;4
16618,16617,14787,5,11,literal_repeat,0;1;2;3;4
16620,16619,14788,5,11,literal_repeat,0;1;2;3;4
16622,16621,14789,5,11,literal_repeat,0;1;2;3;4
16624,16623,14790,5,11,literal_repeat,0;1;2;3;4
16626,16625,14791,5,11,literal_repeat,0;1;2;3;4
16628,16627,14792,5,11,literal_repeat,0;1;2;3;4
16630,16629,14793,5,11,literal_repeat,0;1;2;3;4
16632,16631,14794,5,11,literal_repeat,0;1;2;3;4
16634,16633,14795,5,11,literal_repeat,0;1;2;3;4
16636,16635,14796,5,11,literal_repeat,0;1;2;3;4
16638,16637,14797,5,11,new_labelling,0;1;3;2;4
16640,16639,14798,5,11,literal_repeat,0;1;2;3;4
16642,16641,14799,5,11,literal_repeat,0;1;2;3;4
16644,16643,14800,5,11,literal_repeat,0;1;2;3;4
16646,16645,14801,5,11,literal_repeat,0;1;2;3;4
16648,16647,14802,5,11,literal_repeat,0;1;2;3;4
16650,16649,14803,5,11,literal_repeat,0;1;2;3;4
16652,16651,14804,5,11,literal_repeat,0;1;2;3;4
16654,16653,14805,5,11,literal_repeat,0;1;2;3;4
16656,16655,14806,5,11,literal_repeat,0;1;2;3;4
16658,16657,14807,5,11,literal_repeat,0;1;2;3;4
16660,16659,14808,5,11,literal_repeat,0;1;2;3;4
16662,16661,14809,5,11,literal_repeat,0;1;2;3;4
16664,16663,14810,5,11,literal_repeat,0;1;2;3;4
16666,16665,14811,5,11,literal_repeat,0;1;2;3;4
16668,16667,14812,5,11,literal_repeat,0;1;2;3;4
16670,16669,14813,5,11,literal_repeat,0;1;2;3;4
16672,16671,14814,5,11,literal_repeat,0;1;2;3;4
16674,16673,14815,5,11,literal_repeat,0;1;2;3;4
16676,16675,14816,5,11,literal_repeat,0;1;2;3;4
16678,16677,14817,5,11,literal_repeat,0;1;2;3;4
16680,16679,14818,5,11,literal_repeat,0;1;2;3;4
16682,16681,14819,5,11,literal_repeat,0;1;2;3;4
16684,16683,14820,5,11,literal_repeat,0;1;2;3;4
16686,16685,14821,5,11,literal_repeat,0;1;2;3;4
16688,16687,14822,5,11,new_labelling,0;1;4;3;2
16690,16689,14823,5,11,literal_repeat,0;1;2;3;4
16692,16691,14824,5,11,literal_repeat,0;1;2;3;4
16694,16693,14825,5,11,literal_repeat,0;1;2;3;4
16696,16695,14826,5,11,literal_repeat,0;1;2;3;4
16698,16697,14827,5,11,literal_repeat,0;1;2;3;4
16700,16699,14828,5,11,literal_repeat,0;1;2;3;4
16702,16701,14829,5,11,literal_repeat,0;1;2;3;4
16706,16705,14832,5,11,literal_repeat,0;1;2;3;4
16708,16707,14833,5,11,literal_repeat,0;1;2;3;4
16710,16709,14834,5,11,literal_repeat,0;1;2;3;4
16714,16713,14837,5,11,literal_repeat,0;1;2;3;4
16716,16715,14838,5,11,literal_repeat,0;1;2;3;4
16718,16717,14839,5,11,literal_repeat,0;1;2;3;4
16720,16719,14840,5,11,literal_repeat,0;1;2;3;4
16723,16722,14842,5,11,literal_repeat,0;1;2;3;4
16725,16724,14843,5,11,new_labelling,0;1;4;2;3
16727,16726,14844,5,11,literal_repeat,0;1;2;3;4
16730,16729,14846,5,11,literal_repeat,0;1;2;3;4
16735,16734,14850,5,11,literal_repeat,0;1;2;3;4
16737,16736,14851,5,11,literal_repeat,0;1;2;3;4
16740,16739,14853,5,11,literal_repeat,0;1;2;3;4
16742,16741,14854,5,11,literal_repeat,0;1;2;3;4
16744,16743,14855,5,11,literal_repeat,0;1;2;3;4
16746,16745,14856,5,11,literal_repeat,0;1;2;3;4
16748,16747,14857,5,11,literal_repeat,0;1;2;3;4
16750,16749,14858,5,11,literal_repeat,0;1;2;3;4
16752,16751,14859,5,11,literal_repeat,0;1;2;3;4
16754,16753,14860,5,11,literal_repeat,0;1;2;3;4
16757,16756,14862,5,11,literal_repeat,0;1;2;3;4
16759,16758,14863,5,11,literal_repeat,0;1;2;3;4
16761,16760,14864,5,11,literal_repeat,0;1;2;3;4
16763,16762,14865,5,11,literal_repeat,0;1;2;3;4
16765,16764,14866,5,11,literal_repeat,0;1;2;3;4
16767,16766,14867,5,11,literal_repeat,0;1;2;3;4
16769,16768,14868,5,11,literal_repeat,0;1;2;3;4
16771,16770,14869,5,11,literal_repeat,0;1;2;3;4
16773,16772,14870,5,11,literal_repeat,0;1;2;3;4
16775,16774,14871,5,11,literal_repeat,0;1;2;3;4
16777,16776,14872,5,11,literal_repeat,0;1;2;3;4
16779,16778,14873,5,11,literal_repeat,0;1;2;3;4
16781,16780,14874,5,11,new_labelling,0;1;3;2;4
16783,16782,14875,5,11,literal_repeat,0;1;2;3;4
16785,16784,14876,5,11,new_labelling,0;1;3;2;4
16787,16786,14877,5,11,literal_repeat,0;1;2;3;4
16789,16788,14878,5,11,new_labelling,0;1;3;2;4
16791,16790,14879,5,11,new_labelling,0;1;3;2;4
16793,16792,14880,5,11,literal_repeat,0;1;2;3;4
16795,16794,14881,5,11,new_labelling,0;1;2;4;3
16797,16796,14882,5,11,literal_repeat,0;1;2;3;4
16799,16798,14883,5,11,literal_repeat,0;1;2;3;4
16801,16800,14884,5,11,literal_repeat,0;1;2;3;4
16803,16802,14885,5,11,literal_repeat,0;1;2;3;4
16805,16804,14886,5,11,literal_repeat,0;1;2;3;4
16807,16806,14887,5,11,literal_repeat,0;1;2;3;4
16809,16808,14888,5,11,literal_repeat,0;1;2;3;4
16811,16810,14889,5,11,literal_repeat,0;1;2;3;4
16813,16812,14890,5,11,literal_repeat,0;1;2;3;4
16815,16814,14891,5,11,literal_repeat,0;1;2;3;4
16817,16816,14892,5,11,literal_repeat,0;1;2;3;4
16819,16818,14893,5,11,literal_repeat,0;1;2;3;4
16821,16820,14894,5,11,literal_repeat,0;1;2;3;4
16823,16822,14895,5,11,literal_repeat,0;1;2;3;4
16825,16824,14896,5,11,literal_repeat,0;1;2;3;4
16827,16826,14897,5,11,literal_repeat,0;1;2;3;4
16829,16828,14898,5,11,literal_repeat,0;1;2;3;4
16831,16830,14899,5,11,literal_repeat,0;1;2;3;4
16833,16832,14900,5,11,literal_repeat,0;1;2;3;4
16835,16834,14901,5,11,new_labelling,0;1;2;4;3
16837,16836,14902,5,11,literal_repeat,0;1;2;3;4
16839,16838,14903,5,11,literal_repeat,0;1;2;3;4
16841,16840,14904,5,11,literal_repeat,0;1;2;3;4
16843,16842,14905,5,11,literal_repeat,0;1;2;3;4
16845,16844,14906,5,11,literal_repeat,0;1;2;3;4
16847,16846,14907,5,11,literal_repeat,0;1;2;3;4
16849,16848,14908,5,11,literal_repeat,0;1;2;3;4
16851,16850,14909,5,11,literal_repeat,0;1;2;3;4
16853,16852,14910,5,11,literal_repeat,0;1;2;3;4
16855,16854,14911,5,11,literal_repeat,0;1;2;3;4
16857,16856,14912,5,11,literal_repeat,0;1;2;3;4
16859,16858,14913,5,11,literal_repeat,0;1;2;3;4
16861,16860,14914,5,11,literal_repeat,0;1;2;3;4
16863,16862,14915,5,11,literal_repeat,0;1;2;3;4
16865,16864,14916,5,11,literal_repeat,0;1;2;3;4
16867,16866,14917,5,11,literal_repeat,0;1;2;3;4
16869,16868,14918,5,11,literal_repeat,0;1;2;3;4
16871,16870,14919,5,11,literal_repeat,0;1;2;3;4
16873,16872,14920,5,11,literal_repeat,0;1;2;3;4
16875,16874,14921,5,11,literal_repeat,0;1;2;3;4
16877,16876,14922,5,11,literal_repeat,0;1;2;3;4
16879,16878,14923,5,11,literal_repeat,0;1;2;3;4
16881,16880,14924,5,11,literal_repeat,0;1;2;3;4
16883,16882,14925,5,11,literal_repeat,0;1;2;3;4
16885,16884,14926,5,11,literal_repeat,0;1;2;3;4
16887,16886,14927,5,11,literal_repeat,0;1;2;3;4
16889,16888,14928,5,11,literal_repeat,0;1;2;3;4
16891,16890,14929,5,11,literal_repeat,0;1;2;3;4
16893,16892,14930,5,11,literal_repeat,0;1;2;3;4
16895,16894,14931,5,11,literal_repeat,0;1;2;3;4
16897,16896,14932,5,11,literal_repeat,0;1;2;3;4
16899,16898,14933,5,11,literal_repeat,0;1;2;3;4
16901,16900,14934,5,11,literal_repeat,0;1;2;3;4
16903,16902,14935,5,11,literal_repeat,0;1;2;3;4
16905,16904,14936,5,11,literal_repeat,0;1;2;3;4
16907,16906,14937,5,11,literal_repeat,0;1;2;3;4
16909,16908,14938,5,11,literal_repeat,0;1;2;3;4
16912,16911,14940,5,11,literal_repeat,0;1;2;3;4
16915,16914,14942,5,11,literal_repeat,0;1;2;3;4
16917,16916,14943,5,11,literal_repeat,0;1;2;3;4
16919,16918,14944,5,11,literal_repeat,0;1;2;3;4
16921,16920,14945,5,11,literal_repeat,0;1;2;3;4
16924,16923,14947,5,11,literal_repeat,0;1;2;3;4
16926,16925,14948,5,11,literal_repeat,0;1;2;3;4
16928,16927,14949,5,11,literal_repeat,0;1;2;3;4
16930,16929,14950,5,11,literal_repeat,0;1;2;3;4
16932,16931,14951,5,11,literal_repeat,0;1;2;3;4
16934,16933,14952,5,11,literal_repeat,0;1;2;3;4
16936,16935,14953,5,11,literal_repeat,0;1;2;3;4
16938,16937,14954,5,11,literal_repeat,0;1;2;3;4
16940,16939,14955,5,11,literal_repeat,0;1;2;3;4
16942,16941,14956,5,11,literal_repeat,0;1;2;3;4
16944,16943,14957,5,11,literal_repeat,0;1;2;3;4
16946,16945,14958,5,11,literal_repeat,0;1;2;3;4
16948,16947,14959,5,11,literal_repeat,0;1;2;3;4
16950,16949,14960,5,11,literal_repeat,0;1;2;3;4
16952,16951,14961,5,11,literal_repeat,0;1;2;3;4
16954,16953,14962,5,11,literal_repeat,0;1;2;3;4
16956,16955,14963,5,11,literal_repeat,0;1;2;3;4
16958,16957,14964,5,11,literal_repeat,0;1;2;3;4
16960,16959,14965,5,11,literal_repeat,0;1;2;3;4
16962,16961,14966,5,11,literal_repeat,0;1;2;3;4
16964,16963,14967,5,11,literal_repeat,0;1;2;3;4
16966,16965,14968,5,11,literal_repeat,0;1;2;3;4
16968,16967,14969,5,11,literal_repeat,0;1;2;3;4
16970,16969,14970,5,11,literal_repeat,0;1;2;3;4
16972,16971,14971,5,11,literal_repeat,0;1;2;3;4
16974,16973,14972,5,11,literal_repeat,0;1;2;3;4
16976,16975,14973,5,11,literal_repeat,0;1;2;3;4
16978,16977,14974,5,11,literal_repeat,0;1;2;3;4
16980,16979,14975,5,11,literal_repeat,0;1;2;3;4
16982,16981,14976,5,11,literal_repeat,0;1;2;3;4
16984,16983,14977,5,11,literal_repeat,0;1;2;3;4
16986,16985,14978,5,11,literal_repeat,0;1;2;3;4
16988,16987,14979,5,11,literal_repeat,0;1;2;3;4
16990,16989,14980,5,11,literal_repeat,0;1;2;3;4
16992,16991,14981,5,11,literal_repeat,0;1;2;3;4
16994,16993,14982,5,11,literal_repeat,0;1;2;3;4
16996,16995,14983,5,11,literal_repeat,0;1;2;3;4
16998,16997,14984,5,11,literal_repeat,0;1;2;3;4
17000,16999,14985,5,11,literal_repeat,0;1;2;3;4
17002,17001,14986,5,11,literal_repeat,0;1;2;3;4
17004,17003,14987,5,11,new_labelling,0;1;3;4;2
17006,17005,14988,5,11,literal_repeat,0;1;2;3;4
17008,17007,14989,5,11,literal_repeat,0;1;2;3;4
17011,17010,14991,5,11,literal_repeat,0;1;2;3;4
17013,17012,14992,5,11,literal_repeat,0;1;2;3;4
17016,17015,14994,5,11,literal_repeat,0;1;2;3;4
17019,17018,14996,5,11,literal_repeat,0;1;2;3;4
17021,17020,14997,5,11,literal_repeat,0;1;2;3;4
17024,17023,14999,5,11,literal_repeat,0;1;2;3;4
17028,17027,15002,5,11,literal_repeat,0;1;2;3;4
17030,17029,15003,5,11,literal_repeat,0;1;2;3;4
17033,17032,15005,5,11,literal_repeat,0;1;2;3;4
17035,17034,15006,5,11,literal_repeat,0;1;2;3;4
17037,17036,15007,5,11,literal_repeat,0;1;2;3;4
17039,17038,15008,5,11,literal_repeat,0;1;2;3;4
17041,17040,15009,5,11,literal_repeat,0;1;2;3;4
17044,17043,15011,5,11,literal_repeat,0;1;2;3;4
17046,17045,15012,5,11,literal_repeat,0;1;2;3;4
17048,17047,15013,5,11,literal_repeat,0;1;2;3;4
17050,17049,15014,5,11,literal_repeat,0;1;2;3;4
17052,17051,15015,5,11,literal_repeat,0;1;2;3;4
17056,17055,15018,5,11,literal_repeat,0;1;2;3;4
17058,17057,15019,5,11,literal_repeat,0;1;2;3;4
17061,17060,15021,5,11,literal_repeat,0;1;2;3;4
17063,17062,15022,5,11,literal_repeat,0;1;2;3;4
17065,17064,15023,5,11,literal_repeat,0;1;2;3;4
17067,17066,15024,5,11,literal_repeat,0;1;2;3;4
17069,17068,15025,5,11,literal_repeat,0;1;2;3;4
17071,17070,15026,5,11,literal_repeat,0;1;2;3;4
17073,17072,15027,5,11,new_labelling,0;1;3;2;4
17075,17074,15028,5,11,literal_repeat,0;1;2;3;4
17077,17076,15029,5,11,new_labelling,0;1;3;2;4
17079,17078,15030,5,11,literal_repeat,0;1;2;3;4
17081,17080,15031,5,11,new_labelling,0;1;2;4;3
17083,17082,15032,5,11,literal_repeat,0;1;2;3;4
17085,17084,15033,5,11,literal_repeat,0;1;2;3;4
17087,17086,15034,5,11,new_labelling,0;1;2;4;3
17089,17088,15035,5,11,new_labelling,0;1;2;4;3
17091,17090,15036,5,11,new_labelling,0;1;2;4;3
17093,17092,15037,5,11,literal_repeat,0;1;2;3;4
17095,17094,15038,5,11,literal_repeat,0;1;2;3;4
17097,17096,15039,5,11,new_labelling,0;1;2;4;3
17099,17098,15040,5,11,literal_repeat,0;1;2;3;4
17101,17100,15041,5,11,literal_repeat,0;1;2;3;4
17103,17102,15042,5,11,new_labelling,0;1;2;4;3
17105,17104,15043,5,11,literal_repeat,0;1;2;3;4
17107,17106,15044,5,11,literal_repeat,0;1;2;3;4
17109,17108,15045,5,11,literal_repeat,0;1;2;3;4
17111,17110,15046,5,11,literal_repeat,0;1;2;3;4
17113,17112,15047,5,11,literal_repeat,0;1;2;3;4
17115,17114,15048,5,11,literal_repeat,0;1;2;3;4
17117,17116,15049,5,11,literal_repeat,0;1;2;3;4
17120,17119,15051,5,11,literal_repeat,0;1;2;3;4
17122,17121,15052,5,11,literal_repeat,0;1;2;3;4
17124,17123,15053,5,11,literal_repeat,0;1;2;3;4
17127,17126,15055,5,11,literal_repeat,0;1;2;3;4
17129,17128,15056,5,11,literal_repeat,0;1;2;3;4
17131,17130,15057,5,11,literal_repeat,0;1;2;3;4
17133,17132,15058,5,11,literal_repeat,0;1;2;3;4
17135,17134,15059,5,11,literal_repeat,0;1;2;3;4
17137,17136,15060,5,11,new_labelling,0;1;3;2;4
17139,17138,15061,5,11,literal_repeat,0;1;2;3;4
17141,17140,15062,5,11,literal_repeat,0;1;2;3;4
17143,17142,15063,5,11,literal_repeat,0;1;2;3;4
17145,17144,15064,5,11,new_labelling,0;1;3;2;4
17147,17146,15065,5,11,new_labelling,0;1;3;2;4
17149,17148,15066,5,11,new_labelling,0;1;3;2;4
17151,17150,15067,5,11,literal_repeat,0;1;2;3;4
17153,17152,15068,5,11,new_labelling,0;1;2;4;3
17155,17154,15069,5,11,literal_repeat,0;1;2;3;4
17157,17156,15070,5,11,literal_repeat,0;1;2;3;4
17159,17158,15071,5,11,literal_repeat,0;1;2;3;4
17161,17160,15072,5,11,new_labelling,0;1;2;4;3
17163,17162,15073,5,11,new_labelling,0;1;2;4;3
17165,17164,15074,5,11,literal_repeat,0;1;2;3;4
17167,17166,15075,5,11,new_labelling,0;1;2;4;3
17169,17168,15076,5,11,literal_repeat,0;1;2;3;4
17171,17170,15077,5,11,literal_repeat,0;1;2;3;4
17173,17172,15078,5,11,literal_repeat,0;1;2;3;4
17175,17174,15079,5,11,literal_repeat,0;1;2;3;4
17177,17176,15080,5,11,literal_repeat,0;1;2;3;4
17179,17178,15081,5,11,literal_repeat,0;1;2;3;4
17181,17180,15082,5,11,literal_repeat,0;1;2;3;4
17184,17183,15084,5,11,literal_repeat,0;1;2;3;4
17186,17185,15085,5,11,literal_repeat,0;1;2;3;4
17188,17187,15086,5,11,literal_repeat,0;1;2;3;4
17190,17189,15087,5,11,literal_repeat,0;1;2;3;4
17192,17191,15088,5,11,literal_repeat,0;1;2;3;4
17194,17193,15089,5,11,literal_repeat,0;1;2;3;4
17197,17196,15091,5,11,literal_repeat,0;1;2;3;4
17200,17199,15093,5,11,literal_repeat,0;1;2;3;4
17202,17201,15094,5,11,literal_repeat,0;1;2;3;4
17205,17204,15096,5,11,literal_repeat,0;1;2;3;4
17207,17206,15097,5,11,literal_repeat,0;1;2;3;4
17209,17208,15098,5,11,literal_repeat,0;1;2;3;4
17211,17210,15099,5,11,literal_repeat,0;1;2;3;4
17213,17212,15100,5,11,literal_repeat,0;1;2;3;4
17215,17214,15101,5,11,new_labelling,0;1;3;2;4
17217,17216,15102,5,11,new_labelling,0;1;3;2;4
17220,17219,15104,5,11,literal_repeat,0;1;2;3;4
17222,17221,15105,5,11,literal_repeat,0;1;2;3;4
17224,17223,15106,5,11,literal_repeat,0;1;2;3;4
17226,17225,15107,5,11,literal_repeat,0;1;2;3;4
17228,17227,15108,5,11,literal_repeat,0;1;2;3;4
17230,17229,15109,5,11,literal_repeat,0;1;2;3;4
17232,17231,15110,5,11,literal_repeat,0;1;2;3;4
17236,17235,15113,5,11,new_labelling,0;2;1;3;4
17238,17237,15114,5,11,literal_repeat,0;1;2;3;4
17240,17239,15115,5,11,literal_repeat,0;1;2;3;4
17242,17241,15116,5,11,literal_repeat,0;1;2;3;4
17244,17243,15117,5,11,literal_repeat,0;1;2;3;4
17246,17245,15118,5,11,literal_repeat,0;1;2;3;4
17248,17247,15119,5,11,literal_repeat,0;1;2;3;4
17250,17249,15120,5,11,literal_repeat,0;1;2;3;4
17252,17251,15121,5,11,literal_repeat,0;1;2;3;4
17254,17253,15122,5,11,literal_repeat,0;1;2;3;4
17256,17255,15123,5,11,literal_repeat,0;1;2;3;4
17258,17257,15124,5,11,literal_repeat,0;1;2;3;4
17260,17259,15125,5,11,literal_repeat,0;1;2;3;4
17262,17261,15126,5,11,literal_repeat,0;1;2;3;4
17264,17263,15127,5,11,literal_repeat,0;1;2;3;4
17266,17265,15128,5,11,literal_repeat,0;1;2;3;4
17268,17267,15129,5,11,literal_repeat,0;1;2;3;4
17270,17269,15130,5,11,literal_repeat,0;1;2;3;4
17272,17271,15131,5,11,literal_repeat,0;1;2;3;4
17274,17273,15132,5,11,literal_repeat,0;1;2;3;4
17276,17275,15133,5,11,literal_repeat,0;1;2;3;4
17278,17277,15134,5,11,literal_repeat,0;1;2;3;4
17280,17279,15135,5,11,literal_repeat,0;1;2;3;4
17282,17281,15136,5,11,new_labelling,0;1;3;2;4
17284,17283,15137,5,11,literal_repeat,0;1;2;3;4
17286,17285,15138,5,11,literal_repeat,0;1;2;3;4
17288,17287,15139,5,11,new_labelling,0;1;2;4;3
17290,17289,15140,5,11,literal_repeat,0;1;2;3;4
17292,17291,15141,5,11,literal_repeat,0;1;2;3;4
17294,17293,15142,5,11,literal_repeat,0;1;2;3;4
17296,17295,15143,5,11,literal_repeat,0;1;2;3;4
17298,17297,15144,5,11,literal_repeat,0;1;2;3;4
17300,17299,15145,5,11,new_labelling,0;1;3;2;4
17302,17301,15146,5,11,new_labelling,0;1;3;2;4
17304,17303,15147,5,11,new_labelling,0;1;3;2;4
17306,17305,15148,5,11,literal_repeat,0;1;2;3;4
17308,17307,15149,5,11,literal_repeat,0;1;2;3;4
17310,17309,15150,5,11,literal_repeat,0;1;2;3;4
17312,17311,15151,5,11,literal_repeat,0;1;2;3;4
17314,17313,15152,5,11,literal_repeat,0;1;2;3;4
17316,17315,15153,5,11,new_labelling,0;1;2;4;3
17318,17317,15154,5,11,literal_repeat,0;1;2;3;4
17320,17319,15155,5,11,literal_repeat,0;1;2;3;4
17322,17321,15156,5,11,literal_repeat,0;1;2;3;4
17324,17323,15157,5,11,literal_repeat,0;1;2;3;4
17326,17325,15158,5,11,literal_repeat,0;1;2;3;4
17328,17327,15159,5,11,new_labelling,0;1;3;2;4
17330,17329,15160,5,11,new_labelling,0;1;3;2;4
17332,17331,15161,5,11,new_labelling,0;1;3;2;4
17334,17333,15162,5,11,new_labelling,0;1;3;2;4
17336,17335,15163,5,11,new_labelling,0;1;3;2;4
17338,17337,15164,5,11,new_labelling,0;1;2;4;3
17340,17339,15165,5,11,new_labelling,0;1;2;4;3
17342,17341,15166,5,11,new_labelling,0;1;2;4;3
17344,17343,15167,5,11,literal_repeat,0;1;2;3;4
17346,17345,15168,5,11,new_labelling,0;1;2;4;3
17348,17347,15169,5,11,literal_repeat,0;1;2;3;4
17350,17349,15170,5,11,new_labelling,0;1;2;4;3
17352,17351,15171,5,11,literal_repeat,0;1;2;3;4
17354,17353,15172,5,11,new_labelling,0;1;2;4;3
17356,17355,15173,5,11,literal_repeat,0;1;2;3;4
17358,17357,15174,5,11,literal_repeat,0;1;2;3;4
17360,17359,15175,5,11,literal_repeat,0;1;2;3;4
17362,17361,15176,5,11,literal_repeat,0;1;2;3;4
17365,17364,15178,5,11,literal_repeat,0;1;2;3;4
17367,17366,15179,5,11,literal_repeat,0;1;2;3;4
17369,17368,15180,5,11,literal_repeat,0;1;2;3;4
17371,17370,15181,5,11,literal_repeat,0;1;2;3;4
17373,17372,15182,5,11,literal_repeat,0;1;2;3;4
17375,17374,15183,5,11,literal_repeat,0;1;2;3;4
17377,17376,15184,5,11,literal_repeat,0;1;2;3;4
17379,17378,15185,5,11,literal_repeat,0;1;2;3;4
17381,17380,15186,5,11,literal_repeat,0;1;2;3;4
17383,17382,15187,5,11,literal_repeat,0;1;2;3;4
17385,17384,15188,5,11,literal_repeat,0;1;2;3;4
17387,17386,15189,5,11,literal_repeat,0;1;2;3;4
17389,17388,15190,5,11,new_labelling,0;1;3;2;4
17391,17390,15191,5,11,new_labelling,0;1;2;4;3
17393,17392,15192,5,11,literal_repeat,0;1;2;3;4
17395,17394,15193,5,11,literal_repeat,0;1;2;3;4
17397,17396,15194,5,11,literal_repeat,0;1;2;3;4
17399,17398,15195,5,11,literal_repeat,0;1;2;3;4
17401,17400,15196,5,11,new_labelling,0;1;3;2;4
17403,17402,15197,5,11,literal_repeat,0;1;2;3;4
17405,17404,15198,5,11,literal_repeat,0;1;2;3;4
17414,17413,15206,5,11,literal_repeat,0;1;2;3;4
17416,17415,15207,5,11,literal_repeat,0;1;2;3;4
17419,17418,15209,5,11,literal_repeat,0;1;2;3;4
17421,17420,15210,5,11,literal_repeat,0;1;2;3;4
17423,17422,15211,5,11,literal_repeat,0;1;2;3;4
17779,17778,15566,5,12,literal_repeat,0;1;2;3;4
17781,17780,15567,5,12,literal_repeat,0;1;2;3;4
17794,17793,15579,5,12,literal_repeat,0;1;2;3;4
17801,17800,15585,5,12,literal_repeat,0;1;2;3;4
17804,17803,15587,5,12,literal_repeat,0;1;2;3;4
17814,17813,15596,5,12,new_labelling,0;2;1;3;4
17816,17815,15597,5,12,literal_repeat,0;1;2;3;4
17842,17841,15622,5,12,literal_repeat,0;1;2;3;4
17855,17854,15634,5,12,literal_repeat,0;1;2;3;4
17859,17858,15637,5,12,literal_repeat,0;1;2;3;4
17871,17870,15648,5,12,literal_repeat,0;1;2;3;4
17874,17873,15650,5,12,literal_repeat,0;1;2;3;4
17877,17876,15652,5,12,literal_repeat,0;1;2;3;4
17879,17878,15653,5,12,literal_repeat,0;1;2;3;4
17881,17880,15654,5,12,literal_repeat,0;1;2;3;4
17884,17883,15656,5,12,literal_repeat,0;1;2;3;4
17890,17889,15661,5,12,literal_repeat,0;1;2;3;4
17921,17920,15691,5,12,literal_repeat,0;1;2;3;4
17933,17932,15702,5,12,literal_repeat,0;1;2;3;4
17944,17943,15712,5,12,literal_repeat,0;1;2;3;4
17947,17946,15714,5,12,literal_repeat,0;1;2;3;4
17954,17953,15720,5,12,literal_repeat,0;1;2;3;4
17960,17959,15725,5,12,literal_repeat,0;1;2;3;4
17979,17978,15743,5,12,literal_repeat,0;1;2;3;4
17986,17985,15749,5,12,literal_repeat,0;1;2;3;4
18004,18003,15766,5,12,literal_repeat,0;1;2;3;4
18006,18005,15767,5,12,literal_repeat,0;1;2;3;4
18019,18018,15779,5,12,literal_repeat,0;1;2;3;4
18023,18022,15782,5,12,literal_repeat,0;1;2;3;4
18045,18044,15803,5,12,literal_repeat,0;1;2;3;4
18052,18051,15809,5,12,new_labelling,0;1;3;2;4
18063,18062,15819,5,12,literal_repeat,0;1;2;3;4
18065,18064,15820,5,12,literal_repeat,0;1;2;3;4
18076,18075,15830,5,12,literal_repeat,0;1;2;3;4
18083,18082,15836,5,12,literal_repeat,0;1;2;3;4
18087,18086,15839,5,12,literal_repeat,0;1;2;3;4
18093,18092,15844,5,12,literal_repeat,0;1;2;3;4
18097,18096,15847,5,12,literal_repeat,0;1;2;3;4
18104,18103,15853,5,12,literal_repeat,0;1;2;3;4
18106,18105,15854,5,12,literal_repeat,0;1;2;3;4
18109,18108,15856,5,12,literal_repeat,0;1;2;3;4
18120,18119,15866,5,12,literal_repeat,0;1;2;3;4
18125,18124,15870,5,12,literal_repeat,0;1;2;3;4
18128,18127,15872,5,12,literal_repeat,0;1;2;3;4
18130,18129,15873,5,12,literal_repeat,0;1;2;3;4
18132,18131,15874,5,12,literal_repeat,0;1;2;3;4
18150,18149,15891,5,12,literal_repeat,0;1;2;3;4
18152,18151,15892,5,12,new_labelling,0;2;3;1;4
18161,18160,15900,5,12,literal_repeat,0;1;2;3;4
18170,18169,15908,5,12,literal_repeat,0;1;2;3;4
18172,18171,15909,5,12,literal_repeat,0;1;2;3;4
18174,18173,15910,5,12,literal_repeat,0;1;2;3;4
18184,18183,15919,5,12,literal_repeat,0;1;2;3;4
18193,18192,15927,5,12,literal_repeat,0;1;2;3;4
18196,18195,15929,5,12,literal_repeat,0;1;2;3;4
18208,18207,15940,5,12,literal_repeat,0;1;2;3;4
18222,18221,15953,5,12,literal_repeat,0;1;2;3;4
18232,18231,15962,5,12,new_labelling,0;1;2;4;3
18235,18234,15964,5,12,literal_repeat,0;1;2;3;4
18238,18237,15966,5,12,literal_repeat,0;1;2;3;4
18252,18251,15979,5,12,literal_repeat,0;1;2;3;4
18263,18262,15989,5,12,literal_repeat,0;1;2;3;4
18265,18264,15990,5,12,literal_repeat,0;1;2;3;4
18267,18266,15991,5,12,literal_repeat,0;1;2;3;4
18269,18268,15992,5,12,literal_repeat,0;1;2;3;4
18272,18271,15994,5,12,literal_repeat,0;1;2;3;4
18274,18273,15995,5,12,literal_repeat,0;1;2;3;4
18278,18277,15998,5,12,literal_repeat,0;1;2;3;4
18283,18282,16002,5,12,literal_repeat,0;1;2;3;4
18285,18284,16003,5,12,new_labelling,0;2;1;3;4
18295,18294,16012,5,12,literal_repeat,0;1;2;3;4
18297,18296,16013,5,12,literal_repeat,0;1;2;3;4
18301,18300,16016,5,12,literal_repeat,0;1;2;3;4
18303,18302,16017,5,12,literal_repeat,0;1;2;3;4
18305,18304,16018,5,12,literal_repeat,0;1;2;3;4
18308,18307,16020,5,12,literal_repeat,0;1;2;3;4
18314,18313,16025,5,12,literal_repeat,0;1;2;3;4
18317,18316,16027,5,12,literal_repeat,0;1;2;3;4
18319,18318,16028,5,12,literal_repeat,0;1;2;3;4
18321,18320,16029,5,12,literal_repeat,0;1;2;3;4
18323,18322,16030,5,12,literal_repeat,0;1;2;3;4
18336,18335,16042,5,12,literal_repeat,0;1;2;3;4
18338,18337,16043,5,12,literal_repeat,0;1;2;3;4
18341,18340,16045,5,12,literal_repeat,0;1;2;3;4
18344,18343,16047,5,12,literal_repeat,0;1;2;3;4
18346,18345,16048,5,12,literal_repeat,0;1;2;3;4
18349,18348,16050,5,12,literal_repeat,0;1;2;3;4
18371,18370,16071,5,12,literal_repeat,0;1;2;3;4
18374,18373,16073,5,12,literal_repeat,0;1;2;3;4
18377,18376,16075,5,12,literal_repeat,0;1;2;3;4
18388,18387,16085,5,12,literal_repeat,0;1;2;3;4
18392,18391,16088,5,12,literal_repeat,0;1;2;3;4
18397,18396,16092,5,12,literal_repeat,0;1;2;3;4
18401,18400,16095,5,12,literal_repeat,0;1;2;3;4
18412,18411,16105,5,12,new_labelling,0;1;3;2;4
18423,18422,16115,5,12,literal_repeat,0;1;2;3;4
18428,18427,16119,5,12,new_labelling,0;2;1;3;4
18430,18429,16120,5,12,literal_repeat,0;1;2;3;4
18433,18432,16122,5,12,literal_repeat,0;1;2;3;4
18437,18436,16125,5,12,literal_repeat,0;1;2;3;4
18441,18440,16128,5,12,literal_repeat,0;1;2;3;4
18444,18443,16130,5,12,literal_repeat,0;1;2;3;4
18446,18445,16131,5,12,literal_repeat,0;1;2;3;4
18449,18448,16133,5,12,literal_repeat,0;1;2;3;4
18451,18450,16134,5,12,literal_repeat,0;1;2;3;4
18463,18462,16145,5,12,literal_repeat,0;1;2;3;4
18465,18464,16146,5,12,literal_repeat,0;1;2;3;4
18467,18466,16147,5,12,literal_repeat,0;1;2;3;4
18471,18470,16150,5,12,literal_repeat,0;1;2;3;4
18473,18472,16151,5,12,literal_repeat,0;1;2;3;4
18477,18476,16154,5,12,literal_repeat,0;1;2;3;4
18479,18478,16155,5,12,literal_repeat,0;1;2;3;4
18481,18480,16156,5,12,literal_repeat,0;1;2;3;4
18485,18484,16159,5,12,literal_repeat,0;1;2;3;4
18489,18488,16162,5,12,literal_repeat,0;1;2;3;4
18491,18490,16163,5,12,literal_repeat,0;1;2;3;4
18495,18494,16166,5,12,literal_repeat,0;1;2;3;4
18497,18496,16167,5,12,literal_repeat,0;1;2;3;4
18499,18498,16168,5,12,literal_repeat,0;1;2;3;4
18502,18501,16170,5,12,new_labelling,0;1;2;4;3
18506,18505,16173,5,12,literal_repeat,0;1;2;3;4
18508,18507,16174,5,12,literal_repeat,0;1;2;3;4
18513,18512,16178,5,12,literal_repeat,0;1;2;3;4
18516,18515,16180,5,12,literal_repeat,0;1;2;3;4
18519,18518,16182,5,12,literal_repeat,0;1;2;3;4
18521,18520,16183,5,12,literal_repeat,0;1;2;3;4
18524,18523,16185,5,12,literal_repeat,0;1;2;3;4
18526,18525,16186,5,12,literal_repeat,0;1;2;3;4
18528,18527,16187,5,12,literal_repeat,0;1;2;3;4
18530,18529,16188,5,12,new_labelling,0;1;2;4;3
18535,18534,16192,5,12,literal_repeat,0;1;2;3;4
18540,18539,16196,5,12,literal_repeat,0;1;2;3;4
18544,18543,16199,5,12,literal_repeat,0;1;2;3;4
18548,18547,16202,5,12,literal_repeat,0;1;2;3;4
18553,18552,16206,5,12,literal_repeat,0;1;2;3;4
18555,18554,16207,5,12,new_labelling,0;1;3;2;4
18557,18556,16208,5,12,literal_repeat,0;1;2;3;4
18559,18558,16209,5,12,literal_repeat,0;1;2;3;4
18561,18560,16210,5,12,literal_repeat,0;1;2;3;4
18564,18563,16212,5,12,literal_repeat,0;1;2;3;4
18566,18565,16213,5,12,literal_repeat,0;1;2;3;4
18568,18567,16214,5,12,literal_repeat,0;1;2;3;4
18571,18570,16216,5,12,literal_repeat,0;1;2;3;4
18573,18572,16217,5,12,literal_repeat,0;1;2;3;4
18575,18574,16218,5,12,literal_repeat,0;1;2;3;4
18578,18577,16220,5,12,literal_repeat,0;1;2;3;4
18580,18579,16221,5,12,literal_repeat,0;1;2;3;4
18584,18583,16224,5,12,literal_repeat,0;1;2;3;4
18588,18587,16227,5,12,literal_repeat,0;1;2;3;4
18592,18591,16230,5,12,literal_repeat,0;1;2;3;4
18594,18593,16231,5,12,literal_repeat,0;1;2;3;4
18597,18596,16233,5,12,literal_repeat,0;1;2;3;4
18603,18602,16238,5,12,new_labelling,0;1;3;2;4
18605,18604,16239,5,12,literal_repeat,0;1;2;3;4
18607,18606,16240,5,12,literal_repeat,0;1;2;3;4
18611,18610,16243,5,12,literal_repeat,0;1;2;3;4
18614,18613,16245,5,12,literal_repeat,0;1;2;3;4
18617,18616,16247,5,12,literal_repeat,0;1;2;3;4
18622,18621,16251,5,12,literal_repeat,0;1;2;3;4
18628,18627,16256,5,12,literal_repeat,0;1;2;3;4
18630,18629,16257,5,12,literal_repeat,0;1;2;3;4
18632,18631,16258,5,12,literal_repeat,0;1;2;3;4
18635,18634,16260,5,12,literal_repeat,0;1;2;3;4
18637,18636,16261,5,12,literal_repeat,0;1;2;3;4
18640,18639,16263,5,12,new_labelling,0;1;3;2;4
18642,18641,16264,5,12,literal_repeat,0;1;2;3;4
18644,18643,16265,5,12,new_labelling,0;1;3;4;2
18646,18645,16266,5,12,new_labelling,0;1;4;3;2
18648,18647,16267,5,12,literal_repeat,0;1;2;3;4
18652,18651,16270,5,12,literal_repeat,0;1;2;3;4
18654,18653,16271,5,12,literal_repeat,0;1;2;3;4
18657,18656,16273,5,12,literal_repeat,0;1;2;3;4
18659,18658,16274,5,12,literal_repeat,0;1;2;3;4
18661,18660,16275,5,12,literal_repeat,0;1;2;3;4
18663,18662,16276,5,12,literal_repeat,0;1;2;3;4
18666,18665,16278,5,12,literal_repeat,0;1;2;3;4
18668,18667,16279,5,12,literal_repeat,0;1;2;3;4
18674,18673,16284,5,12,literal_repeat,0;1;2;3;4
18680,18679,16289,5,12,literal_repeat,0;1;2;3;4
18687,18686,16295,5,12,literal_repeat,0;1;2;3;4
18692,18691,16299,5,12,literal_repeat,0;1;2;3;4
18695,18694,16301,5,12,literal_repeat,0;1;2;3;4
18697,18696,16302,5,12,new_labelling,0;1;3;2;4
18701,18700,16305,5,12,literal_repeat,0;1;2;3;4
18704,18703,16307,5,12,literal_repeat,0;1;2;3;4
18708,18707,16310,5,12,literal_repeat,0;1;2;3;4
18711,18710,16312,5,12,literal_repeat,0;1;2;3;4
18713,18712,16313,5,12,literal_repeat,0;1;2;3;4
18716,18715,16315,5,12,literal_repeat,0;1;2;3;4
18718,18717,16316,5,12,literal_repeat,0;1;2;3;4
18720,18719,16317,5,12,literal_repeat,0;1;2;3;4
18722,18721,16318,5,12,literal_repeat,0;1;2;3;4
18724,18723,16319,5,12,literal_repeat,0;1;2;3;4
18726,18725,16320,5,12,literal_repeat,0;1;2;3;4
18730,18729,16323,5,12,literal_repeat,0;1;2;3;4
18733,18732,16325,5,12,literal_repeat,0;1;2;3;4
18735,18734,16326,5,12,literal_repeat,0;1;2;3;4
18738,18737,16328,5,12,new_labelling,0;1;3;2;4
18740,18739,16329,5,12,literal_repeat,0;1;2;3;4
18744,18743,16332,5,12,literal_repeat,0;1;2;3;4
18746,18745,16333,5,12,new_labelling,0;2;1;3;4
18748,18747,16334,5,12,literal_repeat,0;1;2;3;4
18750,18749,16335,5,12,literal_repeat,0;1;2;3;4
18752,18751,16336,5,12,literal_repeat,0;1;2;3;4
18754,18753,16337,5,12,literal_repeat,0;1;2;3;4
18758,18757,16340,5,12,literal_repeat,0;1;2;3;4
18760,18759,16341,5,12,literal_repeat,0;1;2;3;4
18762,18761,16342,5,12,literal_repeat,0;1;2;3;4
18766,18765,16345,5,12,literal_repeat,0;1;2;3;4
18769,18768,16347,5,12,new_labelling,0;2;1;3;4
18776,18775,16353,5,12,literal_repeat,0;1;2;3;4
18778,18777,16354,5,12,literal_repeat,0;1;2;3;4
18781,18780,16356,5,12,literal_repeat,0;1;2;3;4
18783,18782,16357,5,12,literal_repeat,0;1;2;3;4
18785,18784,16358,5,12,literal_repeat,0;1;2;3;4
18787,18786,16359,5,12,literal_repeat,0;1;2;3;4
18793,18792,16364,5,12,new_labelling,0;2;1;3;4
18795,18794,16365,5,12,literal_repeat,0;1;2;3;4
18797,18796,16366,5,12,literal_repeat,0;1;2;3;4
18801,18800,16369,5,12,literal_repeat,0;1;2;3;4
18803,18802,16370,5,12,literal_repeat,0;1;2;3;4
18805,18804,16371,5,12,literal_repeat,0;1;2;3;4
18807,18806,16372,5,12,literal_repeat,0;1;2;3;4
18809,18808,16373,5,12,literal_repeat,0;1;2;3;4
18811,18810,16374,5,12,literal_repeat,0;1;2;3;4
18813,18812,16375,5,12,literal_repeat,0;1;2;3;4
18815,18814,16376,5,12,literal_repeat,0;1;2;3;4
18817,18816,16377,5,12,literal_repeat,0;1;2;3;4
18819,18818,16378,5,12,new_labelling,0;2;1;3;4
18821,18820,16379,5,12,new_labelling,0;2;1;3;4
18826,18825,16383,5,12,literal_repeat,0;1;2;3;4
18828,18827,16384,5,12,literal_repeat,0;1;2;3;4
18830,18829,16385,5,12,literal_repeat,0;1;2;3;4
18833,18832,16387,5,12,literal_repeat,0;1;2;3;4
18842,18841,16395,5,12,literal_repeat,0;1;2;3;4
18844,18843,16396,5,12,literal_repeat,0;1;2;3;4
18846,18845,16397,5,12,literal_repeat,0;1;2;3;4
18848,18847,16398,5,12,literal_repeat,0;1;2;3;4
18850,18849,16399,5,12,literal_repeat,0;1;2;3;4
18853,18852,16401,5,12,literal_repeat,0;1;2;3;4
18858,18857,16405,5,12,literal_repeat,0;1;2;3;4
18861,18860,16407,5,12,literal_repeat,0;1;2;3;4
18863,18862,16408,5,12,literal_repeat,0;1;2;3;4
18865,18864,16409,5,12,literal_repeat,0;1;2;3;4
18867,18866,16410,5,12,new_labelling,0;2;1;3;4
18869,18868,16411,5,12,new_labelling,0;3;1;2;4
18872,18871,16413,5,12,literal_repeat,0;1;2;3;4
18874,18873,16414,5,12,literal_repeat,0;1;2;3;4
18876,18875,16415,5,12,literal_repeat,0;1;2;3;4
18881,18880,16419,5,12,literal_repeat,0;1;2;3;4
18884,18883,16421,5,12,literal_repeat,0;1;2;3;4
18886,18885,16422,5,12,literal_repeat,0;1;2;3;4
18888,18887,16423,5,12,literal_repeat,0;1;2;3;4
18890,18889,16424,5,12,literal_repeat,0;1;2;3;4
18892,18891,16425,5,12,literal_repeat,0;1;2;3;4
18898,18897,16430,5,12,literal_repeat,0;1;2;3;4
18900,18899,16431,5,12,literal_repeat,0;1;2;3;4
18902,18901,16432,5,12,literal_repeat,0;1;2;3;4
18904,18903,16433,5,12,literal_repeat,0;1;2;3;4
18906,18905,16434,5,12,literal_repeat,0;1;2;3;4
18910,18909,16437,5,12,literal_repeat,0;1;2;3;4
18913,18912,16439,5,12,literal_repeat,0;1;2;3;4
18916,18915,16441,5,12,literal_repeat,0;1;2;3;4
18920,18919,16444,5,12,literal_repeat,0;1;2;3;4
18923,18922,16446,5,12,literal_repeat,0;1;2;3;4
18925,18924,16447,5,12,literal_repeat,0;1;2;3;4
18927,18926,16448,5,12,literal_repeat,0;1;2;3;4
18929,18928,16449,5,12,literal_repeat,0;1;2;3;4
18932,18931,16451,5,12,literal_repeat,0;1;2;3;4
18934,18933,16452,5,12,literal_repeat,0;1;2;3;4
18936,18935,16453,5,12,literal_repeat,0;1;2;3;4
18938,18937,16454,5,12,literal_repeat,0;1;2;3;4
18940,18939,16455,5,12,literal_repeat,0;1;2;3;4
18942,18941,16456,5,12,literal_repeat,0;1;2;3;4
18944,18943,16457,5,12,literal_repeat,0;1;2;3;4
18946,18945,16458,5,12,literal_repeat,0;1;2;3;4
18948,18947,16459,5,12,literal_repeat,0;1;2;3;4
18950,18949,16460,5,12,literal_repeat,0;1;2;3;4
18952,18951,16461,5,12,literal_repeat,0;1;2;3;4
18954,18953,16462,5,12,literal_repeat,0;1;2;3;4
18956,18955,16463,5,12,literal_repeat,0;1;2;3;4
18959,18958,16465,5,12,literal_repeat,0;1;2;3;4
18963,18962,16468,5,12,literal_repeat,0;1;2;3;4
18967,18966,16471,5,12,literal_repeat,0;1;2;3;4
18969,18968,16472,5,12,literal_repeat,0;1;2;3;4
18971,18970,16473,5,12,literal_repeat,0;1;2;3;4
18973,18972,16474,5,12,literal_repeat,0;1;2;3;4
18977,18976,16477,5,12,literal_repeat,0;1;2;3;4
18979,18978,16478,5,12,literal_repeat,0;1;2;3;4
18981,18980,16479,5,12,literal_repeat,0;1;2;3;4
18983,18982,16480,5,12,literal_repeat,0;1;2;3;4
18985,18984,16481,5,12,literal_repeat,0;1;2;3;4
18987,18986,16482,5,12,literal_repeat,0;1;2;3;4
18990,18989,16484,5,12,literal_repeat,0;1;2;3;4
18995,18994,16488,5,12,literal_repeat,0;1;2;3;4
18997,18996,16489,5,12,literal_repeat,0;1;2;3;4
19001,19000,16492,5,12,literal_repeat,0;1;2;3;4
19003,19002,16493,5,12,literal_repeat,0;1;2;3;4
19005,19004,16494,5,12,literal_repeat,0;1;2;3;4
19007,19006,16495,5,12,literal_repeat,0;1;2;3;4
19009,19008,16496,5,12,literal_repeat,0;1;2;3;4
19011,19010,16497,5,12,literal_repeat,0;1;2;3;4
19016,19015,16501,5,12,literal_repeat,0;1;2;3;4
19019,19018,16503,5,12,literal_repeat,0;1;2;3;4
19021,19020,16504,5,12,literal_repeat,0;1;2;3;4
19023,19022,16505,5,12,literal_repeat,0;1;2;3;4
19025,19024,16506,5,12,literal_repeat,0;1;2;3;4
19028,19027,16508,5,12,literal_repeat,0;1;2;3;4
19031,19030,16510,5,12,literal_repeat,0;1;2;3;4
19033,19032,16511,5,12,literal_repeat,0;1;2;3;4
19036,19035,16513,5,12,literal_repeat,0;1;2;3;4
19038,19037,16514,5,12,literal_repeat,0;1;2;3;4
19040,19039,16515,5,12,literal_repeat,0;1;2;3;4
19042,19041,16516,5,12,literal_repeat,0;1;2;3;4
19044,19043,16517,5,12,literal_repeat,0;1;2;3;4
19047,19046,16519,5,12,literal_repeat,0;1;2;3;4
19049,19048,16520,5,12,literal_repeat,0;1;2;3;4
19051,19050,16521,5,12,literal_repeat,0;1;2;3;4
19053,19052,16522,5,12,literal_repeat,0;1;2;3;4
19055,19054,16523,5,12,literal_repeat,0;1;2;3;4
19057,19056,16524,5,12,literal_repeat,0;1;2;3;4
19059,19058,16525,5,12,literal_repeat,0;1;2;3;4
19061,19060,16526,5,12,literal_repeat,0;1;2;3;4
19064,19063,16528,5,12,literal_repeat,0;1;2;3;4
19066,19065,16529,5,12,literal_repeat,0;1;2;3;4
19074,19073,16536,5,12,literal_repeat,0;1;2;3;4
19076,19075,16537,5,12,new_labelling,0;1;4;3;2
19078,19077,16538,5,12,literal_repeat,0;1;2;3;4
19080,19079,16539,5,12,new_labelling,0;1;3;2;4
19083,19082,16541,5,12,literal_repeat,0;1;2;3;4
19085,19084,16542,5,12,literal_repeat,0;1;2;3;4
19088,19087,16544,5,12,literal_repeat,0;1;2;3;4
19090,19089,16545,5,12,literal_repeat,0;1;2;3;4
19092,19091,16546,5,12,literal_repeat,0;1;2;3;4
19094,19093,16547,5,12,literal_repeat,0;1;2;3;4
19096,19095,16548,5,12,literal_repeat,0;1;2;3;4
19098,19097,16549,5,12,literal_repeat,0;1;2;3;4
19100,19099,16550,5,12,literal_repeat,0;1;2;3;4
19103,19102,16552,5,12,literal_repeat,0;1;2;3;4
19105,19104,16553,5,12,literal_repeat,0;1;2;3;4
19107,19106,16554,5,12,new_labelling,0;1;3;2;4
19109,19108,16555,5,12,literal_repeat,0;1;2;3;4
19111,19110,16556,5,12,literal_repeat,0;1;2;3;4
19113,19112,16557,5,12,literal_repeat,0;1;2;3;4
19117,19116,16560,5,12,literal_repeat,0;1;2;3;4
19122,19121,16564,5,12,literal_repeat,0;1;2;3;4
19125,19124,16566,5,12,literal_repeat,0;1;2;3;4
19129,19128,16569,5,12,literal_repeat,0;1;2;3;4
19131,19130,16570,5,12,literal_repeat,0;1;2;3;4
19134,19133,16572,5,12,literal_repeat,0;1;2;3;4
19136,19135,16573,5,12,literal_repeat,0;1;2;3;4
19139,19138,16575,5,12,literal_repeat,0;1;2;3;4
19141,19140,16576,5,12,literal_repeat,0;1;2;3;4
19144,19143,16578,5,12,literal_repeat,0;1;2;3;4
19147,19146,16580,5,12,literal_repeat,0;1;2;3;4
19149,19148,16581,5,12,literal_repeat,0;1;2;3;4
19151,19150,16582,5,12,literal_repeat,0;1;2;3;4
19154,19153,16584,5,12,literal_repeat,0;1;2;3;4
19156,19155,16585,5,12,literal_repeat,0;1;2;3;4
19159,19158,16587,5,12,literal_repeat,0;1;2;3;4
19161,19160,16588,5,12,literal_repeat,0;1;2;3;4
19164,19163,16590,5,12,literal_repeat,0;1;2;3;4
19166,19165,16591,5,12,literal_repeat,0;1;2;3;4
19169,19168,16593,5,12,literal_repeat,0;1;2;3;4
19171,19170,16594,5,12,literal_repeat,0;1;2;3;4
19173,19172,16595,5,12,literal_repeat,0;1;2;3;4
19176,19175,16597,5,12,literal_repeat,0;1;2;3;4
19178,19177,16598,5,12,literal_repeat,0;1;2;3;4
19182,19181,16601,5,12,literal_repeat,0;1;2;3;4
19184,19183,16602,5,12,literal_repeat,0;1;2;3;4
19186,19185,16603,5,12,literal_repeat,0;1;2;3;4
19188,19187,16604,5,12,literal_repeat,0;1;2;3;4
19190,19189,16605,5,12,literal_repeat,0;1;2;3;4
19192,19191,16606,5,12,literal_repeat,0;1;2;3;4
19194,19193,16607,5,12,literal_repeat,0;1;2;3;4
19197,19196,16609,5,12,literal_repeat,0;1;2;3;4
19199,19198,16610,5,12,literal_repeat,0;1;2;3;4
19201,19200,16611,5,12,literal_repeat,0;1;2;3;4
19204,19203,16613,5,12,literal_repeat,0;1;2;3;4
19215,19214,16623,5,12,literal_repeat,0;1;2;3;4
19217,19216,16624,5,12,literal_repeat,0;1;2;3;4
19219,19218,16625,5,12,literal_repeat,0;1;2;3;4
19221,19220,16626,5,12,literal_repeat,0;1;2;3;4
19225,19224,16629,5,12,literal_repeat,0;1;2;3;4
19227,19226,16630,5,12,new_labelling,0;2;1;3;4
19230,19229,16632,5,12,literal_repeat,0;1;2;3;4
19232,19231,16633,5,12,literal_repeat,0;1;2;3;4
19234,19233,16634,5,12,literal_repeat,0;1;2;3;4
19236,19235,16635,5,12,literal_repeat,0;1;2;3;4
19239,19238,16637,5,12,literal_repeat,0;1;2;3;4
19241,19240,16638,5,12,literal_repeat,0;1;2;3;4
19243,19242,16639,5,12,literal_repeat,0;1;2;3;4
19249,19248,16644,5,12,literal_repeat,0;1;2;3;4
19251,19250,16645,5,12,literal_repeat,0;1;2;3;4
19253,19252,16646,5,12,literal_repeat,0;1;2;3;4
19255,19254,16647,5,12,literal_repeat,0;1;2;3;4
19260,19259,16651,5,12,literal_repeat,0;1;2;3;4
19265,19264,16655,5,12,literal_repeat,0;1;2;3;4
19267,19266,16656,5,12,literal_repeat,0;1;2;3;4
19270,19269,16658,5,12,literal_repeat,0;1;2;3;4
19272,19271,16659,5,12,literal_repeat,0;1;2;3;4
19275,19274,16661,5,12,literal_repeat,0;1;2;3;4
19277,19276,16662,5,12,literal_repeat,0;1;2;3;4
19283,19282,16667,5,12,literal_repeat,0;1;2;3;4
19285,19284,16668,5,12,literal_repeat,0;1;2;3;4
19288,19287,16670,5,12,literal_repeat,0;1;2;3;4
19294,19293,16675,5,12,literal_repeat,0;1;2;3;4
19296,19295,16676,5,12,literal_repeat,0;1;2;3;4
19298,19297,16677,5,12,literal_repeat,0;1;2;3;4
19300,19299,16678,5,12,literal_repeat,0;1;2;3;4
19304,19303,16681,5,12,literal_repeat,0;1;2;3;4
19309,19308,16685,5,12,new_labelling,0;2;1;3;4
19311,19310,16686,5,12,literal_repeat,0;1;2;3;4
19314,19313,16688,5,12,literal_repeat,0;1;2;3;4
19318,19317,16691,5,12,literal_repeat,0;1;2;3;4
19320,19319,16692,5,12,literal_repeat,0;1;2;3;4
19322,19321,16693,5,12,literal_repeat,0;1;2;3;4
19326,19325,16696,5,12,literal_repeat,0;1;2;3;4
19328,19327,16697,5,12,literal_repeat,0;1;2;3;4
19330,19329,16698,5,12,literal_repeat,0;1;2;3;4
19332,19331,16699,5,12,literal_repeat,0;1;2;3;4
19334,19333,16700,5,12,literal_repeat,0;1;2;3;4
19336,19335,16701,5,12,literal_repeat,0;1;2;3;4
19339,19338,16703,5,12,literal_repeat,0;1;2;3;4
19341,19340,16704,5,12,literal_repeat,0;1;2;3;4
19343,19342,16705,5,12,literal_repeat,0;1;2;3;4
19345,19344,16706,5,12,literal_repeat,0;1;2;3;4
19349,19348,16709,5,12,literal_repeat,0;1;2;3;4
19353,19352,16712,5,12,literal_repeat,0;1;2;3;4
19355,19354,16713,5,12,literal_repeat,0;1;2;3;4
19358,19357,16715,5,12,literal_repeat,0;1;2;3;4
19360,19359,16716,5,12,literal_repeat,0;1;2;3;4
19364,19363,16719,5,12,literal_repeat,0;1;2;3;4
19366,19365,16720,5,12,literal_repeat,0;1;2;3;4
19368,19367,16721,5,12,new_labelling,0;1;3;2;4
19370,19369,16722,5,12,literal_repeat,0;1;2;3;4
19372,19371,16723,5,12,literal_repeat,0;1;2;3;4
19375,19374,16725,5,12,literal_repeat,0;1;2;3;4
19377,19376,16726,5,12,literal_repeat,0;1;2;3;4
19379,19378,16727,5,12,literal_repeat,0;1;2;3;4
19381,19380,16728,5,12,literal_repeat,0;1;2;3;4
19385,19384,16731,5,12,literal_repeat,0;1;2;3;4
19387,19386,16732,5,12,literal_repeat,0;1;2;3;4
19389,19388,16733,5,12,new_labelling,0;1;3;2;4
19391,19390,16734,5,12,literal_repeat,0;1;2;3;4
19393,19392,16735,5,12,new_labelling,0;1;3;2;4
19395,19394,16736,5,12,literal_repeat,0;1;2;3;4
19397,19396,16737,5,12,literal_repeat,0;1;2;3;4
19399,19398,16738,5,12,literal_repeat,0;1;2;3;4
19401,19400,16739,5,12,literal_repeat,0;1;2;3;4
19403,19402,16740,5,12,literal_repeat,0;1;2;3;4
19405,19404,16741,5,12,literal_repeat,0;1;2;3;4
19407,19406,16742,5,12,new_labelling,0;1;2;4;3
19409,19408,16743,5,12,literal_repeat,0;1;2;3;4
19411,19410,16744,5,12,literal_repeat,0;1;2;3;4
19413,19412,16745,5,12,literal_repeat,0;1;2;3;4
19415,19414,16746,5,12,literal_repeat,0;1;2;3;4
19418,19417,16748,5,12,literal_repeat,0;1;2;3;4
19421,19420,16750,5,12,literal_repeat,0;1;2;3;4
19423,19422,16751,5,12,literal_repeat,0;1;2;3;4
19425,19424,16752,5,12,literal_repeat,0;1;2;3;4
19427,19426,16753,5,12,literal_repeat,0;1;2;3;4
19429,19428,16754,5,12,literal_repeat,0;1;2;3;4
19431,19430,16755,5,12,literal_repeat,0;1;2;3;4
19433,19432,16756,5,12,literal_repeat,0;1;2;3;4
19435,19434,16757,5,12,literal_repeat,0;1;2;3;4
19437,19436,16758,5,12,literal_repeat,0;1;2;3;4
19439,19438,16759,5,12,literal_repeat,0;1;2;3;4
19442,19441,16761,5,12,literal_repeat,0;1;2;3;4
19444,19443,16762,5,12,literal_repeat,0;1;2;3;4
19446,19445,16763,5,12,literal_repeat,0;1;2;3;4
19449,19448,16765,5,12,literal_repeat,0;1;2;3;4
19451,19450,16766,5,12,literal_repeat,0;1;2;3;4
19453,19452,16767,5,12,literal_repeat,0;1;2;3;4
19455,19454,16768,5,12,literal_repeat,0;1;2;3;4
19457,19456,16769,5,12,literal_repeat,0;1;2;3;4
19461,19460,16772,5,12,literal_repeat,0;1;2;3;4
19463,19462,16773,5,12,literal_repeat,0;1;2;3;4
19465,19464,16774,5,12,literal_repeat,0;1;2;3;4
19467,19466,16775,5,12,literal_repeat,0;1;2;3;4
19469,19468,16776,5,12,literal_repeat,0;1;2;3;4
19472,19471,16778,5,12,literal_repeat,0;1;2;3;4
19478,19477,16783,5,12,literal_repeat,0;1;2;3;4
19480,19479,16784,5,12,literal_repeat,0;1;2;3;4
19483,19482,16786,5,12,literal_repeat,0;1;2;3;4
19485,19484,16787,5,12,literal_repeat,0;1;2;3;4
19488,19487,16789,5,12,literal_repeat,0;1;2;3;4
19490,19489,16790,5,12,literal_repeat,0;1;2;3;4
19492,19491,16791,5,12,literal_repeat,0;1;2;3;4
19494,19493,16792,5,12,literal_repeat,0;1;2;3;4
19496,19495,16793,5,12,literal_repeat,0;1;2;3;4
19499,19498,16795,5,12,literal_repeat,0;1;2;3;4
19501,19500,16796,5,12,literal_repeat,0;1;2;3;4
19503,19502,16797,5,12,new_labelling,0;1;3;2;4
19505,19504,16798,5,12,literal_repeat,0;1;2;3;4
19508,19507,16800,5,12,literal_repeat,0;1;2;3;4
19510,19509,16801,5,12,literal_repeat,0;1;2;3;4
19512,19511,16802,5,12,literal_repeat,0;1;2;3;4
19514,19513,16803,5,12,literal_repeat,0;1;2;3;4
19517,19516,16805,5,12,literal_repeat,0;1;2;3;4
19519,19518,16806,5,12,literal_repeat,0;1;2;3;4
19522,19521,16808,5,12,literal_repeat,0;1;2;3;4
19524,19523,16809,5,12,literal_repeat,0;1;2;3;4
19526,19525,16810,5,12,literal_repeat,0;1;2;3;4
19528,19527,16811,5,12,literal_repeat,0;1;2;3;4
19530,19529,16812,5,12,literal_repeat,0;1;2;3;4
19532,19531,16813,5,12,literal_repeat,0;1;2;3;4
19534,19533,16814,5,12,new_labelling,0;1;3;2;4
19536,19535,16815,5,12,literal_repeat,0;1;2;3;4
19538,19537,16816,5,12,literal_repeat,0;1;2;3;4
19540,19539,16817,5,12,literal_repeat,0;1;2;3;4
19542,19541,16818,5,12,literal_repeat,0;1;2;3;4
19544,19543,16819,5,12,literal_repeat,0;1;2;3;4
19546,19545,16820,5,12,literal_repeat,0;1;2;3;4
19548,19547,16821,5,12,literal_repeat,0;1;2;3;4
19550,19549,16822,5,12,new_labelling,0;1;3;2;4
19552,19551,16823,5,12,literal_repeat,0;1;2;3;4
19554,19553,16824,5,12,literal_repeat,0;1;2;3;4
19556,19555,16825,5,12,literal_repeat,0;1;2;3;4
19558,19557,16826,5,12,literal_repeat,0;1;2;3;4
19560,19559,16827,5,12,new_labelling,0;1;3;2;4
19562,19561,16828,5,12,literal_repeat,0;1;2;3;4
19564,19563,16829,5,12,literal_repeat,0;1;2;3;4
19566,19565,16830,5,12,literal_repeat,0;1;2;3;4
19568,19567,16831,5,12,new_labelling,0;1;3;2;4
19570,19569,16832,5,12,literal_repeat,0;1;2;3;4
19572,19571,16833,5,12,new_labelling,0;1;3;2;4
19574,19573,16834,5,12,literal_repeat,0;1;2;3;4
19576,19575,16835,5,12,literal_repeat,0;1;2;3;4
19578,19577,16836,5,12,literal_repeat,0;1;2;3;4
19580,19579,16837,5,12,literal_repeat,0;1;2;3;4
19582,19581,16838,5,12,literal_repeat,0;1;2;3;4
19584,19583,16839,5,12,literal_repeat,0;1;2;3;4
19586,19585,16840,5,12,literal_repeat,0;1;2;3;4
19588,19587,16841,5,12,new_labelling,0;1;2;4;3
19590,19589,16842,5,12,new_labelling,0;1;2;4;3
19592,19591,16843,5,12,literal_repeat,0;1;2;3;4
19594,19593,16844,5,12,literal_repeat,0;1;2;3;4
19596,19595,16845,5,12,literal_repeat,0;1;2;3;4
19598,19597,16846,5,12,new_labelling,0;1;2;4;3
19600,19599,16847,5,12,literal_repeat,0;1;2;3;4
19602,19601,16848,5,12,new_labelling,0;1;2;4;3
19604,19603,16849,5,12,literal_repeat,0;1;2;3;4
19606,19605,16850,5,12,literal_repeat,0;1;2;3;4
19608,19607,16851,5,12,literal_repeat,0;1;2;3;4
19610,19609,16852,5,12,new_labelling,0;1;2;4;3
19612,19611,16853,5,12,literal_repeat,0;1;2;3;4
19614,19613,16854,5,12,new_labelling,0;1;2;4;3
19616,19615,16855,5,12,new_labelling,0;1;2;4;3
19618,19617,16856,5,12,new_labelling,0;1;2;4;3
19620,19619,16857,5,12,literal_repeat,0;1;2;3;4
19622,19621,16858,5,12,literal_repeat,0;1;2;3;4
19624,19623,16859,5,12,new_labelling,0;1;2;4;3
19626,19625,16860,5,12,new_labelling,0;1;2;4;3
19628,19627,16861,5,12,literal_repeat,0;1;2;3;4
19630,19629,16862,5,12,literal_repeat,0;1;2;3;4
19632,19631,16863,5,12,literal_repeat,0;1;2;3;4
19634,19633,16864,5,12,new_labelling,0;1;2;4;3
19636,19635,16865,5,12,literal_repeat,0;1;2;3;4
19638,19637,16866,5,12,new_labelling,0;1;2;4;3
19640,19639,16867,5,12,new_labelling,0;1;2;4;3
19642,19641,16868,5,12,literal_repeat,0;1;2;3;4
19644,19643,16869,5,12,literal_repeat,0;1;2;3;4
19646,19645,16870,5,12,literal_repeat,0;1;2;3;4
19648,19647,16871,5,12,literal_repeat,0;1;2;3;4
19650,19649,16872,5,12,literal_repeat,0;1;2;3;4
19652,19651,16873,5,12,literal_repeat,0;1;2;3;4
19654,19653,16874,5,12,literal_repeat,0;1;2;3;4
19656,19655,16875,5,12,literal_repeat,0;1;2;3;4
19658,19657,16876,5,12,literal_repeat,0;1;2;3;4
19660,19659,16877,5,12,literal_repeat,0;1;2;3;4
19662,19661,16878,5,12,new_labelling,0;1;2;4;3
19664,19663,16879,5,12,literal_repeat,0;1;2;3;4
19666,19665,16880,5,12,literal_repeat,0;1;2;3;4
19668,19667,16881,5,12,literal_repeat,0;1;2;3;4
19670,19669,16882,5,12,literal_repeat,0;1;2;3;4
19672,19671,16883,5,12,literal_repeat,0;1;2;3;4
19674,19673,16884,5,12,literal_repeat,0;1;2;3;4
19676,19675,16885,5,12,literal_repeat,0;1;2;3;4
19678,19677,16886,5,12,literal_repeat,0;1;2;3;4
19680,19679,16887,5,12,literal_repeat,0;1;2;3;4
19682,19681,16888,5,12,literal_repeat,0;1;2;3;4
19684,19683,16889,5,12,literal_repeat,0;1;2;3;4
19686,19685,16890,5,12,literal_repeat,0;1;2;3;4
19688,19687,16891,5,12,literal_repeat,0;1;2;3;4
19690,19689,16892,5,12,literal_repeat,0;1;2;3;4
19692,19691,16893,5,12,literal_repeat,0;1;2;3;4
19694,19693,16894,5,12,literal_repeat,0;1;2;3;4
19696,19695,16895,5,12,literal_repeat,0;1;2;3;4
19698,19697,16896,5,12,literal_repeat,0;1;2;3;4
19700,19699,16897,5,12,literal_repeat,0;1;2;3;4
19702,19701,16898,5,12,literal_repeat,0;1;2;3;4
19704,19703,16899,5,12,literal_repeat,0;1;2;3;4
19706,19705,16900,5,12,literal_repeat,0;1;2;3;4
19708,19707,16901,5,12,literal_repeat,0;1;2;3;4
19710,19709,16902,5,12,literal_repeat,0;1;2;3;4
19712,19711,16903,5,12,literal_repeat,0;1;2;3;4
19714,19713,16904,5,12,literal_repeat,0;1;2;3;4
19716,19715,16905,5,12,literal_repeat,0;1;2;3;4
19718,19717,16906,5,12,literal_repeat,0;1;2;3;4
19720,19719,16907,5,12,literal_repeat,0;1;2;3;4
19722,19721,16908,5,12,literal_repeat,0;1;2;3;4
19724,19723,16909,5,12,literal_repeat,0;1;2;3;4
19726,19725,16910,5,12,literal_repeat,0;1;2;3;4
19728,19727,16911,5,12,literal_repeat,0;1;2;3;4
19730,19729,16912,5,12,literal_repeat,0;1;2;3;4
19732,19731,16913,5,12,literal_repeat,0;1;2;3;4
19734,19733,16914,5,12,literal_repeat,0;1;2;3;4
19736,19735,16915,5,12,literal_repeat,0;1;2;3;4
19738,19737,16916,5,12,literal_repeat,0;1;2;3;4
19740,19739,16917,5,12,literal_repeat,0;1;2;3;4
19742,19741,16918,5,12,literal_repeat,0;1;2;3;4
19744,19743,16919,5,12,literal_repeat,0;1;2;3;4
19746,19745,16920,5,12,new_labelling,0;1;2;4;3
19748,19747,16921,5,12,literal_repeat,0;1;2;3;4
19750,19749,16922,5,12,literal_repeat,0;1;2;3;4
19752,19751,16923,5,12,literal_repeat,0;1;2;3;4
19754,19753,16924,5,12,literal_repeat,0;1;2;3;4
19756,19755,16925,5,12,literal_repeat,0;1;2;3;4
19758,19757,16926,5,12,literal_repeat,0;1;2;3;4
19760,19759,16927,5,12,literal_repeat,0;1;2;3;4
19762,19761,16928,5,12,literal_repeat,0;1;2;3;4
19764,19763,16929,5,12,literal_repeat,0;1;2;3;4
19766,19765,16930,5,12,literal_repeat,0;1;2;3;4
19768,19767,16931,5,12,literal_repeat,0;1;2;3;4
19770,19769,16932,5,12,literal_repeat,0;1;2;3;4
19772,19771,16933,5,12,literal_repeat,0;1;2;3;4
19774,19773,16934,5,12,literal_repeat,0;1;2;3;4
19776,19775,16935,5,12,literal_repeat,0;1;2;3;4
19778,19777,16936,5,12,literal_repeat,0;1;2;3;4
19780,19779,16937,5,12,literal_repeat,0;1;2;3;4
19782,19781,16938,5,12,literal_repeat,0;1;2;3;4
19784,19783,16939,5,12,literal_repeat,0;1;2;3;4
19786,19785,16940,5,12,literal_repeat,0;1;2;3;4
19788,19787,16941,5,12,literal_repeat,0;1;2;3;4
19790,19789,16942,5,12,new_labelling,0;1;3;2;4
19792,19791,16943,5,12,new_labelling,0;1;3;2;4
19794,19793,16944,5,12,literal_repeat,0;1;2;3;4
19796,19795,16945,5,12,literal_repeat,0;1;2;3;4
19798,19797,16946,5,12,new_labelling,0;1;2;4;3
19800,19799,16947,5,12,literal_repeat,0;1;2;3;4
19802,19801,16948,5,12,literal_repeat,0;1;2;3;4
19804,19803,16949,5,12,literal_repeat,0;1;2;3;4
19806,19805,16950,5,12,literal_repeat,0;1;2;3;4
19808,19807,16951,5,12,literal_repeat,0;1;2;3;4
19810,19809,16952,5,12,literal_repeat,0;1;2;3;4
19812,19811,16953,5,12,literal_repeat,0;1;2;3;4
19814,19813,16954,5,12,literal_repeat,0;1;2;3;4
19816,19815,16955,5,12,literal_repeat,0;1;2;3;4
19818,19817,16956,5,12,literal_repeat,0;1;2;3;4
19820,19819,16957,5,12,literal_repeat,0;1;2;3;4
19822,19821,16958,5,12,literal_repeat,0;1;2;3;4
19824,19823,16959,5,12,literal_repeat,0;1;2;3;4
19826,19825,16960,5,12,literal_repeat,0;1;2;3;4
19828,19827,16961,5,12,literal_repeat,0;1;2;3;4
19830,19829,16962,5,12,literal_repeat,0;1;2;3;4
19832,19831,16963,5,12,literal_repeat,0;1;2;3;4
19834,19833,16964,5,12,literal_repeat,0;1;2;3;4
19836,19835,16965,5,12,literal_repeat,0;1;2;3;4
19838,19837,16966,5,12,literal_repeat,0;1;2;3;4
19840,19839,16967,5,12,literal_repeat,0;1;2;3;4
19842,19841,16968,5,12,literal_repeat,0;1;2;3;4
19844,19843,16969,5,12,literal_repeat,0;1;2;3;4
19846,19845,16970,5,12,literal_repeat,0;1;2;3;4
19848,19847,16971,5,12,literal_repeat,0;1;2;3;4
19850,19849,16972,5,12,literal_repeat,0;1;2;3;4
19852,19851,16973,5,12,literal_repeat,0;1;2;3;4
19854,19853,16974,5,12,literal_repeat,0;1;2;3;4
19856,19855,16975,5,12,new_labelling,0;1;3;2;4
19858,19857,16976,5,12,literal_repeat,0;1;2;3;4
19860,19859,16977,5,12,literal_repeat,0;1;2;3;4
19862,19861,16978,5,12,literal_repeat,0;1;2;3;4
19864,19863,16979,5,12,literal_repeat,0;1;2;3;4
19866,19865,16980,5,12,literal_repeat,0;1;2;3;4
19868,19867,16981,5,12,literal_repeat,0;1;2;3;4
19870,19869,16982,5,12,literal_repeat,0;1;2;3;4
19872,19871,16983,5,12,literal_repeat,0;1;2;3;4
19874,19873,16984,5,12,literal_repeat,0;1;2;3;4
19876,19875,16985,5,12,literal_repeat,0;1;2;3;4
19878,19877,16986,5,12,literal_repeat,0;1;2;3;4
19880,19879,16987,5,12,literal_repeat,0;1;2;3;4
19882,19881,16988,5,12,literal_repeat,0;1;2;3;4
19884,19883,16989,5,12,literal_repeat,0;1;2;3;4
19886,19885,16990,5,12,literal_repeat,0;1;2;3;4
19888,19887,16991,5,12,literal_repeat,0;1;2;3;4
19890,19889,16992,5,12,literal_repeat,0;1;2;3;4
19892,19891,16993,5,12,literal_repeat,0;1;2;3;4
19894,19893,16994,5,12,literal_repeat,0;1;2;3;4
19896,19895,16995,5,12,literal_repeat,0;1;2;3;4
19898,19897,16996,5,12,literal_repeat,0;1;2;3;4
19900,19899,16997,5,12,literal_repeat,0;1;2;3;4
19902,19901,16998,5,12,literal_repeat,0;1;2;3;4
19904,19903,16999,5,12,new_labelling,0;1;3;2;4
19906,19905,17000,5,12,literal_repeat,0;1;2;3;4
19908,19907,17001,5,12,literal_repeat,0;1;2;3;4
19910,19909,17002,5,12,literal_repeat,0;1;2;3;4
19912,19911,17003,5,12,literal_repeat,0;1;2;3;4
19914,19913,17004,5,12,literal_repeat,0;1;2;3;4
19916,19915,17005,5,12,literal_repeat,0;1;2;3;4
19918,19917,17006,5,12,new_labelling,0;1;3;2;4
19920,19919,17007,5,12,literal_repeat,0;1;2;3;4
19922,19921,17008,5,12,literal_repeat,0;1;2;3;4
19924,19923,17009,5,12,literal_repeat,0;1;2;3;4
19926,19925,17010,5,12,literal_repeat,0;1;2;3;4
19928,19927,17011,5,12,literal_repeat,0;1;2;3;4
19930,19929,17012,5,12,literal_repeat,0;1;2;3;4
19932,19931,17013,5,12,literal_repeat,0;1;2;3;4
19934,19933,17014,5,12,literal_repeat,0;1;2;3;4
19936,19935,17015,5,12,literal_repeat,0;1;2;3;4
19938,19937,17016,5,12,literal_repeat,0;1;2;3;4
19940,19939,17017,5,12,literal_repeat,0;1;2;3;4
19942,19941,17018,5,12,literal_repeat,0;1;2;3;4
19944,19943,17019,5,12,literal_repeat,0;1;2;3;4
19946,19945,17020,5,12,literal_repeat,0;1;2;3;4
19948,19947,17021,5,12,literal_repeat,0;1;2;3;4
19950,19949,17022,5,12,literal_repeat,0;1;2;3;4
19952,19951,17023,5,12,literal_repeat,0;1;2;3;4
19954,19953,17024,5,12,literal_repeat,0;1;2;3;4
19956,19955,17025,5,12,literal_repeat,0;1;2;3;4
19958,19957,17026,5,12,literal_repeat,0;1;2;3;4
19960,19959,17027,5,12,literal_repeat,0;1;2;3;4
19962,19961,17028,5,12,literal_repeat,0;1;2;3;4
19964,19963,17029,5,12,literal_repeat,0;1;2;3;4
19966,19965,17030,5,12,literal_repeat,0;1;2;3;4
19968,19967,17031,5,12,literal_repeat,0;1;2;3;4
19970,19969,17032,5,12,literal_repeat,0;1;2;3;4
19972,19971,17033,5,12,literal_repeat,0;1;2;3;4
19974,19973,17034,5,12,literal_repeat,0;1;2;3;4
19976,19975,17035,5,12,literal_repeat,0;1;2;3;4
19978,19977,17036,5,12,literal_repeat,0;1;2;3;4
19980,19979,17037,5,12,literal_repeat,0;1;2;3;4
19982,19981,17038,5,12,literal_repeat,0;1;2;3;4
19988,19987,17043,5,12,literal_repeat,0;1;2;3;4
19990,19989,17044,5,12,literal_repeat,0;1;2;3;4
19993,19992,17046,5,12,new_labelling,0;1;3;2;4
19995,19994,17047,5,12,literal_repeat,0;1;2;3;4
19997,19996,17048,5,12,literal_repeat,0;1;2;3;4
19999,19998,17049,5,12,literal_repeat,0;1;2;3;4
20001,20000,17050,5,12,literal_repeat,0;1;2;3;4
20003,20002,17051,5,12,literal_repeat,0;1;2;3;4
20005,20004,17052,5,12,literal_repeat,0;1;2;3;4
20007,20006,17053,5,12,literal_repeat,0;1;2;3;4
20009,20008,17054,5,12,literal_repeat,0;1;2;3;4
20011,20010,17055,5,12,literal_repeat,0;1;2;3;4
20014,20013,17057,5,12,new_labelling,0;1;2;4;3
20016,20015,17058,5,12,literal_repeat,0;1;2;3;4
20018,20017,17059,5,12,literal_repeat,0;1;2;3;4
20021,20020,17061,5,12,literal_repeat,0;1;2;3;4
20023,20022,17062,5,12,literal_repeat,0;1;2;3;4
20026,20025,17064,5,12,literal_repeat,0;1;2;3;4
20028,20027,17065,5,12,literal_repeat,0;1;2;3;4
20030,20029,17066,5,12,literal_repeat,0;1;2;3;4
20032,20031,17067,5,12,literal_repeat,0;1;2;3;4
20034,20033,17068,5,12,literal_repeat,0;1;2;3;4
20036,20035,17069,5,12,literal_repeat,0;1;2;3;4
20038,20037,17070,5,12,literal_repeat,0;1;2;3;4
20040,20039,17071,5,12,literal_repeat,0;1;2;3;4
20042,20041,17072,5,12,literal_repeat,0;1;2;3;4
20044,20043,17073,5,12,literal_repeat,0;1;2;3;4
20046,20045,17074,5,12,literal_repeat,0;1;2;3;4
20048,20047,17075,5,12,literal_repeat,0;1;2;3;4
20050,20049,17076,5,12,new_labelling,0;1;3;2;4
20052,20051,17077,5,12,literal_repeat,0;1;2;3;4
20054,20053,17078,5,12,literal_repeat,0;1;2;3;4
20056,20055,17079,5,12,literal_repeat,0;1;2;3;4
20058,20057,17080,5,12,literal_repeat,0;1;2;3;4
20060,20059,17081,5,12,literal_repeat,0;1;2;3;4
20062,20061,17082,5,12,literal_repeat,0;1;2;3;4
20064,20063,17083,5,12,literal_repeat,0;1;2;3;4
20066,20065,17084,5,12,literal_repeat,0;1;2;3;4
20068,20067,17085,5,12,literal_repeat,0;1;2;3;4
20070,20069,17086,5,12,literal_repeat,0;1;2;3;4
20072,20071,17087,5,12,new_labelling,0;1;3;2;4
20074,20073,17088,5,12,literal_repeat,0;1;2;3;4
20076,20075,17089,5,12,new_labelling,0;1;3;2;4
20078,20077,17090,5,12,literal_repeat,0;1;2;3;4
20080,20079,17091,5,12,new_labelling,0;1;3;2;4
20082,20081,17092,5,12,new_labelling,0;1;3;2;4
20084,20083,17093,5,12,literal_repeat,0;1;2;3;4
20086,20085,17094,5,12,literal_repeat,0;1;2;3;4
20088,20087,17095,5,12,literal_repeat,0;1;2;3;4
20090,20089,17096,5,12,literal_repeat,0;1;2;3;4
20092,20091,17097,5,12,literal_repeat,0;1;2;3;4
20094,20093,17098,5,12,literal_repeat,0;1;2;3;4
20096,20095,17099,5,12,literal_repeat,0;1;2;3;4
20098,20097,17100,5,12,literal_repeat,0;1;2;3;4
20100,20099,17101,5,12,literal_repeat,0;1;2;3;4
20102,20101,17102,5,12,literal_repeat,0;1;2;3;4
20104,20103,17103,5,12,literal_repeat,0;1;2;3;4
20106,20105,17104,5,12,literal_repeat,0;1;2;3;4
20108,20107,17105,5,12,literal_repeat,0;1;2;3;4
20110,20109,17106,5,12,literal_repeat,0;1;2;3;4
20112,20111,17107,5,12,literal_repeat,0;1;2;3;4
20114,20113,17108,5,12,literal_repeat,0;1;2;3;4
20116,20115,17109,5,12,literal_repeat,0;1;2;3;4
20118,20117,17110,5,12,literal_repeat,0;1;2;3;4
20120,20119,17111,5,12,literal_repeat,0;1;2;3;4
20122,20121,17112,5,12,literal_repeat,0;1;2;3;4
20124,20123,17113,5,12,literal_repeat,0;1;2;3;4
20126,20125,17114,5,12,literal_repeat,0;1;2;3;4
20128,20127,17115,5,12,literal_repeat,0;1;2;3;4
20130,20129,17116,5,12,literal_repeat,0;1;2;3;4
20132,20131,17117,5,12,literal_repeat,0;1;2;3;4
20134,20133,17118,5,12,literal_repeat,0;1;2;3;4
20136,20135,17119,5,12,literal_repeat,0;1;2;3;4
20138,20137,17120,5,12,literal_repeat,0;1;2;3;4
20140,20139,17121,5,12,literal_repeat,0;1;2;3;4
20142,20141,17122,5,12,literal_repeat,0;1;2;3;4
20144,20143,17123,5,12,literal_repeat,0;1;2;3;4
20146,20145,17124,5,12,literal_repeat,0;1;2;3;4
20148,20147,17125,5,12,literal_repeat,0;1;2;3;4
20150,20149,17126,5,12,literal_repeat,0;1;2;3;4
20152,20151,17127,5,12,literal_repeat,0;1;2;3;4
20154,20153,17128,5,12,literal_repeat,0;1;2;3;4
20156,20155,17129,5,12,literal_repeat,0;1;2;3;4
20158,20157,17130,5,12,literal_repeat,0;1;2;3;4
20160,20159,17131,5,12,literal_repeat,0;1;2;3;4
20162,20161,17132,5,12,literal_repeat,0;1;2;3;4
20164,20163,17133,5,12,literal_repeat,0;1;2;3;4
20166,20165,17134,5,12,literal_repeat,0;1;2;3;4
20168,20167,17135,5,12,literal_repeat,0;1;2;3;4
20170,20169,17136,5,12,literal_repeat,0;1;2;3;4
20172,20171,17137,5,12,literal_repeat,0;1;2;3;4
20174,20173,17138,5,12,new_labelling,0;1;2;4;3
20176,20175,17139,5,12,new_labelling,0;1;3;4;2
20178,20177,17140,5,12,new_labelling,0;1;2;4;3
20181,20180,17142,5,12,literal_repeat,0;1;2;3;4
20183,20182,17143,5,12,literal_repeat,0;1;2;3;4
20185,20184,17144,5,12,literal_repeat,0;1;2;3;4
20187,20186,17145,5,12,literal_repeat,0;1;2;3;4
20189,20188,17146,5,12,literal_repeat,0;1;2;3;4
20191,20190,17147,5,12,literal_repeat,0;1;2;3;4
20194,20193,17149,5,12,literal_repeat,0;1;2;3;4
20196,20195,17150,5,12,literal_repeat,0;1;2;3;4
20198,20197,17151,5,12,literal_repeat,0;1;2;3;4
20200,20199,17152,5,12,literal_repeat,0;1;2;3;4
20202,20201,17153,5,12,literal_repeat,0;1;2;3;4
20204,20203,17154,5,12,literal_repeat,0;1;2;3;4
20206,20205,17155,5,12,literal_repeat,0;1;2;3;4
20208,20207,17156,5,12,literal_repeat,0;1;2;3;4
20210,20209,17157,5,12,literal_repeat,0;1;2;3;4
20213,20212,17159,5,12,literal_repeat,0;1;2;3;4
20215,20214,17160,5,12,literal_repeat,0;1;2;3;4
20217,20216,17161,5,12,literal_repeat,0;1;2;3;4
20219,20218,17162,5,12,literal_repeat,0;1;2;3;4
20221,20220,17163,5,12,literal_repeat,0;1;2;3;4
20223,20222,17164,5,12,literal_repeat,0;1;2;3;4
20225,20224,17165,5,12,literal_repeat,0;1;2;3;4
20227,20226,17166,5,12,literal_repeat,0;1;2;3;4
20229,20228,17167,5,12,literal_repeat,0;1;2;3;4
20231,20230,17168,5,12,literal_repeat,0;1;2;3;4
20233,20232,17169,5,12,literal_repeat,0;1;2;3;4
20235,20234,17170,5,12,literal_repeat,0;1;2;3;4
20237,20236,17171,5,12,literal_repeat,0;1;2;3;4
20239,20238,17172,5,12,literal_repeat,0;1;2;3;4
20241,20240,17173,5,12,literal_repeat,0;1;2;3;4
20243,20242,17174,5,12,literal_repeat,0;1;2;3;4
20245,20244,17175,5,12,literal_repeat,0;1;2;3;4
20247,20246,17176,5,12,literal_repeat,0;1;2;3;4
20249,20248,17177,5,12,literal_repeat,0;1;2;3;4
20251,20250,17178,5,12,literal_repeat,0;1;2;3;4
20253,20252,17179,5,12,literal_repeat,0;1;2;3;4
20255,20254,17180,5,12,new_labelling,0;1;2;4;3
20257,20256,17181,5,12,literal_repeat,0;1;2;3;4
20259,20258,17182,5,12,literal_repeat,0;1;2;3;4
20261,20260,17183,5,12,literal_repeat,0;1;2;3;4
20263,20262,17184,5,12,literal_repeat,0;1;2;3;4
20265,20264,17185,5,12,literal_repeat,0;1;2;3;4
20267,20266,17186,5,12,literal_repeat,0;1;2;3;4
20269,20268,17187,5,12,literal_repeat,0;1;2;3;4
20271,20270,17188,5,12,literal_repeat,0;1;2;3;4
20273,20272,17189,5,12,literal_repeat,0;1;2;3;4
20275,20274,17190,5,12,literal_repeat,0;1;2;3;4
20277,20276,17191,5,12,literal_repeat,0;1;2;3;4
20279,20278,17192,5,12,literal_repeat,0;1;2;3;4
20281,20280,17193,5,12,literal_repeat,0;1;2;3;4
20283,20282,17194,5,12,literal_repeat,0;1;2;3;4
20285,20284,17195,5,12,literal_repeat,0;1;2;3;4
20287,20286,17196,5,12,literal_repeat,0;1;2;3;4
20289,20288,17197,5,12,literal_repeat,0;1;2;3;4
20291,20290,17198,5,12,literal_repeat,0;1;2;3;4
20293,20292,17199,5,12,literal_repeat,0;1;2;3;4
20295,20294,17200,5,12,literal_repeat,0;1;2;3;4
20297,20296,17201,5,12,literal_repeat,0;1;2;3;4
20299,20298,17202,5,12,literal_repeat,0;1;2;3;4
20301,20300,17203,5,12,literal_repeat,0;1;2;3;4
20303,20302,17204,5,12,literal_repeat,0;1;2;3;4
20305,20304,17205,5,12,literal_repeat,0;1;2;3;4
20307,20306,17206,5,12,literal_repeat,0;1;2;3;4
20309,20308,17207,5,12,literal_repeat,0;1;2;3;4
20311,20310,17208,5,12,literal_repeat,0;1;2;3;4
20313,20312,17209,5,12,literal_repeat,0;1;2;3;4
20315,20314,17210,5,12,literal_repeat,0;1;2;3;4
20317,20316,17211,5,12,literal_repeat,0;1;2;3;4
20319,20318,17212,5,12,literal_repeat,0;1;2;3;4
20321,20320,17213,5,12,literal_repeat,0;1;2;3;4
20323,20322,17214,5,12,literal_repeat,0;1;2;3;4
20325,20324,17215,5,12,literal_repeat,0;1;2;3;4
20327,20326,17216,5,12,literal_repeat,0;1;2;3;4
20329,20328,17217,5,12,literal_repeat,0;1;2;3;4
20331,20330,17218,5,12,literal_repeat,0;1;2;3;4
20333,20332,17219,5,12,literal_repeat,0;1;2;3;4
20335,20334,17220,5,12,literal_repeat,0;1;2;3;4
20337,20336,17221,5,12,literal_repeat,0;1;2;3;4
20339,20338,17222,5,12,literal_repeat,0;1;2;3;4
20341,20340,17223,5,12,literal_repeat,0;1;2;3;4
20343,20342,17224,5,12,literal_repeat,0;1;2;3;4
20345,20344,17225,5,12,literal_repeat,0;1;2;3;4
20347,20346,17226,5,12,literal_repeat,0;1;2;3;4
20349,20348,17227,5,12,new_labelling,0;1;3;2;4
20356,20355,17233,5,12,literal_repeat,0;1;2;3;4
20358,20357,17234,5,12,literal_repeat,0;1;2;3;4
20360,20359,17235,5,12,literal_repeat,0;1;2;3;4
20362,20361,17236,5,12,literal_repeat,0;1;2;3;4
20364,20363,17237,5,12,literal_repeat,0;1;2;3;4
20367,20366,17239,5,12,literal_repeat,0;1;2;3;4
20370,20369,17241,5,12,literal_repeat,0;1;2;3;4
20373,20372,17243,5,12,literal_repeat,0;1;2;3;4
20375,20374,17244,5,12,literal_repeat,0;1;2;3;4
20378,20377,17246,5,12,literal_repeat,0;1;2;3;4
20381,20380,17248,5,12,literal_repeat,0;1;2;3;4
20384,20383,17250,5,12,literal_repeat,0;1;2;3;4
20386,20385,17251,5,12,literal_repeat,0;1;2;3;4
20388,20387,17252,5,12,literal_repeat,0;1;2;3;4
20390,20389,17253,5,12,literal_repeat,0;1;2;3;4
20392,20391,17254,5,12,new_labelling,0;2;1;3;4
20394,20393,17255,5,12,literal_repeat,0;1;2;3;4
20396,20395,17256,5,12,literal_repeat,0;1;2;3;4
20398,20397,17257,5,12,literal_repeat,0;1;2;3;4
20400,20399,17258,5,12,literal_repeat,0;1;2;3;4
20402,20401,17259,5,12,literal_repeat,0;1;2;3;4
20404,20403,17260,5,12,literal_repeat,0;1;2;3;4
20406,20405,17261,5,12,literal_repeat,0;1;2;3;4
20408,20407,17262,5,12,literal_repeat,0;1;2;3;4
20410,20409,17263,5,12,literal_repeat,0;1;2;3;4
20412,20411,17264,5,12,literal_repeat,0;1;2;3;4
20414,20413,17265,5,12,literal_repeat,0;1;2;3;4
20416,20415,17266,5,12,literal_repeat,0;1;2;3;4
20418,20417,17267,5,12,literal_repeat,0;1;2;3;4
20420,20419,17268,5,12,literal_repeat,0;1;2;3;4
20422,20421,17269,5,12,literal_repeat,0;1;2;3;4
20424,20423,17270,5,12,new_labelling,0;2;1;3;4
20427,20426,17272,5,12,literal_repeat,0;1;2;3;4
20429,20428,17273,5,12,literal_repeat,0;1;2;3;4
20432,20431,17275,5,12,literal_repeat,0;1;2;3;4
20434,20433,17276,5,12,literal_repeat,0;1;2;3;4
20436,20435,17277,5,12,literal_repeat,0;1;2;3;4
20438,20437,17278,5,12,literal_repeat,0;1;2;3;4
20440,20439,17279,5,12,literal_repeat,0;1;2;3;4
20442,20441,17280,5,12,literal_repeat,0;1;2;3;4
20444,20443,17281,5,12,literal_repeat,0;1;2;3;4
20446,20445,17282,5,12,literal_repeat,0;1;2;3;4
20448,20447,17283,5,12,literal_repeat,0;1;2;3;4
20450,20449,17284,5,12,literal_repeat,0;1;2;3;4
20452,20451,17285,5,12,new_labelling,0;1;3;2;4
20454,20453,17286,5,12,new_labelling,0;1;3;2;4
20456,20455,17287,5,12,literal_repeat,0;1;2;3;4
20458,20457,17288,5,12,literal_repeat,0;1;2;3;4
20460,20459,17289,5,12,literal_repeat,0;1;2;3;4
20462,20461,17290,5,12,literal_repeat,0;1;2;3;4
20464,20463,17291,5,12,literal_repeat,0;1;2;3;4
20466,20465,17292,5,12,literal_repeat,0;1;2;3;4
20468,20467,17293,5,12,literal_repeat,0;1;2;3;4
20470,20469,17294,5,12,new_labelling,0;1;2;4;3
20472,20471,17295,5,12,new_labelling,0;1;2;4;3
20474,20473,17296,5,12,new_labelling,0;1;2;4;3
20476,20475,17297,5,12,literal_repeat,0;1;2;3;4
20478,20477,17298,5,12,literal_repeat,0;1;2;3;4
20480,20479,17299,5,12,literal_repeat,0;1;2;3;4
20482,20481,17300,5,12,literal_repeat,0;1;2;3;4
20484,20483,17301,5,12,new_labelling,0;1;2;4;3
20486,20485,17302,5,12,literal_repeat,0;1;2;3;4
20488,20487,17303,5,12,literal_repeat,0;1;2;3;4
20490,20489,17304,5,12,literal_repeat,0;1;2;3;4
20492,20491,17305,5,12,literal_repeat,0;1;2;3;4
20494,20493,17306,5,12,literal_repeat,0;1;2;3;4
20496,20495,17307,5,12,literal_repeat,0;1;2;3;4
20498,20497,17308,5,12,literal_repeat,0;1;2;3;4
20500,20499,17309,5,12,literal_repeat,0;1;2;3;4
20502,20501,17310,5,12,literal_repeat,0;1;2;3;4
20504,20503,17311,5,12,literal_repeat,0;1;2;3;4
20507,20506,17313,5,12,literal_repeat,0;1;2;3;4
20509,20508,17314,5,12,literal_repeat,0;1;2;3;4
20511,20510,17315,5,12,literal_repeat,0;1;2;3;4
20514,20513,17317,5,12,literal_repeat,0;1;2;3;4
20516,20515,17318,5,12,literal_repeat,0;1;2;3;4
20518,20517,17319,5,12,literal_repeat,0;1;2;3;4
20520,20519,17320,5,12,literal_repeat,0;1;2;3;4
20522,20521,17321,5,12,literal_repeat,0;1;2;3;4
20524,20523,17322,5,12,literal_repeat,0;1;2;3;4
20526,20525,17323,5,12,new_labelling,0;1;2;4;3
20528,20527,17324,5,12,literal_repeat,0;1;2;3;4
20530,20529,17325,5,12,literal_repeat,0;1;2;3;4
20532,20531,17326,5,12,literal_repeat,0;1;2;3;4
20534,20533,17327,5,12,literal_repeat,0;1;2;3;4
20536,20535,17328,5,12,literal_repeat,0;1;2;3;4
20538,20537,17329,5,12,literal_repeat,0;1;2;3;4
20540,20539,17330,5,12,literal_repeat,0;1;2;3;4
20542,20541,17331,5,12,literal_repeat,0;1;2;3;4
20544,20543,17332,5,12,literal_repeat,0;1;2;3;4
20546,20545,17333,5,12,literal_repeat,0;1;2;3;4
20548,20547,17334,5,12,literal_repeat,0;1;2;3;4
20550,20549,17335,5,12,literal_repeat,0;1;2;3;4
20553,20552,17337,5,12,literal_repeat,0;1;2;3;4
20555,20554,17338,5,12,literal_repeat,0;1;2;3;4
20557,20556,17339,5,12,literal_repeat,0;1;2;3;4
20559,20558,17340,5,12,literal_repeat,0;1;2;3;4
20561,20560,17341,5,12,literal_repeat,0;1;2;3;4
20563,20562,17342,5,12,literal_repeat,0;1;2;3;4
20565,20564,17343,5,12,literal_repeat,0;1;2;3;4
20567,20566,17344,5,12,literal_repeat,0;1;2;3;4
20569,20568,17345,5,12,literal_repeat,0;1;2;3;4
20571,20570,17346,5,12,literal_repeat,0;1;2;3;4
20573,20572,17347,5,12,literal_repeat,0;1;2;3;4
20575,20574,17348,5,12,literal_repeat,0;1;2;3;4
20577,20576,17349,5,12,literal_repeat,0;1;2;3;4
20579,20578,17350,5,12,new_labelling,0;2;1;3;4
20581,20580,17351,5,12,literal_repeat,0;1;2;3;4
20583,20582,17352,5,12,literal_repeat,0;1;2;3;4
20585,20584,17353,5,12,literal_repeat,0;1;2;3;4
20587,20586,17354,5,12,literal_repeat,0;1;2;3;4
20589,20588,17355,5,12,literal_repeat,0;1;2;3;4
20591,20590,17356,5,12,literal_repeat,0;1;2;3;4
20593,20592,17357,5,12,literal_repeat,0;1;2;3;4
20595,20594,17358,5,12,literal_repeat,0;1;2;3;4
20597,20596,17359,5,12,literal_repeat,0;1;2;3;4
20599,20598,17360,5,12,literal_repeat,0;1;2;3;4
20601,20600,17361,5,12,literal_repeat,0;1;2;3;4
20603,20602,17362,5,12,literal_repeat,0;1;2;3;4
20605,20604,17363,5,12,literal_repeat,0;1;2;3;4
20607,20606,17364,5,12,literal_repeat,0;1;2;3;4
20609,20608,17365,5,12,literal_repeat,0;1;2;3;4
20611,20610,17366,5,12,literal_repeat,0;1;2;3;4
20613,20612,17367,5,12,literal_repeat,0;1;2;3;4
20615,20614,17368,5,12,literal_repeat,0;1;2;3;4
20617,20616,17369,5,12,literal_repeat,0;1;2;3;4
20619,20618,17370,5,12,literal_repeat,0;1;2;3;4
20621,20620,17371,5,12,literal_repeat,0;1;2;3;4
20623,20622,17372,5,12,literal_repeat,0;1;2;3;4
20625,20624,17373,5,12,literal_repeat,0;1;2;3;4
20627,20626,17374,5,12,literal_repeat,0;1;2;3;4
20630,20629,17376,5,12,literal_repeat,0;1;2;3;4
20632,20631,17377,5,12,literal_repeat,0;1;2;3;4
20634,20633,17378,5,12,literal_repeat,0;1;2;3;4
20636,20635,17379,5,12,new_labelling,0;1;3;2;4
20638,20637,17380,5,12,new_labelling,0;1;3;2;4
20640,20639,17381,5,12,literal_repeat,0;1;2;3;4
20642,20641,17382,5,12,literal_repeat,0;1;2;3;4
20644,20643,17383,5,12,literal_repeat,0;1;2;3;4
20646,20645,17384,5,12,literal_repeat,0;1;2;3;4
20648,20647,17385,5,12,literal_repeat,0;1;2;3;4
20650,20649,17386,5,12,literal_repeat,0;1;2;3;4
20652,20651,17387,5,12,literal_repeat,0;1;2;3;4
20654,20653,17388,5,12,literal_repeat,0;1;2;3;4
20656,20655,17389,5,12,literal_repeat,0;1;2;3;4
20658,20657,17390,5,12,literal_repeat,0;1;2;3;4
20661,20660,17392,5,12,literal_repeat,0;1;2;3;4
20663,20662,17393,5,12,literal_repeat,0;1;2;3;4
20665,20664,17394,5,12,new_labelling,0;1;3;2;4
20667,20666,17395,5,12,new_labelling,0;1;3;2;4
20669,20668,17396,5,12,literal_repeat,0;1;2;3;4
20671,20670,17397,5,12,literal_repeat,0;1;2;3;4
20673,20672,17398,5,12,new_labelling,0;1;3;2;4
20675,20674,17399,5,12,literal_repeat,0;1;2;3;4
20677,20676,17400,5,12,new_labelling,0;1;2;4;3
20679,20678,17401,5,12,new_labelling,0;1;2;4;3
20681,20680,17402,5,12,new_labelling,0;1;2;4;3
20683,20682,17403,5,12,new_labelling,0;1;2;4;3
20685,20684,17404,5,12,new_labelling,0;1;2;4;3
20687,20686,17405,5,12,literal_repeat,0;1;2;3;4
20689,20688,17406,5,12,new_labelling,0;1;2;4;3
20691,20690,17407,5,12,literal_repeat,0;1;2;3;4
20693,20692,17408,5,12,new_labelling,0;1;2;4;3
20695,20694,17409,5,12,literal_repeat,0;1;2;3;4
20697,20696,17410,5,12,literal_repeat,0;1;2;3;4
20699,20698,17411,5,12,literal_repeat,0;1;2;3;4
20701,20700,17412,5,12,literal_repeat,0;1;2;3;4
20703,20702,17413,5,12,literal_repeat,0;1;2;3;4
20705,20704,17414,5,12,literal_repeat,0;1;2;3;4
20708,20707,17416,5,12,literal_repeat,0;1;2;3;4
20710,20709,17417,5,12,literal_repeat,0;1;2;3;4
20712,20711,17418,5,12,literal_repeat,0;1;2;3;4
20714,20713,17419,5,12,literal_repeat,0;1;2;3;4
20716,20715,17420,5,12,literal_repeat,0;1;2;3;4
20718,20717,17421,5,12,literal_repeat,0;1;2;3;4
20721,20720,17423,5,12,literal_repeat,0;1;2;3;4
20723,20722,17424,5,12,literal_repeat,0;1;2;3;4
20726,20725,17426,5,12,literal_repeat,0;1;2;3;4
20728,20727,17427,5,12,literal_repeat,0;1;2;3;4
20730,20729,17428,5,12,literal_repeat,0;1;2;3;4
20732,20731,17429,5,12,literal_repeat,0;1;2;3;4
20734,20733,17430,5,12,new_labelling,0;1;3;2;4
20736,20735,17431,5,12,literal_repeat,0;1;2;3;4
20738,20737,17432,5,12,literal_repeat,0;1;2;3;4
20741,20740,17434,5,12,new_labelling,0;1;3;2;4
20743,20742,17435,5,12,literal_repeat,0;1;2;3;4
20747,20746,17438,5,12,new_labelling,0;1;3;2;4
20749,20748,17439,5,12,literal_repeat,0;1;2;3;4
20751,20750,17440,5,12,literal_repeat,0;1;2;3;4
20753,20752,17441,5,12,new_labelling,0;1;3;2;4
20756,20755,17443,5,12,literal_repeat,0;1;2;3;4
