original_source_line,new_release_line,multiplicity,permutation_source_to_release
18,720,1,0;1;2;4;3
19,721,1,0;1;2;4;3
20,739,1,0;1;3;2;4
21,2801,1,0;1;2;3;4
22,744,1,0;1;3;2;4
23,988,1,0;1;3;2;4
24,745,1,0;1;3;2;4
25,989,1,0;1;2;4;3
26,8794,1,0;1;2;4;3
27,6512,1,0;4;3;2;1
28,33,1,0;1;2;3;4
29,61,1,0;1;2;3;4
30,42,1,0;1;2;3;4
31,43,1,0;1;2;3;4
32,34,1,0;1;2;3;4
33,718,1,0;1;2;4;3
375,2978,2,0;1;3;4;2
376,722,2,0;1;2;4;3
377,1264,2,0;1;3;2;4
378,2809,2,0;1;2;4;3
379,2811,2,0;1;2;4;3
380,4117,2,0;1;4;2;3
381,2810,2,0;1;2;4;3
382,751,2,0;1;2;4;3
383,749,2,0;1;3;2;4
384,1216,2,0;1;3;2;4
385,6632,2,0;4;2;3;1
386,11145,2,0;1;2;4;3
387,994,2,0;1;3;2;4
388,2802,2,0;1;4;2;3
389,2902,2,0;1;4;2;3
390,750,2,0;1;2;4;3
391,740,2,0;1;3;2;4
392,10343,2,0;1;2;3;4
393,990,2,0;1;2;4;3
394,8808,2,0;1;2;4;3
395,6944,2,0;3;2;4;1
396,9369,2,0;1;2;3;4
397,8805,2,0;4;2;3;1
398,6538,2,0;1;4;2;3
399,8765,2,0;4;3;1;2
400,6965,2,0;1;2;3;4
401,8766,2,0;1;2;3;4
402,6961,2,0;4;2;3;1
403,85,2,0;1;2;3;4
404,87,2,0;1;2;3;4
405,312,2,0;2;1;3;4
406,318,2,0;1;2;3;4
407,44,2,0;1;2;3;4
408,86,2,0;1;2;3;4
409,64,2,0;1;2;3;4
410,374,2,0;1;2;3;4
411,719,2,0;1;2;3;4
1788,11614,3,0;1;2;3;4
1789,13265,3,0;3;1;2;4
1790,9537,3,0;1;2;3;4
1791,12361,3,0;1;2;3;4
1792,10425,3,0;4;3;1;2
1793,1265,3,0;1;3;2;4
1794,1483,3,0;1;3;2;4
1795,2851,3,0;1;4;3;2
1796,3416,3,0;1;2;3;4
1797,2996,3,0;1;3;4;2
1798,3351,3,0;1;2;3;4
1799,3352,3,0;1;2;3;4
1800,3371,3,0;1;2;4;3
1801,3375,3,0;1;2;4;3
1802,3350,3,0;1;2;3;4
1803,2794,3,0;1;4;3;2
1804,2931,3,0;1;4;3;2
1805,2906,3,0;1;3;4;2
1806,11134,3,0;1;2;3;4
1807,10440,3,0;1;4;2;3
1808,1049,3,0;1;3;2;4
1809,3798,3,0;1;3;4;2
1810,3755,3,0;1;3;4;2
1811,3674,3,0;1;2;3;4
1812,3673,3,0;1;4;3;2
1813,723,3,0;1;2;4;3
1814,808,3,0;1;3;2;4
1815,2812,3,0;1;2;4;3
1816,3368,3,0;1;2;3;4
1817,2806,3,0;1;4;3;2
1818,2907,3,0;1;3;4;2
1819,1471,3,0;1;2;4;3
1820,3001,3,0;1;3;4;2
1821,7086,3,0;4;3;2;1
1822,1048,3,0;1;3;2;4
1823,3744,3,0;1;2;3;4
1824,756,3,0;1;2;4;3
1825,755,3,0;1;3;2;4
1826,1220,3,0;1;3;2;4
1827,1430,3,0;1;3;2;4
1828,2890,3,0;1;2;3;4
1829,3055,3,0;1;3;2;4
1830,2883,3,0;1;4;3;2
1831,2982,3,0;1;4;3;2
1832,10350,3,0;1;2;3;4
1833,6672,3,0;4;2;3;1
1834,1045,3,0;1;3;2;4
1835,3653,3,0;1;3;4;2
1836,6952,3,0;4;3;2;1
1837,746,3,0;1;3;2;4
1838,995,3,0;1;2;4;3
1839,998,3,0;1;3;2;4
1840,7083,3,0;4;3;2;1
1841,10296,3,0;1;4;2;3
1842,7009,3,0;4;3;2;1
1843,10294,3,0;1;2;3;4
1844,6514,3,0;4;2;3;1
1845,6563,3,0;4;2;3;1
1846,10313,3,0;2;3;1;4
1847,6513,3,0;3;4;2;1
1848,7070,3,0;3;1;4;2
1849,8025,3,0;3;4;2;1
1850,6554,3,0;3;4;1;2
1851,6502,3,0;4;3;1;2
1852,8804,3,0;4;2;3;1
1853,6539,3,0;4;2;3;1
1854,6964,3,0;1;2;3;4
1855,90,3,0;1;2;3;4
1856,99,3,0;1;2;3;4
1857,326,3,0;2;1;3;4
1858,406,3,0;1;2;3;4
1859,407,3,0;1;2;3;4
1860,440,3,0;1;2;3;4
1861,445,3,0;2;1;3;4
1862,96,3,0;1;2;3;4
1863,381,3,0;2;1;3;4
1864,62,3,0;1;2;3;4
1865,383,3,0;2;1;3;4
1866,1,3,0;1;2;3;4
1867,4,3,0;1;2;3;4
1868,45,3,0;1;2;3;4
1869,97,3,0;1;2;3;4
2868,11613,4,0;1;2;3;4
2869,13255,4,0;1;2;3;4
2870,11694,4,0;2;1;3;4
2871,13443,4,0;1;2;3;4
2872,15313,4,0;1;2;4;3
2873,14757,4,0;3;4;1;2
2874,14802,4,0;1;2;3;4
2875,14288,4,0;4;1;3;2
2876,13896,4,0;4;2;3;1
2877,13898,4,0;1;4;3;2
2878,9536,4,0;1;2;3;4
2879,11466,4,0;3;2;4;1
2880,10616,4,0;4;3;1;2
2881,1484,4,0;1;2;4;3
2882,1281,4,0;1;2;4;3
2883,812,4,0;1;3;2;4
2884,1280,4,0;1;3;2;4
2885,1691,4,0;1;3;2;4
2886,4243,4,0;1;3;2;4
2887,3002,4,0;1;4;3;2
2888,10868,4,0;3;4;2;1
2889,7062,4,0;4;3;2;1
2890,13959,4,0;4;3;1;2
2891,3414,4,0;1;2;3;4
2892,2997,4,0;1;3;4;2
2893,3806,4,0;1;2;3;4
2894,3900,4,0;1;3;2;4
2895,3822,4,0;1;2;4;3
2896,3019,4,0;1;4;3;2
2897,3687,4,0;1;4;3;2
2898,9585,4,0;4;3;2;1
2899,3353,4,0;1;2;3;4
2900,3379,4,0;1;2;3;4
2901,3380,4,0;1;2;4;3
2902,3675,4,0;1;2;3;4
2903,2908,4,0;1;2;3;4
2904,4521,4,0;1;2;3;4
2905,4256,4,0;1;3;4;2
2906,4563,4,0;1;2;3;4
2907,4226,4,0;1;2;3;4
2908,4118,4,0;1;4;2;3
2909,2864,4,0;1;4;2;3
2910,2944,4,0;1;4;3;2
2911,2916,4,0;1;3;4;2
2912,12217,4,0;4;3;1;2
2913,12190,4,0;4;1;3;2
2914,13958,4,0;4;3;1;2
2915,6646,4,0;4;3;2;1
2916,2915,4,0;1;4;2;3
2917,3412,4,0;1;2;3;4
2918,3686,4,0;1;4;3;2
2919,2929,4,0;1;4;2;3
2920,9057,4,0;4;2;3;1
2921,9417,4,0;4;3;2;1
2922,724,4,0;1;2;4;3
2923,1667,4,0;1;2;4;3
2924,811,4,0;1;3;2;4
2925,805,4,0;1;3;2;4
2926,1482,4,0;1;3;2;4
2927,1279,4,0;1;3;2;4
2928,2813,4,0;1;2;4;3
2929,2903,4,0;1;3;2;4
2930,11163,4,0;1;4;2;3
2931,1268,4,0;1;2;4;3
2932,2795,4,0;1;4;3;2
2933,14125,4,0;1;2;3;4
2934,10438,4,0;4;1;3;2
2935,3069,4,0;1;2;3;4
2936,2855,4,0;1;4;3;2
2937,4280,4,0;1;2;3;4
2938,2830,4,0;1;4;3;2
2939,10800,4,0;3;4;1;2
2940,10714,4,0;1;2;4;3
2941,3825,4,0;1;4;3;2
2942,8977,4,0;4;3;2;1
2943,9360,4,0;4;3;2;1
2944,752,4,0;1;3;2;4
2945,2803,4,0;1;4;3;2
2946,1217,4,0;1;2;4;3
2947,760,4,0;1;2;4;3
2948,759,4,0;1;3;2;4
2949,1224,4,0;1;3;2;4
2950,1434,4,0;1;3;2;4
2951,1632,4,0;1;3;2;4
2952,2829,4,0;1;3;4;2
2953,8932,4,0;3;4;1;2
2954,12157,4,0;1;2;3;4
2955,8860,4,0;4;3;1;2
2956,6714,4,0;4;2;3;1
2957,9432,4,0;2;3;4;1
2958,8795,4,0;4;2;1;3
2959,7842,4,0;3;4;2;1
2960,2889,4,0;1;2;3;4
2961,10285,4,0;1;2;4;3
2962,999,4,0;1;2;4;3
2963,1002,4,0;1;3;2;4
2964,11154,4,0;4;3;1;2
2965,7109,4,0;4;3;1;2
2966,9005,4,0;4;2;1;3
2967,991,4,0;1;3;2;4
2968,6547,4,0;4;2;3;1
2969,7007,4,0;2;3;4;1
2970,6553,4,0;3;2;4;1
2971,8810,4,0;4;3;2;1
2972,6562,4,0;4;2;3;1
2973,12251,4,0;3;1;4;2
2974,10312,4,0;2;3;1;4
2975,8938,4,0;3;2;1;4
2976,8770,4,0;3;4;2;1
2977,8939,4,0;4;3;1;2
2978,6962,4,0;3;4;2;1
2979,9370,4,0;2;3;1;4
2980,8767,4,0;4;3;1;2
2981,8050,4,0;1;4;3;2
2982,6966,4,0;3;2;4;1
2983,100,4,0;1;2;3;4
2984,109,4,0;1;2;3;4
2985,2,4,0;1;2;3;4
2986,6,4,0;1;2;3;4
2987,531,4,0;1;2;3;4
2988,408,4,0;1;2;3;4
2989,451,4,0;2;1;3;4
2990,103,4,0;1;2;3;4
2991,35,4,0;1;2;3;4
2992,104,4,0;1;2;3;4
2993,105,4,0;1;2;3;4
2994,384,4,0;2;1;3;4
2995,450,4,0;2;1;3;4
2996,493,4,0;1;2;3;4
2997,377,4,0;2;1;3;4
2998,46,4,0;1;2;3;4
2999,67,4,0;1;2;3;4
3000,526,4,0;1;2;3;4
3001,108,4,0;1;2;3;4
5171,11693,5,0;2;1;3;4
5172,13441,5,0;1;2;3;4
5173,11918,5,0;3;2;1;4
5174,13256,5,0;3;4;1;2
5175,13572,5,0;1;2;3;4
5176,13975,5,0;1;4;3;2
5177,15308,5,0;1;2;3;4
5178,15443,5,0;1;2;3;4
5179,16542,5,0;1;2;3;4
5180,7248,5,0;4;3;2;1
5181,16826,5,0;1;2;4;3
5182,8266,5,0;4;2;3;1
5183,9961,5,0;3;4;2;1
5184,13389,5,0;3;2;4;1
5185,15993,5,0;3;4;1;2
5186,15992,5,0;1;2;3;4
5187,13442,5,0;1;2;3;4
5188,16000,5,0;4;2;3;1
5189,14803,5,0;3;4;1;2
5190,14038,5,0;4;1;3;2
5191,14756,5,0;3;4;1;2
5192,14196,5,0;4;3;1;2
5193,13895,5,0;4;2;3;1
5194,10454,5,0;4;1;3;2
5195,15828,5,0;4;1;3;2
5196,14764,5,0;4;1;2;3
5197,7098,5,0;4;3;2;1
5198,11338,5,0;4;3;2;1
5199,14260,5,0;1;4;2;3
5200,9105,5,0;4;3;1;2
5201,10416,5,0;1;2;3;4
5202,8034,5,0;4;2;3;1
5203,16221,5,0;4;1;2;3
5204,6807,5,0;4;3;1;2
5205,14675,5,0;4;3;1;2
5206,7279,5,0;4;3;1;2
5207,12901,5,0;3;4;1;2
5208,9535,5,0;1;2;3;4
5209,13072,5,0;3;1;2;4
5210,14341,5,0;3;4;1;2
5211,9104,5,0;4;3;1;2
5212,9533,5,0;4;3;2;1
5213,7256,5,0;4;3;2;1
5214,12362,5,0;4;3;1;2
5215,1485,5,0;1;2;4;3
5216,1282,5,0;1;2;4;3
5217,1692,5,0;1;2;4;3
5218,1506,5,0;1;2;4;3
5219,1505,5,0;1;3;2;4
5220,831,5,0;1;3;2;4
5221,809,5,0;1;3;2;4
5222,1864,5,0;1;3;2;4
5223,4282,5,0;1;2;3;4
5224,3133,5,0;1;3;2;4
5225,3058,5,0;1;3;4;2
5226,4145,5,0;1;4;2;3
5227,4321,5,0;1;3;4;2
5228,4690,5,0;1;2;3;4
5229,4342,5,0;1;3;2;4
5230,4721,5,0;1;3;4;2
5231,2852,5,0;1;4;3;2
5232,12118,5,0;2;4;1;3
5233,13994,5,0;1;3;2;4
5234,12641,5,0;3;4;1;2
5235,11167,5,0;4;3;2;1
5236,6994,5,0;4;3;2;1
5237,12447,5,0;4;3;1;2
5238,1472,5,0;1;2;4;3
5239,1269,5,0;1;2;4;3
5240,1675,5,0;1;2;4;3
5241,3431,5,0;1;2;3;4
5242,3435,5,0;1;2;4;3
5243,3685,5,0;1;2;4;3
5244,3884,5,0;1;4;3;2
5245,3823,5,0;1;4;2;3
5246,9220,5,0;4;3;2;1
5247,16226,5,0;4;1;2;3
5248,12360,5,0;1;2;4;3
5249,15776,5,0;1;3;4;2
5250,3354,5,0;1;2;3;4
5251,3372,5,0;1;2;3;4
5252,3383,5,0;1;2;4;3
5253,3376,5,0;1;2;4;3
5254,3805,5,0;1;2;3;4
5255,3801,5,0;1;4;2;3
5256,9143,5,0;3;4;1;2
5257,9083,5,0;4;3;1;2
5258,4195,5,0;1;2;3;4
5259,2938,5,0;1;3;4;2
5260,2909,5,0;1;3;4;2
5261,4287,5,0;1;2;4;3
5262,2950,5,0;1;4;3;2
5263,4153,5,0;1;4;3;2
5264,7421,5,0;4;3;1;2
5265,11282,5,0;3;1;4;2
5266,14064,5,0;1;4;2;3
5267,6772,5,0;4;3;2;1
5268,12295,5,0;4;1;3;2
5269,11173,5,0;2;3;4;1
5270,11135,5,0;4;3;1;2
5271,1070,5,0;1;2;4;3
5272,1071,5,0;1;2;4;3
5273,1069,5,0;1;3;2;4
5274,1064,5,0;1;3;2;4
5275,3429,5,0;1;2;3;4
5276,3029,5,0;1;3;2;4
5277,2845,5,0;1;4;3;2
5278,3656,5,0;1;3;4;2
5279,1053,5,0;1;2;4;3
5280,725,5,0;1;2;4;3
5281,1475,5,0;1;2;4;3
5282,1674,5,0;1;3;2;4
5283,830,5,0;1;3;2;4
5284,2814,5,0;1;2;4;3
5285,4194,5,0;1;3;2;4
5286,4616,5,0;1;3;2;4
5287,2866,5,0;1;4;2;3
5288,2862,5,0;1;4;2;3
5289,4258,5,0;1;4;3;2
5290,7480,5,0;3;4;2;1
5291,10539,5,0;3;2;4;1
5292,15672,5,0;1;2;3;4
5293,6583,5,0;4;3;2;1
5294,10358,5,0;4;3;2;1
5295,3657,5,0;1;3;4;2
5296,1046,5,0;1;3;2;4
5297,8985,5,0;3;2;4;1
5298,13876,5,0;3;2;4;1
5299,3131,5,0;1;3;4;2
5300,10286,5,0;1;2;4;3
5301,12299,5,0;1;2;3;4
5302,14134,5,0;1;3;4;2
5303,12086,5,0;4;1;3;2
5304,7012,5,0;4;3;2;1
5305,1068,5,0;1;3;2;4
5306,1063,5,0;1;3;2;4
5307,3883,5,0;1;4;3;2
5308,12401,5,0;1;4;3;2
5309,13875,5,0;1;3;2;4
5310,13874,5,0;4;3;2;1
5311,8981,5,0;3;4;1;2
5312,10318,5,0;3;4;2;1
5313,1052,5,0;1;2;4;3
5314,741,5,0;1;3;2;4
5315,757,5,0;1;3;2;4
5316,10385,5,0;4;1;3;2
5317,10284,5,0;4;3;1;2
5318,15764,5,0;1;3;4;2
5319,6984,5,0;4;3;2;1
5320,1221,5,0;1;2;4;3
5321,764,5,0;1;2;4;3
5322,763,5,0;1;3;2;4
5323,1228,5,0;1;3;2;4
5324,1437,5,0;1;3;2;4
5325,1635,5,0;1;3;2;4
5326,1810,5,0;1;3;2;4
5327,13939,5,0;1;2;3;4
5328,6555,5,0;4;3;2;1
5329,6857,5,0;4;2;3;1
5330,9138,5,0;4;3;2;1
5331,14216,5,0;1;4;2;3
5332,4172,5,0;1;3;2;4
5333,2891,5,0;1;3;4;2
5334,7154,5,0;4;3;2;1
5335,6565,5,0;2;3;4;1
5336,6515,5,0;4;3;2;1
5337,10297,5,0;4;2;1;3
5338,10535,5,0;2;4;3;1
5339,10352,5,0;4;3;1;2
5340,996,5,0;1;3;2;4
5341,9362,5,0;2;3;1;4
5342,1003,5,0;1;2;4;3
5343,1006,5,0;1;3;2;4
5344,12909,5,0;4;1;3;2
5345,7008,5,0;4;1;2;3
5346,10534,5,0;2;4;3;1
5347,8960,5,0;3;2;4;1
5348,12297,5,0;1;3;2;4
5349,11139,5,0;4;2;1;3
5350,10533,5,0;4;2;3;1
5351,8801,5,0;3;2;4;1
5352,6945,5,0;4;3;2;1
5353,6546,5,0;1;2;4;3
5354,8976,5,0;3;1;4;2
5355,6561,5,0;4;2;3;1
5356,8809,5,0;3;4;1;2
5357,12265,5,0;4;1;2;3
5358,13871,5,0;3;1;4;2
5359,10311,5,0;2;3;1;4
5360,11038,5,0;4;1;2;3
5361,9371,5,0;2;3;4;1
5362,8057,5,0;1;4;2;3
5363,111,5,0;1;2;3;4
5364,112,5,0;1;2;3;4
5365,123,5,0;1;2;3;4
5366,3,5,0;1;2;3;4
5367,8,5,0;1;2;3;4
5368,68,5,0;1;2;3;4
5369,319,5,0;1;2;3;4
5370,409,5,0;1;2;3;4
5371,512,5,0;2;1;3;4
5372,327,5,0;2;1;3;4
5373,454,5,0;2;1;3;4
5374,117,5,0;1;2;3;4
5375,121,5,0;1;2;3;4
5376,511,5,0;2;1;3;4
5377,538,5,0;2;1;3;4
5378,119,5,0;1;2;3;4
5379,47,5,0;1;2;3;4
6004,13571,6,0;1;2;3;4
6005,13444,6,0;2;3;1;4
6006,11720,6,0;3;4;2;1
6007,11923,6,0;1;4;3;2
6008,11695,6,0;3;2;4;1
6009,15442,6,0;1;2;3;4
6010,15404,6,0;3;2;4;1
6011,15515,6,0;1;2;3;4
6012,16010,6,0;1;3;4;2
6013,16007,6,0;1;4;2;3
6014,14040,6,0;4;1;3;2
6015,16560,6,0;1;2;4;3
6016,8265,6,0;4;2;3;1
6017,16822,6,0;3;1;2;4
6018,18179,6,0;3;1;2;4
6019,16881,6,0;1;2;3;4
6020,16531,6,0;2;1;4;3
6021,17983,6,0;1;2;3;4
6022,15179,6,0;1;2;4;3
6023,12649,6,0;4;1;3;2
6024,8249,6,0;3;4;2;1
6025,18136,6,0;4;1;2;3
6026,14383,6,0;4;3;1;2
6027,18417,6,0;1;2;4;3
6028,11615,6,0;2;3;1;4
6029,11692,6,0;2;1;3;4
6030,16554,6,0;4;3;2;1
6031,15441,6,0;1;2;3;4
6032,13775,6,0;3;2;1;4
6033,16555,6,0;2;1;4;3
6034,17029,6,0;1;3;4;2
6035,17994,6,0;1;2;3;4
6036,12643,6,0;4;3;1;2
6037,9979,6,0;1;4;3;2
6038,12978,6,0;1;3;4;2
6039,7064,6,0;3;4;1;2
6040,12194,6,0;1;4;2;3
6041,14250,6,0;4;1;3;2
6042,10711,6,0;4;3;1;2
6043,14208,6,0;4;2;3;1
6044,12642,6,0;3;1;4;2
6045,16260,6,0;1;3;4;2
6046,12211,6,0;4;3;1;2
6047,10759,6,0;4;2;1;3
6048,12132,6,0;3;2;4;1
6049,12460,6,0;4;2;3;1
6050,17801,6,0;1;2;3;4
6051,12383,6,0;3;1;4;2
6052,17185,6,0;1;4;3;2
6053,17064,6,0;4;1;3;2
6054,16316,6,0;4;1;3;2
6055,11485,6,0;4;3;1;2
6056,15911,6,0;3;1;4;2
6057,12709,6,0;4;3;1;2
6058,14198,6,0;4;3;2;1
6059,8044,6,0;4;3;2;1
6060,11263,6,0;4;3;2;1
6061,12131,6,0;4;2;3;1
6062,17257,6,0;4;2;3;1
6063,9538,6,0;3;2;4;1
6064,17806,6,0;4;2;3;1
6065,14817,6,0;2;1;4;3
6066,7514,6,0;3;4;2;1
6067,9077,6,0;4;3;2;1
6068,15859,6,0;1;2;3;4
6069,15872,6,0;1;2;4;3
6070,9557,6,0;3;4;1;2
6071,14755,6,0;3;4;1;2
6072,7392,6,0;3;2;4;1
6073,17368,6,0;1;4;3;2
6074,9587,6,0;4;3;2;1
6075,9092,6,0;4;2;3;1
6076,17072,6,0;1;4;3;2
6077,17614,6,0;4;1;2;3
6078,12208,6,0;2;4;1;3
6079,14673,6,0;1;4;3;2
6080,12975,6,0;3;4;2;1
6081,13894,6,0;4;2;3;1
6082,17142,6,0;3;4;1;2
6083,16072,6,0;4;1;3;2
6084,16193,6,0;1;4;3;2
6085,10426,6,0;4;3;2;1
6086,17141,6,0;3;4;1;2
6087,14304,6,0;4;1;3;2
6088,14305,6,0;4;1;3;2
6089,7981,6,0;4;2;3;1
6090,11178,6,0;4;2;3;1
6091,15991,6,0;3;1;2;4
6092,14340,6,0;3;4;1;2
6093,6638,6,0;4;2;3;1
6094,9586,6,0;4;3;2;1
6095,14219,6,0;3;1;4;2
6096,9583,6,0;3;4;1;2
6097,9433,6,0;4;2;3;1
6098,9700,6,0;4;3;2;1
6099,12097,6,0;4;3;2;1
6100,9066,6,0;4;3;2;1
6101,9530,6,0;4;3;2;1
6102,1865,6,0;1;2;4;3
6103,837,6,0;1;2;4;3
6104,838,6,0;1;2;4;3
6105,1307,6,0;1;2;4;3
6106,1710,6,0;1;2;4;3
6107,836,6,0;1;3;2;4
6108,1306,6,0;1;3;2;4
6109,1868,6,0;1;3;2;4
6110,1709,6,0;1;3;2;4
6111,1266,6,0;1;3;2;4
6112,813,6,0;1;3;2;4
6113,2025,6,0;1;3;2;4
6114,2867,6,0;1;2;3;4
6115,4281,6,0;1;2;3;4
6116,4288,6,0;1;2;3;4
6117,4667,6,0;1;2;3;4
6118,4352,6,0;1;4;3;2
6119,4723,6,0;1;2;3;4
6120,4585,6,0;1;4;3;2
6121,3076,6,0;1;4;3;2
6122,3003,6,0;1;3;4;2
6123,3071,6,0;1;3;4;2
6124,4331,6,0;1;4;3;2
6125,5097,6,0;1;2;3;4
6126,4671,6,0;1;4;3;2
6127,4804,6,0;1;3;2;4
6128,4586,6,0;1;4;2;3
6129,4654,6,0;1;4;3;2
6130,4286,6,0;1;4;3;2
6131,4636,6,0;1;3;2;4
6132,4354,6,0;1;3;4;2
6133,4735,6,0;1;2;4;3
6134,5364,6,0;1;4;3;2
6135,5123,6,0;1;3;4;2
6136,2990,6,0;1;3;4;2
6137,2984,6,0;1;4;3;2
6138,11098,6,0;1;2;3;4
6139,12153,6,0;1;3;2;4
6140,14801,6,0;3;1;2;4
6141,12452,6,0;2;4;3;1
6142,10560,6,0;2;4;3;1
6143,16036,6,0;4;3;1;2
6144,17136,6,0;1;2;4;3
6145,12152,6,0;2;4;1;3
6146,16972,6,0;1;4;3;2
6147,17153,6,0;3;1;4;2
6148,12856,6,0;2;3;4;1
6149,6760,6,0;4;3;2;1
6150,6841,6,0;4;2;3;1
6151,816,6,0;1;2;4;3
6152,1489,6,0;1;2;4;3
6153,2000,6,0;1;2;4;3
6154,3417,6,0;1;2;3;4
6155,3451,6,0;1;2;3;4
6156,3453,6,0;1;2;3;4
6157,3035,6,0;1;3;4;2
6158,3420,6,0;1;2;4;3
6159,3438,6,0;1;2;4;3
6160,3457,6,0;1;2;4;3
6161,3468,6,0;1;2;3;4
6162,3469,6,0;1;2;3;4
6163,3421,6,0;1;2;4;3
6164,3439,6,0;1;2;4;3
6165,3458,6,0;1;2;4;3
6166,3490,6,0;1;2;3;4
6167,3493,6,0;1;2;4;3
6168,3807,6,0;1;3;4;2
6169,3955,6,0;1;3;2;4
6170,3916,6,0;1;3;2;4
6171,3892,6,0;1;2;4;3
6172,3838,6,0;1;4;3;2
6173,3802,6,0;1;3;4;2
6174,3891,6,0;1;4;3;2
6175,3688,6,0;1;4;3;2
6176,12121,6,0;2;1;3;4
6177,3355,6,0;1;2;3;4
6178,3385,6,0;1;2;4;3
6179,3387,6,0;1;2;4;3
6180,3702,6,0;1;4;3;2
6181,3676,6,0;1;4;3;2
6182,9270,6,0;4;2;3;1
6183,4119,6,0;1;2;4;3
6184,4527,6,0;1;2;3;4
6185,4530,6,0;1;2;3;4
6186,4204,6,0;1;3;4;2
6187,4779,6,0;1;3;2;4
6188,3138,6,0;1;4;3;2
6189,3084,6,0;1;3;4;2
6190,4982,6,0;1;4;2;3
6191,3091,6,0;1;4;3;2
6192,2932,6,0;1;4;3;2
6193,4666,6,0;1;2;4;3
6194,2953,6,0;1;4;3;2
6195,4720,6,0;1;4;3;2
6196,4186,6,0;1;3;4;2
6197,7253,6,0;2;1;3;4
6198,12094,6,0;2;4;1;3
6199,14789,6,0;1;3;4;2
6200,14711,6,0;1;4;2;3
6201,12941,6,0;4;1;2;3
6202,15753,6,0;1;4;2;3
6203,14014,6,0;4;1;2;3
6204,6685,6,0;4;3;2;1
6205,7100,6,0;3;4;2;1
6206,12916,6,0;2;4;3;1
6207,10321,6,0;3;2;4;1
6208,1050,6,0;1;3;2;4
6209,3658,6,0;1;2;3;4
6210,3092,6,0;1;3;2;4
6211,3758,6,0;1;3;4;2
6212,3931,6,0;1;4;3;2
6213,3837,6,0;1;4;3;2
6214,10419,6,0;4;3;1;2
6215,11306,6,0;3;1;4;2
6216,7006,6,0;3;4;2;1
6217,9007,6,0;3;2;4;1
6218,14279,6,0;4;1;3;2
6219,10456,6,0;4;1;3;2
6220,3386,6,0;1;2;4;3
6221,726,6,0;1;2;4;3
6222,1272,6,0;1;2;4;3
6223,1989,6,0;1;2;4;3
6224,1999,6,0;1;2;4;3
6225,1488,6,0;1;3;2;4
6226,835,6,0;1;3;2;4
6227,826,6,0;1;3;2;4
6228,1690,6,0;1;3;2;4
6229,1504,6,0;1;3;2;4
6230,1305,6,0;1;3;2;4
6231,2815,6,0;1;2;4;3
6232,11272,6,0;3;2;1;4
6233,10662,6,0;4;1;2;3
6234,14674,6,0;1;2;4;3
6235,10623,6,0;4;3;2;1
6236,15848,6,0;1;4;3;2
6237,10672,6,0;3;4;2;1
6238,11242,6,0;4;1;2;3
6239,10620,6,0;3;4;1;2
6240,6634,6,0;4;2;3;1
6241,815,6,0;1;2;4;3
6242,3854,6,0;1;4;3;2
6243,9108,6,0;4;3;1;2
6244,13877,6,0;3;2;4;1
6245,9425,6,0;4;3;2;1
6246,9000,6,0;2;4;3;1
6247,3670,6,0;1;4;2;3
6248,8952,6,0;3;4;2;1
6249,3170,6,0;1;3;4;2
6250,2828,6,0;1;3;4;2
6251,6525,6,0;2;4;3;1
6252,6605,6,0;4;3;1;2
6253,10348,6,0;2;4;3;1
6254,15771,6,0;4;1;3;2
6255,12114,6,0;3;1;4;2
6256,3661,6,0;1;4;3;2
6257,3921,6,0;1;4;3;2
6258,3662,6,0;1;4;3;2
6259,9107,6,0;4;3;2;1
6260,8999,6,0;4;3;2;1
6261,10314,6,0;4;2;3;1
6262,9416,6,0;4;2;3;1
6263,9182,6,0;4;1;3;2
6264,9059,6,0;4;3;2;1
6265,1218,6,0;1;2;4;3
6266,761,6,0;1;2;4;3
6267,4169,6,0;1;3;4;2
6268,14217,6,0;1;3;4;2
6269,12177,6,0;4;1;3;2
6270,7843,6,0;4;3;1;2
6271,1431,6,0;1;2;4;3
6272,1225,6,0;1;2;4;3
6273,768,6,0;1;2;4;3
6274,767,6,0;1;3;2;4
6275,1231,6,0;1;3;2;4
6276,1440,6,0;1;3;2;4
6277,1638,6,0;1;3;2;4
6278,1813,6,0;1;3;2;4
6279,1961,6,0;1;3;2;4
6280,3145,6,0;1;4;3;2
6281,7320,6,0;1;4;3;2
6282,15735,6,0;1;2;3;4
6283,15844,6,0;1;2;3;4
6284,15768,6,0;1;4;3;2
6285,6870,6,0;4;2;3;1
6286,6506,6,0;4;3;2;1
6287,7846,6,0;4;3;2;1
6288,10317,6,0;3;2;4;1
6289,3654,6,0;1;4;3;2
6290,8859,6,0;3;2;4;1
6291,15857,6,0;1;2;4;3
6292,12158,6,0;3;1;4;2
6293,6983,6,0;4;2;3;1
6294,6568,6,0;4;3;2;1
6295,1000,6,0;1;2;4;3
6296,6516,6,0;4;3;2;1
6297,1007,6,0;1;2;4;3
6298,1010,6,0;1;3;2;4
6299,8796,6,0;4;3;1;2
6300,12900,6,0;4;1;2;3
6301,14729,6,0;4;1;3;2
6302,6520,6,0;3;4;2;1
6303,8944,6,0;4;3;1;2
6304,6969,6,0;1;2;4;3
6305,10479,6,0;3;2;4;1
6306,7840,6,0;4;3;1;2
6307,8940,6,0;3;4;2;1
6308,6503,6,0;4;3;2;1
6309,6971,6,0;4;2;3;1
6310,12267,6,0;4;1;2;3
6311,6540,6,0;1;2;3;4
6312,11039,6,0;4;1;2;3
6313,6968,6,0;1;2;4;3
6314,345,6,0;2;1;3;4
6315,335,6,0;2;1;3;4
6316,382,6,0;2;1;3;4
6317,124,6,0;1;2;3;4
6318,133,6,0;1;2;3;4
6319,134,6,0;1;2;3;4
6320,5,6,0;1;2;3;4
6321,10,6,0;1;2;3;4
6322,351,6,0;2;1;3;4
6323,66,6,0;1;2;3;4
6324,410,6,0;1;2;3;4
6325,532,6,0;1;2;3;4
6326,549,6,0;2;1;3;4
6327,458,6,0;2;1;3;4
6328,455,6,0;2;1;3;4
6329,127,6,0;1;2;3;4
6330,88,6,0;1;2;3;4
6331,118,6,0;1;2;3;4
6332,128,6,0;1;2;3;4
6333,129,6,0;1;2;3;4
6334,385,6,0;1;2;3;4
6335,548,6,0;2;1;3;4
6336,424,6,0;2;1;3;4
6337,132,6,0;1;2;3;4
6338,48,6,0;1;2;3;4
6339,70,6,0;1;2;3;4
7311,10828,7,0;3;4;1;2
7312,13257,7,0;3;4;1;2
7313,13570,7,0;1;2;3;4
7314,11912,7,0;3;4;2;1
7315,15406,7,0;3;2;4;1
7316,19311,7,0;4;2;3;1
7317,15309,7,0;3;4;1;2
7318,16543,7,0;3;4;1;2
7319,15514,7,0;1;2;3;4
7320,16004,7,0;1;4;3;2
7321,12622,7,0;3;4;1;2
7322,8264,7,0;4;2;3;1
7323,19307,7,0;3;1;2;4
7324,16879,7,0;1;2;3;4
7325,16880,7,0;1;2;3;4
7326,15606,7,0;3;2;1;4
7327,16864,7,0;3;2;4;1
7328,13313,7,0;3;2;4;1
7329,16898,7,0;1;2;3;4
7330,11775,7,0;3;4;2;1
7331,12677,7,0;3;4;2;1
7332,17080,7,0;1;4;3;2
7333,13320,7,0;3;1;4;2
7334,18413,7,0;1;2;3;4
7335,18135,7,0;4;1;2;3
7336,18464,7,0;1;2;3;4
7337,17992,7,0;3;4;1;2
7338,15472,7,0;4;2;3;1
7339,15471,7,0;4;2;3;1
7340,18219,7,0;4;2;1;3
7341,11665,7,0;2;4;3;1
7342,19225,7,0;1;2;3;4
7343,16541,7,0;1;2;4;3
7344,6697,7,0;4;3;2;1
7345,19405,7,0;1;2;3;4
7346,16738,7,0;1;2;4;3
7347,19410,7,0;1;2;3;4
7348,11791,7,0;4;1;3;2
7349,19516,7,0;1;2;3;4
7350,7368,7,0;4;3;2;1
7351,11611,7,0;4;3;2;1
7352,15156,7,0;4;3;1;2
7353,15318,7,0;4;2;3;1
7354,19629,7,0;3;1;2;4
7355,11620,7,0;2;4;1;3
7356,15994,7,0;3;4;1;2
7357,18185,7,0;4;3;2;1
7358,18799,7,0;3;4;1;2
7359,17065,7,0;1;4;3;2
7360,17997,7,0;1;4;2;3
7361,18190,7,0;1;2;4;3
7362,10004,7,0;4;3;2;1
7363,18798,7,0;1;2;3;4
7364,18797,7,0;1;2;4;3
7365,12234,7,0;4;1;2;3
7366,9964,7,0;3;4;2;1
7367,9914,7,0;4;3;1;2
7368,6524,7,0;2;4;1;3
7369,10291,7,0;2;4;1;3
7370,17807,7,0;4;3;2;1
7371,17808,7,0;4;2;3;1
7372,19020,7,0;4;2;3;1
7373,14804,7,0;3;4;1;2
7374,13997,7,0;1;4;3;2
7375,10361,7,0;4;3;2;1
7376,17802,7,0;3;4;1;2
7377,16257,7,0;1;3;4;2
7378,14290,7,0;4;1;2;3
7379,11311,7,0;3;2;1;4
7380,12980,7,0;3;1;4;2
7381,18984,7,0;3;2;1;4
7382,12148,7,0;3;4;2;1
7383,17195,7,0;1;3;4;2
7384,17809,7,0;2;1;4;3
7385,17386,7,0;1;3;4;2
7386,17117,7,0;4;1;3;2
7387,14916,7,0;3;1;4;2
7388,16350,7,0;4;1;3;2
7389,12130,7,0;4;2;3;1
7390,18551,7,0;4;2;3;1
7391,18550,7,0;4;2;3;1
7392,18642,7,0;1;2;4;3
7393,18631,7,0;1;3;2;4
7394,10873,7,0;4;3;1;2
7395,18988,7,0;1;3;2;4
7396,18987,7,0;1;3;2;4
7397,18960,7,0;1;3;4;2
7398,18959,7,0;1;3;4;2
7399,18958,7,0;1;3;4;2
7400,7454,7,0;4;3;1;2
7401,17800,7,0;1;2;4;3
7402,6779,7,0;4;2;1;3
7403,16237,7,0;4;1;2;3
7404,17301,7,0;4;1;2;3
7405,18707,7,0;1;4;3;2
7406,10822,7,0;4;3;2;1
7407,12226,7,0;4;1;3;2
7408,18724,7,0;1;4;2;3
7409,19106,7,0;1;4;3;2
7410,14827,7,0;3;1;4;2
7411,14041,7,0;4;1;2;3
7412,14265,7,0;4;1;3;2
7413,16265,7,0;3;1;2;4
7414,10427,7,0;4;3;2;1
7415,10664,7,0;4;2;1;3
7416,11262,7,0;4;3;1;2
7417,12405,7,0;2;4;1;3
7418,11284,7,0;2;3;4;1
7419,12380,7,0;4;3;2;1
7420,14833,7,0;1;4;3;2
7421,13893,7,0;4;2;3;1
7422,14778,7,0;4;2;1;3
7423,16335,7,0;1;3;4;2
7424,9109,7,0;4;2;3;1
7425,17042,7,0;1;2;3;4
7426,17717,7,0;1;3;2;4
7427,9660,7,0;4;2;3;1
7428,17102,7,0;1;4;3;2
7429,18539,7,0;1;3;2;4
7430,17444,7,0;3;1;4;2
7431,9588,7,0;4;3;2;1
7432,9836,7,0;3;4;1;2
7433,9561,7,0;2;4;3;1
7434,6730,7,0;1;4;2;3
7435,6738,7,0;1;4;2;3
7436,6741,7,0;1;4;2;3
7437,18628,7,0;4;1;2;3
7438,7005,7,0;3;4;2;1
7439,6651,7,0;4;3;2;1
7440,10665,7,0;3;4;2;1
7441,14531,7,0;3;1;4;2
7442,12368,7,0;4;3;2;1
7443,12972,7,0;2;4;1;3
7444,14754,7,0;3;4;1;2
7445,10441,7,0;2;3;4;1
7446,17140,7,0;3;4;1;2
7447,14690,7,0;4;1;2;3
7448,11147,7,0;3;4;1;2
7449,11177,7,0;4;2;3;1
7450,7232,7,0;4;1;3;2
7451,17613,7,0;4;1;3;2
7452,15923,7,0;3;1;4;2
7453,7019,7,0;4;3;2;1
7454,12364,7,0;4;1;3;2
7455,12863,7,0;4;2;1;3
7456,8785,7,0;2;4;1;3
7457,12272,7,0;3;2;1;4
7458,9082,7,0;4;3;1;2
7459,9615,7,0;3;4;2;1
7460,7489,7,0;3;4;2;1
7461,7299,7,0;4;3;2;1
7462,9165,7,0;4;3;2;1
7463,18920,7,0;1;3;4;2
7464,18621,7,0;1;4;3;2
7465,7275,7,0;4;1;3;2
7466,12448,7,0;4;3;1;2
7467,19056,7,0;4;1;2;3
7468,9439,7,0;4;3;2;1
7469,9144,7,0;4;3;2;1
7470,9065,7,0;3;4;2;1
7471,12855,7,0;3;4;1;2
7472,9441,7,0;4;2;3;1
7473,9678,7,0;3;4;2;1
7474,14339,7,0;3;4;1;2
7475,14024,7,0;4;1;3;2
7476,1473,7,0;1;2;4;3
7477,1270,7,0;1;2;4;3
7478,1668,7,0;1;2;4;3
7479,1693,7,0;1;2;4;3
7480,1476,7,0;1;2;4;3
7481,1507,7,0;1;2;4;3
7482,817,7,0;1;2;4;3
7483,1273,7,0;1;2;4;3
7484,1308,7,0;1;2;4;3
7485,1526,7,0;1;2;4;3
7486,2150,7,0;1;2;4;3
7487,2151,7,0;1;2;4;3
7488,1713,7,0;1;3;2;4
7489,1525,7,0;1;3;2;4
7490,1886,7,0;1;3;2;4
7491,2026,7,0;1;3;2;4
7492,1887,7,0;1;3;2;4
7493,827,7,0;1;3;2;4
7494,1705,7,0;1;3;2;4
7495,1521,7,0;1;3;2;4
7496,1328,7,0;1;3;2;4
7497,1302,7,0;1;3;2;4
7498,861,7,0;1;3;2;4
7499,832,7,0;1;3;2;4
7500,2172,7,0;1;3;2;4
7501,1706,7,0;1;3;2;4
7502,1522,7,0;1;3;2;4
7503,1329,7,0;1;3;2;4
7504,4642,7,0;1;3;2;4
7505,4722,7,0;1;2;3;4
7506,4736,7,0;1;2;3;4
7507,4744,7,0;1;3;4;2
7508,3177,7,0;1;3;2;4
7509,5084,7,0;1;2;3;4
7510,5107,7,0;1;2;3;4
7511,5125,7,0;1;2;3;4
7512,4653,7,0;1;3;4;2
7513,3088,7,0;1;4;3;2
7514,3126,7,0;1;3;4;2
7515,3176,7,0;1;4;3;2
7516,4384,7,0;1;3;2;4
7517,4289,7,0;1;3;4;2
7518,5277,7,0;1;4;2;3
7519,5396,7,0;1;2;3;4
7520,5177,7,0;1;3;2;4
7521,5310,7,0;1;4;2;3
7522,5266,7,0;1;4;3;2
7523,4267,7,0;1;2;4;3
7524,4746,7,0;1;3;4;2
7525,4745,7,0;1;4;3;2
7526,4696,7,0;1;3;2;4
7527,5083,7,0;1;2;4;3
7528,4595,7,0;1;4;2;3
7529,5005,7,0;1;4;2;3
7530,4273,7,0;1;4;2;3
7531,5132,7,0;1;2;4;3
7532,2989,7,0;1;3;4;2
7533,4640,7,0;1;4;2;3
7534,5411,7,0;1;3;4;2
7535,4146,7,0;1;4;2;3
7536,5101,7,0;1;4;3;2
7537,4142,7,0;1;4;3;2
7538,4227,7,0;1;4;3;2
7539,3149,7,0;1;4;3;2
7540,3178,7,0;1;4;3;2
7541,4668,7,0;1;4;3;2
7542,4802,7,0;1;4;3;2
7543,6731,7,0;1;4;3;2
7544,11091,7,0;1;2;3;4
7545,11094,7,0;1;2;3;4
7546,11097,7,0;1;2;3;4
7547,15845,7,0;1;4;3;2
7548,15920,7,0;1;4;3;2
7549,7018,7,0;4;2;3;1
7550,7124,7,0;2;4;3;1
7551,17050,7,0;1;3;2;4
7552,17092,7,0;1;3;4;2
7553,12874,7,0;2;4;1;3
7554,11231,7,0;4;3;1;2
7555,7264,7,0;4;3;2;1
7556,14075,7,0;4;1;3;2
7557,10802,7,0;4;3;1;2
7558,7885,7,0;4;3;2;1
7559,1676,7,0;1;2;4;3
7560,1490,7,0;1;2;4;3
7561,1286,7,0;1;2;4;3
7562,1287,7,0;1;2;4;3
7563,1855,7,0;1;2;4;3
7564,3436,7,0;1;2;3;4
7565,3470,7,0;1;2;3;4
7566,3483,7,0;1;2;3;4
7567,3488,7,0;1;2;3;4
7568,2979,7,0;1;3;4;2
7569,3030,7,0;1;3;4;2
7570,3434,7,0;1;2;4;3
7571,3459,7,0;1;2;4;3
7572,3497,7,0;1;2;4;3
7573,3808,7,0;1;2;3;4
7574,3936,7,0;1;3;2;4
7575,3933,7,0;1;4;3;2
7576,3855,7,0;1;4;2;3
7577,3878,7,0;1;4;3;2
7578,3922,7,0;1;3;4;2
7579,6735,7,0;1;4;3;2
7580,6734,7,0;2;1;4;3
7581,9146,7,0;4;3;2;1
7582,8826,7,0;2;4;3;1
7583,6954,7,0;3;4;2;1
7584,12191,7,0;4;3;1;2
7585,11308,7,0;3;1;4;2
7586,9145,7,0;4;3;1;2
7587,8827,7,0;4;2;3;1
7588,12260,7,0;3;4;1;2
7589,15674,7,0;3;1;4;2
7590,15663,7,0;4;1;2;3
7591,10422,7,0;4;1;2;3
7592,7322,7,0;4;3;2;1
7593,3356,7,0;1;2;3;4
7594,3392,7,0;1;2;4;3
7595,3388,7,0;1;2;4;3
7596,4524,7,0;1;2;4;3
7597,2917,7,0;1;4;3;2
7598,4564,7,0;1;3;2;4
7599,4182,7,0;1;3;4;2
7600,3193,7,0;1;3;4;2
7601,2955,7,0;1;4;2;3
7602,4665,7,0;1;4;3;2
7603,3146,7,0;1;3;4;2
7604,4597,7,0;1;4;2;3
7605,4161,7,0;1;4;2;3
7606,4330,7,0;1;2;4;3
7607,4329,7,0;1;4;3;2
7608,2939,7,0;1;4;3;2
7609,2930,7,0;1;4;3;2
7610,4617,7,0;1;4;2;3
7611,3056,7,0;1;4;3;2
7612,2796,7,0;1;4;3;2
7613,4297,7,0;1;4;3;2
7614,4628,7,0;1;4;2;3
7615,4127,7,0;1;3;4;2
7616,5120,7,0;1;4;3;2
7617,2921,7,0;1;3;4;2
7618,4378,7,0;1;4;3;2
7619,10673,7,0;4;2;3;1
7620,14733,7,0;4;2;1;3
7621,16289,7,0;4;1;2;3
7622,17164,7,0;1;2;3;4
7623,17211,7,0;1;3;2;4
7624,17121,7,0;1;4;2;3
7625,10708,7,0;4;2;3;1
7626,11223,7,0;4;3;1;2
7627,11476,7,0;4;1;3;2
7628,14268,7,0;3;1;4;2
7629,10751,7,0;4;3;1;2
7630,12852,7,0;4;3;1;2
7631,7911,7,0;4;3;2;1
7632,14007,7,0;4;1;3;2
7633,1054,7,0;1;2;4;3
7634,1057,7,0;1;2;4;3
7635,1096,7,0;1;2;4;3
7636,1097,7,0;1;2;4;3
7637,1095,7,0;1;3;2;4
7638,1091,7,0;1;3;2;4
7639,1065,7,0;1;3;2;4
7640,3449,7,0;1;2;3;4
7641,3424,7,0;1;2;4;3
7642,2983,7,0;1;4;3;2
7643,3762,7,0;1;3;4;2
7644,10810,7,0;3;1;2;4
7645,8921,7,0;4;3;2;1
7646,10731,7,0;4;1;3;2
7647,8991,7,0;3;4;2;1
7648,9698,7,0;3;4;1;2
7649,18596,7,0;1;2;4;3
7650,14566,7,0;4;1;3;2
7651,17019,7,0;4;1;3;2
7652,9437,7,0;4;2;1;3
7653,14221,7,0;2;1;3;4
7654,3369,7,0;1;2;4;3
7655,727,7,0;1;2;4;3
7656,1844,7,0;1;2;4;3
7657,1854,7,0;1;2;4;3
7658,1285,7,0;1;3;2;4
7659,1301,7,0;1;3;2;4
7660,860,7,0;1;3;2;4
7661,2816,7,0;1;2;4;3
7662,4149,7,0;1;4;3;2
7663,2904,7,0;1;3;4;2
7664,2940,7,0;1;4;3;2
7665,2807,7,0;1;4;3;2
7666,12475,7,0;1;2;4;3
7667,15860,7,0;4;1;2;3
7668,10647,7,0;4;3;2;1
7669,15684,7,0;1;3;2;4
7670,15888,7,0;1;3;4;2
7671,11362,7,0;4;3;1;2
7672,12914,7,0;4;1;2;3
7673,17135,7,0;3;4;1;2
7674,10750,7,0;4;3;1;2
7675,11043,7,0;4;2;3;1
7676,7110,7,0;4;2;3;1
7677,13915,7,0;4;3;2;1
7678,8787,7,0;1;4;2;3
7679,9489,7,0;4;2;3;1
7680,8832,7,0;4;1;2;3
7681,7095,7,0;4;1;3;2
7682,12821,7,0;4;3;1;2
7683,8829,7,0;4;3;1;2
7684,8962,7,0;4;3;2;1
7685,8865,7,0;4;3;2;1
7686,8881,7,0;4;2;3;1
7687,3202,7,0;1;3;4;2
7688,2887,7,0;1;4;3;2
7689,10844,7,0;3;4;1;2
7690,14162,7,0;1;4;2;3
7691,6529,7,0;3;4;2;1
7692,10324,7,0;3;2;4;1
7693,1056,7,0;1;2;4;3
7694,1094,7,0;1;3;2;4
7695,1090,7,0;1;3;2;4
7696,3957,7,0;1;4;3;2
7697,8868,7,0;2;3;4;1
7698,8198,7,0;4;3;2;1
7699,8835,7,0;2;4;3;1
7700,6548,7,0;4;3;2;1
7701,7268,7,0;4;2;3;1
7702,8903,7,0;4;3;1;2
7703,8821,7,0;4;2;3;1
7704,8823,7,0;4;3;2;1
7705,8773,7,0;4;3;2;1
7706,1222,7,0;1;2;4;3
7707,765,7,0;1;2;4;3
7708,4623,7,0;1;4;2;3
7709,4612,7,0;1;3;2;4
7710,13949,7,0;1;4;3;2
7711,10316,7,0;2;3;4;1
7712,13869,7,0;3;1;4;2
7713,7161,7,0;3;2;4;1
7714,1435,7,0;1;2;4;3
7715,1229,7,0;1;2;4;3
7716,772,7,0;1;2;4;3
7717,771,7,0;1;3;2;4
7718,1234,7,0;1;3;2;4
7719,1443,7,0;1;3;2;4
7720,1641,7,0;1;3;2;4
7721,1816,7,0;1;3;2;4
7722,1964,7,0;1;3;2;4
7723,2117,7,0;1;3;2;4
7724,3764,7,0;1;4;3;2
7725,7252,7,0;2;1;3;4
7726,14132,7,0;2;1;4;3
7727,17010,7,0;1;2;3;4
7728,7963,7,0;4;1;3;2
7729,6880,7,0;4;2;3;1
7730,18627,7,0;1;4;3;2
7731,7074,7,0;4;3;2;1
7732,10347,7,0;3;1;4;2
7733,7321,7,0;4;3;2;1
7734,8811,7,0;4;2;3;1
7735,9006,7,0;2;4;3;1
7736,13940,7,0;1;3;4;2
7737,10536,7,0;2;4;3;1
7738,7204,7,0;4;2;3;1
7739,10351,7,0;3;1;4;2
7740,747,7,0;1;2;4;3
7741,1004,7,0;1;2;4;3
7742,12253,7,0;3;1;2;4
7743,8772,7,0;3;4;2;1
7744,1011,7,0;1;2;4;3
7745,1013,7,0;1;3;2;4
7746,14726,7,0;4;1;2;3
7747,16207,7,0;4;1;3;2
7748,6567,7,0;3;4;2;1
7749,9026,7,0;4;3;1;2
7750,9075,7,0;2;4;1;3
7751,8806,7,0;4;3;2;1
7752,9377,7,0;4;2;1;3
7753,6977,7,0;4;3;2;1
7754,8800,7,0;3;2;4;1
7755,7030,7,0;4;3;2;1
7756,9426,7,0;4;2;1;3
7757,6967,7,0;1;2;4;3
7758,13872,7,0;3;4;1;2
7759,38,7,0;1;2;3;4
7760,39,7,0;1;2;3;4
7761,120,7,0;1;2;3;4
7762,136,7,0;1;2;3;4
7763,137,7,0;1;2;3;4
7764,143,7,0;1;2;3;4
7765,145,7,0;1;2;3;4
7766,147,7,0;1;2;3;4
7767,148,7,0;1;2;3;4
7768,7,7,0;1;2;3;4
7769,12,7,0;1;2;3;4
7770,428,7,0;1;2;3;4
7771,427,7,0;1;2;3;4
7772,437,7,0;2;1;3;4
7773,380,7,0;1;2;3;4
7774,411,7,0;1;2;3;4
7775,571,7,0;1;2;3;4
7776,552,7,0;2;1;3;4
7777,359,7,0;2;1;3;4
7778,462,7,0;2;1;3;4
7779,446,7,0;2;1;3;4
7780,452,7,0;2;1;3;4
7781,140,7,0;1;2;3;4
7782,141,7,0;1;2;3;4
7783,423,7,0;2;1;3;4
7784,570,7,0;2;1;3;4
7785,313,7,0;2;1;3;4
7786,540,7,0;2;1;3;4
7787,49,7,0;1;2;3;4
8912,6662,8,0;1;4;3;2
8913,11616,8,0;2;3;4;1
8914,13294,8,0;1;4;2;3
8915,13445,8,0;2;3;1;4
8916,11928,8,0;1;4;3;2
8917,12582,8,0;4;1;3;2
8918,11696,8,0;3;2;4;1
8919,20754,8,0;4;2;3;1
8920,15513,8,0;1;2;3;4
8921,10821,8,0;3;1;4;2
8922,16561,8,0;1;3;4;2
8923,13614,8,0;3;4;2;1
8924,15314,8,0;4;2;1;3
8925,16627,8,0;1;3;4;2
8926,15164,8,0;4;1;3;2
8927,13573,8,0;3;2;1;4
8928,19523,8,0;4;3;2;1
8929,20930,8,0;4;2;3;1
8930,16897,8,0;1;2;3;4
8931,20106,8,0;3;2;1;4
8932,17335,8,0;1;4;2;3
8933,17083,8,0;1;4;3;2
8934,17088,8,0;1;4;3;2
8935,17457,8,0;1;4;3;2
8936,8260,8,0;2;4;3;1
8937,12602,8,0;4;3;1;2
8938,16724,8,0;4;3;1;2
8939,15396,8,0;3;2;4;1
8940,18134,8,0;4;1;2;3
8941,19253,8,0;4;1;3;2
8942,16696,8,0;4;1;2;3
8943,8405,8,0;3;2;4;1
8944,17039,8,0;4;1;2;3
8945,18462,8,0;1;2;3;4
8946,18463,8,0;1;2;3;4
8947,16954,8,0;3;2;1;4
8948,18454,8,0;3;2;4;1
8949,11726,8,0;4;3;2;1
8950,17391,8,0;4;1;2;3
8951,8595,8,0;4;2;3;1
8952,19254,8,0;4;1;3;2
8953,11727,8,0;4;3;2;1
8954,19528,8,0;1;2;4;3
8955,17991,8,0;3;4;1;2
8956,19626,8,0;1;2;3;4
8957,8614,8,0;4;3;2;1
8958,11951,8,0;4;3;2;1
8959,15317,8,0;4;2;3;1
8960,18482,8,0;2;1;3;4
8961,19663,8,0;1;2;3;4
8962,16537,8,0;2;1;4;3
8963,14442,8,0;4;1;3;2
8964,20120,8,0;1;3;4;2
8965,20859,8,0;1;2;3;4
8966,18178,8,0;1;2;4;3
8967,19306,8,0;1;2;4;3
8968,17104,8,0;4;1;3;2
8969,20755,8,0;1;3;4;2
8970,20926,8,0;1;2;3;4
8971,19772,8,0;4;1;3;2
8972,12612,8,0;4;3;1;2
8973,19817,8,0;1;4;3;2
8974,19821,8,0;1;4;2;3
8975,16083,8,0;4;3;2;1
8976,8438,8,0;3;4;2;1
8977,18041,8,0;4;1;3;2
8978,20757,8,0;1;4;2;3
8979,21022,8,0;1;2;3;4
8980,18363,8,0;1;2;4;3
8981,21025,8,0;1;2;3;4
8982,14343,8,0;4;1;3;2
8983,21099,8,0;1;2;3;4
8984,17032,8,0;3;1;2;4
8985,8271,8,0;3;4;2;1
8986,19304,8,0;4;1;3;2
8987,13577,8,0;3;4;2;1
8988,11618,8,0;4;2;1;3
8989,11633,8,0;4;3;2;1
8990,8283,8,0;2;3;1;4
8991,13319,8,0;4;3;1;2
8992,11707,8,0;4;3;2;1
8993,11921,8,0;4;3;2;1
8994,7423,8,0;4;3;1;2
8995,13281,8,0;2;3;4;1
8996,13977,8,0;4;3;1;2
8997,14386,8,0;4;3;1;2
8998,15158,8,0;4;3;2;1
8999,15448,8,0;4;2;1;3
9000,13258,8,0;4;3;1;2
9001,21188,8,0;1;2;4;3
9002,11896,8,0;4;2;3;1
9003,13276,8,0;3;4;2;1
9004,16529,8,0;4;2;1;3
9005,16742,8,0;2;4;1;3
9006,20753,8,0;3;1;2;4
9007,19769,8,0;2;4;3;1
9008,9984,8,0;1;4;2;3
9009,19313,8,0;3;4;2;1
9010,19741,8,0;3;1;2;4
9011,14366,8,0;1;4;2;3
9012,13322,8,0;3;1;4;2
9013,15444,8,0;2;3;1;4
9014,16556,8,0;2;1;4;3
9015,13780,8,0;1;4;3;2
9016,9955,8,0;4;2;3;1
9017,16865,8,0;3;2;4;1
9018,9973,8,0;2;4;3;1
9019,18186,8,0;2;1;4;3
9020,19341,8,0;4;2;1;3
9021,19292,8,0;4;1;3;2
9022,9342,8,0;4;3;1;2
9023,7462,8,0;4;2;3;1
9024,12611,8,0;4;3;1;2
9025,19773,8,0;1;4;3;2
9026,9297,8,0;4;3;1;2
9027,9987,8,0;4;3;2;1
9028,19768,8,0;4;3;1;2
9029,11661,8,0;4;2;1;3
9030,8385,8,0;4;2;3;1
9031,9908,8,0;4;3;2;1
9032,10929,8,0;4;3;1;2
9033,17079,8,0;3;1;4;2
9034,15124,8,0;4;3;1;2
9035,17387,8,0;4;1;2;3
9036,9971,8,0;4;2;3;1
9037,18129,8,0;4;3;2;1
9038,15995,8,0;4;3;1;2
9039,19314,8,0;4;2;3;1
9040,17345,8,0;1;3;2;4
9041,19315,8,0;2;1;4;3
9042,7347,8,0;4;3;1;2
9043,11468,8,0;1;4;3;2
9044,12196,8,0;1;4;2;3
9045,14818,8,0;2;1;3;4
9046,14766,8,0;1;4;2;3
9047,12581,8,0;4;3;1;2
9048,11344,8,0;4;2;1;3
9049,14039,8,0;4;3;2;1
9050,11488,8,0;4;2;3;1
9051,17752,8,0;4;1;2;3
9052,16976,8,0;4;2;1;3
9053,11310,8,0;3;4;1;2
9054,20568,8,0;4;2;1;3
9055,20613,8,0;3;1;2;4
9056,17810,8,0;2;1;4;3
9057,7533,8,0;3;4;2;1
9058,17370,8,0;1;3;4;2
9059,17069,8,0;1;4;3;2
9060,17710,8,0;1;4;2;3
9061,11586,8,0;3;4;1;2
9062,19976,8,0;4;1;3;2
9063,8189,8,0;4;3;2;1
9064,12129,8,0;4;2;3;1
9065,18549,8,0;4;2;3;1
9066,7993,8,0;3;4;2;1
9067,18675,8,0;1;3;4;2
9068,18764,8,0;1;3;2;4
9069,18712,8,0;1;4;3;2
9070,19977,8,0;4;1;3;2
9071,8006,8,0;4;3;1;2
9072,12496,8,0;4;1;3;2
9073,17858,8,0;4;3;1;2
9074,12394,8,0;4;3;2;1
9075,20474,8,0;3;4;1;2
9076,19835,8,0;1;2;4;3
9077,19721,8,0;1;4;2;3
9078,20495,8,0;1;2;3;4
9079,20465,8,0;1;3;4;2
9080,7519,8,0;4;3;1;2
9081,16420,8,0;4;1;2;3
9082,19061,8,0;4;1;3;2
9083,15917,8,0;4;3;1;2
9084,12519,8,0;4;3;1;2
9085,19840,8,0;1;4;2;3
9086,19795,8,0;1;4;3;2
9087,11467,8,0;4;3;2;1
9088,11425,8,0;4;1;3;2
9089,7166,8,0;4;3;1;2
9090,12981,8,0;4;3;2;1
9091,11332,8,0;4;1;3;2
9092,11569,8,0;3;4;1;2
9093,7332,8,0;4;3;2;1
9094,18980,8,0;4;1;3;2
9095,20056,8,0;1;4;3;2
9096,20612,8,0;1;2;4;3
9097,14049,8,0;4;3;2;1
9098,10971,8,0;4;3;1;2
9099,14868,8,0;4;3;1;2
9100,12366,8,0;4;3;1;2
9101,16305,8,0;4;1;3;2
9102,17217,8,0;3;2;1;4
9103,18644,8,0;2;1;4;3
9104,11401,8,0;4;3;1;2
9105,11490,8,0;4;3;1;2
9106,18633,8,0;4;3;1;2
9107,10453,8,0;3;2;4;1
9108,14261,8,0;4;3;1;2
9109,11477,8,0;4;2;3;1
9110,7520,8,0;4;3;2;1
9111,13027,8,0;4;3;1;2
9112,16110,8,0;4;3;1;2
9113,7530,8,0;4;3;2;1
9114,15821,8,0;4;3;1;2
9115,17222,8,0;3;4;1;2
9116,14822,8,0;3;2;4;1
9117,10649,8,0;4;3;2;1
9118,12982,8,0;3;4;2;1
9119,14805,8,0;4;3;1;2
9120,10372,8,0;4;2;3;1
9121,15861,8,0;4;2;3;1
9122,6766,8,0;1;3;4;2
9123,10615,8,0;4;3;1;2
9124,12973,8,0;3;2;1;4
9125,7612,8,0;4;3;2;1
9126,17494,8,0;1;4;3;2
9127,9099,8,0;4;2;3;1
9128,18957,8,0;1;3;4;2
9129,9287,8,0;4;2;3;1
9130,14966,8,0;4;3;1;2
9131,9542,8,0;4;3;2;1
9132,15990,8,0;4;3;2;1
9133,10872,8,0;4;3;1;2
9134,12147,8,0;4;3;1;2
9135,20500,8,0;1;3;2;4
9136,10758,8,0;4;1;2;3
9137,12733,8,0;4;3;1;2
9138,19762,8,0;1;4;3;2
9139,9294,8,0;4;3;1;2
9140,9778,8,0;3;4;1;2
9141,6531,8,0;4;3;2;1
9142,20583,8,0;1;4;2;3
9143,17189,8,0;3;1;2;4
9144,12138,8,0;4;2;1;3
9145,9094,8,0;3;4;2;1
9146,9540,8,0;4;3;2;1
9147,9786,8,0;4;3;2;1
9148,20048,8,0;1;3;4;2
9149,6744,8,0;1;4;2;3
9150,16017,8,0;1;3;4;2
9151,14023,8,0;4;3;1;2
9152,12461,8,0;4;2;3;1
9153,18720,8,0;4;1;3;2
9154,12768,8,0;4;3;1;2
9155,17290,8,0;1;3;4;2
9156,13128,8,0;4;3;1;2
9157,17739,8,0;1;3;4;2
9158,10546,8,0;4;3;2;1
9159,17265,8,0;1;4;3;2
9160,16476,8,0;4;3;1;2
9161,10642,8,0;4;1;3;2
9162,17295,8,0;4;1;3;2
9163,11149,8,0;3;4;2;1
9164,12902,8,0;4;3;2;1
9165,11176,8,0;4;2;3;1
9166,18657,8,0;1;3;4;2
9167,18722,8,0;4;2;3;1
9168,17616,8,0;4;3;1;2
9169,18936,8,0;1;4;3;2
9170,17658,8,0;4;1;3;2
9171,11285,8,0;4;3;2;1
9172,14148,8,0;3;4;2;1
9173,12096,8,0;4;2;3;1
9174,15937,8,0;4;1;2;3
9175,18721,8,0;4;1;3;2
9176,19988,8,0;1;2;4;3
9177,14394,8,0;4;1;3;2
9178,19720,8,0;1;4;2;3
9179,20006,8,0;1;4;2;3
9180,19967,8,0;1;4;3;2
9181,15697,8,0;2;1;4;3
9182,16259,8,0;3;1;4;2
9183,6787,8,0;4;3;2;1
9184,15774,8,0;3;4;2;1
9185,6761,8,0;4;3;2;1
9186,12101,8,0;4;1;3;2
9187,7927,8,0;4;1;2;3
9188,7926,8,0;4;1;2;3
9189,17415,8,0;4;3;2;1
9190,7932,8,0;4;3;1;2
9191,7942,8,0;4;2;3;1
9192,7941,8,0;4;2;3;1
9193,12199,8,0;4;3;2;1
9194,7516,8,0;4;3;2;1
9195,12868,8,0;3;4;2;1
9196,7984,8,0;4;3;2;1
9197,7992,8,0;4;2;3;1
9198,14676,8,0;4;2;3;1
9199,18944,8,0;4;1;3;2
9200,15941,8,0;4;1;2;3
9201,12120,8,0;4;3;1;2
9202,11961,8,0;2;4;1;3
9203,13670,8,0;2;4;1;3
9204,20448,8,0;4;1;2;3
9205,20447,8,0;4;1;2;3
9206,16179,8,0;1;3;4;2
9207,14338,8,0;3;4;1;2
9208,9137,8,0;4;3;2;1
9209,17139,8,0;3;4;1;2
9210,16368,8,0;4;3;1;2
9211,7688,8,0;4;3;2;1
9212,8788,8,0;4;2;3;1
9213,12959,8,0;4;1;3;2
9214,9491,8,0;4;3;2;1
9215,7326,8,0;4;3;2;1
9216,7920,8,0;4;1;3;2
9217,9704,8,0;4;3;2;1
9218,9080,8,0;3;2;4;1
9219,7372,8,0;4;3;2;1
9220,9140,8,0;4;3;1;2
9221,9058,8,0;3;4;1;2
9222,9449,8,0;4;3;2;1
9223,9699,8,0;4;3;2;1
9224,1677,8,0;1;2;4;3
9225,1491,8,0;1;2;4;3
9226,1869,8,0;1;2;4;3
9227,1288,8,0;1;2;4;3
9228,1714,8,0;1;2;4;3
9229,2173,8,0;1;2;4;3
9230,820,8,0;1;2;4;3
9231,866,8,0;1;2;4;3
9232,867,8,0;1;2;4;3
9233,1333,8,0;1;2;4;3
9234,1530,8,0;1;2;4;3
9235,2009,8,0;1;2;4;3
9236,2010,8,0;1;2;4;3
9237,2040,8,0;1;2;4;3
9238,2271,8,0;1;2;4;3
9239,2285,8,0;1;2;4;3
9240,865,8,0;1;3;2;4
9241,1529,8,0;1;3;2;4
9242,1332,8,0;1;3;2;4
9243,1731,8,0;1;3;2;4
9244,1732,8,0;1;3;2;4
9245,2284,8,0;1;3;2;4
9246,2039,8,0;1;3;2;4
9247,806,8,0;1;3;2;4
9248,1519,8,0;1;3;2;4
9249,1326,8,0;1;3;2;4
9250,888,8,0;1;3;2;4
9251,1486,8,0;1;3;2;4
9252,1283,8,0;1;3;2;4
9253,839,8,0;1;3;2;4
9254,2305,8,0;1;3;2;4
9255,4365,8,0;1;3;2;4
9256,5124,8,0;1;2;3;4
9257,5133,8,0;1;2;3;4
9258,4790,8,0;1;3;4;2
9259,5273,8,0;1;2;4;3
9260,5312,8,0;1;2;3;4
9261,4248,8,0;1;4;2;3
9262,5372,8,0;1;2;3;4
9263,5365,8,0;1;3;4;2
9264,4855,8,0;1;4;3;2
9265,5413,8,0;1;2;3;4
9266,3098,8,0;1;4;3;2
9267,3207,8,0;1;4;3;2
9268,4732,8,0;1;3;2;4
9269,5143,8,0;1;4;2;3
9270,4724,8,0;1;3;2;4
9271,4856,8,0;1;3;2;4
9272,5081,8,0;1;4;2;3
9273,5668,8,0;1;2;3;4
9274,5323,8,0;1;4;2;3
9275,3204,8,0;1;3;4;2
9276,4244,8,0;1;3;2;4
9277,4353,8,0;1;3;2;4
9278,5806,8,0;1;2;4;3
9279,4599,8,0;1;4;3;2
9280,5645,8,0;1;2;3;4
9281,5457,8,0;1;3;2;4
9282,5062,8,0;1;4;3;2
9283,3205,8,0;1;4;3;2
9284,3236,8,0;1;4;3;2
9285,4734,8,0;1;4;3;2
9286,4383,8,0;1;3;4;2
9287,4792,8,0;1;2;4;3
9288,4679,8,0;1;4;3;2
9289,2988,8,0;1;3;4;2
9290,5439,8,0;1;4;3;2
9291,5371,8,0;1;2;4;3
9292,4680,8,0;1;4;3;2
9293,4656,8,0;1;4;3;2
9294,4144,8,0;1;3;2;4
9295,4154,8,0;1;4;2;3
9296,5417,8,0;1;2;4;3
9297,4637,8,0;1;4;2;3
9298,4350,8,0;1;4;3;2
9299,3093,8,0;1;4;3;2
9300,3007,8,0;1;3;4;2
9301,4259,8,0;1;4;2;3
9302,3024,8,0;1;4;3;2
9303,10809,8,0;3;2;1;4
9304,11087,8,0;1;2;3;4
9305,11086,8,0;1;2;3;4
9306,11099,8,0;1;2;3;4
9307,11096,8,0;1;2;3;4
9308,11089,8,0;1;2;3;4
9309,11090,8,0;1;2;3;4
9310,11085,8,0;1;2;3;4
9311,12354,8,0;1;2;4;3
9312,14828,8,0;1;2;4;3
9313,7017,8,0;3;2;4;1
9314,15864,8,0;1;2;4;3
9315,6778,8,0;4;2;3;1
9316,14206,8,0;4;2;1;3
9317,10754,8,0;4;3;2;1
9318,10545,8,0;2;4;3;1
9319,17040,8,0;1;3;2;4
9320,17148,8,0;1;2;4;3
9321,17147,8,0;3;1;2;4
9322,7618,8,0;4;3;2;1
9323,12854,8,0;3;2;4;1
9324,17137,8,0;2;1;4;3
9325,7180,8,0;4;3;1;2
9326,11248,8,0;4;1;2;3
9327,20559,8,0;1;4;2;3
9328,11054,8,0;3;2;4;1
9329,6673,8,0;3;4;2;1
9330,12353,8,0;4;3;1;2
9331,11261,8,0;4;3;1;2
9332,12749,8,0;3;4;2;1
9333,10442,8,0;4;3;1;2
9334,13960,8,0;4;3;1;2
9335,14958,8,0;4;3;1;2
9336,12292,8,0;4;2;3;1
9337,7886,8,0;4;3;2;1
9338,20446,8,0;4;1;2;3
9339,1697,8,0;1;2;4;3
9340,2154,8,0;1;2;4;3
9341,3456,8,0;1;2;3;4
9342,3471,8,0;1;2;3;4
9343,3521,8,0;1;2;3;4
9344,3523,8,0;1;2;3;4
9345,3443,8,0;1;2;4;3
9346,3432,8,0;1;2;4;3
9347,3440,8,0;1;2;4;3
9348,3498,8,0;1;2;4;3
9349,3454,8,0;1;2;4;3
9350,3713,8,0;1;2;4;3
9351,3984,8,0;1;3;2;4
9352,3928,8,0;1;3;4;2
9353,3903,8,0;1;3;2;4
9354,3845,8,0;1;4;3;2
9355,3886,8,0;1;4;3;2
9356,3939,8,0;1;2;4;3
9357,3858,8,0;1;4;3;2
9358,3943,8,0;1;4;3;2
9359,3893,8,0;1;4;3;2
9360,3694,8,0;1;3;4;2
9361,11083,8,0;1;2;3;4
9362,9027,8,0;3;4;2;1
9363,14136,8,0;2;1;3;4
9364,9090,8,0;4;2;1;3
9365,17049,8,0;1;2;4;3
9366,9789,8,0;4;3;1;2
9367,6698,8,0;4;3;1;2
9368,19987,8,0;1;2;4;3
9369,9630,8,0;4;3;2;1
9370,12585,8,0;3;1;2;4
9371,9295,8,0;4;3;1;2
9372,9222,8,0;3;4;2;1
9373,7925,8,0;4;1;2;3
9374,7273,8,0;4;3;2;1
9375,14788,8,0;4;1;2;3
9376,9390,8,0;4;3;2;1
9377,3357,8,0;1;2;3;4
9378,3394,8,0;1;2;4;3
9379,3707,8,0;1;4;3;2
9380,16166,8,0;3;1;4;2
9381,7919,8,0;4;3;2;1
9382,2798,8,0;1;2;4;3
9383,3159,8,0;1;3;2;4
9384,4531,8,0;1;2;3;4
9385,4534,8,0;1;2;3;4
9386,4537,8,0;1;2;3;4
9387,5295,8,0;1;4;2;3
9388,4756,8,0;1;4;3;2
9389,4598,8,0;1;4;3;2
9390,5539,8,0;1;4;2;3
9391,5561,8,0;1;4;2;3
9392,2945,8,0;1;4;3;2
9393,2834,8,0;1;4;3;2
9394,4619,8,0;1;4;3;2
9395,4122,8,0;1;4;2;3
9396,4567,8,0;1;4;2;3
9397,4986,8,0;1;4;2;3
9398,3070,8,0;1;3;4;2
9399,4824,8,0;1;3;4;2
9400,2960,8,0;1;4;2;3
9401,4581,8,0;1;4;2;3
9402,4710,8,0;1;2;4;3
9403,5409,8,0;1;3;4;2
9404,2865,8,0;1;4;3;2
9405,3023,8,0;1;4;3;2
9406,2900,8,0;1;4;3;2
9407,4126,8,0;1;3;4;2
9408,2910,8,0;1;4;3;2
9409,5029,8,0;1;3;4;2
9410,4334,8,0;1;4;3;2
9411,4197,8,0;1;4;3;2
9412,7251,8,0;2;3;1;4
9413,10622,8,0;4;3;1;2
9414,12301,8,0;3;2;1;4
9415,16211,8,0;4;1;2;3
9416,14922,8,0;4;1;3;2
9417,14163,8,0;3;1;2;4
9418,13237,8,0;4;3;1;2
9419,17283,8,0;1;3;4;2
9420,16317,8,0;4;1;2;3
9421,16319,8,0;4;1;3;2
9422,7755,8,0;4;3;1;2
9423,16302,8,0;4;1;3;2
9424,10568,8,0;3;4;2;1
9425,18680,8,0;1;2;4;3
9426,18674,8,0;1;3;2;4
9427,18911,8,0;1;3;4;2
9428,6755,8,0;4;3;1;2
9429,13168,8,0;3;4;1;2
9430,18576,8,0;1;4;2;3
9431,20088,8,0;1;2;3;4
9432,15746,8,0;4;1;2;3
9433,19953,8,0;4;1;2;3
9434,12533,8,0;4;1;3;2
9435,6773,8,0;4;2;3;1
9436,10747,8,0;4;3;2;1
9437,10760,8,0;4;1;3;2
9438,12092,8,0;3;2;4;1
9439,7010,8,0;4;2;3;1
9440,10518,8,0;4;2;1;3
9441,10319,8,0;4;3;2;1
9442,10540,8,0;4;3;2;1
9443,1077,8,0;1;2;4;3
9444,1116,8,0;1;3;2;4
9445,1117,8,0;1;3;2;4
9446,1114,8,0;1;3;2;4
9447,1072,8,0;1;3;2;4
9448,3442,8,0;1;2;4;3
9449,3783,8,0;1;3;4;2
9450,3919,8,0;1;3;4;2
9451,3777,8,0;1;4;3;2
9452,3799,8,0;1;3;4;2
9453,3771,8,0;1;3;4;2
9454,16292,8,0;4;1;2;3
9455,17442,8,0;3;1;4;2
9456,9697,8,0;3;4;1;2
9457,7924,8,0;4;3;1;2
9458,18536,8,0;4;1;2;3
9459,1075,8,0;1;2;4;3
9460,1076,8,0;1;2;4;3
9461,7433,8,0;4;2;3;1
9462,9363,8,0;4;3;2;1
9463,8982,8,0;3;4;2;1
9464,728,8,0;1;2;4;3
9465,819,8,0;1;2;4;3
9466,1680,8,0;1;2;4;3
9467,1696,8,0;1;2;4;3
9468,2266,8,0;1;3;2;4
9469,864,8,0;1;3;2;4
9470,2153,8,0;1;3;2;4
9471,857,8,0;1;3;2;4
9472,1863,8,0;1;3;2;4
9473,1708,8,0;1;3;2;4
9474,1524,8,0;1;3;2;4
9475,1331,8,0;1;3;2;4
9476,2817,8,0;1;2;4;3
9477,5027,8,0;1;3;2;4
9478,5016,8,0;1;3;4;2
9479,2884,8,0;1;3;4;2
9480,2833,8,0;1;3;4;2
9481,10513,8,0;2;3;4;1
9482,12286,8,0;2;3;1;4
9483,14150,8,0;2;1;3;4
9484,10388,8,0;2;3;4;1
9485,11141,8,0;2;4;3;1
9486,13883,8,0;4;1;3;2
9487,7084,8,0;4;3;1;2
9488,17134,8,0;3;4;1;2
9489,10671,8,0;3;4;1;2
9490,10517,8,0;4;3;1;2
9491,11066,8,0;4;2;1;3
9492,9469,8,0;4;2;3;1
9493,11065,8,0;4;2;3;1
9494,14470,8,0;4;2;1;3
9495,12115,8,0;3;4;1;2
9496,14131,8,0;4;2;1;3
9497,12298,8,0;4;2;1;3
9498,2139,8,0;1;2;4;3
9499,3651,8,0;1;4;2;3
9500,3745,8,0;1;3;4;2
9501,3800,8,0;1;3;4;2
9502,3868,8,0;1;4;3;2
9503,10614,8,0;1;2;4;3
9504,13931,8,0;2;1;4;3
9505,13878,8,0;3;4;2;1
9506,9560,8,0;4;3;1;2
9507,9468,8,0;4;2;3;1
9508,11042,8,0;4;2;3;1
9509,8950,8,0;4;3;2;1
9510,9528,8,0;3;1;2;4
9511,6640,8,0;4;2;1;3
9512,10918,8,0;4;1;3;2
9513,16202,8,0;4;1;2;3
9514,9431,8,0;4;2;1;3
9515,9382,8,0;4;3;2;1
9516,3233,8,0;1;3;4;2
9517,4757,8,0;1;4;3;2
9518,3010,8,0;1;3;4;2
9519,4133,8,0;1;4;2;3
9520,4615,8,0;1;4;3;2
9521,4132,8,0;1;3;4;2
9522,12897,8,0;4;2;1;3
9523,10735,8,0;4;1;3;2
9524,6584,8,0;4;3;2;1
9525,10486,8,0;3;4;1;2
9526,18592,8,0;1;3;4;2
9527,13868,8,0;3;4;1;2
9528,10786,8,0;4;3;2;1
9529,11053,8,0;2;3;1;4
9530,10287,8,0;4;3;1;2
9531,10567,8,0;2;4;3;1
9532,10543,8,0;4;2;3;1
9533,1074,8,0;1;3;2;4
9534,3979,8,0;1;4;3;2
9535,3746,8,0;1;4;3;2
9536,9116,8,0;1;3;4;2
9537,7910,8,0;4;3;2;1
9538,8026,8,0;3;4;1;2
9539,11064,8,0;4;2;3;1
9540,7606,8,0;4;3;2;1
9541,10384,8,0;3;2;1;4
9542,9056,8,0;2;1;3;4
9543,7914,8,0;4;1;2;3
9544,1432,8,0;1;2;4;3
9545,1226,8,0;1;2;4;3
9546,769,8,0;1;2;4;3
9547,3209,8,0;1;4;3;2
9548,15742,8,0;1;4;3;2
9549,10295,8,0;3;4;1;2
9550,19948,8,0;1;3;4;2
9551,10541,8,0;3;1;4;2
9552,14170,8,0;2;1;4;3
9553,1633,8,0;1;2;4;3
9554,1438,8,0;1;2;4;3
9555,1232,8,0;1;2;4;3
9556,775,8,0;1;2;4;3
9557,774,8,0;1;3;2;4
9558,1237,8,0;1;3;2;4
9559,1446,8,0;1;3;2;4
9560,1644,8,0;1;3;2;4
9561,1819,8,0;1;3;2;4
9562,1967,8,0;1;3;2;4
9563,2120,8,0;1;3;2;4
9564,2248,8,0;1;3;2;4
9565,9412,8,0;4;2;1;3
9566,18565,8,0;1;2;3;4
9567,18584,8,0;1;4;3;2
9568,6885,8,0;4;2;3;1
9569,9135,8,0;4;3;1;2
9570,19947,8,0;1;3;4;2
9571,7146,8,0;4;3;2;1
9572,7147,8,0;4;3;2;1
9573,7844,8,0;4;2;3;1
9574,8836,8,0;4;2;3;1
9575,12574,8,0;2;4;1;3
9576,7060,8,0;4;3;1;2
9577,8858,8,0;2;3;4;1
9578,8863,8,0;4;2;3;1
9579,8872,8,0;4;3;2;1
9580,12250,8,0;1;2;3;4
9581,15736,8,0;1;3;4;2
9582,1008,8,0;1;2;4;3
9583,17255,8,0;1;4;2;3
9584,8864,8,0;4;2;3;1
9585,1014,8,0;1;2;4;3
9586,1016,8,0;1;3;2;4
9587,12252,8,0;3;1;2;4
9588,11140,8,0;1;3;4;2
9589,11323,8,0;3;4;1;2
9590,12266,8,0;1;3;4;2
9591,13008,8,0;4;1;3;2
9592,10510,8,0;3;2;1;4
9593,16205,8,0;4;1;2;3
9594,17663,8,0;4;1;3;2
9595,10293,8,0;4;3;2;1
9596,9728,8,0;1;4;3;2
9597,15841,8,0;4;1;2;3
9598,9374,8,0;4;2;3;1
9599,8771,8,0;4;2;3;1
9600,11367,8,0;3;4;1;2
9601,8160,8,0;1;4;3;2
9602,8945,8,0;3;2;4;1
9603,6972,8,0;3;4;2;1
9604,7144,8,0;4;2;3;1
9605,8816,8,0;4;3;2;1
9606,9574,8,0;4;3;1;2
9607,8768,8,0;4;3;1;2
9608,331,8,0;2;1;3;4
9609,332,8,0;2;1;3;4
9610,91,8,0;1;2;3;4
9611,135,8,0;1;2;3;4
9612,146,8,0;1;2;3;4
9613,150,8,0;1;2;3;4
9614,156,8,0;1;2;3;4
9615,157,8,0;1;2;3;4
9616,160,8,0;1;2;3;4
9617,161,8,0;1;2;3;4
9618,9,8,0;1;2;3;4
9619,14,8,0;1;2;3;4
9620,429,8,0;1;2;3;4
9621,328,8,0;1;2;3;4
9622,412,8,0;1;2;3;4
9623,513,8,0;1;2;3;4
9624,592,8,0;2;1;3;4
9625,466,8,0;2;1;3;4
9626,442,8,0;2;1;3;4
9627,459,8,0;2;1;3;4
9628,516,8,0;2;1;3;4
9629,491,8,0;2;1;3;4
9630,152,8,0;1;2;3;4
9631,106,8,0;1;2;3;4
9632,153,8,0;1;2;3;4
9633,154,8,0;1;2;3;4
9634,426,8,0;2;1;3;4
9635,425,8,0;1;2;3;4
9636,591,8,0;2;1;3;4
9637,487,8,0;2;1;3;4
9638,329,8,0;1;2;3;4
9639,330,8,0;2;1;3;4
9640,546,8,0;2;1;3;4
9641,159,8,0;1;2;3;4
9642,50,8,0;1;2;3;4
9643,73,8,0;1;2;3;4
9644,376,8,0;2;1;3;4
11481,13446,9,0;2;3;1;4
11482,11929,9,0;4;1;3;2
11483,12590,9,0;4;1;3;2
11484,12583,9,0;4;1;3;2
11485,11697,9,0;3;2;4;1
11486,11697,9,0;3;2;4;1
11487,7312,9,0;4;2;3;1
11488,7312,9,0;4;2;3;1
11489,15310,9,0;3;4;1;2
11490,16544,9,0;3;4;1;2
11491,16544,9,0;3;4;1;2
11492,20932,9,0;3;4;1;2
11493,16019,9,0;1;2;3;4
11494,16019,9,0;1;2;3;4
11495,12654,9,0;3;4;1;2
11496,15345,9,0;3;2;1;4
11497,16574,9,0;1;4;3;2
11498,13773,9,0;3;4;2;1
11499,14545,9,0;3;4;1;2
11500,18249,9,0;3;4;2;1
11501,20933,9,0;4;3;2;1
11502,22010,9,0;4;2;3;1
11503,16823,9,0;3;4;1;2
11504,18180,9,0;3;4;1;2
11505,19308,9,0;3;4;1;2
11506,16681,9,0;4;2;1;3
11507,16896,9,0;1;2;3;4
11508,13327,9,0;4;3;2;1
11509,17931,9,0;1;2;4;3
11510,17468,9,0;1;4;2;3
11511,17397,9,0;1;4;3;2
11512,17397,9,0;1;4;3;2
11513,18027,9,0;1;4;3;2
11514,21917,9,0;4;3;2;1
11515,16040,9,0;4;1;3;2
11516,18760,9,0;4;3;1;2
11517,18760,9,0;4;3;1;2
11518,18073,9,0;1;4;3;2
11519,11710,9,0;3;4;2;1
11520,11710,9,0;3;4;2;1
11521,16730,9,0;4;2;3;1
11522,18455,9,0;3;4;2;1
11523,21103,9,0;4;1;2;3
11524,22096,9,0;4;3;2;1
11525,20988,9,0;3;1;2;4
11526,6817,9,0;4;3;2;1
11527,18032,9,0;4;3;1;2
11528,16064,9,0;4;1;2;3
11529,17355,9,0;4;1;3;2
11530,17355,9,0;4;1;3;2
11531,14051,9,0;4;3;1;2
11532,10879,9,0;4;3;1;2
11533,10879,9,0;4;3;1;2
11534,18270,9,0;4;1;3;2
11535,13522,9,0;4;3;2;1
11536,14390,9,0;3;1;2;4
11537,14390,9,0;3;1;2;4
11538,19235,9,0;1;4;2;3
11539,17028,9,0;2;4;1;3
11540,17028,9,0;2;4;1;3
11541,15227,9,0;4;2;3;1
11542,12713,9,0;4;3;1;2
11543,16766,9,0;4;2;1;3
11544,19360,9,0;1;4;3;2
11545,15316,9,0;4;3;2;1
11546,21107,9,0;3;2;4;1
11547,22127,9,0;4;1;2;3
11548,19596,9,0;3;4;2;1
11549,22128,9,0;4;3;2;1
11550,18481,9,0;2;1;3;4
11551,19661,9,0;1;2;3;4
11552,19662,9,0;1;2;3;4
11553,18514,9,0;3;4;1;2
11554,19649,9,0;3;4;2;1
11555,19671,9,0;1;2;3;4
11556,18887,9,0;4;1;3;2
11557,14472,9,0;3;4;1;2
11558,20090,9,0;1;4;2;3
11559,20090,9,0;1;4;2;3
11560,20696,9,0;1;3;4;2
11561,20696,9,0;1;3;4;2
11562,7536,9,0;3;4;2;1
11563,19808,9,0;1;4;3;2
11564,19844,9,0;1;4;3;2
11565,19837,9,0;1;4;3;2
11566,19837,9,0;1;4;3;2
11567,18834,9,0;4;3;1;2
11568,18834,9,0;4;3;1;2
11569,20881,9,0;1;4;2;3
11570,11725,9,0;3;4;2;1
11571,11725,9,0;3;4;2;1
11572,15115,9,0;2;4;1;3
11573,15115,9,0;2;4;1;3
11574,13399,9,0;3;4;1;2
11575,17990,9,0;4;3;1;2
11576,17492,9,0;3;1;4;2
11577,17492,9,0;3;1;4;2
11578,6664,9,0;4;3;1;2
11579,6664,9,0;4;3;1;2
11580,20745,9,0;4;2;1;3
11581,16038,9,0;4;3;1;2
11582,16038,9,0;4;3;1;2
11583,18112,9,0;4;1;3;2
11584,13342,9,0;4;3;1;2
11585,13342,9,0;4;3;1;2
11586,12785,9,0;4;3;1;2
11587,12785,9,0;4;3;1;2
11588,11728,9,0;4;3;2;1
11589,15154,9,0;4;3;2;1
11590,15154,9,0;4;3;2;1
11591,21183,9,0;1;2;3;4
11592,16589,9,0;3;2;4;1
11593,8269,9,0;4;2;3;1
11594,8269,9,0;4;2;3;1
11595,11895,9,0;4;2;3;1
11596,21862,9,0;3;1;2;4
11597,21862,9,0;3;1;2;4
11598,18037,9,0;3;1;4;2
11599,21210,9,0;1;2;3;4
11600,16909,9,0;3;4;2;1
11601,21451,9,0;1;3;2;4
11602,21451,9,0;3;2;1;4
11603,17432,9,0;4;1;2;3
11604,18572,9,0;4;1;3;2
11605,18572,9,0;4;1;3;2
11606,21925,9,0;1;2;3;4
11607,21446,9,0;1;4;2;3
11608,21496,9,0;1;4;2;3
11609,21496,9,0;1;4;2;3
11610,21863,9,0;1;2;3;4
11611,21877,9,0;1;3;4;2
11612,17351,9,0;4;1;2;3
11613,17351,9,0;4;1;2;3
11614,21523,9,0;1;4;3;2
11615,20732,9,0;4;1;2;3
11616,22072,9,0;2;3;1;4
11617,19515,9,0;2;1;4;3
11618,20925,9,0;2;1;4;3
11619,22093,9,0;1;2;3;4
11620,10839,9,0;4;3;2;1
11621,10839,9,0;4;3;2;1
11622,16049,9,0;1;3;4;2
11623,16049,9,0;1;3;4;2
11624,14111,9,0;4;3;1;2
11625,11735,9,0;4;3;2;1
11626,11735,9,0;4;3;2;1
11627,22071,9,0;1;4;3;2
11628,16660,9,0;1;4;3;2
11629,7270,9,0;4;3;2;1
11630,7270,9,0;4;3;2;1
11631,17449,9,0;4;1;3;2
11632,17449,9,0;4;1;3;2
11633,15362,9,0;4;3;1;2
11634,21924,9,0;4;2;1;3
11635,21551,9,0;1;4;3;2
11636,16517,9,0;4;3;1;2
11637,15382,9,0;4;3;1;2
11638,8282,9,0;3;2;1;4
11639,8282,9,0;2;3;1;4
11640,15180,9,0;4;3;2;1
11641,15180,9,0;4;3;2;1
11642,11933,9,0;4;3;2;1
11643,11802,9,0;4;3;2;1
11644,15183,9,0;4;1;2;3
11645,22165,9,0;1;2;3;4
11646,16505,9,0;4;1;3;2
11647,16535,9,0;4;3;2;1
11648,15052,9,0;4;3;1;2
11649,15052,9,0;4;3;1;2
11650,12244,9,0;4;3;1;2
11651,12244,9,0;4;3;1;2
11652,14536,9,0;4;3;2;1
11653,18278,9,0;4;3;1;2
11654,15398,9,0;4;3;2;1
11655,21031,9,0;4;1;3;2
11656,20888,9,0;4;1;3;2
11657,16549,9,0;4;1;3;2
11658,16549,9,0;4;1;3;2
11659,18191,9,0;4;1;3;2
11660,12644,9,0;4;3;1;2
11661,12644,9,0;4;3;1;2
11662,11915,9,0;4;3;2;1
11663,13269,9,0;4;3;2;1
11664,13269,9,0;4;3;2;1
11665,22076,9,0;4;1;2;3
11666,7478,9,0;4;3;2;1
11667,7478,9,0;4;3;2;1
11668,15989,9,0;4;3;1;2
11669,15989,9,0;4;3;1;2
11670,11690,9,0;4;3;2;1
11671,11690,9,0;4;3;2;1
11672,15110,9,0;2;3;4;1
11673,15219,9,0;4;3;1;2
11674,11984,9,0;4;3;2;1
11675,16590,9,0;4;3;1;2
11676,11998,9,0;4;3;2;1
11677,22221,9,0;1;2;4;3
11678,15063,9,0;4;2;3;1
11679,15063,9,0;4;2;3;1
11680,8594,9,0;4;2;3;1
11681,10871,9,0;3;4;2;1
11682,13293,9,0;1;4;2;3
11683,9216,9,0;4;2;3;1
11684,12658,9,0;3;4;1;2
11685,18800,9,0;3;4;1;2
11686,18800,9,0;3;4;2;1
11687,16557,9,0;1;2;4;3
11688,21528,9,0;4;2;1;3
11689,21528,9,0;4;1;2;3
11690,21600,9,0;3;1;2;4
11691,21600,9,0;3;2;1;4
11692,21601,9,0;3;4;1;2
11693,21601,9,0;3;4;2;1
11694,9289,9,0;4;2;3;1
11695,16516,9,0;4;1;3;2
11696,18410,9,0;4;1;2;3
11697,19504,9,0;4;1;2;3
11698,20920,9,0;4;2;1;3
11699,21918,9,0;4;1;2;3
11700,14541,9,0;3;1;4;2
11701,19851,9,0;1;4;2;3
11702,19851,9,0;1;4;2;3
11703,9298,9,0;4;3;2;1
11704,20201,9,0;1;3;4;2
11705,8705,9,0;4;3;1;2
11706,15220,9,0;4;3;1;2
11707,10880,9,0;4;3;1;2
11708,10880,9,0;4;3;1;2
11709,14113,9,0;4;1;3;2
11710,14113,9,0;4;1;3;2
11711,10080,9,0;4;3;1;2
11712,17593,9,0;4;3;1;2
11713,17593,9,0;4;3;1;2
11714,21563,9,0;3;1;2;4
11715,21563,9,0;3;1;2;4
11716,21294,9,0;1;2;3;4
11717,21599,9,0;1;2;4;3
11718,21599,9,0;4;2;1;3
11719,21851,9,0;1;4;3;2
11720,9336,9,0;4;3;1;2
11721,10002,9,0;4;3;2;1
11722,10235,9,0;4;3;2;1
11723,9226,9,0;4;3;1;2
11724,9226,9,0;4;3;1;2
11725,7384,9,0;4;3;2;1
11726,7384,9,0;4;3;2;1
11727,9219,9,0;4;3;2;1
11728,9219,9,0;4;3;2;1
11729,10067,9,0;3;4;1;2
11730,10067,9,0;3;4;1;2
11731,17565,9,0;4;3;1;2
11732,20237,9,0;1;4;3;2
11733,11300,9,0;1;3;4;2
11734,11300,9,0;1;3;4;2
11735,10763,9,0;1;2;4;3
11736,10763,9,0;1;2;4;3
11737,12084,9,0;2;4;1;3
11738,12084,9,0;2;4;1;3
11739,20618,9,0;3;4;2;1
11740,12451,9,0;4;3;2;1
11741,12451,9,0;4;3;2;1
11742,17803,9,0;3;4;1;2
11743,17803,9,0;3;4;2;1
11744,17683,9,0;3;2;1;4
11745,17683,9,0;3;2;1;4
11746,20614,9,0;3;4;1;2
11747,20614,9,0;3;4;1;2
11748,17202,9,0;1;2;4;3
11749,17202,9,0;1;2;4;3
11750,17811,9,0;2;1;4;3
11751,17056,9,0;1;4;3;2
11752,17056,9,0;1;4;3;2
11753,15866,9,0;3;1;2;4
11754,15866,9,0;3;1;2;4
11755,14936,9,0;4;3;2;1
11756,17095,9,0;1;4;3;2
11757,17095,9,0;1;4;3;2
11758,19025,9,0;4;3;1;2
11759,19025,9,0;4;3;1;2
11760,11365,9,0;4;2;3;1
11761,11365,9,0;4;2;3;1
11762,12128,9,0;4;2;3;1
11763,12128,9,0;4;2;3;1
11764,18548,9,0;4;3;2;1
11765,18548,9,0;4;3;2;1
11766,11319,9,0;4;2;3;1
11767,11319,9,0;4;2;3;1
11768,20648,9,0;4;2;1;3
11769,18553,9,0;1;3;2;4
11770,18553,9,0;1;3;2;4
11771,18637,9,0;1;2;4;3
11772,10878,9,0;4;3;1;2
11773,10878,9,0;4;3;1;2
11774,18992,9,0;1;4;3;2
11775,18992,9,0;1;4;3;2
11776,11011,9,0;4;3;1;2
11777,12695,9,0;4;2;3;1
11778,20241,9,0;3;1;2;4
11779,18805,9,0;1;4;2;3
11780,18805,9,0;1;4;2;3
11781,10967,9,0;4;3;1;2
11782,10967,9,0;4;3;1;2
11783,12536,9,0;4;3;1;2
11784,6846,9,0;4;3;1;2
11785,6846,9,0;4;3;1;2
11786,19148,9,0;1;3;4;2
11787,19148,9,0;1;3;4;2
11788,13183,9,0;4;3;1;2
11789,13183,9,0;4;3;1;2
11790,19176,9,0;1;4;3;2
11791,14864,9,0;4;1;3;2
11792,20497,9,0;4;1;3;2
11793,20497,9,0;4;1;3;2
11794,19057,9,0;1;4;3;2
11795,17226,9,0;2;1;4;3
11796,17226,9,0;2;1;4;3
11797,14938,9,0;4;2;3;1
11798,19764,9,0;1;3;4;2
11799,10877,9,0;4;3;2;1
11800,10877,9,0;4;3;2;1
11801,20466,9,0;1;4;2;3
11802,20466,9,0;1;4;2;3
11803,20503,9,0;1;3;4;2
11804,21384,9,0;4;1;2;3
11805,20019,9,0;1;4;3;2
11806,20019,9,0;1;4;3;2
11807,19822,9,0;1;4;2;3
11808,19822,9,0;1;4;2;3
11809,11399,9,0;4;1;3;2
11810,11399,9,0;4;1;3;2
11811,12535,9,0;4;3;1;2
11812,12535,9,0;4;3;1;2
11813,20628,9,0;1;3;4;2
11814,10992,9,0;4;3;1;2
11815,10992,9,0;4;3;1;2
11816,19911,9,0;4;1;3;2
11817,16407,9,0;3;1;4;2
11818,7532,9,0;4;3;2;1
11819,13094,9,0;4;3;2;1
11820,13094,9,0;4;3;2;1
11821,14274,9,0;4;1;2;3
11822,14274,9,0;4;1;2;3
11823,14984,9,0;4;3;1;2
11824,14984,9,0;4;3;1;2
11825,14309,9,0;4;2;1;3
11826,20543,9,0;1;4;3;2
11827,20473,9,0;4;3;1;2
11828,20473,9,0;3;4;1;2
11829,12470,9,0;2;3;4;1
11830,12470,9,0;2;3;4;1
11831,10371,9,0;4;2;3;1
11832,10371,9,0;4;3;2;1
11833,7127,9,0;3;4;2;1
11834,7127,9,0;3;4;2;1
11835,21762,9,0;3;1;2;4
11836,21762,9,0;3;2;1;4
11837,19041,9,0;4;1;2;3
11838,19040,9,0;4;1;2;3
11839,18972,9,0;3;4;2;1
11840,18972,9,0;3;4;2;1
11841,21365,9,0;1;2;3;4
11842,21365,9,0;1;2;3;4
11843,21353,9,0;1;4;3;2
11844,21353,9,0;1;4;3;2
11845,21691,9,0;1;3;2;4
11846,21691,9,0;1;3;2;4
11847,21681,9,0;1;3;4;2
11848,21681,9,0;1;3;4;2
11849,21680,9,0;1;4;3;2
11850,21680,9,0;1;3;4;2
11851,21679,9,0;1;4;3;2
11852,21679,9,0;1;4;3;2
11853,7393,9,0;4;3;1;2
11854,10787,9,0;4;3;1;2
11855,21382,9,0;1;4;3;2
11856,21382,9,0;1;4;3;2
11857,17212,9,0;3;2;1;4
11858,17212,9,0;3;2;1;4
11859,12458,9,0;3;4;1;2
11860,12458,9,0;3;4;1;2
11861,8122,9,0;4;1;3;2
11862,8122,9,0;4;1;3;2
11863,8038,9,0;3;4;2;1
11864,8038,9,0;3;4;2;1
11865,13098,9,0;4;1;3;2
11866,21434,9,0;4;1;3;2
11867,21791,9,0;1;3;4;2
11868,10732,9,0;4;1;3;2
11869,14074,9,0;4;1;3;2
11870,14074,9,0;4;1;3;2
11871,20564,9,0;4;1;3;2
11872,7637,9,0;4;3;1;2
11873,21719,9,0;1;4;3;2
11874,7515,9,0;4;3;2;1
11875,11566,9,0;4;3;1;2
11876,14821,9,0;4;2;1;3
11877,14821,9,0;4;2;1;3
11878,16310,9,0;4;2;1;3
11879,16310,9,0;4;2;1;3
11880,11288,9,0;3;4;2;1
11881,11288,9,0;3;4;2;1
11882,15963,9,0;4;1;3;2
11883,15963,9,0;4;1;3;2
11884,7214,9,0;4;3;2;1
11885,7214,9,0;4;3;2;1
11886,17228,9,0;2;1;4;3
11887,17228,9,0;2;1;4;3
11888,13029,9,0;4;1;3;2
11889,13029,9,0;4;1;3;2
11890,17518,9,0;4;3;1;2
11891,12168,9,0;3;4;2;1
11892,12168,9,0;3;4;2;1
11893,17816,9,0;3;1;4;2
11894,13023,9,0;4;3;1;2
11895,13023,9,0;4;3;1;2
11896,16356,9,0;4;2;1;3
11897,14284,9,0;3;4;1;2
11898,14284,9,0;3;4;1;2
11899,13036,9,0;3;4;1;2
11900,13036,9,0;3;4;1;2
11901,13133,9,0;4;3;1;2
11902,16366,9,0;4;1;3;2
11903,10723,9,0;4;2;3;1
11904,10723,9,0;4;2;3;1
11905,11364,9,0;4;3;2;1
11906,11364,9,0;4;3;2;1
11907,14823,9,0;4;3;1;2
11908,14823,9,0;4;3;1;2
11909,16246,9,0;2;1;3;4
11910,16246,9,0;2;1;3;4
11911,16261,9,0;4;1;3;2
11912,16261,9,0;4;1;3;2
11913,12384,9,0;4;3;1;2
11914,12384,9,0;4;3;1;2
11915,14211,9,0;3;2;4;1
11916,14211,9,0;3;2;4;1
11917,17719,9,0;4;3;2;1
11918,17719,9,0;4;3;2;1
11919,16990,9,0;4;2;3;1
11920,16990,9,0;4;2;3;1
11921,16993,9,0;4;2;3;1
11922,16993,9,0;4;2;3;1
11923,9539,9,0;3;4;2;1
11924,9539,9,0;3;4;2;1
11925,20619,9,0;4;2;3;1
11926,6648,9,0;4;3;2;1
11927,6648,9,0;4;3;2;1
11928,7379,9,0;3;4;2;1
11929,7379,9,0;3;4;2;1
11930,9611,9,0;2;1;3;4
11931,9119,9,0;4;2;3;1
11932,9119,9,0;4;2;3;1
11933,16283,9,0;4;1;3;2
11934,16283,9,0;4;1;3;2
11935,9563,9,0;3;4;2;1
11936,9563,9,0;3;4;2;1
11937,9098,9,0;4;2;1;3
11938,9098,9,0;4;2;1;3
11939,20620,9,0;1;2;4;3
11940,12392,9,0;3;4;2;1
11941,12392,9,0;3;4;2;1
11942,9183,9,0;4;2;1;3
11943,9183,9,0;4;2;1;3
11944,20609,9,0;1;3;4;2
11945,20498,9,0;4;1;3;2
11946,20498,9,0;4;1;3;2
11947,9777,9,0;3;4;1;2
11948,10993,9,0;3;4;1;2
11949,21415,9,0;1;4;2;3
11950,9633,9,0;4;3;2;1
11951,9633,9,0;4;3;2;1
11952,9549,9,0;4;3;2;1
11953,9549,9,0;4;3;2;1
11954,9218,9,0;4;3;2;1
11955,9218,9,0;4;3;2;1
11956,21383,9,0;3;1;2;4
11957,9553,9,0;4;3;2;1
11958,9553,9,0;4;3;2;1
11959,9101,9,0;4;3;2;1
11960,9101,9,0;4;3;2;1
11961,9246,9,0;4;1;3;2
11962,9246,9,0;4;1;3;2
11963,9186,9,0;4;2;1;3
11964,9186,9,0;4;2;1;3
11965,9814,9,0;4;3;1;2
11966,9814,9,0;4;3;1;2
11967,14400,9,0;4;3;1;2
11968,14399,9,0;1;3;4;2
11969,14532,9,0;1;3;4;2
11970,15847,9,0;4;1;2;3
11971,15847,9,0;4;1;2;3
11972,15788,9,0;1;2;3;4
11973,15788,9,0;1;2;3;4
11974,6810,9,0;4;3;2;1
11975,14446,9,0;4;3;1;2
11976,17344,9,0;1;2;3;4
11977,17210,9,0;1;3;4;2
11978,17210,9,0;1;3;4;2
11979,14477,9,0;4;3;1;2
11980,14477,9,0;4;3;1;2
11981,17377,9,0;3;1;2;4
11982,17381,9,0;1;4;3;2
11983,6691,9,0;4;3;2;1
11984,17514,9,0;1;4;3;2
11985,7020,9,0;3;4;2;1
11986,7020,9,0;3;4;2;1
11987,11175,9,0;4;3;2;1
11988,11175,9,0;4;3;2;1
11989,18604,9,0;1;2;4;3
11990,18604,9,0;1;2;4;3
11991,14427,9,0;4;1;3;2
11992,14427,9,0;4;1;3;2
11993,18590,9,0;1;3;4;2
11994,18590,9,0;1;3;4;2
11995,14598,9,0;4;1;3;2
11996,14598,9,0;4;1;3;2
11997,21423,9,0;4;1;3;2
11998,21423,9,0;4;1;3;2
11999,18956,9,0;1;4;3;2
12000,18956,9,0;1;3;4;2
12001,18690,9,0;1;4;2;3
12002,18690,9,0;1;4;2;3
12003,13127,9,0;4;2;3;1
12004,18725,9,0;1;4;3;2
12005,16084,9,0;4;1;3;2
12006,17670,9,0;4;1;3;2
12007,13132,9,0;4;3;2;1
12008,19959,9,0;1;3;4;2
12009,19959,9,0;1;3;4;2
12010,14620,9,0;3;4;1;2
12011,14620,9,0;3;4;1;2
12012,19799,9,0;1;4;2;3
12013,19799,9,0;1;4;2;3
12014,10564,9,0;3;4;2;1
12015,10564,9,0;3;4;2;1
12016,14499,9,0;4;1;3;2
12017,20232,9,0;1;4;3;2
12018,20232,9,0;1;4;3;2
12019,17193,9,0;2;4;1;3
12020,17193,9,0;2;4;1;3
12021,14210,9,0;3;4;2;1
12022,14210,9,0;3;4;2;1
12023,7940,9,0;4;3;2;1
12024,7933,9,0;4;3;1;2
12025,7933,9,0;4;3;1;2
12026,14147,9,0;3;4;2;1
12027,14147,9,0;4;3;2;1
12028,12865,9,0;3;4;2;1
12029,12865,9,0;3;4;2;1
12030,21622,9,0;3;4;1;2
12031,21622,9,0;3;4;1;2
12032,21387,9,0;1;3;2;4
12033,21387,9,0;1;3;2;4
12034,21385,9,0;1;3;2;4
12035,21385,9,0;1;3;2;4
12036,21525,9,0;4;1;3;2
12037,21525,9,0;4;1;3;2
12038,18629,9,0;2;4;1;3
12039,18629,9,0;2;4;1;3
12040,12739,9,0;1;4;3;2
12041,21660,9,0;1;4;3;2
12042,7102,9,0;4;3;2;1
12043,7102,9,0;4;3;2;1
12044,7890,9,0;4;2;3;1
12045,7890,9,0;4;2;3;1
12046,14681,9,0;3;4;1;2
12047,14681,9,0;3;4;1;2
12048,17208,9,0;4;1;2;3
12049,17208,9,0;4;1;2;3
12050,18622,9,0;4;1;2;3
12051,18622,9,0;4;1;2;3
12052,11509,9,0;4;3;1;2
12053,12940,9,0;4;3;1;2
12054,12940,9,0;4;3;1;2
12055,18790,9,0;4;1;3;2
12056,18790,9,0;4;1;3;2
12057,12944,9,0;4;2;3;1
12058,12944,9,0;4;2;3;1
12059,7768,9,0;4;3;2;1
12060,13886,9,0;4;3;2;1
12061,13886,9,0;4;3;2;1
12062,7088,9,0;4;3;2;1
12063,7088,9,0;4;3;2;1
12064,7509,9,0;4;3;2;1
12065,12903,9,0;3;4;1;2
12066,12903,9,0;3;4;1;2
12067,11148,9,0;3;4;1;2
12068,11148,9,0;3;4;1;2
12069,11172,9,0;4;3;1;2
12070,11172,9,0;4;3;1;2
12071,12907,9,0;4;3;1;2
12072,12907,9,0;4;3;1;2
12073,11185,9,0;4;3;1;2
12074,11185,9,0;4;3;1;2
12075,10569,9,0;2;4;3;1
12076,10569,9,0;2;4;3;1
12077,14401,9,0;2;3;4;1
12078,12979,9,0;4;2;3;1
12079,12979,9,0;4;2;3;1
12080,10547,9,0;4;2;3;1
12081,10547,9,0;4;2;3;1
12082,18913,9,0;4;3;2;1
12083,18913,9,0;4;3;2;1
12084,6762,9,0;1;3;4;2
12085,6762,9,0;1;3;4;2
12086,8989,9,0;3;4;2;1
12087,8989,9,0;3;4;2;1
12088,6765,9,0;4;3;2;1
12089,6765,9,0;4;3;2;1
12090,8847,9,0;4;3;2;1
12091,8847,9,0;4;3;2;1
12092,8830,9,0;4;3;2;1
12093,8830,9,0;4;3;2;1
12094,7490,9,0;4;3;2;1
12095,7490,9,0;4;3;2;1
12096,18912,9,0;1;4;3;2
12097,18912,9,0;1;4;3;2
12098,17738,9,0;4;3;1;2
12099,12305,9,0;2;4;3;1
12100,12305,9,0;2;4;3;1
12101,19797,9,0;1;3;4;2
12102,7739,9,0;4;3;1;2
12103,7739,9,0;4;3;1;2
12104,9191,9,0;4;3;2;1
12105,9191,9,0;4;3;2;1
12106,9739,9,0;3;4;1;2
12107,15800,9,0;4;1;2;3
12108,15800,9,0;4;1;2;3
12109,9081,9,0;4;3;2;1
12110,9081,9,0;4;3;2;1
12111,6679,9,0;4;3;2;1
12112,6679,9,0;4;3;2;1
12113,7631,9,0;4;3;1;2
12114,7631,9,0;4;3;1;2
12115,9785,9,0;4;3;2;1
12116,9086,9,0;3;4;2;1
12117,9086,9,0;3;4;2;1
12118,16059,9,0;4;3;1;2
12119,16059,9,0;4;3;1;2
12120,17329,9,0;4;1;3;2
12121,17329,9,0;4;1;3;2
12122,9288,9,0;2;3;4;1
12123,7257,9,0;4;3;2;1
12124,7257,9,0;4;3;2;1
12125,9826,9,0;4;3;2;1
12126,9826,9,0;4;3;2;1
12127,1669,9,0;1;2;4;3
12128,1669,9,0;1;2;4;3
12129,1477,9,0;1;4;2;3
12130,1477,9,0;1;2;4;3
12131,1866,9,0;1;2;4;3
12132,1866,9,0;1;2;4;3
12133,1274,9,0;1;2;4;3
12134,1274,9,0;1;4;2;3
12135,1711,9,0;1;4;2;3
12136,1711,9,0;1;4;2;3
12137,1527,9,0;1;2;4;3
12138,1527,9,0;1;2;4;3
12139,821,9,0;1;2;4;3
12140,821,9,0;1;2;4;3
12141,1334,9,0;1;4;2;3
12142,1334,9,0;1;2;4;3
12143,2306,9,0;1;2;4;3
12144,2306,9,0;1;2;4;3
12145,844,9,0;1;2;4;3
12146,844,9,0;1;4;2;3
12147,1337,9,0;1;4;2;3
12148,1337,9,0;1;2;4;3
12149,1871,9,0;1;4;2;3
12150,1871,9,0;1;4;2;3
12151,1872,9,0;1;4;2;3
12152,1872,9,0;1;2;4;3
12153,1900,9,0;1;4;2;3
12154,1900,9,0;1;4;2;3
12155,2158,9,0;1;2;4;3
12156,2158,9,0;1;2;4;3
12157,2177,9,0;1;4;2;3
12158,2177,9,0;1;4;2;3
12159,2196,9,0;1;2;4;3
12160,2196,9,0;1;2;4;3
12161,1336,9,0;1;3;2;4
12162,1336,9,0;1;3;2;4
12163,1550,9,0;1;3;4;2
12164,1550,9,0;1;3;2;4
12165,1551,9,0;1;3;4;2
12166,1551,9,0;1;3;2;4
12167,890,9,0;1;3;2;4
12168,890,9,0;1;3;2;4
12169,2176,9,0;1;3;2;4
12170,2176,9,0;1;3;2;4
12171,1899,9,0;1;3;4;2
12172,1899,9,0;1;3;2;4
12173,891,9,0;1;3;4;2
12174,891,9,0;1;3;4;2
12175,2195,9,0;1;3;2;4
12176,2195,9,0;1;3;2;4
12177,1320,9,0;1;3;2;4
12178,1320,9,0;1;3;2;4
12179,882,9,0;1;3;2;4
12180,882,9,0;1;3;4;2
12181,1323,9,0;1;3;2;4
12182,1323,9,0;1;3;2;4
12183,885,9,0;1;3;4;2
12184,885,9,0;1;3;4;2
12185,833,9,0;1;3;4;2
12186,833,9,0;1;3;4;2
12187,1303,9,0;1;3;2;4
12188,1303,9,0;1;3;2;4
12189,862,9,0;1;3;2;4
12190,862,9,0;1;3;2;4
12191,2304,9,0;1;3;2;4
12192,2304,9,0;1;3;2;4
12193,2194,9,0;1;3;4;2
12194,2194,9,0;1;3;4;2
12195,2405,9,0;1;3;2;4
12196,2405,9,0;1;3;2;4
12197,4643,9,0;1;3;4;2
12198,4643,9,0;1;3;4;2
12199,4381,9,0;1;3;4;2
12200,4381,9,0;1;3;4;2
12201,5077,9,0;1;3;2;4
12202,5077,9,0;1;3;2;4
12203,4828,9,0;1;3;4;2
12204,4828,9,0;1;3;4;2
12205,4283,9,0;1;3;4;2
12206,4283,9,0;1;3;4;2
12207,4253,9,0;1;4;2;3
12208,4253,9,0;1;4;2;3
12209,3216,9,0;1;3;4;2
12210,3216,9,0;1;3;2;4
12211,5412,9,0;1;2;4;3
12212,5412,9,0;1;2;4;3
12213,4823,9,0;1;3;4;2
12214,4823,9,0;1;3;4;2
12215,4805,9,0;1;3;4;2
12216,4805,9,0;1;3;4;2
12217,4422,9,0;1;3;4;2
12218,4422,9,0;1;3;4;2
12219,4737,9,0;1;3;4;2
12220,4737,9,0;1;3;4;2
12221,5635,9,0;1;2;3;4
12222,5635,9,0;1;2;3;4
12223,5634,9,0;1;3;2;4
12224,5634,9,0;1;3;2;4
12225,5670,9,0;1;2;3;4
12226,5670,9,0;1;2;3;4
12227,3104,9,0;1;4;2;3
12228,3104,9,0;1;4;2;3
12229,5313,9,0;1;3;2;4
12230,5313,9,0;1;3;2;4
12231,5403,9,0;1;3;2;4
12232,5403,9,0;1;3;2;4
12233,5461,9,0;1;4;3;2
12234,5461,9,0;1;4;3;2
12235,5122,9,0;1;3;4;2
12236,5122,9,0;1;3;4;2
12237,3165,9,0;1;3;4;2
12238,3165,9,0;1;3;4;2
12239,4249,9,0;1;4;2;3
12240,4249,9,0;1;4;2;3
12241,5197,9,0;1;3;2;4
12242,5197,9,0;1;3;2;4
12243,5378,9,0;1;4;3;2
12244,5378,9,0;1;4;3;2
12245,5080,9,0;1;3;2;4
12246,5080,9,0;1;3;2;4
12247,4338,9,0;1;4;3;2
12248,4338,9,0;1;4;3;2
12249,5885,9,0;1;2;3;4
12250,5885,9,0;1;2;3;4
12251,5705,9,0;1;3;4;2
12252,5705,9,0;1;3;2;4
12253,5418,9,0;1;4;2;3
12254,5418,9,0;1;4;2;3
12255,4658,9,0;1;4;3;2
12256,4658,9,0;1;4;3;2
12257,2847,9,0;1;4;2;3
12258,2847,9,0;1;4;2;3
12259,4995,9,0;1;4;2;3
12260,4995,9,0;1;4;2;3
12261,4310,9,0;1;4;2;3
12262,4310,9,0;1;4;2;3
12263,4583,9,0;1;4;3;2
12264,4583,9,0;1;4;3;2
12265,4361,9,0;1;3;4;2
12266,4361,9,0;1;3;4;2
12267,2987,9,0;1;3;4;2
12268,2987,9,0;1;4;3;2
12269,5357,9,0;1;3;4;2
12270,5357,9,0;1;3;4;2
12271,5111,9,0;1;2;4;3
12272,5111,9,0;1;2;4;3
12273,5164,9,0;1;3;4;2
12274,5164,9,0;1;3;4;2
12275,5359,9,0;1;3;2;4
12276,5359,9,0;1;3;2;4
12277,6023,9,0;1;3;4;2
12278,6023,9,0;1;3;4;2
12279,3147,9,0;1;3;4;2
12280,3147,9,0;1;3;4;2
12281,5315,9,0;1;4;2;3
12282,5315,9,0;1;4;2;3
12283,5167,9,0;1;4;2;3
12284,5167,9,0;1;4;2;3
12285,4141,9,0;1;4;3;2
12286,4141,9,0;1;4;3;2
12287,3059,9,0;1;4;3;2
12288,3059,9,0;1;4;3;2
12289,5886,9,0;1;4;3;2
12290,5886,9,0;1;4;3;2
12291,4603,9,0;1;4;2;3
12292,4603,9,0;1;4;2;3
12293,5620,9,0;1;4;3;2
12294,5620,9,0;1;4;3;2
12295,3017,9,0;1;4;3;2
12296,3017,9,0;1;4;3;2
12297,4305,9,0;1;4;3;2
12298,4305,9,0;1;4;3;2
12299,4692,9,0;1;4;3;2
12300,4692,9,0;1;4;3;2
12301,5676,9,0;1;4;2;3
12302,5676,9,0;1;4;2;3
12303,3086,9,0;1;4;3;2
12304,3086,9,0;1;4;3;2
12305,3075,9,0;1;4;3;2
12306,3075,9,0;1;4;3;2
12307,2999,9,0;1;4;3;2
12308,2999,9,0;1;4;3;2
12309,4705,9,0;1;4;3;2
12310,4705,9,0;1;4;3;2
12311,3038,9,0;1;4;3;2
12312,3038,9,0;1;4;3;2
12313,4700,9,0;1;4;3;2
12314,4700,9,0;1;4;3;2
12315,2869,9,0;1;4;3;2
12316,2869,9,0;1;4;3;2
12317,4664,9,0;1;4;3;2
12318,4664,9,0;1;4;3;2
12319,4293,9,0;1;4;2;3
12320,4293,9,0;1;4;2;3
12321,5893,9,0;1;4;3;2
12322,5893,9,0;1;3;4;2
12323,3062,9,0;1;4;3;2
12324,3062,9,0;1;4;3;2
12325,4697,9,0;1;4;3;2
12326,4697,9,0;1;4;3;2
12327,4795,9,0;1;4;3;2
12328,4795,9,0;1;4;3;2
12329,4996,9,0;1;4;3;2
12330,4996,9,0;1;4;3;2
12331,5085,9,0;1;4;3;2
12332,5085,9,0;1;4;3;2
12333,5601,9,0;1;3;2;4
12334,5601,9,0;1;3;2;4
12335,6739,9,0;1;4;3;2
12336,6739,9,0;1;4;3;2
12337,11095,9,0;1;3;2;4
12338,11095,9,0;1;2;3;4
12339,14266,9,0;3;4;1;2
12340,14266,9,0;3;4;1;2
12341,12355,9,0;2;1;3;4
12342,12355,9,0;2;1;3;4
12343,14237,9,0;1;2;3;4
12344,14237,9,0;1;2;3;4
12345,15787,9,0;1;4;2;3
12346,15787,9,0;1;4;2;3
12347,12524,9,0;4;3;2;1
12348,18730,9,0;1;4;2;3
12349,18730,9,0;1;4;2;3
12350,19754,9,0;1;3;2;4
12351,19861,9,0;1;3;4;2
12352,12737,9,0;4;2;3;1
12353,12737,9,0;4;2;3;1
12354,17138,9,0;3;4;1;2
12355,17138,9,0;3;4;1;2
12356,14238,9,0;3;1;4;2
12357,14238,9,0;3;1;4;2
12358,11055,9,0;3;4;2;1
12359,11055,9,0;3;4;2;1
12360,12446,9,0;4;2;1;3
12361,12446,9,0;4;2;1;3
12362,11480,9,0;4;2;3;1
12363,11480,9,0;4;2;3;1
12364,21280,9,0;1;3;4;2
12365,21280,9,0;1;3;4;2
12366,10344,9,0;4;2;1;3
12367,10344,9,0;4;2;1;3
12368,17154,9,0;3;2;1;4
12369,17154,9,0;3;2;1;4
12370,11280,9,0;4;3;2;1
12371,11280,9,0;4;3;2;1
12372,16158,9,0;2;1;3;4
12373,16158,9,0;2;1;3;4
12374,16272,9,0;3;1;4;2
12375,10681,9,0;4;1;3;2
12376,10681,9,0;4;1;3;2
12377,12377,9,0;3;1;4;2
12378,12377,9,0;3;1;4;2
12379,17007,9,0;2;1;3;4
12380,17007,9,0;2;1;3;4
12381,10643,9,0;3;4;1;2
12382,10643,9,0;3;4;1;2
12383,14154,9,0;2;4;3;1
12384,14154,9,0;2;4;3;1
12385,14398,9,0;2;3;4;1
12386,15887,9,0;2;4;1;3
12387,15887,9,0;2;4;1;3
12388,2001,9,0;1;2;4;3
12389,2001,9,0;1;2;4;3
12390,1856,9,0;1;4;2;3
12391,1856,9,0;1;2;4;3
12392,1698,9,0;1;4;2;3
12393,1698,9,0;1;4;2;3
12394,842,9,0;1;2;4;3
12395,842,9,0;1;2;4;3
12396,843,9,0;1;2;4;3
12397,843,9,0;1;2;4;3
12398,1511,9,0;1;4;2;3
12399,1511,9,0;1;4;2;3
12400,1512,9,0;1;2;4;3
12401,1512,9,0;1;4;2;3
12402,2013,9,0;1;2;4;3
12403,2013,9,0;1;4;2;3
12404,2381,9,0;1;3;2;4
12405,2381,9,0;1;3;2;4
12406,3472,9,0;1;2;3;4
12407,3472,9,0;1;2;3;4
12408,3486,9,0;1;2;3;4
12409,3486,9,0;1;2;3;4
12410,3494,9,0;1;2;3;4
12411,3494,9,0;1;2;3;4
12412,3535,9,0;1;2;3;4
12413,3535,9,0;1;2;3;4
12414,3537,9,0;1;2;3;4
12415,3537,9,0;1;2;3;4
12416,3539,9,0;1;2;3;4
12417,3539,9,0;1;2;3;4
12418,3541,9,0;1;2;3;4
12419,3541,9,0;1;2;3;4
12420,3462,9,0;1;2;4;3
12421,3462,9,0;1;2;4;3
12422,3418,9,0;1;2;4;3
12423,3418,9,0;1;2;4;3
12424,3422,9,0;1;2;4;3
12425,3422,9,0;1;2;4;3
12426,3500,9,0;1;2;4;3
12427,3500,9,0;1;2;4;3
12428,3499,9,0;1;2;4;3
12429,3499,9,0;1;2;4;3
12430,3966,9,0;1;3;2;4
12431,3966,9,0;1;3;2;4
12432,4041,9,0;1;3;4;2
12433,4041,9,0;1;3;4;2
12434,3830,9,0;1;4;3;2
12435,3830,9,0;1;4;3;2
12436,3964,9,0;1;4;3;2
12437,3964,9,0;1;4;3;2
12438,3963,9,0;1;3;4;2
12439,3963,9,0;1;3;4;2
12440,3990,9,0;1;4;3;2
12441,3990,9,0;1;4;3;2
12442,3989,9,0;1;4;3;2
12443,3989,9,0;1;4;3;2
12444,3885,9,0;1;4;3;2
12445,3885,9,0;1;4;3;2
12446,3680,9,0;1;4;3;2
12447,3680,9,0;1;4;3;2
12448,3194,9,0;1;4;3;2
12449,3194,9,0;1;4;3;2
12450,3043,9,0;1;4;3;2
12451,3043,9,0;1;4;3;2
12452,3711,9,0;1;4;3;2
12453,3711,9,0;1;4;3;2
12454,3803,9,0;1;4;3;2
12455,3803,9,0;1;4;3;2
12456,3901,9,0;1;4;3;2
12457,3901,9,0;1;4;3;2
12458,3961,9,0;1;4;3;2
12459,3961,9,0;1;4;3;2
12460,3958,9,0;1;3;4;2
12461,3958,9,0;1;3;4;2
12462,3695,9,0;1;4;3;2
12463,3695,9,0;1;4;3;2
12464,3839,9,0;1;4;3;2
12465,3839,9,0;1;4;3;2
12466,3960,9,0;1;4;3;2
12467,3960,9,0;1;4;3;2
12468,11081,9,0;1;3;4;2
12469,11081,9,0;1;4;3;2
12470,11079,9,0;1;4;2;3
12471,11079,9,0;1;2;3;4
12472,9649,9,0;4;3;1;2
12473,16440,9,0;4;1;3;2
12474,7089,9,0;4;3;2;1
12475,7089,9,0;4;3;2;1
12476,14015,9,0;4;3;1;2
12477,14015,9,0;4;3;1;2
12478,9150,9,0;3;4;2;1
12479,9096,9,0;4;3;2;1
12480,9096,9,0;4;3;2;1
12481,7294,9,0;4;3;1;2
12482,7294,9,0;4;3;1;2
12483,9415,9,0;4;2;1;3
12484,9415,9,0;4;2;1;3
12485,9385,9,0;4;3;2;1
12486,9385,9,0;4;3;2;1
12487,7621,9,0;4;3;1;2
12488,7621,9,0;4;3;1;2
12489,17020,9,0;4;3;1;2
12490,17020,9,0;4;3;1;2
12491,7092,9,0;4;3;2;1
12492,7092,9,0;4;3;2;1
12493,3358,9,0;1;2;3;4
12494,3358,9,0;1;2;3;4
12495,3373,9,0;1;2;3;4
12496,3373,9,0;1;2;3;4
12497,3396,9,0;1;2;4;3
12498,3396,9,0;1;2;4;3
12499,3393,9,0;1;2;4;3
12500,3393,9,0;1;2;4;3
12501,3708,9,0;1;4;3;2
12502,3708,9,0;1;4;3;2
12503,3689,9,0;1;4;2;3
12504,3689,9,0;1;4;2;3
12505,3677,9,0;1;4;3;2
12506,3677,9,0;1;4;3;2
12507,4522,9,0;1;2;4;3
12508,4522,9,0;1;2;4;3
12509,5050,9,0;1;4;2;3
12510,5050,9,0;1;4;2;3
12511,5298,9,0;1;4;2;3
12512,5298,9,0;1;4;2;3
12513,4816,9,0;1;3;4;2
12514,4816,9,0;1;3;4;2
12515,4230,9,0;1;3;2;4
12516,4230,9,0;1;3;2;4
12517,3073,9,0;1;3;4;2
12518,3073,9,0;1;3;4;2
12519,5560,9,0;1;3;2;4
12520,5560,9,0;1;3;2;4
12521,5028,9,0;1;3;4;2
12522,5028,9,0;1;3;4;2
12523,3160,9,0;1;4;3;2
12524,3160,9,0;1;4;3;2
12525,4199,9,0;1;4;3;2
12526,4199,9,0;1;4;3;2
12527,5038,9,0;1;4;3;2
12528,5038,9,0;1;4;3;2
12529,4568,9,0;1;4;3;2
12530,4568,9,0;1;4;3;2
12531,2962,9,0;1;4;2;3
12532,2962,9,0;1;4;2;3
12533,5082,9,0;1;4;3;2
12534,5082,9,0;1;4;3;2
12535,4699,9,0;1;4;3;2
12536,4699,9,0;1;4;3;2
12537,5004,9,0;1;4;2;3
12538,5004,9,0;1;4;2;3
12539,4367,9,0;1;2;4;3
12540,4367,9,0;1;2;4;3
12541,5802,9,0;1;4;2;3
12542,5802,9,0;1;4;2;3
12543,4212,9,0;1;4;3;2
12544,4212,9,0;1;4;3;2
12545,2863,9,0;1;4;3;2
12546,2863,9,0;1;4;3;2
12547,2832,9,0;1;3;4;2
12548,2832,9,0;1;3;4;2
12549,4570,9,0;1;3;4;2
12550,4570,9,0;1;3;4;2
12551,3011,9,0;1;3;4;2
12552,3011,9,0;1;3;4;2
12553,4759,9,0;1;4;3;2
12554,4759,9,0;1;4;3;2
12555,5294,9,0;1;4;2;3
12556,5294,9,0;1;4;2;3
12557,4184,9,0;1;4;3;2
12558,4184,9,0;1;4;3;2
12559,14568,9,0;4;1;3;2
12560,14568,9,0;4;1;3;2
12561,10489,9,0;3;4;2;1
12562,10489,9,0;3;4;2;1
12563,16381,9,0;4;3;1;2
12564,17281,9,0;1;4;2;3
12565,17281,9,0;1;4;2;3
12566,15777,9,0;2;1;4;3
12567,15777,9,0;2;1;4;3
12568,12261,9,0;3;4;2;1
12569,12261,9,0;3;4;2;1
12570,11368,9,0;4;3;1;2
12571,11368,9,0;4;3;1;2
12572,15956,9,0;4;1;3;2
12573,17666,9,0;4;1;2;3
12574,18996,9,0;1;3;4;2
12575,18728,9,0;1;4;2;3
12576,18728,9,0;1;4;2;3
12577,15759,9,0;4;1;3;2
12578,15759,9,0;4;1;3;2
12579,12457,9,0;4;3;1;2
12580,12457,9,0;4;3;1;2
12581,20040,9,0;1;4;3;2
12582,20040,9,0;1;4;3;2
12583,10674,9,0;2;4;3;1
12584,10674,9,0;2;4;3;1
12585,10725,9,0;3;2;4;1
12586,7014,9,0;3;4;2;1
12587,7014,9,0;3;4;2;1
12588,12329,9,0;3;4;1;2
12589,12329,9,0;3;4;1;2
12590,19931,9,0;1;4;2;3
12591,6759,9,0;4;3;2;1
12592,6759,9,0;4;3;2;1
12593,12521,9,0;4;1;2;3
12594,12228,9,0;4;1;3;2
12595,12228,9,0;4;1;3;2
12596,6633,9,0;3;4;2;1
12597,6633,9,0;3;4;2;1
12598,10310,9,0;3;4;2;1
12599,10310,9,0;3;4;2;1
12600,7855,9,0;4;2;3;1
12601,7855,9,0;4;2;3;1
12602,12560,9,0;3;2;4;1
12603,12560,9,0;3;2;4;1
12604,10515,9,0;3;4;2;1
12605,10515,9,0;3;4;2;1
12606,1058,9,0;1;2;4;3
12607,1058,9,0;1;4;2;3
12608,1121,9,0;1;4;2;3
12609,1121,9,0;1;2;4;3
12610,1122,9,0;1;4;2;3
12611,1122,9,0;1;4;2;3
12612,1120,9,0;1;3;2;4
12613,1120,9,0;1;3;4;2
12614,1108,9,0;1;3;2;4
12615,1108,9,0;1;3;2;4
12616,1111,9,0;1;3;2;4
12617,1111,9,0;1;3;2;4
12618,1066,9,0;1;3;4;2
12619,1066,9,0;1;3;4;2
12620,1092,9,0;1;3;2;4
12621,1092,9,0;1;3;4;2
12622,3482,9,0;1;2;3;4
12623,3482,9,0;1;2;3;4
12624,3461,9,0;1;2;4;3
12625,3461,9,0;1;2;4;3
12626,3775,9,0;1;4;3;2
12627,3775,9,0;1;4;3;2
12628,3681,9,0;1;4;3;2
12629,3681,9,0;1;4;3;2
12630,3860,9,0;1;4;3;2
12631,3860,9,0;1;4;3;2
12632,3659,9,0;1;4;3;2
12633,3659,9,0;1;4;3;2
12634,3770,9,0;1;4;3;2
12635,3770,9,0;1;4;3;2
12636,11080,9,0;1;4;2;3
12637,11080,9,0;1;4;2;3
12638,12283,9,0;3;1;4;2
12639,12283,9,0;3;1;4;2
12640,9483,9,0;4;2;3;1
12641,14129,9,0;4;1;2;3
12642,14129,9,0;4;1;2;3
12643,9696,9,0;3;4;1;2
12644,9696,9,0;4;3;1;2
12645,9737,9,0;4;3;1;2
12646,9737,9,0;4;3;1;2
12647,11143,9,0;4;3;1;2
12648,11143,9,0;4;3;1;2
12649,3649,9,0;1;4;3;2
12650,3649,9,0;1;4;3;2
12651,729,9,0;1;2;4;3
12652,729,9,0;1;2;4;3
12653,1494,9,0;1;4;2;3
12654,1494,9,0;1;2;4;3
12655,1510,9,0;1;2;4;3
12656,1510,9,0;1;4;2;3
12657,2371,9,0;1;2;4;3
12658,2371,9,0;1;2;4;3
12659,841,9,0;1;3;2;4
12660,841,9,0;1;3;2;4
12661,2145,9,0;1;3;2;4
12662,2145,9,0;1;3;2;4
12663,2012,9,0;1;3;2;4
12664,2012,9,0;1;3;2;4
12665,1322,9,0;1;3;4;2
12666,1322,9,0;1;3;2;4
12667,884,9,0;1;3;4;2
12668,884,9,0;1;3;4;2
12669,2380,9,0;1;3;2;4
12670,2380,9,0;1;3;2;4
12671,2818,9,0;1;2;4;3
12672,2818,9,0;1;2;4;3
12673,5021,9,0;1;2;3;4
12674,5021,9,0;1;2;4;3
12675,3238,9,0;1;4;3;2
12676,3238,9,0;1;4;3;2
12677,4168,9,0;1;3;4;2
12678,4168,9,0;1;3;4;2
12679,5595,9,0;1;3;2;4
12680,5595,9,0;1;3;2;4
12681,4211,9,0;1;4;3;2
12682,4211,9,0;1;4;3;2
12683,4205,9,0;1;4;3;2
12684,4205,9,0;1;4;3;2
12685,3158,9,0;1;4;3;2
12686,3158,9,0;1;4;3;2
12687,4176,9,0;1;4;3;2
12688,4176,9,0;1;4;3;2
12689,7135,9,0;4;3;2;1
12690,7135,9,0;4;3;2;1
12691,14298,9,0;4;1;3;2
12692,14298,9,0;4;1;3;2
12693,7986,9,0;2;3;4;1
12694,7986,9,0;2;3;4;1
12695,11044,9,0;2;4;3;1
12696,11044,9,0;2;4;3;1
12697,11420,9,0;4;3;1;2
12698,11413,9,0;4;1;3;2
12699,11413,9,0;4;1;3;2
12700,13068,9,0;4;2;1;3
12701,13068,9,0;4;2;1;3
12702,20220,9,0;1;3;4;2
12703,20220,9,0;1;3;4;2
12704,17133,9,0;3;4;1;2
12705,17133,9,0;4;3;1;2
12706,6675,9,0;4;2;3;1
12707,6675,9,0;4;2;3;1
12708,12352,9,0;4;3;2;1
12709,12352,9,0;4;3;1;2
12710,7857,9,0;2;3;4;1
12711,7857,9,0;2;3;4;1
12712,7883,9,0;4;3;2;1
12713,7883,9,0;4;3;2;1
12714,17221,9,0;4;1;3;2
12715,17221,9,0;4;1;3;2
12716,6607,9,0;4;3;2;1
12717,6607,9,0;4;3;2;1
12718,17001,9,0;4;3;2;1
12719,17001,9,0;4;3;2;1
12720,1993,9,0;1;2;4;3
12721,1993,9,0;1;2;4;3
12722,3750,9,0;1;4;3;2
12723,3750,9,0;1;4;3;2
12724,14395,9,0;3;4;1;2
12725,14395,9,0;3;4;1;2
12726,17220,9,0;3;1;2;4
12727,9383,9,0;4;3;2;1
12728,9383,9,0;4;3;2;1
12729,9013,9,0;2;3;4;1
12730,9013,9,0;2;3;4;1
12731,7077,9,0;4;3;2;1
12732,7077,9,0;4;3;2;1
12733,3257,9,0;1;3;4;2
12734,3257,9,0;1;3;4;2
12735,2831,9,0;1;4;3;2
12736,2831,9,0;1;4;3;2
12737,2840,9,0;1;4;3;2
12738,2840,9,0;1;4;3;2
12739,15661,9,0;4;2;3;1
12740,15661,9,0;4;2;3;1
12741,10390,9,0;2;3;4;1
12742,10390,9,0;2;3;4;1
12743,19950,9,0;1;3;4;2
12744,19950,9,0;1;3;4;2
12745,20058,9,0;1;3;4;2
12746,20058,9,0;1;3;4;2
12747,12899,9,0;4;3;2;1
12748,12899,9,0;4;3;2;1
12749,14663,9,0;2;3;1;4
12750,14663,9,0;2;3;1;4
12751,15716,9,0;3;1;2;4
12752,15716,9,0;3;1;2;4
12753,12081,9,0;4;3;1;2
12754,12081,9,0;4;3;1;2
12755,13914,9,0;3;4;1;2
12756,13914,9,0;3;4;1;2
12757,10768,9,0;4;3;1;2
12758,10768,9,0;4;3;1;2
12759,14123,9,0;4;1;2;3
12760,14123,9,0;4;1;2;3
12761,15692,9,0;3;1;4;2
12762,15692,9,0;3;1;4;2
12763,10409,9,0;4;3;1;2
12764,10409,9,0;4;3;1;2
12765,6582,9,0;3;2;4;1
12766,6582,9,0;3;2;4;1
12767,6522,9,0;4;3;2;1
12768,6522,9,0;4;3;2;1
12769,1119,9,0;1;3;2;4
12770,1119,9,0;1;3;2;4
12771,1110,9,0;1;3;2;4
12772,1110,9,0;1;3;2;4
12773,4005,9,0;1;4;3;2
12774,4005,9,0;1;4;3;2
12775,9411,9,0;1;4;3;2
12776,9411,9,0;1;4;3;2
12777,8963,9,0;3;4;2;1
12778,8963,9,0;3;4;2;1
12779,18624,9,0;1;2;3;4
12780,18624,9,0;1;2;3;4
12781,14026,9,0;4;1;2;3
12782,14026,9,0;4;1;2;3
12783,8974,9,0;4;3;1;2
12784,8974,9,0;4;3;1;2
12785,8934,9,0;4;3;1;2
12786,8934,9,0;4;3;1;2
12787,1436,9,0;1;4;2;3
12788,1436,9,0;1;2;4;3
12789,1230,9,0;1;2;4;3
12790,1230,9,0;1;2;4;3
12791,773,9,0;1;4;2;3
12792,773,9,0;1;4;2;3
12793,753,9,0;1;3;4;2
12794,753,9,0;1;3;2;4
12795,5042,9,0;1;4;2;3
12796,5042,9,0;1;4;2;3
12797,4201,9,0;1;4;2;3
12798,4201,9,0;1;4;2;3
12799,2804,9,0;1;4;3;2
12800,2804,9,0;1;4;3;2
12801,17015,9,0;1;4;3;2
12802,17015,9,0;1;4;3;2
12803,6570,9,0;2;4;3;1
12804,6570,9,0;2;4;3;1
12805,12254,9,0;4;2;1;3
12806,12254,9,0;4;1;2;3
12807,12328,9,0;3;4;1;2
12808,12328,9,0;3;4;1;2
12809,10298,9,0;3;4;2;1
12810,10298,9,0;3;4;2;1
12811,7031,9,0;2;4;3;1
12812,7031,9,0;2;4;3;1
12813,6571,9,0;4;3;2;1
12814,6571,9,0;4;3;2;1
12815,1636,9,0;1;4;2;3
12816,1636,9,0;1;2;4;3
12817,1441,9,0;1;4;2;3
12818,1441,9,0;1;2;4;3
12819,1235,9,0;1;4;2;3
12820,1235,9,0;1;4;2;3
12821,778,9,0;1;4;2;3
12822,778,9,0;1;4;2;3
12823,777,9,0;1;3;4;2
12824,777,9,0;1;3;2;4
12825,1240,9,0;1;3;2;4
12826,1240,9,0;1;3;4;2
12827,1449,9,0;1;3;4;2
12828,1449,9,0;1;3;2;4
12829,1647,9,0;1;3;2;4
12830,1647,9,0;1;3;4;2
12831,1822,9,0;1;3;2;4
12832,1822,9,0;1;3;2;4
12833,1970,9,0;1;3;2;4
12834,1970,9,0;1;3;4;2
12835,2123,9,0;1;3;2;4
12836,2123,9,0;1;3;4;2
12837,2251,9,0;1;3;4;2
12838,2251,9,0;1;3;2;4
12839,2360,9,0;1;3;2;4
12840,2360,9,0;1;3;2;4
12841,7440,9,0;1;4;3;2
12842,7440,9,0;1;4;3;2
12843,8834,9,0;2;3;4;1
12844,8834,9,0;2;3;4;1
12845,19735,9,0;1;2;3;4
12846,19735,9,0;1;2;3;4
12847,7345,9,0;4;1;3;2
12848,7345,9,0;4;1;3;2
12849,6918,9,0;4;2;3;1
12850,8797,9,0;4;2;3;1
12851,8797,9,0;4;2;3;1
12852,12155,9,0;3;1;2;4
12853,12155,9,0;3;1;2;4
12854,8927,9,0;4;3;2;1
12855,8927,9,0;4;3;2;1
12856,8871,9,0;3;4;2;1
12857,8871,9,0;3;4;2;1
12858,4173,9,0;1;4;3;2
12859,4173,9,0;1;4;3;2
12860,10537,9,0;2;4;3;1
12861,10537,9,0;2;4;3;1
12862,17011,9,0;1;3;4;2
12863,17011,9,0;1;3;4;2
12864,18727,9,0;1;4;2;3
12865,18727,9,0;1;4;2;3
12866,7216,9,0;4;2;3;1
12867,7216,9,0;4;2;3;1
12868,12080,9,0;4;3;1;2
12869,12080,9,0;4;3;1;2
12870,10482,9,0;4;3;1;2
12871,10482,9,0;4;3;1;2
12872,7090,9,0;3;2;4;1
12873,7090,9,0;3;2;4;1
12874,1012,9,0;1;4;2;3
12875,1012,9,0;1;4;2;3
12876,15818,9,0;4;1;2;3
12877,15818,9,0;4;1;2;3
12878,8814,9,0;3;2;4;1
12879,8814,9,0;3;2;4;1
12880,8941,9,0;4;3;1;2
12881,8941,9,0;4;3;1;2
12882,1017,9,0;1;4;2;3
12883,1017,9,0;1;2;4;3
12884,1019,9,0;1;3;4;2
12885,1019,9,0;1;3;4;2
12886,13011,9,0;4;1;3;2
12887,13011,9,0;4;1;3;2
12888,17660,9,0;4;1;2;3
12889,18947,9,0;4;1;3;2
12890,10349,9,0;3;2;1;4
12891,10349,9,0;3;2;1;4
12892,15842,9,0;4;1;2;3
12893,15842,9,0;4;2;1;3
12894,19725,9,0;3;1;2;4
12895,6551,9,0;4;3;2;1
12896,6551,9,0;4;3;2;1
12897,6557,9,0;3;4;2;1
12898,6557,9,0;3;4;2;1
12899,992,9,0;1;3;2;4
12900,992,9,0;1;3;2;4
12901,9025,9,0;2;3;4;1
12902,9025,9,0;2;3;4;1
12903,11373,9,0;3;4;1;2
12904,11373,9,0;3;4;1;2
12905,8178,9,0;4;1;3;2
12906,8178,9,0;4;1;3;2
12907,7122,9,0;1;2;4;3
12908,7122,9,0;1;2;4;3
12909,9427,9,0;4;2;3;1
12910,9427,9,0;4;2;3;1
12911,6963,9,0;4;3;2;1
12912,6963,9,0;4;3;2;1
12913,509,9,0;1;2;3;4
12914,353,9,0;2;1;3;4
12915,362,9,0;2;1;3;4
12916,352,9,0;2;1;3;4
12917,553,9,0;2;1;3;4
12918,163,9,0;1;2;3;4
12919,164,9,0;1;2;3;4
12920,165,9,0;1;2;3;4
12921,171,9,0;1;2;3;4
12922,174,9,0;1;2;3;4
12923,175,9,0;1;2;3;4
12924,176,9,0;1;2;3;4
12925,11,9,0;1;2;3;4
12926,16,9,0;1;2;3;4
12927,69,9,0;1;2;3;4
12928,74,9,0;1;2;3;4
12929,413,9,0;1;2;3;4
12930,550,9,0;1;2;3;4
12931,605,9,0;1;2;3;4
12932,607,9,0;1;2;3;4
12933,574,9,0;2;1;3;4
12934,575,9,0;2;1;3;4
12935,609,9,0;2;1;3;4
12936,468,9,0;2;1;3;4
12937,533,9,0;2;1;3;4
12938,169,9,0;1;2;3;4
12939,36,9,0;1;2;3;4
12940,170,9,0;1;2;3;4
12941,608,9,0;2;1;3;4
12942,51,9,0;1;2;3;4
12943,172,9,0;1;2;3;4
13140,7424,10,0;1;2;4;3
13141,18274,10,0;2;3;4;1
13142,20960,10,0;2;1;3;4
13143,19481,10,0;2;3;4;1
13144,11813,10,0;1;2;3;4
13145,11813,10,0;1;2;3;4
13146,13292,10,0;1;4;2;3
13147,13969,10,0;1;4;3;2
13148,13969,10,0;1;4;3;2
13149,22469,10,0;4;1;2;3
13150,15445,10,0;2;3;1;4
13151,15206,10,0;3;4;1;2
13152,14482,10,0;4;1;3;2
13153,13783,10,0;4;1;3;2
13154,16588,10,0;1;4;3;2
13155,15351,10,0;3;1;4;2
13156,20771,10,0;4;1;3;2
13157,13574,10,0;3;2;1;4
13158,22097,10,0;3;4;2;1
13159,16882,10,0;2;3;1;4
13160,22783,10,0;3;1;4;2
13161,18187,10,0;1;2;4;3
13162,15165,10,0;4;2;1;3
13163,18028,10,0;1;4;3;2
13164,19239,10,0;4;1;2;3
13165,15528,10,0;3;2;4;1
13166,15608,10,0;1;4;3;2
13167,16075,10,0;4;1;3;2
13168,13730,10,0;4;3;1;2
13169,7555,10,0;3;4;1;2
13170,15516,10,0;3;2;1;4
13171,22098,10,0;4;1;2;3
13172,23014,10,0;4;3;1;2
13173,21003,10,0;4;1;2;3
13174,12551,10,0;4;2;3;1
13175,12551,10,0;4;2;3;1
13176,19387,10,0;1;4;3;2
13177,14507,10,0;3;4;1;2
13178,11649,10,0;2;3;4;1
13179,12659,10,0;3;1;2;4
13180,19524,10,0;2;1;4;3
13181,13620,10,0;4;2;3;1
13182,18139,10,0;4;1;2;3
13183,16680,10,0;4;1;3;2
13184,15315,10,0;4;3;2;1
13185,23084,10,0;4;2;1;3
13186,21098,10,0;3;2;4;1
13187,22092,10,0;3;2;1;4
13188,22973,10,0;3;1;4;2
13189,18480,10,0;2;1;4;3
13190,19650,10,0;3;4;2;1
13191,22173,10,0;4;3;2;1
13192,23109,10,0;4;2;1;3
13193,22118,10,0;3;4;1;2
13194,19670,10,0;1;2;3;4
13195,16020,10,0;4;2;1;3
13196,19743,10,0;1;3;2;4
13197,19743,10,0;1;3;2;4
13198,19820,10,0;1;3;2;4
13199,19740,10,0;1;3;4;2
13200,19740,10,0;1;3;4;2
13201,20098,10,0;1;3;2;4
13202,20098,10,0;1;3;2;4
13203,20747,10,0;1;2;4;3
13204,11756,10,0;4;2;1;3
13205,13323,10,0;3;4;2;1
13206,20934,10,0;2;1;4;3
13207,19774,10,0;1;4;3;2
13208,19774,10,0;1;4;3;2
13209,19867,10,0;1;4;3;2
13210,19867,10,0;1;4;3;2
13211,7362,10,0;4;3;2;1
13212,20122,10,0;1;4;2;3
13213,20122,10,0;1;4;2;3
13214,20801,10,0;1;3;2;4
13215,18065,10,0;3;4;1;2
13216,20242,10,0;1;4;3;2
13217,20218,10,0;1;4;3;2
13218,20756,10,0;1;4;3;2
13219,20864,10,0;1;4;3;2
13220,10949,10,0;4;3;2;1
13221,8388,10,0;4;3;2;1
13222,20768,10,0;1;4;2;3
13223,20837,10,0;1;3;4;2
13224,20183,10,0;1;4;3;2
13225,19229,10,0;3;1;4;2
13226,16065,10,0;4;3;1;2
13227,16065,10,0;4;3;1;2
13228,19509,10,0;2;1;3;4
13229,11894,10,0;4;3;2;1
13230,21208,10,0;1;3;2;4
13231,21209,10,0;1;2;3;4
13232,19698,10,0;3;4;2;1
13233,21202,10,0;3;1;2;4
13234,21234,10,0;1;2;3;4
13235,22056,10,0;4;3;1;2
13236,21302,10,0;1;2;4;3
13237,21302,10,0;1;2;4;3
13238,16571,10,0;4;3;1;2
13239,21856,10,0;1;4;2;3
13240,13698,10,0;3;4;2;1
13241,17989,10,0;3;4;1;2
13242,11625,10,0;2;3;4;1
13243,11625,10,0;2;3;4;1
13244,21893,10,0;4;1;2;3
13245,11890,10,0;4;3;2;1
13246,19750,10,0;2;3;1;4
13247,19750,10,0;2;3;1;4
13248,12722,10,0;3;4;2;1
13249,15365,10,0;4;1;3;2
13250,17033,10,0;4;1;3;2
13251,17033,10,0;4;1;3;2
13252,17935,10,0;4;1;3;2
13253,22176,10,0;2;1;4;3
13254,16908,10,0;4;3;2;1
13255,18874,10,0;4;3;1;2
13256,15062,10,0;4;2;3;1
13257,15062,10,0;4;2;3;1
13258,8593,10,0;4;2;3;1
13259,22218,10,0;3;1;2;4
13260,23160,10,0;3;2;1;4
13261,22234,10,0;1;2;3;4
13262,20300,10,0;4;1;3;2
13263,20300,10,0;4;1;3;2
13264,22402,10,0;1;2;4;3
13265,22402,10,0;1;2;4;3
13266,20880,10,0;3;4;2;1
13267,20233,10,0;4;1;3;2
13268,20233,10,0;4;1;3;2
13269,21453,10,0;3;4;1;2
13270,21453,10,0;3;4;1;2
13271,8414,10,0;3;4;2;1
13272,15041,10,0;4;3;1;2
13273,15041,10,0;4;3;1;2
13274,22398,10,0;1;4;2;3
13275,22398,10,0;1;4;2;3
13276,22776,10,0;1;4;2;3
13277,22775,10,0;1;4;3;2
13278,22774,10,0;1;4;2;3
13279,13551,10,0;2;4;3;1
13280,22927,10,0;1;2;3;4
13281,11662,10,0;4;2;3;1
13282,11662,10,0;4;2;3;1
13283,22974,10,0;1;2;3;4
13284,15325,10,0;4;3;1;2
13285,16584,10,0;4;3;1;2
13286,16584,10,0;4;3;2;1
13287,22925,10,0;2;3;1;4
13288,22930,10,0;3;1;2;4
13289,13373,10,0;4;3;1;2
13290,13538,10,0;4;2;3;1
13291,13537,10,0;4;2;3;1
13292,20092,10,0;4;1;2;3
13293,22864,10,0;1;3;4;2
13294,15275,10,0;4;1;3;2
13295,22289,10,0;1;4;3;2
13296,17961,10,0;4;3;1;2
13297,13381,10,0;4;1;3;2
13298,8605,10,0;3;4;2;1
13299,8281,10,0;3;2;1;4
13300,8281,10,0;2;3;1;4
13301,15438,10,0;2;3;4;1
13302,7521,10,0;4;3;1;2
13303,7521,10,0;4;3;1;2
13304,15044,10,0;4;3;2;1
13305,15044,10,0;4;3;2;1
13306,15043,10,0;4;3;2;1
13307,15043,10,0;4;3;2;1
13308,13976,10,0;3;1;4;2
13309,13976,10,0;3;1;4;2
13310,19448,10,0;4;1;3;2
13311,23104,10,0;1;2;3;4
13312,22866,10,0;1;4;2;3
13313,6819,10,0;4;3;2;1
13314,6819,10,0;4;3;2;1
13315,13615,10,0;4;3;2;1
13316,7274,10,0;4;3;2;1
13317,7274,10,0;4;3;2;1
13318,12601,10,0;4;1;3;2
13319,12601,10,0;4;1;3;2
13320,23094,10,0;1;3;4;2
13321,23093,10,0;1;4;3;2
13322,7283,10,0;4;3;2;1
13323,7283,10,0;4;3;2;1
13324,17116,10,0;4;1;3;2
13325,17116,10,0;4;1;3;2
13326,20174,10,0;4;1;3;2
13327,12633,10,0;4;3;1;2
13328,19320,10,0;3;1;4;2
13329,11830,10,0;4;3;2;1
13330,15321,10,0;4;1;3;2
13331,14594,10,0;4;3;1;2
13332,14594,10,0;4;3;1;2
13333,18074,10,0;4;1;3;2
13334,13628,10,0;4;3;2;1
13335,17962,10,0;4;3;1;2
13336,23139,10,0;1;2;3;4
13337,21172,10,0;2;4;1;3
13338,23140,10,0;1;2;3;4
13339,15191,10,0;4;3;1;2
13340,8312,10,0;4;3;2;1
13341,8312,10,0;4;3;2;1
13342,11799,10,0;4;3;2;1
13343,11888,10,0;4;3;2;1
13344,13540,10,0;4;2;3;1
13345,13539,10,0;4;2;3;1
13346,16691,10,0;3;1;2;4
13347,19267,10,0;3;1;2;4
13348,19804,10,0;4;1;3;2
13349,19804,10,0;4;1;2;3
13350,18849,10,0;3;4;2;1
13351,18849,10,0;3;4;1;2
13352,16564,10,0;4;1;2;3
13353,16520,10,0;2;4;3;1
13354,19806,10,0;4;1;3;2
13355,19806,10,0;4;1;3;2
13356,14510,10,0;4;3;1;2
13357,14510,10,0;4;3;1;2
13358,13655,10,0;3;4;2;1
13359,8615,10,0;3;4;1;2
13360,13787,10,0;4;3;2;1
13361,15326,10,0;4;3;1;2
13362,16585,10,0;4;3;1;2
13363,16585,10,0;4;3;1;2
13364,15482,10,0;2;4;3;1
13365,19827,10,0;3;4;1;2
13366,15457,10,0;4;2;1;3
13367,13348,10,0;4;3;1;2
13368,15134,10,0;2;3;1;4
13369,8606,10,0;2;4;3;1
13370,13264,10,0;3;4;2;1
13371,15130,10,0;4;3;2;1
13372,19284,10,0;3;4;1;2
13373,13334,10,0;4;3;1;2
13374,13449,10,0;4;3;2;1
13375,13617,10,0;4;3;2;1
13376,8663,10,0;4;3;2;1
13377,13439,10,0;4;3;2;1
13378,15320,10,0;4;2;1;3
13379,13693,10,0;4;3;1;2
13380,18297,10,0;3;4;1;2
13381,14357,10,0;4;3;2;1
13382,14357,10,0;4;3;2;1
13383,10461,10,0;3;2;4;1
13384,10461,10,0;3;2;4;1
13385,16686,10,0;3;2;4;1
13386,19529,10,0;4;1;3;2
13387,13581,10,0;4;3;2;1
13388,23192,10,0;1;4;2;3
13389,11889,10,0;4;3;2;1
13390,18806,10,0;4;3;2;1
13391,16566,10,0;4;3;2;1
13392,19770,10,0;2;3;4;1
13393,19742,10,0;3;1;4;2
13394,21930,10,0;3;4;2;1
13395,11714,10,0;4;3;1;2
13396,16093,10,0;1;2;3;4
13397,16093,10,0;1;2;3;4
13398,21931,10,0;4;3;2;1
13399,17353,10,0;1;4;2;3
13400,18001,10,0;1;2;4;3
13401,12655,10,0;3;4;1;2
13402,19560,10,0;3;2;1;4
13403,19316,10,0;1;2;4;3
13404,10082,10,0;4;3;1;2
13405,17525,10,0;4;1;3;2
13406,19907,10,0;1;2;3;4
13407,19907,10,0;3;2;1;4
13408,14582,10,0;4;1;3;2
13409,8379,10,0;3;4;2;1
13410,20200,10,0;1;3;4;2
13411,10092,10,0;2;4;3;1
13412,20166,10,0;1;4;3;2
13413,17114,10,0;4;1;3;2
13414,17114,10,0;4;1;3;2
13415,18396,10,0;3;4;2;1
13416,21932,10,0;1;2;4;3
13417,14512,10,0;3;4;1;2
13418,22451,10,0;4;1;3;2
13419,10056,10,0;4;3;2;1
13420,11663,10,0;4;2;1;3
13421,11663,10,0;4;2;1;3
13422,17965,10,0;4;3;1;2
13423,17965,10,0;4;3;1;2
13424,9929,10,0;4;3;2;1
13425,10050,10,0;4;3;2;1
13426,7285,10,0;4;3;1;2
13427,7285,10,0;4;3;1;2
13428,19383,10,0;4;3;1;2
13429,10813,10,0;3;4;1;2
13430,10813,10,0;3;4;1;2
13431,22817,10,0;1;3;2;4
13432,18090,10,0;3;1;4;2
13433,13390,10,0;4;3;2;1
13434,13390,10,0;4;3;2;1
13435,18816,10,0;4;3;1;2
13436,18816,10,0;4;3;2;1
13437,16623,10,0;4;2;1;3
13438,16094,10,0;4;2;3;1
13439,16094,10,0;4;2;3;1
13440,10025,10,0;3;4;1;2
13441,10025,10,0;3;4;1;2
13442,15042,10,0;4;3;2;1
13443,15042,10,0;4;3;2;1
13444,13430,10,0;4;3;1;2
13445,13702,10,0;3;4;1;2
13446,16624,10,0;4;1;2;3
13447,15050,10,0;4;3;1;2
13448,15050,10,0;4;3;1;2
13449,9963,10,0;4;3;2;1
13450,9963,10,0;4;3;2;1
13451,13659,10,0;4;3;1;2
13452,18817,10,0;4;3;1;2
13453,18817,10,0;4;3;1;2
13454,9911,10,0;4;2;3;1
13455,9911,10,0;4;2;3;1
13456,19416,10,0;4;1;2;3
13457,13391,10,0;4;3;2;1
13458,13391,10,0;4;3;2;1
13459,9978,10,0;4;3;2;1
13460,9978,10,0;4;3;2;1
13461,14563,10,0;4;3;1;2
13462,14563,10,0;4;3;1;2
13463,22055,10,0;4;3;1;2
13464,11299,10,0;1;3;4;2
13465,11299,10,0;1;4;3;2
13466,11469,10,0;1;3;4;2
13467,11469,10,0;1;3;4;2
13468,10755,10,0;1;2;4;3
13469,10755,10,0;1;2;4;3
13470,11345,10,0;4;2;3;1
13471,11345,10,0;4;2;3;1
13472,22467,10,0;4;3;1;2
13473,16240,10,0;1;4;3;2
13474,16240,10,0;1;4;3;2
13475,12225,10,0;4;3;2;1
13476,16334,10,0;1;3;4;2
13477,16334,10,0;1;3;4;2
13478,14534,10,0;3;4;2;1
13479,17558,10,0;4;1;3;2
13480,12712,10,0;4;3;2;1
13481,12712,10,0;4;3;2;1
13482,17706,10,0;3;1;2;4
13483,17706,10,0;3;1;2;4
13484,15728,10,0;2;1;3;4
13485,15728,10,0;2;1;3;4
13486,12418,10,0;4;3;2;1
13487,12418,10,0;4;3;2;1
13488,14906,10,0;4;1;2;3
13489,17043,10,0;1;3;4;2
13490,17043,10,0;1;3;4;2
13491,14262,10,0;4;2;3;1
13492,17711,10,0;1;4;2;3
13493,17711,10,0;1;4;2;3
13494,10718,10,0;4;3;2;1
13495,17799,10,0;1;3;4;2
13496,22713,10,0;4;3;1;2
13497,17291,10,0;4;1;2;3
13498,17291,10,0;4;1;2;3
13499,13039,10,0;4;3;2;1
13500,13039,10,0;4;3;2;1
13501,21764,10,0;2;1;3;4
13502,18989,10,0;1;4;3;2
13503,18989,10,0;1;4;3;2
13504,19078,10,0;1;3;4;2
13505,18820,10,0;1;3;4;2
13506,18820,10,0;1;3;4;2
13507,18713,10,0;1;4;2;3
13508,18713,10,0;1;4;2;3
13509,19141,10,0;1;4;2;3
13510,19141,10,0;1;4;2;3
13511,14548,10,0;4;3;2;1
13512,19051,10,0;4;1;3;2
13513,19051,10,0;4;1;3;2
13514,10360,10,0;2;3;4;1
13515,10360,10,0;2;3;4;1
13516,10774,10,0;4;1;2;3
13517,14365,10,0;2;4;1;3
13518,14365,10,0;2;4;1;3
13519,14384,10,0;4;3;2;1
13520,20621,10,0;2;1;4;3
13521,18781,10,0;4;3;1;2
13522,18781,10,0;4;3;1;2
13523,20561,10,0;1;3;2;4
13524,20523,10,0;1;4;2;3
13525,20523,10,0;1;4;2;3
13526,20576,10,0;1;4;3;2
13527,20576,10,0;1;4;3;2
13528,12779,10,0;4;3;2;1
13529,12779,10,0;4;3;2;1
13530,8153,10,0;3;2;4;1
13531,14224,10,0;3;4;2;1
13532,14224,10,0;3;4;2;1
13533,7988,10,0;3;2;4;1
13534,7988,10,0;3;2;4;1
13535,13134,10,0;4;2;3;1
13536,14578,10,0;4;3;1;2
13537,14841,10,0;4;3;1;2
13538,14841,10,0;4;3;1;2
13539,14834,10,0;4;3;1;2
13540,14834,10,0;4;3;1;2
13541,10370,10,0;4;2;3;1
13542,10370,10,0;4;2;3;1
13543,21760,10,0;3;1;2;4
13544,21760,10,0;3;4;1;2
13545,21301,10,0;1;3;2;4
13546,21301,10,0;1;3;2;4
13547,21390,10,0;1;2;4;3
13548,21747,10,0;1;2;3;4
13549,12672,10,0;3;4;2;1
13550,16095,10,0;4;1;3;2
13551,21678,10,0;1;4;3;2
13552,21678,10,0;1;3;4;2
13553,11422,10,0;4;2;1;3
13554,13052,10,0;3;4;1;2
13555,13052,10,0;3;4;1;2
13556,19130,10,0;4;1;3;2
13557,17445,10,0;3;1;4;2
13558,13184,10,0;4;3;1;2
13559,7437,10,0;4;3;1;2
13560,7437,10,0;4;3;1;2
13561,21424,10,0;1;4;3;2
13562,14842,10,0;4;2;1;3
13563,14842,10,0;4;2;1;3
13564,20472,10,0;3;4;1;2
13565,20472,10,0;4;3;1;2
13566,14588,10,0;4;3;1;2
13567,14588,10,0;4;3;1;2
13568,16352,10,0;3;4;1;2
13569,18971,10,0;3;4;2;1
13570,18971,10,0;4;3;2;1
13571,10857,10,0;4;3;2;1
13572,10857,10,0;4;3;2;1
13573,16989,10,0;4;2;3;1
13574,16989,10,0;4;3;2;1
13575,22262,10,0;1;2;3;4
13576,22262,10,0;1;2;3;4
13577,22261,10,0;1;3;2;4
13578,22261,10,0;1;2;3;4
13579,22260,10,0;1;2;3;4
13580,22260,10,0;1;2;3;4
13581,22248,10,0;1;4;3;2
13582,22248,10,0;1;4;3;2
13583,22335,10,0;1;3;2;4
13584,17696,10,0;3;4;2;1
13585,17696,10,0;3;4;2;1
13586,22348,10,0;1;3;4;2
13587,22691,10,0;1;2;3;4
13588,22725,10,0;1;2;3;4
13589,22725,10,0;1;2;3;4
13590,22387,10,0;1;3;4;2
13591,22582,10,0;1;3;4;2
13592,22582,10,0;1;3;4;2
13593,22581,10,0;1;4;3;2
13594,22581,10,0;1;3;4;2
13595,22580,10,0;1;3;4;2
13596,22580,10,0;1;3;4;2
13597,22579,10,0;1;4;3;2
13598,22579,10,0;1;4;3;2
13599,22576,10,0;1;4;3;2
13600,22598,10,0;1;3;4;2
13601,22598,10,0;1;3;4;2
13602,6909,10,0;4;2;1;3
13603,22650,10,0;1;2;3;4
13604,22650,10,0;3;2;1;4
13605,22589,10,0;1;4;3;2
13606,22589,10,0;1;4;3;2
13607,22590,10,0;1;4;3;2
13608,22590,10,0;1;4;3;2
13609,17504,10,0;3;4;1;2
13610,19714,10,0;4;1;3;2
13611,19714,10,0;4;1;3;2
13612,13974,10,0;4;2;1;3
13613,13974,10,0;4;2;1;3
13614,17826,10,0;4;3;1;2
13615,17826,10,0;4;3;1;2
13616,20663,10,0;1;2;4;3
13617,20663,10,0;1;2;4;3
13618,17860,10,0;4;1;2;3
13619,6792,10,0;4;2;3;1
13620,19024,10,0;4;2;1;3
13621,19024,10,0;4;2;1;3
13622,8032,10,0;4;3;2;1
13623,8032,10,0;4;3;2;1
13624,8114,10,0;4;3;1;2
13625,8114,10,0;4;3;1;2
13626,19179,10,0;4;2;1;3
13627,19179,10,0;4;1;2;3
13628,13169,10,0;3;4;1;2
13629,22607,10,0;4;1;2;3
13630,22628,10,0;1;4;2;3
13631,22628,10,0;1;4;2;3
13632,22724,10,0;1;2;4;3
13633,22724,10,0;2;4;1;3
13634,22626,10,0;1;4;3;2
13635,22627,10,0;1;4;3;2
13636,22627,10,0;1;4;3;2
13637,10784,10,0;4;3;1;2
13638,10784,10,0;4;3;1;2
13639,6689,10,0;4;2;3;1
13640,6689,10,0;4;2;3;1
13641,14813,10,0;3;1;4;2
13642,14813,10,0;3;1;4;2
13643,17256,10,0;4;1;3;2
13644,17256,10,0;4;1;3;2
13645,17724,10,0;4;1;2;3
13646,17724,10,0;4;1;2;3
13647,14567,10,0;3;4;1;2
13648,14567,10,0;3;4;1;2
13649,10716,10,0;4;3;2;1
13650,10716,10,0;4;3;2;1
13651,12498,10,0;4;3;1;2
13652,12498,10,0;4;3;1;2
13653,8035,10,0;3;4;1;2
13654,8035,10,0;3;4;1;2
13655,17837,10,0;4;1;3;2
13656,17837,10,0;4;1;3;2
13657,11433,10,0;4;3;2;1
13658,11433,10,0;4;3;2;1
13659,11339,10,0;4;3;1;2
13660,11339,10,0;4;3;1;2
13661,7126,10,0;4;3;2;1
13662,7126,10,0;4;3;2;1
13663,17861,10,0;4;1;2;3
13664,11390,10,0;3;4;2;1
13665,19803,10,0;4;1;2;3
13666,19803,10,0;4;1;3;2
13667,15909,10,0;4;1;3;2
13668,15909,10,0;4;1;3;2
13669,22635,10,0;1;4;3;2
13670,22674,10,0;1;4;3;2
13671,14577,10,0;4;3;1;2
13672,17740,10,0;4;2;1;3
13673,17740,10,0;4;2;1;3
13674,6653,10,0;4;3;2;1
13675,6653,10,0;4;3;2;1
13676,19005,10,0;2;1;3;4
13677,19005,10,0;2;1;3;4
13678,13162,10,0;4;3;1;2
13679,13162,10,0;4;3;1;2
13680,15878,10,0;2;4;3;1
13681,15878,10,0;2;4;3;1
13682,17827,10,0;4;3;1;2
13683,17827,10,0;4;3;2;1
13684,19717,10,0;3;1;4;2
13685,19717,10,0;3;1;4;2
13686,17729,10,0;2;1;4;3
13687,17729,10,0;2;1;4;3
13688,21790,10,0;4;3;1;2
13689,13129,10,0;4;3;1;2
13690,13129,10,0;4;3;1;2
13691,16331,10,0;4;3;1;2
13692,16331,10,0;4;3;1;2
13693,11357,10,0;4;3;2;1
13694,11357,10,0;4;3;2;1
13695,7119,10,0;4;3;2;1
13696,7119,10,0;4;3;2;1
13697,12995,10,0;3;4;1;2
13698,12995,10,0;3;4;1;2
13699,12994,10,0;1;4;3;2
13700,12994,10,0;1;4;3;2
13701,9097,10,0;4;2;3;1
13702,9097,10,0;4;2;3;1
13703,12653,10,0;3;2;1;4
13704,12653,10,0;3;2;1;4
13705,12501,10,0;4;1;2;3
13706,14107,10,0;4;3;1;2
13707,22714,10,0;4;1;2;3
13708,22714,10,0;4;1;2;3
13709,19045,10,0;1;4;2;3
13710,9708,10,0;4;3;2;1
13711,19834,10,0;1;2;4;3
13712,20487,10,0;1;4;3;2
13713,20487,10,0;1;4;3;2
13714,9155,10,0;4;2;1;3
13715,9155,10,0;4;2;1;3
13716,9745,10,0;4;3;2;1
13717,9148,10,0;4;3;1;2
13718,9148,10,0;4;3;1;2
13719,9584,10,0;4;3;1;2
13720,9584,10,0;4;3;1;2
13721,7503,10,0;3;4;2;1
13722,7503,10,0;3;4;2;1
13723,21299,10,0;1;2;3;4
13724,21456,10,0;1;3;4;2
13725,9787,10,0;4;3;2;1
13726,9787,10,0;4;3;2;1
13727,22249,10,0;1;3;2;4
13728,22249,10,0;1;3;2;4
13729,7236,10,0;4;1;3;2
13730,20592,10,0;3;4;1;2
13731,19767,10,0;4;3;1;2
13732,22578,10,0;1;4;3;2
13733,22578,10,0;1;4;3;2
13734,9776,10,0;4;3;1;2
13735,22401,10,0;1;3;4;2
13736,22401,10,0;1;3;4;2
13737,7411,10,0;3;4;2;1
13738,7411,10,0;3;4;2;1
13739,17431,10,0;4;2;1;3
13740,17431,10,0;4;2;1;3
13741,9644,10,0;4;2;3;1
13742,9644,10,0;4;2;3;1
13743,9634,10,0;4;2;3;1
13744,9634,10,0;4;2;3;1
13745,9717,10,0;4;3;2;1
13746,9717,10,0;4;3;2;1
13747,13963,10,0;4;3;2;1
13748,13963,10,0;4;3;2;1
13749,14076,10,0;4;1;3;2
13750,14076,10,0;4;1;3;2
13751,14626,10,0;4;3;1;2
13752,14626,10,0;4;3;1;2
13753,9638,10,0;4;2;3;1
13754,9638,10,0;4;2;3;1
13755,12200,10,0;4;3;1;2
13756,12200,10,0;4;3;1;2
13757,12996,10,0;2;4;3;1
13758,12996,10,0;2;4;3;1
13759,17347,10,0;2;4;1;3
13760,17347,10,0;2;4;1;3
13761,17348,10,0;2;4;1;3
13762,17348,10,0;2;4;1;3
13763,9780,10,0;4;3;2;1
13764,17070,10,0;3;1;4;2
13765,17070,10,0;3;1;4;2
13766,7065,10,0;4;3;2;1
13767,7065,10,0;4;3;2;1
13768,9151,10,0;3;2;4;1
13769,8898,10,0;4;2;3;1
13770,8898,10,0;4;2;3;1
13771,9195,10,0;4;1;3;2
13772,7298,10,0;4;3;2;1
13773,7298,10,0;4;3;2;1
13774,6747,10,0;1;4;2;3
13775,6747,10,0;1;4;2;3
13776,6732,10,0;1;4;3;2
13777,6732,10,0;1;4;3;2
13778,6940,10,0;2;3;4;1
13779,6940,10,0;2;3;4;1
13780,13887,10,0;1;2;3;4
13781,13887,10,0;1;2;3;4
13782,14972,10,0;1;4;2;3
13783,13185,10,0;4;1;2;3
13784,10519,10,0;3;2;4;1
13785,10519,10,0;3;2;4;1
13786,15807,10,0;3;1;4;2
13787,15807,10,0;3;1;4;2
13788,7552,10,0;3;2;4;1
13789,11540,10,0;4;1;2;3
13790,8145,10,0;3;2;4;1
13791,7551,10,0;4;3;1;2
13792,7551,10,0;4;3;1;2
13793,17143,10,0;3;2;1;4
13794,17143,10,0;3;2;1;4
13795,12678,10,0;4;3;2;1
13796,12127,10,0;4;2;3;1
13797,12127,10,0;4;2;3;1
13798,18547,10,0;4;3;2;1
13799,18547,10,0;4;2;3;1
13800,12575,10,0;3;4;2;1
13801,12575,10,0;3;4;2;1
13802,18751,10,0;1;4;3;2
13803,19228,10,0;1;4;3;2
13804,20061,10,0;4;1;3;2
13805,17900,10,0;4;3;1;2
13806,17900,10,0;4;3;1;2
13807,10685,10,0;4;2;3;1
13808,10685,10,0;4;2;3;1
13809,12950,10,0;2;4;3;1
13810,20018,10,0;1;2;3;4
13811,20018,10,0;1;2;3;4
13812,20423,10,0;1;3;2;4
13813,20423,10,0;1;3;2;4
13814,16215,10,0;4;1;3;2
13815,22345,10,0;4;1;3;2
13816,22345,10,0;4;1;3;2
13817,7939,10,0;4;3;2;1
13818,20066,10,0;1;4;3;2
13819,16185,10,0;4;1;2;3
13820,16194,10,0;4;3;1;2
13821,16194,10,0;4;3;1;2
13822,21343,10,0;1;2;4;3
13823,21343,10,0;1;2;4;3
13824,21372,10,0;1;4;2;3
13825,21372,10,0;1;4;2;3
13826,10806,10,0;3;4;2;1
13827,10806,10,0;3;4;2;1
13828,14535,10,0;3;4;2;1
13829,16395,10,0;3;1;4;2
13830,8030,10,0;3;4;2;1
13831,8030,10,0;3;4;2;1
13832,22307,10,0;4;1;2;3
13833,22307,10,0;4;1;2;3
13834,21668,10,0;1;4;3;2
13835,14146,10,0;4;3;2;1
13836,14146,10,0;4;3;2;1
13837,17721,10,0;3;4;1;2
13838,17721,10,0;3;4;1;2
13839,7895,10,0;2;4;3;1
13840,7895,10,0;2;4;3;1
13841,18605,10,0;2;1;4;3
13842,18605,10,0;2;1;4;3
13843,11574,10,0;4;3;2;1
13844,22561,10,0;1;3;2;4
13845,22561,10,0;1;3;2;4
13846,20020,10,0;4;1;3;2
13847,22317,10,0;1;4;3;2
13848,22317,10,0;1;4;3;2
13849,22550,10,0;1;4;2;3
13850,22550,10,0;1;4;2;3
13851,22549,10,0;1;4;2;3
13852,22549,10,0;1;4;3;2
13853,22548,10,0;1;4;3;2
13854,22548,10,0;1;4;3;2
13855,22547,10,0;1;4;3;2
13856,22547,10,0;1;4;3;2
13857,10974,10,0;4;1;3;2
13858,18693,10,0;3;1;4;2
13859,18693,10,0;3;1;4;2
13860,22556,10,0;1;4;3;2
13861,22556,10,0;1;4;3;2
13862,20028,10,0;3;1;2;4
13863,20028,10,0;3;1;2;4
13864,21500,10,0;4;3;1;2
13865,21500,10,0;4;3;1;2
13866,21662,10,0;4;3;1;2
13867,17037,10,0;2;1;4;3
13868,17416,10,0;4;1;3;2
13869,17416,10,0;4;1;3;2
13870,11150,10,0;4;3;2;1
13871,11150,10,0;4;3;2;1
13872,10865,10,0;4;3;2;1
13873,10865,10,0;4;3;2;1
13874,11539,10,0;4;3;2;1
13875,11539,10,0;4;3;2;1
13876,16153,10,0;3;1;4;2
13877,16153,10,0;3;1;4;2
13878,14869,10,0;4;1;3;2
13879,12627,10,0;4;1;3;2
13880,12323,10,0;4;3;1;2
13881,12323,10,0;4;3;1;2
13882,10870,10,0;4;2;3;1
13883,10870,10,0;4;2;3;1
13884,11230,10,0;4;3;2;1
13885,11230,10,0;4;3;2;1
13886,12099,10,0;3;4;2;1
13887,12099,10,0;3;4;2;1
13888,10989,10,0;4;3;1;2
13889,10989,10,0;4;3;1;2
13890,12703,10,0;4;3;1;2
13891,12703,10,0;4;3;1;2
13892,6652,10,0;3;4;2;1
13893,6652,10,0;3;4;2;1
13894,13173,10,0;3;4;1;2
13895,13173,10,0;3;4;1;2
13896,15799,10,0;4;2;1;3
13897,15799,10,0;4;2;1;3
13898,7036,10,0;2;4;3;1
13899,7036,10,0;2;4;3;1
13900,21663,10,0;4;3;1;2
13901,14694,10,0;4;3;2;1
13902,14694,10,0;4;3;2;1
13903,12449,10,0;3;2;1;4
13904,12449,10,0;3;1;2;4
13905,15924,10,0;3;1;2;4
13906,15924,10,0;3;1;2;4
13907,9816,10,0;1;4;2;3
13908,9161,10,0;4;3;2;1
13909,9161,10,0;4;3;2;1
13910,7607,10,0;3;4;2;1
13911,7607,10,0;3;4;2;1
13912,17346,10,0;4;2;1;3
13913,17346,10,0;4;2;1;3
13914,9163,10,0;4;3;1;2
13915,9163,10,0;4;3;1;2
13916,19044,10,0;4;1;2;3
13917,19044,10,0;4;1;2;3
13918,9651,10,0;4;1;3;2
13919,9651,10,0;4;1;3;2
13920,8843,10,0;3;4;2;1
13921,8843,10,0;3;4;2;1
13922,9444,10,0;4;3;2;1
13923,9444,10,0;4;3;2;1
13924,7412,10,0;4;3;2;1
13925,7412,10,0;4;3;2;1
13926,21360,10,0;4;1;2;3
13927,21360,10,0;4;1;2;3
13928,9796,10,0;3;4;2;1
13929,9796,10,0;3;4;2;1
13930,9304,10,0;4;1;2;3
13931,9304,10,0;4;1;2;3
13932,13962,10,0;4;3;2;1
13933,13962,10,0;4;3;2;1
13934,7371,10,0;4;2;1;3
13935,7371,10,0;4;2;1;3
13936,10779,10,0;4;3;1;2
13937,10779,10,0;4;3;1;2
13938,7370,10,0;3;4;2;1
13939,7370,10,0;3;4;2;1
13940,9275,10,0;3;4;2;1
13941,9662,10,0;3;4;1;2
13942,9662,10,0;3;4;1;2
13943,8791,10,0;4;3;2;1
13944,8791,10,0;4;3;2;1
13945,7296,10,0;4;3;2;1
13946,7296,10,0;4;3;2;1
13947,10706,10,0;4;3;1;2
13948,10706,10,0;4;3;1;2
13949,7254,10,0;4;3;2;1
13950,7254,10,0;4;3;2;1
13951,18652,10,0;2;1;4;3
13952,18652,10,0;2;1;4;3
13953,12993,10,0;2;4;3;1
13954,12993,10,0;2;4;3;1
13955,12879,10,0;4;3;1;2
13956,12879,10,0;4;3;1;2
13957,9446,10,0;3;2;4;1
13958,9446,10,0;3;2;4;1
13959,9480,10,0;4;3;2;1
13960,9480,10,0;4;3;2;1
13961,16180,10,0;3;4;1;2
13962,16180,10,0;3;4;1;2
13963,10803,10,0;4;3;1;2
13964,10803,10,0;4;3;1;2
13965,8231,10,0;4;3;1;2
13966,8231,10,0;4;3;1;2
13967,8846,10,0;4;3;2;1
13968,8846,10,0;4;3;2;1
13969,8986,10,0;4;3;2;1
13970,8986,10,0;4;3;2;1
13971,16196,10,0;3;4;1;2
13972,16196,10,0;3;4;1;2
13973,7344,10,0;4;3;2;1
13974,7344,10,0;4;3;2;1
13975,9774,10,0;4;3;2;1
13976,9774,10,0;4;3;2;1
13977,1694,10,0;1;2;4;3
13978,1694,10,0;1;2;4;3
13979,1508,10,0;1;4;2;3
13980,1508,10,0;1;4;2;3
13981,1678,10,0;1;4;2;3
13982,1678,10,0;1;2;4;3
13983,1309,10,0;1;4;2;3
13984,1309,10,0;1;4;2;3
13985,1492,10,0;1;4;2;3
13986,1492,10,0;1;4;2;3
13987,1289,10,0;1;4;2;3
13988,1289,10,0;1;4;2;3
13989,868,10,0;1;2;4;3
13990,868,10,0;1;4;2;3
13991,845,10,0;1;4;2;3
13992,845,10,0;1;4;2;3
13993,2406,10,0;1;2;4;3
13994,2406,10,0;1;2;4;3
13995,895,10,0;1;4;2;3
13996,895,10,0;1;4;2;3
13997,896,10,0;1;2;4;3
13998,896,10,0;1;2;4;3
13999,1716,10,0;1;4;2;3
14000,1716,10,0;1;2;4;3
14001,1717,10,0;1;2;4;3
14002,1717,10,0;1;4;2;3
14003,1748,10,0;1;4;2;3
14004,1748,10,0;1;4;2;3
14005,2017,10,0;1;4;2;3
14006,2017,10,0;1;4;2;3
14007,2044,10,0;1;2;4;3
14008,2044,10,0;1;4;2;3
14009,2063,10,0;1;4;2;3
14010,2063,10,0;1;2;4;3
14011,2318,10,0;1;2;4;3
14012,2318,10,0;1;4;2;3
14013,2375,10,0;1;4;2;3
14014,2375,10,0;1;4;2;3
14015,2386,10,0;1;4;2;3
14016,2386,10,0;1;4;2;3
14017,2489,10,0;1;2;4;3
14018,2489,10,0;1;2;4;3
14019,894,10,0;1;3;2;4
14020,894,10,0;1;3;4;2
14021,1357,10,0;1;3;4;2
14022,1357,10,0;1;3;2;4
14023,1358,10,0;1;3;2;4
14024,1358,10,0;1;3;2;4
14025,2043,10,0;1;3;4;2
14026,2043,10,0;1;3;2;4
14027,1747,10,0;1;3;2;4
14028,1747,10,0;1;3;2;4
14029,2062,10,0;1;3;4;2
14030,2062,10,0;1;3;2;4
14031,2385,10,0;1;3;2;4
14032,2385,10,0;1;3;4;2
14033,2061,10,0;1;3;4;2
14034,2061,10,0;1;3;4;2
14035,2317,10,0;1;3;4;2
14036,2317,10,0;1;3;4;2
14037,858,10,0;1;3;2;4
14038,858,10,0;1;3;2;4
14039,2035,10,0;1;3;2;4
14040,2035,10,0;1;3;2;4
14041,1895,10,0;1;3;2;4
14042,1895,10,0;1;3;2;4
14043,1743,10,0;1;3;2;4
14044,1743,10,0;1;3;2;4
14045,1565,10,0;1;3;2;4
14046,1565,10,0;1;3;4;2
14047,1374,10,0;1;3;2;4
14048,1374,10,0;1;3;2;4
14049,2036,10,0;1;3;2;4
14050,2036,10,0;1;3;2;4
14051,1896,10,0;1;3;2;4
14052,1896,10,0;1;3;4;2
14053,1744,10,0;1;3;2;4
14054,1744,10,0;1;3;4;2
14055,1566,10,0;1;3;4;2
14056,1566,10,0;1;3;4;2
14057,1375,10,0;1;3;2;4
14058,1375,10,0;1;3;4;2
14059,4159,10,0;1;2;4;3
14060,4159,10,0;1;2;4;3
14061,4397,10,0;1;3;2;4
14062,4397,10,0;1;3;2;4
14063,5159,10,0;1;2;3;4
14064,5159,10,0;1;2;3;4
14065,3155,10,0;1;4;3;2
14066,3155,10,0;1;4;3;2
14067,4343,10,0;1;3;4;2
14068,4343,10,0;1;3;4;2
14069,5209,10,0;1;4;3;2
14070,5209,10,0;1;4;3;2
14071,5187,10,0;1;3;2;4
14072,5187,10,0;1;3;2;4
14073,5617,10,0;1;2;3;4
14074,5617,10,0;1;2;3;4
14075,4673,10,0;1;4;2;3
14076,4673,10,0;1;4;2;3
14077,5609,10,0;1;4;2;3
14078,5609,10,0;1;4;2;3
14079,3242,10,0;1;4;3;2
14080,3242,10,0;1;4;3;2
14081,5064,10,0;1;3;4;2
14082,5064,10,0;1;3;4;2
14083,5481,10,0;1;4;3;2
14084,5481,10,0;1;4;3;2
14085,5405,10,0;1;3;4;2
14086,5405,10,0;1;3;2;4
14087,5669,10,0;1;2;4;3
14088,5669,10,0;1;2;4;3
14089,5677,10,0;1;2;3;4
14090,5677,10,0;1;2;3;4
14091,5662,10,0;1;3;4;2
14092,5662,10,0;1;3;4;2
14093,4861,10,0;1;3;4;2
14094,4861,10,0;1;3;4;2
14095,5707,10,0;1;3;4;2
14096,5707,10,0;1;3;4;2
14097,5553,10,0;1;4;2;3
14098,5553,10,0;1;4;2;3
14099,4355,10,0;1;3;4;2
14100,4355,10,0;1;3;4;2
14101,4363,10,0;1;3;4;2
14102,4363,10,0;1;3;4;2
14103,4327,10,0;1;4;2;3
14104,4327,10,0;1;4;2;3
14105,4245,10,0;1;3;4;2
14106,4245,10,0;1;3;4;2
14107,4880,10,0;1;4;3;2
14108,4880,10,0;1;4;3;2
14109,4269,10,0;1;4;3;2
14110,4269,10,0;1;4;3;2
14111,5126,10,0;1;3;2;4
14112,5126,10,0;1;3;2;4
14113,4881,10,0;1;3;4;2
14114,4881,10,0;1;3;2;4
14115,5866,10,0;1;2;3;4
14116,5866,10,0;1;2;3;4
14117,4299,10,0;1;4;3;2
14118,4299,10,0;1;4;3;2
14119,5895,10,0;1;2;3;4
14120,5895,10,0;1;2;3;4
14121,4863,10,0;1;3;4;2
14122,4863,10,0;1;3;4;2
14123,3107,10,0;1;4;2;3
14124,3107,10,0;1;4;2;3
14125,5551,10,0;1;4;2;3
14126,5551,10,0;1;4;2;3
14127,5694,10,0;1;4;3;2
14128,5694,10,0;1;4;3;2
14129,4655,10,0;1;3;2;4
14130,4655,10,0;1;3;2;4
14131,5552,10,0;1;4;2;3
14132,5552,10,0;1;4;2;3
14133,5112,10,0;1;4;3;2
14134,5112,10,0;1;4;3;2
14135,5102,10,0;1;3;4;2
14136,5102,10,0;1;3;4;2
14137,5483,10,0;1;3;4;2
14138,5483,10,0;1;3;2;4
14139,4589,10,0;1;4;3;2
14140,4589,10,0;1;4;3;2
14141,5967,10,0;1;4;2;3
14142,5967,10,0;1;4;2;3
14143,4837,10,0;1;4;2;3
14144,4837,10,0;1;4;2;3
14145,5986,10,0;1;4;2;3
14146,5986,10,0;1;4;2;3
14147,5060,10,0;1;3;2;4
14148,5060,10,0;1;3;2;4
14149,4817,10,0;1;3;2;4
14150,4817,10,0;1;3;2;4
14151,4400,10,0;1;4;3;2
14152,4400,10,0;1;4;3;2
14153,5839,10,0;1;3;2;4
14154,5839,10,0;1;3;2;4
14155,5482,10,0;1;3;4;2
14156,5482,10,0;1;3;4;2
14157,6120,10,0;1;4;2;3
14158,6120,10,0;1;4;2;3
14159,6039,10,0;1;3;2;4
14160,6039,10,0;1;3;2;4
14161,2868,10,0;1;4;3;2
14162,2868,10,0;1;4;3;2
14163,5922,10,0;1;3;2;4
14164,5922,10,0;1;3;2;4
14165,5311,10,0;1;4;2;3
14166,5311,10,0;1;4;2;3
14167,4247,10,0;1;4;3;2
14168,4247,10,0;1;4;3;2
14169,5136,10,0;1;4;3;2
14170,5136,10,0;1;4;3;2
14171,5131,10,0;1;4;3;2
14172,5131,10,0;1;4;3;2
14173,4416,10,0;1;3;4;2
14174,4416,10,0;1;3;4;2
14175,4830,10,0;1;4;2;3
14176,4830,10,0;1;4;2;3
14177,4390,10,0;1;4;3;2
14178,4390,10,0;1;4;3;2
14179,5423,10,0;1;4;3;2
14180,5423,10,0;1;4;3;2
14181,4298,10,0;1;4;3;2
14182,4298,10,0;1;4;3;2
14183,5057,10,0;1;3;2;4
14184,5057,10,0;1;3;2;4
14185,5629,10,0;1;4;3;2
14186,5629,10,0;1;4;3;2
14187,5445,10,0;1;2;4;3
14188,5445,10,0;1;2;4;3
14189,3040,10,0;1;4;3;2
14190,3040,10,0;1;4;3;2
14191,6074,10,0;1;4;3;2
14192,6074,10,0;1;4;3;2
14193,5865,10,0;1;4;2;3
14194,5865,10,0;1;4;2;3
14195,4351,10,0;1;4;3;2
14196,4351,10,0;1;4;3;2
14197,4600,10,0;1;4;2;3
14198,4600,10,0;1;4;2;3
14199,5711,10,0;1;4;3;2
14200,5711,10,0;1;4;3;2
14201,3102,10,0;1;4;3;2
14202,3102,10,0;1;4;3;2
14203,4303,10,0;1;4;3;2
14204,4303,10,0;1;4;3;2
14205,3061,10,0;1;4;3;2
14206,3061,10,0;1;4;3;2
14207,5844,10,0;1;4;2;3
14208,5844,10,0;1;4;2;3
14209,5899,10,0;1;2;4;3
14210,5899,10,0;1;2;4;3
14211,5861,10,0;1;4;3;2
14212,5861,10,0;1;4;3;2
14213,2981,10,0;1;4;3;2
14214,2981,10,0;1;4;3;2
14215,4260,10,0;1;4;3;2
14216,4260,10,0;1;4;3;2
14217,5147,10,0;1;4;3;2
14218,5147,10,0;1;4;3;2
14219,6050,10,0;1;3;4;2
14220,6050,10,0;1;3;4;2
14221,5156,10,0;1;4;3;2
14222,5156,10,0;1;4;3;2
14223,4414,10,0;1;4;3;2
14224,4414,10,0;1;4;3;2
14225,4410,10,0;1;4;3;2
14226,4410,10,0;1;4;3;2
14227,3151,10,0;1;4;3;2
14228,3151,10,0;1;4;3;2
14229,2993,10,0;1;4;3;2
14230,2993,10,0;1;4;3;2
14231,4740,10,0;1;4;3;2
14232,4740,10,0;1;4;3;2
14233,5828,10,0;1;4;2;3
14234,5828,10,0;1;4;2;3
14235,2856,10,0;1;4;3;2
14236,2856,10,0;1;4;3;2
14237,3015,10,0;1;3;4;2
14238,3015,10,0;1;3;4;2
14239,4706,10,0;1;4;3;2
14240,4706,10,0;1;4;3;2
14241,3212,10,0;1;4;3;2
14242,3212,10,0;1;4;3;2
14243,5341,10,0;1;4;3;2
14244,5341,10,0;1;4;3;2
14245,5137,10,0;1;3;4;2
14246,5137,10,0;1;3;4;2
14247,5816,10,0;1;3;4;2
14248,5816,10,0;1;3;4;2
14249,5397,10,0;1;4;2;3
14250,5397,10,0;1;4;2;3
14251,5639,10,0;1;4;2;3
14252,5639,10,0;1;4;2;3
14253,11077,10,0;1;4;2;3
14254,11077,10,0;1;3;2;4
14255,11093,10,0;1;3;2;4
14256,11093,10,0;1;3;2;4
14257,11078,10,0;1;2;3;4
14258,11078,10,0;1;2;3;4
14259,22493,10,0;3;2;4;1
14260,22493,10,0;3;4;2;1
14261,15932,10,0;4;1;3;2
14262,14108,10,0;4;3;1;2
14263,14108,10,0;4;3;1;2
14264,12587,10,0;4;3;1;2
14265,12587,10,0;4;3;1;2
14266,17267,10,0;1;4;3;2
14267,14692,10,0;4;3;1;2
14268,14692,10,0;4;3;1;2
14269,17389,10,0;1;4;3;2
14270,17389,10,0;1;4;3;2
14271,13904,10,0;4;3;1;2
14272,13904,10,0;4;3;1;2
14273,11174,10,0;4;2;3;1
14274,11174,10,0;4;3;2;1
14275,18659,10,0;1;3;4;2
14276,18659,10,0;1;3;4;2
14277,14321,10,0;4;3;1;2
14278,12245,10,0;2;3;4;1
14279,18729,10,0;1;4;3;2
14280,10639,10,0;4;2;1;3
14281,10639,10,0;4;2;1;3
14282,8196,10,0;4;1;2;3
14283,8196,10,0;4;1;2;3
14284,11072,10,0;3;2;4;1
14285,11072,10,0;3;2;4;1
14286,11127,10,0;2;3;4;1
14287,11127,10,0;2;3;4;1
14288,12468,10,0;3;4;2;1
14289,16995,10,0;4;3;1;2
14290,16995,10,0;4;3;1;2
14291,12375,10,0;4;3;1;2
14292,12375,10,0;4;3;1;2
14293,11227,10,0;4;2;3;1
14294,19065,10,0;4;1;3;2
14295,21308,10,0;1;3;2;4
14296,7046,10,0;2;3;4;1
14297,7046,10,0;2;3;4;1
14298,16258,10,0;3;4;1;2
14299,21417,10,0;1;4;2;3
14300,15677,10,0;3;2;1;4
14301,15677,10,0;3;2;1;4
14302,14815,10,0;4;1;3;2
14303,7632,10,0;4;3;2;1
14304,7632,10,0;4;3;2;1
14305,17022,10,0;4;3;1;2
14306,17022,10,0;4;3;1;2
14307,11389,10,0;3;4;2;1
14308,11389,10,0;3;4;2;1
14309,7363,10,0;4;2;1;3
14310,7363,10,0;4;2;1;3
14311,22338,10,0;1;3;4;2
14312,22338,10,0;1;4;3;2
14313,15700,10,0;3;2;1;4
14314,15700,10,0;3;2;1;4
14315,6665,10,0;4;3;2;1
14316,6665,10,0;4;3;2;1
14317,13885,10,0;4;3;2;1
14318,13885,10,0;4;3;2;1
14319,7306,10,0;3;1;4;2
14320,14193,10,0;3;1;4;2
14321,14193,10,0;3;1;4;2
14322,13097,10,0;4;3;1;2
14323,13097,10,0;4;3;1;2
14324,12465,10,0;4;2;1;3
14325,12465,10,0;4;2;1;3
14326,18598,10,0;2;1;4;3
14327,18598,10,0;2;1;4;3
14328,17742,10,0;3;1;4;2
14329,15910,10,0;3;1;4;2
14330,15910,10,0;3;1;4;2
14331,13190,10,0;4;3;1;2
14332,7870,10,0;3;4;2;1
14333,7870,10,0;3;4;2;1
14334,12857,10,0;3;2;1;4
14335,12857,10,0;3;2;1;4
14336,13032,10,0;4;3;2;1
14337,13032,10,0;4;3;2;1
14338,22443,10,0;1;4;3;2
14339,18686,10,0;3;1;4;2
14340,10522,10,0;4;2;3;1
14341,10522,10,0;4;2;3;1
14342,12549,10,0;4;3;1;2
14343,12549,10,0;4;3;1;2
14344,20118,10,0;4;3;1;2
14345,20118,10,0;4;3;1;2
14346,10562,10,0;4;2;3;1
14347,10562,10,0;4;2;3;1
14348,1312,10,0;1;4;2;3
14349,1312,10,0;1;2;4;3
14350,1313,10,0;1;4;2;3
14351,1313,10,0;1;4;2;3
14352,1875,10,0;1;4;2;3
14353,1875,10,0;1;4;2;3
14354,2388,10,0;1;4;2;3
14355,2388,10,0;1;2;4;3
14356,2280,10,0;1;3;4;2
14357,2280,10,0;1;3;2;4
14358,2387,10,0;1;3;4;2
14359,2387,10,0;1;3;4;2
14360,3473,10,0;1;2;3;4
14361,3473,10,0;1;2;3;4
14362,3522,10,0;1;2;3;4
14363,3522,10,0;1;2;3;4
14364,3525,10,0;1;2;3;4
14365,3525,10,0;1;2;3;4
14366,3540,10,0;1;2;3;4
14367,3540,10,0;1;2;3;4
14368,3542,10,0;1;2;3;4
14369,3542,10,0;1;2;3;4
14370,3559,10,0;1;2;3;4
14371,3559,10,0;1;2;3;4
14372,3563,10,0;1;2;3;4
14373,3563,10,0;1;2;3;4
14374,3464,10,0;1;2;4;3
14375,3464,10,0;1;2;4;3
14376,3503,10,0;1;2;4;3
14377,3503,10,0;1;2;4;3
14378,3426,10,0;1;2;4;3
14379,3426,10,0;1;2;4;3
14380,3504,10,0;1;2;4;3
14381,3504,10,0;1;2;4;3
14382,3809,10,0;1;3;4;2
14383,3809,10,0;1;3;4;2
14384,4052,10,0;1;4;3;2
14385,4052,10,0;1;4;3;2
14386,4003,10,0;1;3;4;2
14387,4003,10,0;1;3;4;2
14388,4010,10,0;1;3;2;4
14389,4010,10,0;1;3;2;4
14390,3705,10,0;1;4;3;2
14391,3705,10,0;1;4;3;2
14392,4009,10,0;1;3;4;2
14393,4009,10,0;1;3;4;2
14394,3987,10,0;1;4;3;2
14395,3987,10,0;1;4;3;2
14396,3959,10,0;1;4;3;2
14397,3959,10,0;1;4;3;2
14398,4046,10,0;1;3;4;2
14399,4046,10,0;1;3;4;2
14400,3690,10,0;1;4;3;2
14401,3690,10,0;1;4;3;2
14402,3733,10,0;1;4;3;2
14403,3733,10,0;1;4;3;2
14404,3967,10,0;1;4;2;3
14405,3967,10,0;1;4;2;3
14406,3682,10,0;1;4;3;2
14407,3682,10,0;1;4;3;2
14408,3691,10,0;1;4;3;2
14409,3691,10,0;1;4;3;2
14410,3824,10,0;1;4;3;2
14411,3824,10,0;1;4;3;2
14412,3937,10,0;1;4;3;2
14413,3937,10,0;1;4;3;2
14414,3887,10,0;1;3;4;2
14415,3887,10,0;1;3;4;2
14416,3904,10,0;1;4;3;2
14417,3904,10,0;1;4;3;2
14418,9612,10,0;4;3;2;1
14419,9612,10,0;4;3;2;1
14420,22351,10,0;2;3;1;4
14421,22351,10,0;2;3;1;4
14422,22305,10,0;1;4;3;2
14423,22305,10,0;1;4;3;2
14424,7295,10,0;4;3;2;1
14425,7295,10,0;4;3;2;1
14426,9477,10,0;4;2;3;1
14427,9477,10,0;4;2;3;1
14428,11052,10,0;4;2;3;1
14429,11052,10,0;4;2;3;1
14430,9443,10,0;4;3;2;1
14431,9443,10,0;4;3;2;1
14432,9842,10,0;4;3;1;2
14433,9842,10,0;4;3;1;2
14434,15892,10,0;2;4;1;3
14435,15892,10,0;2;4;1;3
14436,8842,10,0;4;2;3;1
14437,8842,10,0;4;2;3;1
14438,8841,10,0;4;3;2;1
14439,8841,10,0;4;3;2;1
14440,8840,10,0;4;2;3;1
14441,8840,10,0;4;2;3;1
14442,3359,10,0;1;2;3;4
14443,3359,10,0;1;2;3;4
14444,3398,10,0;1;2;4;3
14445,3398,10,0;1;2;4;3
14446,3381,10,0;1;2;4;3
14447,3381,10,0;1;2;4;3
14448,3389,10,0;1;2;4;3
14449,3389,10,0;1;2;4;3
14450,3719,10,0;1;4;3;2
14451,3719,10,0;1;4;3;2
14452,8793,10,0;4;3;2;1
14453,8793,10,0;4;3;2;1
14454,8839,10,0;4;2;3;1
14455,8839,10,0;4;3;2;1
14456,4538,10,0;1;2;3;4
14457,4538,10,0;1;2;3;4
14458,4540,10,0;1;2;3;4
14459,4540,10,0;1;2;3;4
14460,4543,10,0;1;2;3;4
14461,4543,10,0;1;2;3;4
14462,2957,10,0;1;3;4;2
14463,2957,10,0;1;3;4;2
14464,4528,10,0;1;2;4;3
14465,4528,10,0;1;2;4;3
14466,3189,10,0;1;3;2;4
14467,3189,10,0;1;3;2;4
14468,5037,10,0;1;2;4;3
14469,5037,10,0;1;2;4;3
14470,5299,10,0;1;4;2;3
14471,5299,10,0;1;4;2;3
14472,5567,10,0;1;2;3;4
14473,5567,10,0;1;2;3;4
14474,4345,10,0;1;3;2;4
14475,4345,10,0;1;3;2;4
14476,4984,10,0;1;3;2;4
14477,4984,10,0;1;3;2;4
14478,4216,10,0;1;4;2;3
14479,4216,10,0;1;4;2;3
14480,5261,10,0;1;4;2;3
14481,5261,10,0;1;4;2;3
14482,2901,10,0;1;3;4;2
14483,2901,10,0;1;3;4;2
14484,4910,10,0;1;3;4;2
14485,4910,10,0;1;3;4;2
14486,5026,10,0;1;3;4;2
14487,5026,10,0;1;3;4;2
14488,4571,10,0;1;3;4;2
14489,4571,10,0;1;3;4;2
14490,5259,10,0;1;4;3;2
14491,5259,10,0;1;4;3;2
14492,5963,10,0;1;4;2;3
14493,5963,10,0;1;4;2;3
14494,5030,10,0;1;4;3;2
14495,5030,10,0;1;4;3;2
14496,2951,10,0;1;4;3;2
14497,2951,10,0;1;4;3;2
14498,2966,10,0;1;4;2;3
14499,2966,10,0;1;4;2;3
14500,5815,10,0;1;4;2;3
14501,5815,10,0;1;4;2;3
14502,2986,10,0;1;4;3;2
14503,2986,10,0;1;3;4;2
14504,4764,10,0;1;2;4;3
14505,4764,10,0;1;4;2;3
14506,4356,10,0;1;3;4;2
14507,4356,10,0;1;3;4;2
14508,4302,10,0;1;4;3;2
14509,4302,10,0;1;4;3;2
14510,5667,10,0;1;3;4;2
14511,5667,10,0;1;3;4;2
14512,2941,10,0;1;4;3;2
14513,2941,10,0;1;4;3;2
14514,4180,10,0;1;4;3;2
14515,4180,10,0;1;4;3;2
14516,4193,10,0;1;4;2;3
14517,4193,10,0;1;4;2;3
14518,5142,10,0;1;4;3;2
14519,5142,10,0;1;4;3;2
14520,5563,10,0;1;3;2;4
14521,5563,10,0;1;3;2;4
14522,4987,10,0;1;3;4;2
14523,4987,10,0;1;3;4;2
14524,4218,10,0;1;4;3;2
14525,4218,10,0;1;4;3;2
14526,2933,10,0;1;4;3;2
14527,2933,10,0;1;4;3;2
14528,6676,10,0;1;2;3;4
14529,6676,10,0;1;2;3;4
14530,11224,10,0;3;1;2;4
14531,11224,10,0;3;1;2;4
14532,11307,10,0;3;4;2;1
14533,11307,10,0;3;4;2;1
14534,12480,10,0;4;2;1;3
14535,12480,10,0;4;2;1;3
14536,7181,10,0;4;1;3;2
14537,12947,10,0;2;4;3;1
14538,18606,10,0;1;2;3;4
14539,18606,10,0;1;2;3;4
14540,18641,10,0;1;2;4;3
14541,18641,10,0;1;2;4;3
14542,17836,10,0;4;1;2;3
14543,18948,10,0;4;1;2;3
14544,15975,10,0;4;1;3;2
14545,15975,10,0;4;1;3;2
14546,12111,10,0;4;2;1;3
14547,12111,10,0;4;2;1;3
14548,17773,10,0;4;1;3;2
14549,12862,10,0;3;4;1;2
14550,12862,10,0;3;4;1;2
14551,21331,10,0;1;4;2;3
14552,17110,10,0;4;1;2;3
14553,17110,10,0;4;1;2;3
14554,14397,10,0;3;2;4;1
14555,12490,10,0;4;2;3;1
14556,12490,10,0;4;2;3;1
14557,6890,10,0;4;2;3;1
14558,6890,10,0;4;2;3;1
14559,6585,10,0;4;2;1;3
14560,6585,10,0;4;2;1;3
14561,6635,10,0;4;2;3;1
14562,6635,10,0;4;2;3;1
14563,6862,10,0;4;2;3;1
14564,6862,10,0;4;2;3;1
14565,10633,10,0;4;2;3;1
14566,10633,10,0;4;2;3;1
14567,12281,10,0;3;4;1;2
14568,12281,10,0;3;4;1;2
14569,14005,10,0;4;1;3;2
14570,14005,10,0;4;1;3;2
14571,13911,10,0;3;1;2;4
14572,13911,10,0;3;1;2;4
14573,11274,10,0;4;3;1;2
14574,11274,10,0;4;3;1;2
14575,7447,10,0;4;3;2;1
14576,7447,10,0;4;3;2;1
14577,12802,10,0;4;2;1;3
14578,12802,10,0;4;2;1;3
14579,12750,10,0;4;3;1;2
14580,12750,10,0;4;3;1;2
14581,12336,10,0;2;3;4;1
14582,12336,10,0;2;3;4;1
14583,7123,10,0;2;4;3;1
14584,7123,10,0;2;4;3;1
14585,1098,10,0;1;2;4;3
14586,1098,10,0;1;2;4;3
14587,1078,10,0;1;4;2;3
14588,1078,10,0;1;4;2;3
14589,1125,10,0;1;2;4;3
14590,1125,10,0;1;4;2;3
14591,1124,10,0;1;3;4;2
14592,1124,10,0;1;3;2;4
14593,3502,10,0;1;2;4;3
14594,3502,10,0;1;2;4;3
14595,3413,10,0;1;2;4;3
14596,3413,10,0;1;2;4;3
14597,3780,10,0;1;4;3;2
14598,3780,10,0;1;4;3;2
14599,3776,10,0;1;4;3;2
14600,3776,10,0;1;4;3;2
14601,3782,10,0;1;4;3;2
14602,3782,10,0;1;4;3;2
14603,3859,10,0;1;4;3;2
14604,3859,10,0;1;4;3;2
14605,3940,10,0;1;4;3;2
14606,3940,10,0;1;4;3;2
14607,11082,10,0;1;3;2;4
14608,11082,10,0;1;2;3;4
14609,18939,10,0;1;4;2;3
14610,18939,10,0;1;4;2;3
14611,6955,10,0;3;2;4;1
14612,6955,10,0;3;2;4;1
14613,9695,10,0;3;4;1;2
14614,9695,10,0;4;3;1;2
14615,15765,10,0;4;1;3;2
14616,15765,10,0;4;1;3;2
14617,9614,10,0;4;3;1;2
14618,9614,10,0;4;3;1;2
14619,9565,10,0;2;4;3;1
14620,9565,10,0;2;4;3;1
14621,8838,10,0;4;2;3;1
14622,8838,10,0;4;3;2;1
14623,19196,10,0;4;1;3;2
14624,730,10,0;1;2;4;3
14625,730,10,0;1;2;4;3
14626,1291,10,0;1;4;2;3
14627,1291,10,0;1;2;4;3
14628,1311,10,0;1;4;2;3
14629,1311,10,0;1;4;2;3
14630,2264,10,0;1;2;4;3
14631,2264,10,0;1;2;4;3
14632,2457,10,0;1;2;4;3
14633,2457,10,0;1;2;4;3
14634,2460,10,0;1;2;4;3
14635,2460,10,0;1;2;4;3
14636,2004,10,0;1;3;4;2
14637,2004,10,0;1;3;4;2
14638,1874,10,0;1;3;2;4
14639,1874,10,0;1;3;4;2
14640,893,10,0;1;3;4;2
14641,893,10,0;1;3;2;4
14642,2279,10,0;1;3;4;2
14643,2279,10,0;1;3;4;2
14644,878,10,0;1;3;2;4
14645,878,10,0;1;3;2;4
14646,2024,10,0;1;3;2;4
14647,2024,10,0;1;3;2;4
14648,1885,10,0;1;3;2;4
14649,1885,10,0;1;3;4;2
14650,1730,10,0;1;3;4;2
14651,1730,10,0;1;3;2;4
14652,1549,10,0;1;3;4;2
14653,1549,10,0;1;3;2;4
14654,1356,10,0;1;3;4;2
14655,1356,10,0;1;3;2;4
14656,2819,10,0;1;2;4;3
14657,2819,10,0;1;2;4;3
14658,5020,10,0;1;2;3;4
14659,5020,10,0;1;2;4;3
14660,5000,10,0;1;4;2;3
14661,5000,10,0;1;4;2;3
14662,5576,10,0;1;4;2;3
14663,5576,10,0;1;4;2;3
14664,2897,10,0;1;3;4;2
14665,2897,10,0;1;3;4;2
14666,2885,10,0;1;4;3;2
14667,2885,10,0;1;4;3;2
14668,10663,10,0;4;2;1;3
14669,10663,10,0;4;2;1;3
14670,12287,10,0;2;4;1;3
14671,12287,10,0;2;4;1;3
14672,12108,10,0;4;3;1;2
14673,12108,10,0;4;3;1;2
14674,17071,10,0;1;2;4;3
14675,17071,10,0;1;2;4;3
14676,11602,10,0;4;3;1;2
14677,9206,10,0;4;1;3;2
14678,9206,10,0;4;1;3;2
14679,7734,10,0;4;3;2;1
14680,7734,10,0;4;3;2;1
14681,17132,10,0;4;3;1;2
14682,17132,10,0;3;4;1;2
14683,17084,10,0;2;1;3;4
14684,14732,10,0;4;1;2;3
14685,14732,10,0;4;1;2;3
14686,6613,10,0;4;2;3;1
14687,6613,10,0;4;2;3;1
14688,10632,10,0;4;2;3;1
14689,10632,10,0;4;2;3;1
14690,13919,10,0;3;1;4;2
14691,13919,10,0;3;1;4;2
14692,16396,10,0;4;3;1;2
14693,10630,10,0;4;2;3;1
14694,10630,10,0;4;2;3;1
14695,10684,10,0;2;4;3;1
14696,10684,10,0;2;4;3;1
14697,10359,10,0;3;4;2;1
14698,10359,10,0;3;4;2;1
14699,12164,10,0;4;2;3;1
14700,12164,10,0;4;2;3;1
14701,1848,10,0;1;2;4;3
14702,1848,10,0;1;4;2;3
14703,13879,10,0;3;4;2;1
14704,13879,10,0;3;4;2;1
14705,15725,10,0;2;1;4;3
14706,15725,10,0;2;1;4;3
14707,14891,10,0;3;4;1;2
14708,9456,10,0;4;2;3;1
14709,9456,10,0;4;2;3;1
14710,21313,10,0;1;4;3;2
14711,21313,10,0;1;4;3;2
14712,9003,10,0;4;2;3;1
14713,9003,10,0;4;2;3;1
14714,9364,10,0;2;4;3;1
14715,9364,10,0;2;4;3;1
14716,7153,10,0;4;3;2;1
14717,7153,10,0;4;3;2;1
14718,10478,10,0;4;3;2;1
14719,10478,10,0;4;3;2;1
14720,3278,10,0;1;3;4;2
14721,3278,10,0;1;3;4;2
14722,4368,10,0;1;4;3;2
14723,4368,10,0;1;4;3;2
14724,2839,10,0;1;3;4;2
14725,2839,10,0;1;3;4;2
14726,4575,10,0;1;3;4;2
14727,4575,10,0;1;3;4;2
14728,12082,10,0;1;2;3;4
14729,12082,10,0;1;2;3;4
14730,14700,10,0;1;4;2;3
14731,14700,10,0;1;4;2;3
14732,12273,10,0;3;2;1;4
14733,12273,10,0;3;2;1;4
14734,16973,10,0;1;4;3;2
14735,16973,10,0;1;4;3;2
14736,18611,10,0;1;4;2;3
14737,18611,10,0;1;4;2;3
14738,19712,10,0;1;4;3;2
14739,19712,10,0;1;4;3;2
14740,13912,10,0;2;4;1;3
14741,13912,10,0;2;4;1;3
14742,12327,10,0;3;2;1;4
14743,12327,10,0;3;2;1;4
14744,14174,10,0;3;1;4;2
14745,14174,10,0;3;1;4;2
14746,12123,10,0;2;3;1;4
14747,12123,10,0;2;3;1;4
14748,22357,10,0;1;4;3;2
14749,10325,10,0;4;2;3;1
14750,10325,10,0;4;2;3;1
14751,6627,10,0;4;3;2;1
14752,6627,10,0;4;3;2;1
14753,12156,10,0;4;2;3;1
14754,12156,10,0;4;2;3;1
14755,6996,10,0;4;2;3;1
14756,6996,10,0;4;2;3;1
14757,7293,10,0;3;4;1;2
14758,7293,10,0;3;4;1;2
14759,4020,10,0;1;4;3;2
14760,4020,10,0;1;4;3;2
14761,7073,10,0;1;2;3;4
14762,7073,10,0;1;2;3;4
14763,7148,10,0;1;4;2;3
14764,7148,10,0;1;4;2;3
14765,9467,10,0;2;4;3;1
14766,7728,10,0;3;4;2;1
14767,7728,10,0;3;4;2;1
14768,21652,10,0;1;2;4;3
14769,21652,10,0;1;2;4;3
14770,8237,10,0;4;3;2;1
14771,8955,10,0;3;4;1;2
14772,8955,10,0;3;4;1;2
14773,7847,10,0;4;3;2;1
14774,7847,10,0;4;3;2;1
14775,12176,10,0;3;2;1;4
14776,12176,10,0;3;2;1;4
14777,1634,10,0;1;2;4;3
14778,1634,10,0;1;2;4;3
14779,1439,10,0;1;2;4;3
14780,1439,10,0;1;2;4;3
14781,1233,10,0;1;4;2;3
14782,1233,10,0;1;4;2;3
14783,776,10,0;1;4;2;3
14784,776,10,0;1;4;2;3
14785,742,10,0;1;3;2;4
14786,742,10,0;1;3;2;4
14787,3261,10,0;1;4;3;2
14788,3261,10,0;1;4;3;2
14789,6604,10,0;1;3;2;4
14790,6604,10,0;1;3;2;4
14791,18569,10,0;1;4;3;2
14792,18569,10,0;1;4;3;2
14793,12079,10,0;4;3;1;2
14794,12079,10,0;4;3;1;2
14795,12300,10,0;4;1;2;3
14796,12300,10,0;4;1;2;3
14797,6521,10,0;3;4;2;1
14798,6521,10,0;3;4;2;1
14799,1811,10,0;1;2;4;3
14800,1811,10,0;1;2;4;3
14801,1639,10,0;1;2;4;3
14802,1639,10,0;1;4;2;3
14803,1444,10,0;1;4;2;3
14804,1444,10,0;1;4;2;3
14805,1238,10,0;1;4;2;3
14806,1238,10,0;1;2;4;3
14807,781,10,0;1;2;4;3
14808,781,10,0;1;2;4;3
14809,780,10,0;1;3;2;4
14810,780,10,0;1;3;2;4
14811,1243,10,0;1;3;4;2
14812,1243,10,0;1;3;4;2
14813,1452,10,0;1;3;4;2
14814,1452,10,0;1;3;2;4
14815,1650,10,0;1;3;2;4
14816,1650,10,0;1;3;4;2
14817,1825,10,0;1;3;2;4
14818,1825,10,0;1;3;4;2
14819,1973,10,0;1;3;4;2
14820,1973,10,0;1;3;4;2
14821,2126,10,0;1;3;2;4
14822,2126,10,0;1;3;2;4
14823,2253,10,0;1;3;4;2
14824,2253,10,0;1;3;2;4
14825,2362,10,0;1;3;4;2
14826,2362,10,0;1;3;2;4
14827,2448,10,0;1;3;2;4
14828,2448,10,0;1;3;2;4
14829,2928,10,0;1;4;2;3
14830,2928,10,0;1;4;2;3
14831,6543,10,0;1;4;3;2
14832,6543,10,0;1;4;3;2
14833,8027,10,0;3;1;2;4
14834,8027,10,0;3;1;2;4
14835,21275,10,0;1;2;3;4
14836,21275,10,0;1;2;3;4
14837,21338,10,0;1;3;4;2
14838,21338,10,0;1;3;4;2
14839,6921,10,0;4;2;3;1
14840,10481,10,0;4;3;1;2
14841,10481,10,0;4;3;1;2
14842,8954,10,0;3;4;1;2
14843,8954,10,0;3;4;1;2
14844,2892,10,0;1;4;3;2
14845,2892,10,0;1;4;3;2
14846,10693,10,0;4;3;1;2
14847,10693,10,0;4;3;1;2
14848,14727,10,0;4;3;1;2
14849,18566,10,0;1;3;4;2
14850,18566,10,0;1;3;4;2
14851,6517,10,0;4;3;2;1
14852,6517,10,0;4;3;2;1
14853,10300,10,0;4;2;3;1
14854,10300,10,0;4;2;3;1
14855,11182,10,0;3;4;1;2
14856,11182,10,0;3;4;1;2
14857,10346,10,0;3;2;1;4
14858,10346,10,0;3;2;1;4
14859,1015,10,0;1;4;2;3
14860,1015,10,0;1;2;4;3
14861,6950,10,0;4;3;2;1
14862,6950,10,0;4;3;2;1
14863,6946,10,0;4;3;2;1
14864,6946,10,0;4;3;2;1
14865,6566,10,0;3;4;2;1
14866,6566,10,0;3;4;2;1
14867,1020,10,0;1;2;4;3
14868,1020,10,0;1;4;2;3
14869,1022,10,0;1;3;2;4
14870,1022,10,0;1;3;4;2
14871,11374,10,0;4;3;1;2
14872,11374,10,0;4;3;1;2
14873,7049,10,0;3;4;2;1
14874,7049,10,0;3;4;2;1
14875,10734,10,0;3;4;1;2
14876,10734,10,0;3;4;1;2
14877,18946,10,0;4;1;2;3
14878,20459,10,0;4;1;3;2
14879,17179,10,0;1;3;2;4
14880,17179,10,0;1;3;2;4
14881,6985,10,0;3;2;4;1
14882,6985,10,0;3;2;4;1
14883,9361,10,0;4;2;3;1
14884,9361,10,0;4;2;3;1
14885,9577,10,0;4;3;2;1
14886,9577,10,0;4;3;2;1
14887,9372,10,0;4;2;3;1
14888,9372,10,0;4;2;3;1
14889,8066,10,0;2;1;4;3
14890,8066,10,0;2;1;4;3
14891,354,10,0;1;2;3;4
14892,358,10,0;2;1;3;4
14893,323,10,0;2;1;3;4
14894,355,10,0;2;1;3;4
14895,322,10,0;2;1;3;4
14896,530,10,0;2;1;3;4
14897,364,10,0;2;1;3;4
14898,177,10,0;1;2;3;4
14899,187,10,0;1;2;3;4
14900,188,10,0;1;2;3;4
14901,191,10,0;1;2;3;4
14902,192,10,0;1;2;3;4
14903,193,10,0;1;2;3;4
14904,13,10,0;1;2;3;4
14905,18,10,0;1;2;3;4
14906,430,10,0;2;1;3;4
14907,375,10,0;2;1;3;4
14908,317,10,0;1;2;3;4
14909,414,10,0;1;2;3;4
14910,572,10,0;1;2;3;4
14911,588,10,0;1;2;3;4
14912,628,10,0;2;1;3;4
14913,470,10,0;2;1;3;4
14914,447,10,0;2;1;3;4
14915,463,10,0;2;1;3;4
14916,560,10,0;2;1;3;4
14917,514,10,0;2;1;3;4
14918,567,10,0;2;1;3;4
14919,590,10,0;2;1;3;4
14920,182,10,0;1;2;3;4
14921,98,10,0;1;2;3;4
14922,130,10,0;1;2;3;4
14923,183,10,0;1;2;3;4
14924,184,10,0;1;2;3;4
14925,399,10,0;2;1;3;4
14926,627,10,0;2;1;3;4
14927,527,10,0;2;1;3;4
14928,378,10,0;1;2;3;4
14929,388,10,0;2;1;3;4
14930,186,10,0;1;2;3;4
14931,190,10,0;1;2;3;4
14932,52,10,0;1;2;3;4
14933,76,10,0;1;2;3;4
15183,7419,11,0;1;2;4;3
15184,13749,11,0;2;1;4;3
15185,22053,11,0;2;1;4;3
15186,15435,11,0;2;1;4;3
15187,11976,11,0;2;3;4;1
15188,13447,11,0;2;3;4;1
15189,11931,11,0;1;4;2;3
15190,15254,11,0;4;1;3;2
15191,12589,11,0;4;1;2;3
15192,15142,11,0;4;1;3;2
15193,13357,11,0;3;4;1;2
15194,13357,11,0;3;1;4;2
15195,19783,11,0;4;2;1;3
15196,19783,11,0;4;2;1;3
15197,13517,11,0;4;2;1;3
15198,15451,11,0;2;1;4;3
15199,16824,11,0;3;4;1;2
15200,18181,11,0;3;4;1;2
15201,19309,11,0;3;4;1;2
15202,22978,11,0;3;4;2;1
15203,17406,11,0;4;1;3;2
15204,17406,11,0;4;1;3;2
15205,17471,11,0;1;2;3;4
15206,17976,11,0;4;2;1;3
15207,18014,11,0;1;4;2;3
15208,11701,11,0;3;2;1;4
15209,11701,11,0;3;2;1;4
15210,18198,11,0;1;4;3;2
15211,16104,11,0;1;4;2;3
15212,10883,11,0;4;2;3;1
15213,15603,11,0;3;2;4;1
15214,16762,11,0;3;4;1;2
15215,18414,11,0;3;1;2;4
15216,19517,11,0;3;2;1;4
15217,20927,11,0;3;1;2;4
15218,21926,11,0;3;1;2;4
15219,20953,11,0;3;1;2;4
15220,20853,11,0;3;4;2;1
15221,23016,11,0;4;1;3;2
15222,22979,11,0;4;3;2;1
15223,21002,11,0;4;1;3;2
15224,13404,11,0;3;4;1;2
15225,19269,11,0;1;2;4;3
15226,12636,11,0;3;1;4;2
15227,12636,11,0;3;1;4;2
15228,17933,11,0;2;1;4;3
15229,17933,11,0;2;1;4;3
15230,14603,11,0;1;4;2;3
15231,16732,11,0;4;3;1;2
15232,19569,11,0;1;4;2;3
15233,10849,11,0;4;3;1;2
15234,10849,11,0;4;3;1;2
15235,13768,11,0;3;4;2;1
15236,17971,11,0;4;1;3;2
15237,12561,11,0;4;3;2;1
15238,12561,11,0;4;3;2;1
15239,14624,11,0;4;3;2;1
15240,17528,11,0;4;1;3;2
15241,23737,11,0;4;2;1;3
15242,23858,11,0;4;1;2;3
15243,19477,11,0;3;1;2;4
15244,23755,11,0;3;4;2;1
15245,23110,11,0;4;3;1;2
15246,21136,11,0;3;2;1;4
15247,23111,11,0;4;3;2;1
15248,23923,11,0;4;1;2;3
15249,22119,11,0;3;4;1;2
15250,19669,11,0;1;2;4;3
15251,20125,11,0;1;3;2;4
15252,19842,11,0;1;4;3;2
15253,19842,11,0;1;4;3;2
15254,20251,11,0;1;4;2;3
15255,12763,11,0;1;4;2;3
15256,20128,11,0;1;4;3;2
15257,20252,11,0;1;4;3;2
15258,20255,11,0;1;4;3;2
15259,20255,11,0;1;4;3;2
15260,14115,11,0;4;2;3;1
15261,20982,11,0;1;4;2;3
15262,8708,11,0;4;2;3;1
15263,16761,11,0;4;2;3;1
15264,20866,11,0;1;4;2;3
15265,19895,11,0;4;1;3;2
15266,22001,11,0;3;1;4;2
15267,18096,11,0;4;1;2;3
15268,18071,11,0;4;1;3;2
15269,21949,11,0;4;3;1;2
15270,21029,11,0;1;4;3;2
15271,17118,11,0;4;1;3;2
15272,17118,11,0;4;1;3;2
15273,16576,11,0;4;1;3;2
15274,12212,11,0;4;3;2;1
15275,12212,11,0;4;3;2;1
15276,16071,11,0;4;3;1;2
15277,16071,11,0;4;3;1;2
15278,7777,11,0;3;4;1;2
15279,7777,11,0;3;4;1;2
15280,8297,11,0;4;3;2;1
15281,19399,11,0;4;1;2;3
15282,19443,11,0;4;1;2;3
15283,19497,11,0;4;1;3;2
15284,21452,11,0;4;3;1;2
15285,21452,11,0;4;3;1;2
15286,19540,11,0;4;1;3;2
15287,16837,11,0;3;2;1;4
15288,8332,11,0;4;3;2;1
15289,8284,11,0;4;3;2;1
15290,8284,11,0;4;3;2;1
15291,11893,11,0;4;2;3;1
15292,16538,11,0;3;1;2;4
15293,23351,11,0;3;1;2;4
15294,23351,11,0;3;4;2;1
15295,19426,11,0;2;1;3;4
15296,21204,11,0;3;1;2;4
15297,23163,11,0;4;1;3;2
15298,23964,11,0;4;3;1;2
15299,21184,11,0;3;4;1;2
15300,22166,11,0;3;4;1;2
15301,23105,11,0;3;4;2;1
15302,23887,11,0;3;4;1;2
15303,21233,11,0;1;2;3;4
15304,15122,11,0;3;4;1;2
15305,15122,11,0;3;4;1;2
15306,20963,11,0;3;4;1;2
15307,21510,11,0;1;2;3;4
15308,21510,11,0;1;2;3;4
15309,17048,11,0;3;4;1;2
15310,17048,11,0;3;4;1;2
15311,15226,11,0;3;4;1;2
15312,11732,11,0;3;4;2;1
15313,21460,11,0;1;4;2;3
15314,11000,11,0;4;1;2;3
15315,21511,11,0;1;4;3;2
15316,11755,11,0;4;3;1;2
15317,15190,11,0;4;1;2;3
15318,21980,11,0;1;2;4;3
15319,21533,11,0;1;4;2;3
15320,20374,11,0;4;3;1;2
15321,20374,11,0;4;3;1;2
15322,21541,11,0;1;4;2;3
15323,17398,11,0;3;1;4;2
15324,17398,11,0;3;1;4;2
15325,21852,11,0;1;4;2;3
15326,16851,11,0;4;3;1;2
15327,11849,11,0;4;3;1;2
15328,15475,11,0;3;4;2;1
15329,11811,11,0;4;2;3;1
15330,15998,11,0;3;1;4;2
15331,15998,11,0;3;1;4;2
15332,18279,11,0;3;4;1;2
15333,22024,11,0;1;4;3;2
15334,18042,11,0;4;2;1;3
15335,15369,11,0;4;3;1;2
15336,8450,11,0;3;4;2;1
15337,17342,11,0;4;1;2;3
15338,17342,11,0;4;1;2;3
15339,18195,11,0;3;4;2;1
15340,13970,11,0;3;4;2;1
15341,13970,11,0;3;4;2;1
15342,18263,11,0;4;3;1;2
15343,13387,11,0;4;3;2;1
15344,19260,11,0;3;1;4;2
15345,10947,11,0;4;3;2;1
15346,20946,11,0;4;1;3;2
15347,23827,11,0;4;3;1;2
15348,15061,11,0;4;2;3;1
15349,15061,11,0;4;2;3;1
15350,8592,11,0;4;2;3;1
15351,23962,11,0;3;2;1;4
15352,22232,11,0;1;3;2;4
15353,22233,11,0;1;2;3;4
15354,21249,11,0;3;2;1;4
15355,22227,11,0;3;4;2;1
15356,22242,11,0;1;2;3;4
15357,22295,11,0;1;2;4;3
15358,13440,11,0;3;4;2;1
15359,14406,11,0;2;4;3;1
15360,14406,11,0;2;4;3;1
15361,21304,11,0;3;1;2;4
15362,22397,11,0;1;4;2;3
15363,10898,11,0;3;4;1;2
15364,10898,11,0;3;4;1;2
15365,16667,11,0;3;4;1;2
15366,22418,11,0;1;3;4;2
15367,22426,11,0;1;3;4;2
15368,15257,11,0;3;4;1;2
15369,22773,11,0;1;4;3;2
15370,22457,11,0;1;3;4;2
15371,22457,11,0;1;3;4;2
15372,17988,11,0;3;4;1;2
15373,22414,11,0;1;4;3;2
15374,22414,11,0;1;4;3;2
15375,22286,11,0;4;1;3;2
15376,22286,11,0;4;1;3;2
15377,22291,11,0;1;4;3;2
15378,8262,11,0;2;3;4;1
15379,8262,11,0;2;3;4;1
15380,22859,11,0;1;4;3;2
15381,23010,11,0;1;4;2;3
15382,8623,11,0;4;3;1;2
15383,21447,11,0;3;4;1;2
15384,19913,11,0;4;1;2;3
15385,19913,11,0;4;1;2;3
15386,19886,11,0;4;1;3;2
15387,19886,11,0;4;1;3;2
15388,23040,11,0;4;1;3;2
15389,20226,11,0;4;1;3;2
15390,20226,11,0;4;1;3;2
15391,6833,11,0;4;2;3;1
15392,7348,11,0;4;3;2;1
15393,7348,11,0;4;3;2;1
15394,10862,11,0;4;3;2;1
15395,10862,11,0;4;3;2;1
15396,23092,11,0;1;3;4;2
15397,17396,11,0;3;4;1;2
15398,8325,11,0;3;2;4;1
15399,22909,11,0;1;3;4;2
15400,16907,11,0;3;4;2;1
15401,23681,11,0;4;1;3;2
15402,13407,11,0;4;3;2;1
15403,8485,11,0;3;2;4;1
15404,13666,11,0;4;3;1;2
15405,6706,11,0;4;3;2;1
15406,6706,11,0;4;3;2;1
15407,23168,11,0;4;1;2;3
15408,23191,11,0;1;2;3;4
15409,20879,11,0;4;3;2;1
15410,14636,11,0;4;3;1;2
15411,14636,11,0;4;3;1;2
15412,23347,11,0;4;3;1;2
15413,23347,11,0;4;3;1;2
15414,19319,11,0;4;1;2;3
15415,13624,11,0;4;2;3;1
15416,15477,11,0;4;2;1;3
15417,23202,11,0;1;2;4;3
15418,11640,11,0;4;3;2;1
15419,11640,11,0;4;3;2;1
15420,22810,11,0;3;4;2;1
15421,23756,11,0;1;2;3;4
15422,23349,11,0;1;2;3;4
15423,23349,11,0;1;3;2;4
15424,23658,11,0;1;4;2;3
15425,16583,11,0;4;3;1;2
15426,16583,11,0;4;3;2;1
15427,23678,11,0;1;3;4;2
15428,23795,11,0;1;2;4;3
15429,13418,11,0;4;1;3;2
15430,23709,11,0;3;2;1;4
15431,23711,11,0;2;1;3;4
15432,14389,11,0;3;2;4;1
15433,14389,11,0;3;2;4;1
15434,22986,11,0;4;1;3;2
15435,8280,11,0;3;2;1;4
15436,8280,11,0;2;3;1;4
15437,23384,11,0;1;3;4;2
15438,6826,11,0;4;2;1;3
15439,14443,11,0;3;4;1;2
15440,23791,11,0;1;3;4;2
15441,10901,11,0;3;4;1;2
15442,11846,11,0;3;4;2;1
15443,11846,11,0;3;4;2;1
15444,8267,11,0;4;3;1;2
15445,8267,11,0;4;3;1;2
15446,23886,11,0;1;2;3;4
15447,17392,11,0;3;1;4;2
15448,17392,11,0;3;1;4;2
15449,7467,11,0;4;3;2;1
15450,7467,11,0;4;3;2;1
15451,14599,11,0;4;1;3;2
15452,11700,11,0;3;4;2;1
15453,11700,11,0;3;4;2;1
15454,13345,11,0;4;3;1;2
15455,17951,11,0;2;1;4;3
15456,17951,11,0;2;1;4;3
15457,10922,11,0;4;3;2;1
15458,10922,11,0;4;3;2;1
15459,23741,11,0;1;3;4;2
15460,11793,11,0;4;3;2;1
15461,14589,11,0;4;3;1;2
15462,11638,11,0;4;2;3;1
15463,11638,11,0;4;2;3;1
15464,11794,11,0;4;2;3;1
15465,23948,11,0;2;1;3;4
15466,22164,11,0;1;2;4;3
15467,23103,11,0;4;2;1;3
15468,11628,11,0;4;2;3;1
15469,11628,11,0;4;2;3;1
15470,15209,11,0;3;1;4;2
15471,13641,11,0;4;3;1;2
15472,23720,11,0;1;4;3;2
15473,6709,11,0;4;3;2;1
15474,6709,11,0;4;3;2;1
15475,20234,11,0;4;1;3;2
15476,11796,11,0;4;3;2;1
15477,11796,11,0;4;3;2;1
15478,11641,11,0;4;3;1;2
15479,11641,11,0;4;3;1;2
15480,23834,11,0;1;4;3;2
15481,13592,11,0;4;2;3;1
15482,19910,11,0;4;1;3;2
15483,19910,11,0;4;1;3;2
15484,15251,11,0;4;1;3;2
15485,14623,11,0;4;3;2;1
15486,17491,11,0;3;1;4;2
15487,17491,11,0;3;1;4;2
15488,13545,11,0;4;2;3;1
15489,19813,11,0;3;4;1;2
15490,20224,11,0;4;1;3;2
15491,20224,11,0;4;1;3;2
15492,21014,11,0;4;1;2;3
15493,21466,11,0;4;1;2;3
15494,17331,11,0;4;1;3;2
15495,17331,11,0;4;1;3;2
15496,17082,11,0;4;1;3;2
15497,17082,11,0;4;1;3;2
15498,23885,11,0;4;1;2;3
15499,7387,11,0;4;2;3;1
15500,7387,11,0;4;2;3;1
15501,10471,11,0;4;3;1;2
15502,10471,11,0;4;3;1;2
15503,8314,11,0;3;4;2;1
15504,8314,11,0;3;4;2;1
15505,11612,11,0;4;2;1;3
15506,11612,11,0;4;2;1;3
15507,13622,11,0;4;3;1;2
15508,17367,11,0;4;3;1;2
15509,17367,11,0;4;3;1;2
15510,8272,11,0;3;4;2;1
15511,16759,11,0;4;3;1;2
15512,18367,11,0;4;3;2;1
15513,11898,11,0;4;3;2;1
15514,23982,11,0;2;1;3;4
15515,22209,11,0;1;4;2;3
15516,23983,11,0;1;3;2;4
15517,6834,11,0;4;2;3;1
15518,16001,11,0;4;3;2;1
15519,16001,11,0;4;3;2;1
15520,8404,11,0;3;4;2;1
15521,8404,11,0;3;4;2;1
15522,15346,11,0;3;4;1;2
15523,18253,11,0;4;1;3;2
15524,24003,11,0;2;1;3;4
15525,17124,11,0;4;1;3;2
15526,17124,11,0;4;1;3;2
15527,16536,11,0;4;2;1;3
15528,17343,11,0;4;2;3;1
15529,17343,11,0;4;2;3;1
15530,13739,11,0;3;4;1;2
15531,8323,11,0;3;4;2;1
15532,8323,11,0;3;4;2;1
15533,8341,11,0;3;4;2;1
15534,8341,11,0;4;3;2;1
15535,15541,11,0;4;3;2;1
15536,13516,11,0;4;3;2;1
15537,15327,11,0;4;3;1;2
15538,16586,11,0;4;3;1;2
15539,16586,11,0;4;3;1;2
15540,18430,11,0;4;3;1;2
15541,19538,11,0;4;3;1;2
15542,20939,11,0;4;3;1;2
15543,21936,11,0;4;3;1;2
15544,18296,11,0;4;3;1;2
15545,15072,11,0;3;4;2;1
15546,17934,11,0;3;1;2;4
15547,21887,11,0;4;1;3;2
15548,16847,11,0;4;3;1;2
15549,23694,11,0;4;1;2;3
15550,21034,11,0;4;1;3;2
15551,13996,11,0;3;2;1;4
15552,13996,11,0;3;2;1;4
15553,21889,11,0;4;3;1;2
15554,15612,11,0;4;3;2;1
15555,7679,11,0;4;3;2;1
15556,7679,11,0;4;3;2;1
15557,11766,11,0;4;3;2;1
15558,11766,11,0;4;3;2;1
15559,11969,11,0;4;3;1;2
15560,15323,11,0;2;3;4;1
15561,13797,11,0;4;3;2;1
15562,11648,11,0;4;3;2;1
15563,11648,11,0;4;3;2;1
15564,13527,11,0;4;3;2;1
15565,18362,11,0;3;4;1;2
15566,22171,11,0;4;3;1;2
15567,18193,11,0;4;3;2;1
15568,13778,11,0;4;3;2;1
15569,15311,11,0;4;3;1;2
15570,16545,11,0;4;3;1;2
15571,16545,11,0;4;3;1;2
15572,15489,11,0;4;2;3;1
15573,19428,11,0;4;3;2;1
15574,24025,11,0;3;1;2;4
15575,10039,11,0;1;3;4;2
15576,18757,11,0;4;1;2;3
15577,18757,11,0;4;1;2;3
15578,16558,11,0;2;1;3;4
15579,14484,11,0;4;1;3;2
15580,21602,11,0;3;4;1;2
15581,21602,11,0;3;4;2;1
15582,20261,11,0;3;4;1;2
15583,20261,11,0;3;4;1;2
15584,12685,11,0;4;3;1;2
15585,9272,11,0;4;3;2;1
15586,18066,11,0;1;4;3;2
15587,23395,11,0;4;3;1;2
15588,16034,11,0;4;1;3;2
15589,16034,11,0;4;1;3;2
15590,17532,11,0;1;4;3;2
15591,23404,11,0;3;1;2;4
15592,23404,11,0;3;2;1;4
15593,20260,11,0;4;3;1;2
15594,20260,11,0;3;4;1;2
15595,19258,11,0;1;3;4;2
15596,17526,11,0;4;1;3;2
15597,21952,11,0;3;1;4;2
15598,23859,11,0;4;2;1;3
15599,20259,11,0;4;3;1;2
15600,20259,11,0;3;4;1;2
15601,14437,11,0;4;3;2;1
15602,10055,11,0;4;3;1;2
15603,10055,11,0;4;3;1;2
15604,19862,11,0;1;4;3;2
15605,19862,11,0;1;4;3;2
15606,20199,11,0;1;3;4;2
15607,20217,11,0;1;4;3;2
15608,18397,11,0;3;4;2;1
15609,23663,11,0;4;1;3;2
15610,21998,11,0;1;2;4;3
15611,20855,11,0;4;1;3;2
15612,16568,11,0;4;2;1;3
15613,9316,11,0;1;4;2;3
15614,22829,11,0;1;2;3;4
15615,10078,11,0;4;3;2;1
15616,23403,11,0;1;2;3;4
15617,23403,11,0;1;2;3;4
15618,10127,11,0;3;4;2;1
15619,23350,11,0;1;2;3;4
15620,23350,11,0;2;1;3;4
15621,18815,11,0;4;3;1;2
15622,18815,11,0;4;3;1;2
15623,10113,11,0;4;3;1;2
15624,9305,11,0;4;3;1;2
15625,9305,11,0;4;3;1;2
15626,6821,11,0;4;3;1;2
15627,6821,11,0;4;3;1;2
15628,8923,11,0;4;3;2;1
15629,8923,11,0;4;3;2;1
15630,7738,11,0;3;4;1;2
15631,23402,11,0;1;2;4;3
15632,23402,11,0;2;1;4;3
15633,7385,11,0;4;3;1;2
15634,7385,11,0;4;3;1;2
15635,20291,11,0;4;3;1;2
15636,20291,11,0;4;3;1;2
15637,14521,11,0;4;3;1;2
15638,9966,11,0;4;3;1;2
15639,9966,11,0;4;3;1;2
15640,14080,11,0;4;1;3;2
15641,14080,11,0;4;1;3;2
15642,20116,11,0;4;1;3;2
15643,14025,11,0;4;3;1;2
15644,14025,11,0;4;3;1;2
15645,15119,11,0;4;3;1;2
15646,18036,11,0;4;1;3;2
15647,17031,11,0;3;2;1;4
15648,17031,11,0;3;2;1;4
15649,9951,11,0;4;2;3;1
15650,9988,11,0;4;3;2;1
15651,18818,11,0;4;3;1;2
15652,18818,11,0;4;3;1;2
15653,23410,11,0;4;3;1;2
15654,23410,11,0;4;3;2;1
15655,10269,11,0;3;4;2;1
15656,9956,11,0;2;4;3;1
15657,9343,11,0;4;3;1;2
15658,9343,11,0;4;3;1;2
15659,10137,11,0;4;3;2;1
15660,18801,11,0;4;3;1;2
15661,18801,11,0;4;3;1;2
15662,23396,11,0;4;1;2;3
15663,23396,11,0;4;1;2;3
15664,21503,11,0;1;3;2;4
15665,7184,11,0;1;3;4;2
15666,7184,11,0;1;3;4;2
15667,11298,11,0;1;3;4;2
15668,11298,11,0;1;3;4;2
15669,12193,11,0;1;2;4;3
15670,21433,11,0;2;1;3;4
15671,21433,11,0;2;1;3;4
15672,17714,11,0;4;1;2;3
15673,17714,11,0;4;2;1;3
15674,23335,11,0;4;3;2;1
15675,22729,11,0;3;4;1;2
15676,14483,11,0;4;1;3;2
15677,22730,11,0;4;2;3;1
15678,19204,11,0;3;1;4;2
15679,20615,11,0;3;4;1;2
15680,20615,11,0;3;4;2;1
15681,14285,11,0;4;3;2;1
15682,17812,11,0;2;1;3;4
15683,17705,11,0;2;4;1;3
15684,17705,11,0;2;4;1;3
15685,22600,11,0;4;1;3;2
15686,22600,11,0;4;1;3;2
15687,14310,11,0;4;1;3;2
15688,17789,11,0;1;3;4;2
15689,17789,11,0;1;3;4;2
15690,10658,11,0;4;3;2;1
15691,10658,11,0;4;3;2;1
15692,13092,11,0;4;3;2;1
15693,17751,11,0;1;4;3;2
15694,17687,11,0;4;1;3;2
15695,17687,11,0;4;1;3;2
15696,16043,11,0;4;1;3;2
15697,16043,11,0;4;1;3;2
15698,11275,11,0;3;2;1;4
15699,11275,11,0;3;2;1;4
15700,14767,11,0;4;2;1;3
15701,14767,11,0;4;2;1;3
15702,13175,11,0;4;3;1;2
15703,22726,11,0;3;1;2;4
15704,22726,11,0;3;1;2;4
15705,19144,11,0;1;2;4;3
15706,19144,11,0;1;2;4;3
15707,20661,11,0;4;1;3;2
15708,19884,11,0;4;1;3;2
15709,10825,11,0;3;4;2;1
15710,10825,11,0;3;4;2;1
15711,17003,11,0;3;2;4;1
15712,17003,11,0;3;2;4;1
15713,10696,11,0;4;2;1;3
15714,10696,11,0;4;2;1;3
15715,15687,11,0;4;2;3;1
15716,15687,11,0;4;2;3;1
15717,11370,11,0;4;3;2;1
15718,11370,11,0;4;3;2;1
15719,15850,11,0;3;4;2;1
15720,15850,11,0;3;4;2;1
15721,14426,11,0;4;2;1;3
15722,14426,11,0;4;2;1;3
15723,19798,11,0;1;3;4;2
15724,19798,11,0;1;3;4;2
15725,19800,11,0;1;3;4;2
15726,19800,11,0;1;3;4;2
15727,16287,11,0;3;4;1;2
15728,16287,11,0;3;4;1;2
15729,12684,11,0;4;3;1;2
15730,19756,11,0;1;4;3;2
15731,19756,11,0;1;4;3;2
15732,20508,11,0;1;3;2;4
15733,20508,11,0;1;3;2;4
15734,15702,11,0;2;4;1;3
15735,15702,11,0;2;4;1;3
15736,20575,11,0;1;3;4;2
15737,20575,11,0;1;3;4;2
15738,19791,11,0;1;4;3;2
15739,19791,11,0;1;4;3;2
15740,19870,11,0;1;4;3;2
15741,19870,11,0;1;4;3;2
15742,20254,11,0;1;3;4;2
15743,20254,11,0;1;3;4;2
15744,7186,11,0;4;1;3;2
15745,20240,11,0;1;3;4;2
15746,7167,11,0;4;3;1;2
15747,7167,11,0;4;3;1;2
15748,16119,11,0;4;3;1;2
15749,20625,11,0;1;3;4;2
15750,6783,11,0;4;2;3;1
15751,6783,11,0;4;2;3;1
15752,8102,11,0;4;3;1;2
15753,11394,11,0;4;1;3;2
15754,11394,11,0;4;1;3;2
15755,16311,11,0;4;1;2;3
15756,15968,11,0;4;1;2;3
15757,14777,11,0;2;3;1;4
15758,14777,11,0;2;3;1;4
15759,11348,11,0;4;3;2;1
15760,11348,11,0;4;3;2;1
15761,14865,11,0;4;1;3;2
15762,13060,11,0;4;3;2;1
15763,13060,11,0;4;3;2;1
15764,16452,11,0;4;1;3;2
15765,17759,11,0;4;1;3;2
15766,17759,11,0;4;1;3;2
15767,17726,11,0;4;1;2;3
15768,12634,11,0;4;3;1;2
15769,19992,11,0;3;2;1;4
15770,19992,11,0;3;2;1;4
15771,10369,11,0;4;2;3;1
15772,10369,11,0;4;2;3;1
15773,23546,11,0;4;2;3;1
15774,23546,11,0;4;3;2;1
15775,20176,11,0;3;1;2;4
15776,20176,11,0;3;2;1;4
15777,18844,11,0;3;4;1;2
15778,18844,11,0;3;4;1;2
15779,21677,11,0;1;3;4;2
15780,21677,11,0;1;3;4;2
15781,21748,11,0;1;3;4;2
15782,21748,11,0;1;3;4;2
15783,14460,11,0;4;1;2;3
15784,14460,11,0;4;1;2;3
15785,16116,11,0;3;4;2;1
15786,6811,11,0;4;2;3;1
15787,6811,11,0;4;2;3;1
15788,10628,11,0;4;3;2;1
15789,10628,11,0;4;3;2;1
15790,21722,11,0;1;4;2;3
15791,21816,11,0;1;4;3;2
15792,17286,11,0;4;3;1;2
15793,13075,11,0;4;2;3;1
15794,14932,11,0;4;3;1;2
15795,14932,11,0;4;3;1;2
15796,14930,11,0;4;3;1;2
15797,14930,11,0;4;3;1;2
15798,16988,11,0;4;2;3;1
15799,16988,11,0;4;2;3;1
15800,22259,11,0;1;2;3;4
15801,22259,11,0;1;3;2;4
15802,22416,11,0;1;2;3;4
15803,22319,11,0;4;3;1;2
15804,22319,11,0;4;3;1;2
15805,22340,11,0;1;3;2;4
15806,22690,11,0;1;2;4;3
15807,22698,11,0;1;2;4;3
15808,22731,11,0;2;1;4;3
15809,14829,11,0;4;2;3;1
15810,14829,11,0;4;2;3;1
15811,14905,11,0;3;4;2;1
15812,14905,11,0;3;4;2;1
15813,14619,11,0;3;4;1;2
15814,22622,11,0;1;4;2;3
15815,20471,11,0;3;4;1;2
15816,20471,11,0;3;4;1;2
15817,22300,11,0;4;1;3;2
15818,17892,11,0;3;1;4;2
15819,15926,11,0;4;1;3;2
15820,15926,11,0;4;1;3;2
15821,22669,11,0;1;4;3;2
15822,18681,11,0;4;2;3;1
15823,18681,11,0;4;2;3;1
15824,17541,11,0;4;1;3;2
15825,18970,11,0;3;4;2;1
15826,18970,11,0;3;4;2;1
15827,22320,11,0;4;3;1;2
15828,22320,11,0;4;3;1;2
15829,11405,11,0;4;3;2;1
15830,15898,11,0;3;4;1;2
15831,15898,11,0;3;4;1;2
15832,17769,11,0;4;1;3;2
15833,17769,11,0;4;1;3;2
15834,17695,11,0;4;3;2;1
15835,17695,11,0;4;3;2;1
15836,15867,11,0;2;3;4;1
15837,15867,11,0;2;3;4;1
15838,11009,11,0;3;4;2;1
15839,11009,11,0;3;4;2;1
15840,11333,11,0;4;3;2;1
15841,11333,11,0;4;3;2;1
15842,13158,11,0;4;3;1;2
15843,19182,11,0;4;3;1;2
15844,19182,11,0;4;3;1;2
15845,23221,11,0;1;4;2;3
15846,23221,11,0;1;4;2;3
15847,23220,11,0;1;4;2;3
15848,23220,11,0;1;4;2;3
15849,23521,11,0;1;2;3;4
15850,23303,11,0;1;3;4;2
15851,13988,11,0;2;3;4;1
15852,13988,11,0;2;3;4;1
15853,19039,11,0;4;3;1;2
15854,19039,11,0;4;3;1;2
15855,23251,11,0;1;4;3;2
15856,23251,11,0;1;4;3;2
15857,17390,11,0;3;4;1;2
15858,17390,11,0;3;4;1;2
15859,23485,11,0;1;3;2;4
15860,23485,11,0;1;3;2;4
15861,23507,11,0;1;3;2;4
15862,16236,11,0;3;4;2;1
15863,16236,11,0;3;4;2;1
15864,23473,11,0;1;3;4;2
15865,23473,11,0;1;3;4;2
15866,23472,11,0;1;4;3;2
15867,23472,11,0;1;4;3;2
15868,23471,11,0;1;3;4;2
15869,23471,11,0;1;4;3;2
15870,23272,11,0;1;4;3;2
15871,17825,11,0;4;3;1;2
15872,17825,11,0;4;3;1;2
15873,8061,11,0;4;3;2;1
15874,11493,11,0;3;4;1;2
15875,7752,11,0;4;3;2;1
15876,17188,11,0;4;1;3;2
15877,17188,11,0;4;1;3;2
15878,7534,11,0;4;3;1;2
15879,23566,11,0;1;3;4;2
15880,23497,11,0;1;4;2;3
15881,23498,11,0;1;4;2;3
15882,23498,11,0;1;4;2;3
15883,23591,11,0;1;3;2;4
15884,23591,11,0;1;3;2;4
15885,23505,11,0;1;4;3;2
15886,6893,11,0;4;3;2;1
15887,6893,11,0;4;3;2;1
15888,10860,11,0;4;3;2;1
15889,10860,11,0;4;3;2;1
15890,15984,11,0;4;1;3;2
15891,8120,11,0;4;1;2;3
15892,23519,11,0;1;4;3;2
15893,23519,11,0;1;4;3;2
15894,17200,11,0;4;3;2;1
15895,17200,11,0;4;3;2;1
15896,15834,11,0;3;4;1;2
15897,15834,11,0;3;4;1;2
15898,8204,11,0;3;4;2;1
15899,23616,11,0;1;4;3;2
15900,23616,11,0;1;4;3;2
15901,16307,11,0;4;3;2;1
15902,16307,11,0;4;3;2;1
15903,23623,11,0;1;3;4;2
15904,10621,11,0;4;3;2;1
15905,10621,11,0;4;3;2;1
15906,23304,11,0;1;4;3;2
15907,23306,11,0;1;4;3;2
15908,17087,11,0;3;1;4;2
15909,15755,11,0;4;1;3;2
15910,15755,11,0;4;1;3;2
15911,18653,11,0;2;4;1;3
15912,18653,11,0;2;4;1;3
15913,23311,11,0;1;4;2;3
15914,23311,11,0;1;4;2;3
15915,11005,11,0;4;3;1;2
15916,11005,11,0;4;3;1;2
15917,10657,11,0;3;4;2;1
15918,10657,11,0;3;4;2;1
15919,13214,11,0;4;3;1;2
15920,6763,11,0;4;3;1;2
15921,6763,11,0;4;3;1;2
15922,14995,11,0;4;3;1;2
15923,12171,11,0;2;4;1;3
15924,12171,11,0;2;4;1;3
15925,7643,11,0;4;3;2;1
15926,8008,11,0;4;3;2;1
15927,8008,11,0;4;3;2;1
15928,13096,11,0;4;2;3;1
15929,13096,11,0;4;2;3;1
15930,17869,11,0;4;1;3;2
15931,7535,11,0;4;3;2;1
15932,22591,11,0;4;1;3;2
15933,22591,11,0;4;1;3;2
15934,10840,11,0;2;3;4;1
15935,10840,11,0;2;3;4;1
15936,17062,11,0;4;3;1;2
15937,17062,11,0;4;3;1;2
15938,13121,11,0;4;3;1;2
15939,13121,11,0;4;3;1;2
15940,12744,11,0;4;3;1;2
15941,12744,11,0;4;3;1;2
15942,15877,11,0;2;4;1;3
15943,15877,11,0;2;4;1;3
15944,11276,11,0;4;3;2;1
15945,11276,11,0;4;3;2;1
15946,17455,11,0;4;1;3;2
15947,16346,11,0;4;1;3;2
15948,16346,11,0;4;1;3;2
15949,17814,11,0;4;1;3;2
15950,13120,11,0;4;3;1;2
15951,13120,11,0;4;3;1;2
15952,13157,11,0;4;3;1;2
15953,13157,11,0;4;3;1;2
15954,14946,11,0;3;4;2;1
15955,8046,11,0;4;3;2;1
15956,8046,11,0;4;3;2;1
15957,17828,11,0;4;3;1;2
15958,17828,11,0;4;3;1;2
15959,22742,11,0;4;3;1;2
15960,22742,11,0;4;3;2;1
15961,13028,11,0;4;3;1;2
15962,13028,11,0;4;3;1;2
15963,15727,11,0;3;2;1;4
15964,15727,11,0;3;2;1;4
15965,17300,11,0;4;3;1;2
15966,17300,11,0;4;3;1;2
15967,18993,11,0;4;1;3;2
15968,18993,11,0;4;1;3;2
15969,17732,11,0;2;4;1;3
15970,17732,11,0;2;4;1;3
15971,19104,11,0;3;1;4;2
15972,19104,11,0;3;1;4;2
15973,14825,11,0;4;3;2;1
15974,14825,11,0;4;3;2;1
15975,16269,11,0;3;2;1;4
15976,14779,11,0;4;2;1;3
15977,14779,11,0;4;2;1;3
15978,10846,11,0;2;4;3;1
15979,10846,11,0;2;4;3;1
15980,11320,11,0;2;4;3;1
15981,11320,11,0;2;4;3;1
15982,11343,11,0;4;3;2;1
15983,11343,11,0;4;3;2;1
15984,21357,11,0;4;3;2;1
15985,21357,11,0;4;3;2;1
15986,17804,11,0;4;3;1;2
15987,17804,11,0;4;3;1;2
15988,20476,11,0;3;1;4;2
15989,20476,11,0;3;1;4;2
15990,10907,11,0;3;1;2;4
15991,10907,11,0;3;1;2;4
15992,23599,11,0;4;3;1;2
15993,23601,11,0;4;2;1;3
15994,12126,11,0;4;3;2;1
15995,12126,11,0;4;2;3;1
15996,18546,11,0;4;3;2;1
15997,18546,11,0;4;3;2;1
15998,12428,11,0;4;3;1;2
15999,12428,11,0;4;3;1;2
16000,18673,11,0;3;4;1;2
16001,18673,11,0;3;4;1;2
16002,20518,11,0;1;4;3;2
16003,7185,11,0;4;1;3;2
16004,9609,11,0;4;2;1;3
16005,9609,11,0;4;2;1;3
16006,21739,11,0;1;2;3;4
16007,9293,11,0;3;4;1;2
16008,21752,11,0;1;4;3;2
16009,21752,11,0;1;4;3;2
16010,9856,11,0;3;4;2;1
16011,9856,11,0;3;4;2;1
16012,9117,11,0;4;2;3;1
16013,9117,11,0;4;2;3;1
16014,22342,11,0;1;3;4;2
16015,20624,11,0;4;1;2;3
16016,9348,11,0;4;3;1;2
16017,6681,11,0;4;3;2;1
16018,6681,11,0;4;3;2;1
16019,8245,11,0;3;4;2;1
16020,8245,11,0;3;4;2;1
16021,12997,11,0;2;4;3;1
16022,12997,11,0;2;4;3;1
16023,23262,11,0;1;2;3;4
16024,23262,11,0;1;2;3;4
16025,18796,11,0;4;3;1;2
16026,18796,11,0;4;3;2;1
16027,8897,11,0;4;3;2;1
16028,8897,11,0;4;3;2;1
16029,21597,11,0;4;2;1;3
16030,21597,11,0;2;1;4;3
16031,23470,11,0;1;3;4;2
16032,23470,11,0;1;4;3;2
16033,19999,11,0;3;1;2;4
16034,19999,11,0;3;1;2;4
16035,23345,11,0;1;3;4;2
16036,23345,11,0;1;3;4;2
16037,6913,11,0;4;1;3;2
16038,6913,11,0;4;1;3;2
16039,7511,11,0;3;4;1;2
16040,7511,11,0;3;4;1;2
16041,9203,11,0;4;3;2;1
16042,21256,11,0;3;1;4;2
16043,21256,11,0;3;1;4;2
16044,23621,11,0;1;3;4;2
16045,23302,11,0;1;4;3;2
16046,23302,11,0;1;4;3;2
16047,7445,11,0;4;3;2;1
16048,10928,11,0;4;3;1;2
16049,10928,11,0;4;3;1;2
16050,7324,11,0;4;3;2;1
16051,7324,11,0;4;3;2;1
16052,13225,11,0;4;3;1;2
16053,9106,11,0;4;2;3;1
16054,9106,11,0;4;2;3;1
16055,17490,11,0;3;1;4;2
16056,17490,11,0;3;1;4;2
16057,9600,11,0;4;3;2;1
16058,9600,11,0;4;3;2;1
16059,9663,11,0;4;3;2;1
16060,9663,11,0;4;3;2;1
16061,9589,11,0;4;3;2;1
16062,9589,11,0;4;3;2;1
16063,9744,11,0;4;3;2;1
16064,8101,11,0;4;3;2;1
16065,8101,11,0;4;3;2;1
16066,9779,11,0;4;3;2;1
16067,9779,11,0;4;3;2;1
16068,8884,11,0;3;4;2;1
16069,8884,11,0;3;4;2;1
16070,8789,11,0;3;4;2;1
16071,8789,11,0;3;4;2;1
16072,22664,11,0;1;4;3;2
16073,22664,11,0;1;4;3;2
16074,23552,11,0;1;3;4;2
16075,23552,11,0;1;3;4;2
16076,9193,11,0;4;3;2;1
16077,9193,11,0;4;3;2;1
16078,8079,11,0;1;3;2;4
16079,8079,11,0;1;3;2;4
16080,8078,11,0;2;3;1;4
16081,8078,11,0;2;3;1;4
16082,16204,11,0;4;2;3;1
16083,10991,11,0;4;3;2;1
16084,10991,11,0;4;3;2;1
16085,17213,11,0;1;2;3;4
16086,17213,11,0;1;2;3;4
16087,17359,11,0;1;3;4;2
16088,23457,11,0;4;1;2;3
16089,13024,11,0;4;3;1;2
16090,13024,11,0;4;3;1;2
16091,22557,11,0;3;1;2;4
16092,20319,11,0;4;1;2;3
16093,20319,11,0;4;1;2;3
16094,18715,11,0;1;3;4;2
16095,7289,11,0;4;3;1;2
16096,7289,11,0;4;3;1;2
16097,7188,11,0;4;3;2;1
16098,13891,11,0;4;3;2;1
16099,13891,11,0;4;3;2;1
16100,8183,11,0;4;2;3;1
16101,6791,11,0;4;3;2;1
16102,20156,11,0;1;4;3;2
16103,20156,11,0;1;4;3;2
16104,20216,11,0;1;3;4;2
16105,20216,11,0;1;3;4;2
16106,10577,11,0;3;4;1;2
16107,10577,11,0;3;4;1;2
16108,10578,11,0;3;4;1;2
16109,10578,11,0;3;4;1;2
16110,7938,11,0;4;3;2;1
16111,14455,11,0;4;2;3;1
16112,14455,11,0;4;2;3;1
16113,7921,11,0;4;3;2;1
16114,7921,11,0;4;3;2;1
16115,15109,11,0;4;3;1;2
16116,11287,11,0;3;2;4;1
16117,11287,11,0;3;2;4;1
16118,7282,11,0;4;2;3;1
16119,7282,11,0;4;2;3;1
16120,6527,11,0;4;3;2;1
16121,6527,11,0;4;3;2;1
16122,10341,11,0;4;3;2;1
16123,10341,11,0;4;3;2;1
16124,10445,11,0;4;3;2;1
16125,10445,11,0;4;3;2;1
16126,7946,11,0;4;3;2;1
16127,7946,11,0;4;3;2;1
16128,21376,11,0;1;2;3;4
16129,17615,11,0;2;4;1;3
16130,17615,11,0;2;4;1;3
16131,16379,11,0;4;2;3;1
16132,21425,11,0;1;4;2;3
16133,21425,11,0;1;4;2;3
16134,10550,11,0;4;2;3;1
16135,10550,11,0;4;2;3;1
16136,21431,11,0;1;4;3;2
16137,15838,11,0;3;4;1;2
16138,15838,11,0;3;4;1;2
16139,10982,11,0;4;3;2;1
16140,14402,11,0;2;3;4;1
16141,22599,11,0;1;2;3;4
16142,15004,11,0;3;4;2;1
16143,15004,11,0;3;4;2;1
16144,22546,11,0;1;4;3;2
16145,22546,11,0;1;4;3;2
16146,22577,11,0;1;4;3;2
16147,22577,11,0;1;4;3;2
16148,19763,11,0;4;1;3;2
16149,22559,11,0;1;4;2;3
16150,17643,11,0;2;1;4;3
16151,17643,11,0;2;1;4;3
16152,14145,11,0;3;4;2;1
16153,14145,11,0;3;4;2;1
16154,22370,11,0;1;4;3;2
16155,22488,11,0;1;4;3;2
16156,15855,11,0;3;1;4;2
16157,15855,11,0;3;1;4;2
16158,17662,11,0;4;3;1;2
16159,12875,11,0;4;3;1;2
16160,12875,11,0;4;3;1;2
16161,11870,11,0;4;3;1;2
16162,11543,11,0;4;3;2;1
16163,11543,11,0;4;3;2;1
16164,15786,11,0;3;2;4;1
16165,15786,11,0;3;2;4;1
16166,6756,11,0;4;3;1;2
16167,6756,11,0;4;3;1;2
16168,23248,11,0;1;2;4;3
16169,23219,11,0;1;4;3;2
16170,23219,11,0;1;4;3;2
16171,14157,11,0;4;3;2;1
16172,14157,11,0;4;3;2;1
16173,20244,11,0;4;1;3;2
16174,16167,11,0;3;4;2;1
16175,16167,11,0;3;4;2;1
16176,23436,11,0;1;4;3;2
16177,23436,11,0;1;4;3;2
16178,23437,11,0;1;4;3;2
16179,23437,11,0;1;4;3;2
16180,10558,11,0;3;4;2;1
16181,10558,11,0;3;4;2;1
16182,20647,11,0;4;2;1;3
16183,20647,11,0;4;2;1;3
16184,23443,11,0;1;4;3;2
16185,23443,11,0;1;4;3;2
16186,23442,11,0;1;4;3;2
16187,22318,11,0;4;1;3;2
16188,22318,11,0;4;1;3;2
16189,10721,11,0;4;3;2;1
16190,10721,11,0;4;3;2;1
16191,19722,11,0;3;1;4;2
16192,19722,11,0;3;1;4;2
16193,7125,11,0;4;2;1;3
16194,7125,11,0;4;2;1;3
16195,10845,11,0;3;4;1;2
16196,15792,11,0;2;1;4;3
16197,15792,11,0;2;1;4;3
16198,11233,11,0;4;2;3;1
16199,23308,11,0;1;4;2;3
16200,23308,11,0;1;4;2;3
16201,11546,11,0;4;3;1;2
16202,14019,11,0;4;3;2;1
16203,14019,11,0;4;3;2;1
16204,11015,11,0;4;3;1;2
16205,11015,11,0;4;3;1;2
16206,10429,11,0;4;3;2;1
16207,10429,11,0;4;3;2;1
16208,12882,11,0;3;4;2;1
16209,12882,11,0;3;4;2;1
16210,11506,11,0;4;3;1;2
16211,8147,11,0;4;3;1;2
16212,21815,11,0;4;1;3;2
16213,21815,11,0;4;1;3;2
16214,21667,11,0;4;1;3;2
16215,17668,11,0;4;1;3;2
16216,17668,11,0;4;1;3;2
16217,14036,11,0;3;4;2;1
16218,23235,11,0;4;1;3;2
16219,23235,11,0;4;1;3;2
16220,7985,11,0;4;3;2;1
16221,7985,11,0;4;3;2;1
16222,7732,11,0;4;3;1;2
16223,12960,11,0;4;1;3;2
16224,12960,11,0;4;1;3;2
16225,7987,11,0;4;2;3;1
16226,7987,11,0;4;2;3;1
16227,12504,11,0;4;3;1;2
16228,12504,11,0;4;3;1;2
16229,16066,11,0;3;1;4;2
16230,8080,11,0;4;3;1;2
16231,8080,11,0;4;3;1;2
16232,8081,11,0;4;3;1;2
16233,8081,11,0;4;3;1;2
16234,13021,11,0;4;2;3;1
16235,13021,11,0;4;2;3;1
16236,10618,11,0;4;3;2;1
16237,10618,11,0;4;3;2;1
16238,12871,11,0;3;4;2;1
16239,12871,11,0;3;4;2;1
16240,12311,11,0;2;4;3;1
16241,12311,11,0;2;4;3;1
16242,12312,11,0;2;4;3;1
16243,12312,11,0;2;4;3;1
16244,7947,11,0;3;4;2;1
16245,14684,11,0;3;4;2;1
16246,14684,11,0;3;4;2;1
16247,7889,11,0;4;3;2;1
16248,7889,11,0;4;3;2;1
16249,8092,11,0;3;2;4;1
16250,17633,11,0;1;2;4;3
16251,23359,11,0;4;1;2;3
16252,23359,11,0;4;1;2;3
16253,9759,11,0;4;3;2;1
16254,9551,11,0;3;4;2;1
16255,9551,11,0;3;4;2;1
16256,9851,11,0;3;4;2;1
16257,12606,11,0;4;1;2;3
16258,12606,11,0;4;1;2;3
16259,9734,11,0;4;3;1;2
16260,9734,11,0;4;3;1;2
16261,9486,11,0;2;4;3;1
16262,9486,11,0;2;4;3;1
16263,9484,11,0;4;3;2;1
16264,9484,11,0;4;3;2;1
16265,9775,11,0;4;3;1;2
16266,9758,11,0;4;2;3;1
16267,9758,11,0;4;2;3;1
16268,11504,11,0;3;4;1;2
16269,11504,11,0;3;4;1;2
16270,15676,11,0;3;1;4;2
16271,15676,11,0;3;1;4;2
16272,9278,11,0;4;3;2;1
16273,21278,11,0;4;1;3;2
16274,21278,11,0;4;1;3;2
16275,23338,11,0;1;4;2;3
16276,23338,11,0;1;4;2;3
16277,7448,11,0;4;3;2;1
16278,7448,11,0;4;3;2;1
16279,9653,11,0;4;2;3;1
16280,9653,11,0;4;2;3;1
16281,11235,11,0;4;1;3;2
16282,11235,11,0;4;1;3;2
16283,9221,11,0;4;3;2;1
16284,9221,11,0;4;3;2;1
16285,9110,11,0;2;3;1;4
16286,9110,11,0;2;3;1;4
16287,6774,11,0;3;4;2;1
16288,7492,11,0;4;3;2;1
16289,7492,11,0;4;3;2;1
16290,12363,11,0;4;3;1;2
16291,12363,11,0;4;3;2;1
16292,9505,11,0;4;3;1;2
16293,9505,11,0;4;3;1;2
16294,18955,11,0;4;3;1;2
16295,18955,11,0;4;3;1;2
16296,7891,11,0;4;3;2;1
16297,7891,11,0;4;3;2;1
16298,7650,11,0;4;1;2;3
16299,7955,11,0;4;1;2;3
16300,7955,11,0;4;1;2;3
16301,21282,11,0;1;4;3;2
16302,21282,11,0;1;4;3;2
16303,9072,11,0;4;3;1;2
16304,9072,11,0;4;3;1;2
16305,9147,11,0;4;2;3;1
16306,9147,11,0;4;2;3;1
16307,9435,11,0;4;3;1;2
16308,9435,11,0;4;3;1;2
16309,810,11,0;1;4;2;3
16310,810,11,0;1;4;2;3
16311,1840,11,0;1;2;4;3
16312,1840,11,0;1;2;4;3
16313,1670,11,0;1;4;2;3
16314,1670,11,0;1;2;4;3
16315,1990,11,0;1;2;4;3
16316,1990,11,0;1;2;4;3
16317,2002,11,0;1;2;4;3
16318,2002,11,0;1;2;4;3
16319,2027,11,0;1;2;4;3
16320,2027,11,0;1;2;4;3
16321,1478,11,0;1;4;2;3
16322,1478,11,0;1;4;2;3
16323,1845,11,0;1;4;2;3
16324,1845,11,0;1;2;4;3
16325,1857,11,0;1;2;4;3
16326,1857,11,0;1;2;4;3
16327,1888,11,0;1;4;2;3
16328,1888,11,0;1;4;2;3
16329,1275,11,0;1;4;2;3
16330,1275,11,0;1;4;2;3
16331,1681,11,0;1;4;2;3
16332,1681,11,0;1;4;2;3
16333,1699,11,0;1;2;4;3
16334,1699,11,0;1;2;4;3
16335,1733,11,0;1;4;2;3
16336,1733,11,0;1;4;2;3
16337,2286,11,0;1;2;4;3
16338,2286,11,0;1;2;4;3
16339,2307,11,0;1;2;4;3
16340,2307,11,0;1;2;4;3
16341,1495,11,0;1;2;4;3
16342,1495,11,0;1;2;4;3
16343,1513,11,0;1;2;4;3
16344,1513,11,0;1;4;2;3
16345,1552,11,0;1;2;4;3
16346,1552,11,0;1;2;4;3
16347,2178,11,0;1;2;4;3
16348,2178,11,0;1;2;4;3
16349,2197,11,0;1;2;4;3
16350,2197,11,0;1;2;4;3
16351,822,11,0;1;4;2;3
16352,822,11,0;1;4;2;3
16353,1292,11,0;1;2;4;3
16354,1292,11,0;1;2;4;3
16355,1314,11,0;1;4;2;3
16356,1314,11,0;1;2;4;3
16357,1359,11,0;1;2;4;3
16358,1359,11,0;1;4;2;3
16359,2045,11,0;1;4;2;3
16360,2045,11,0;1;4;2;3
16361,2064,11,0;1;4;2;3
16362,2064,11,0;1;4;2;3
16363,899,11,0;1;2;4;3
16364,899,11,0;1;2;4;3
16365,1532,11,0;1;2;4;3
16366,1532,11,0;1;2;4;3
16367,1533,11,0;1;2;4;3
16368,1533,11,0;1;2;4;3
16369,1570,11,0;1;4;2;3
16370,1570,11,0;1;4;2;3
16371,1879,11,0;1;4;2;3
16372,1879,11,0;1;4;2;3
16373,1904,11,0;1;2;4;3
16374,1904,11,0;1;2;4;3
16375,1905,11,0;1;4;2;3
16376,1905,11,0;1;2;4;3
16377,1923,11,0;1;4;2;3
16378,1923,11,0;1;4;2;3
16379,1924,11,0;1;4;2;3
16380,1924,11,0;1;2;4;3
16381,2212,11,0;1;4;2;3
16382,2212,11,0;1;4;2;3
16383,2274,11,0;1;2;4;3
16384,2274,11,0;1;4;2;3
16385,2289,11,0;1;4;2;3
16386,2289,11,0;1;2;4;3
16387,2419,11,0;1;2;4;3
16388,2419,11,0;1;2;4;3
16389,2479,11,0;1;2;4;3
16390,2479,11,0;1;4;2;3
16391,898,11,0;1;3;4;2
16392,898,11,0;1;3;4;2
16393,1903,11,0;1;3;2;4
16394,1903,11,0;1;3;4;2
16395,1569,11,0;1;3;4;2
16396,1569,11,0;1;3;2;4
16397,1922,11,0;1;3;4;2
16398,1922,11,0;1;3;4;2
16399,2288,11,0;1;3;2;4
16400,2288,11,0;1;3;2;4
16401,1921,11,0;1;3;2;4
16402,1921,11,0;1;3;4;2
16403,2478,11,0;1;3;4;2
16404,2478,11,0;1;3;4;2
16405,2211,11,0;1;3;4;2
16406,2211,11,0;1;3;4;2
16407,2490,11,0;1;3;2;4
16408,2490,11,0;1;3;2;4
16409,2420,11,0;1;3;4;2
16410,2420,11,0;1;3;2;4
16411,2034,11,0;1;3;2;4
16412,2034,11,0;1;3;2;4
16413,1894,11,0;1;3;2;4
16414,1894,11,0;1;3;4;2
16415,1742,11,0;1;3;2;4
16416,1742,11,0;1;3;4;2
16417,1564,11,0;1;3;4;2
16418,1564,11,0;1;3;2;4
16419,1373,11,0;1;3;4;2
16420,1373,11,0;1;3;2;4
16421,2303,11,0;1;3;2;4
16422,2303,11,0;1;3;2;4
16423,2193,11,0;1;3;4;2
16424,2193,11,0;1;3;2;4
16425,2060,11,0;1;3;2;4
16426,2060,11,0;1;3;2;4
16427,1920,11,0;1;3;4;2
16428,1920,11,0;1;3;4;2
16429,828,11,0;1;3;2;4
16430,828,11,0;1;3;2;4
16431,1739,11,0;1;3;2;4
16432,1739,11,0;1;3;2;4
16433,1561,11,0;1;3;4;2
16434,1561,11,0;1;3;2;4
16435,1370,11,0;1;3;2;4
16436,1370,11,0;1;3;2;4
16437,934,11,0;1;3;4;2
16438,934,11,0;1;3;4;2
16439,1547,11,0;1;3;2;4
16440,1547,11,0;1;3;2;4
16441,1354,11,0;1;3;4;2
16442,1354,11,0;1;3;4;2
16443,915,11,0;1;3;2;4
16444,915,11,0;1;3;4;2
16445,1740,11,0;1;3;2;4
16446,1740,11,0;1;3;4;2
16447,1562,11,0;1;3;2;4
16448,1562,11,0;1;3;2;4
16449,1371,11,0;1;3;4;2
16450,1371,11,0;1;3;2;4
16451,935,11,0;1;3;2;4
16452,935,11,0;1;3;2;4
16453,1324,11,0;1;3;2;4
16454,1324,11,0;1;3;4;2
16455,886,11,0;1;3;2;4
16456,886,11,0;1;3;4;2
16457,1487,11,0;1;3;2;4
16458,1487,11,0;1;3;2;4
16459,1284,11,0;1;3;2;4
16460,1284,11,0;1;3;2;4
16461,840,11,0;1;3;2;4
16462,840,11,0;1;3;4;2
16463,2037,11,0;1;3;2;4
16464,2037,11,0;1;3;2;4
16465,1897,11,0;1;3;2;4
16466,1897,11,0;1;3;2;4
16467,1745,11,0;1;3;4;2
16468,1745,11,0;1;3;4;2
16469,1567,11,0;1;3;4;2
16470,1567,11,0;1;3;4;2
16471,1376,11,0;1;3;4;2
16472,1376,11,0;1;3;4;2
16473,2552,11,0;1;3;2;4
16474,2552,11,0;1;3;2;4
16475,3135,11,0;1;2;3;4
16476,3135,11,0;1;2;3;4
16477,4241,11,0;1;2;3;4
16478,4241,11,0;1;2;3;4
16479,5103,11,0;1;2;4;3
16480,5103,11,0;1;2;4;3
16481,5319,11,0;1;2;4;3
16482,5319,11,0;1;2;4;3
16483,5360,11,0;1;3;2;4
16484,5360,11,0;1;3;2;4
16485,4866,11,0;1;3;4;2
16486,4866,11,0;1;3;4;2
16487,4725,11,0;1;3;4;2
16488,4725,11,0;1;3;4;2
16489,4676,11,0;1;4;2;3
16490,4676,11,0;1;4;2;3
16491,3245,11,0;1;3;4;2
16492,3245,11,0;1;3;4;2
16493,5146,11,0;1;3;2;4
16494,5146,11,0;1;3;4;2
16495,5468,11,0;1;3;2;4
16496,5468,11,0;1;3;2;4
16497,5655,11,0;1;2;4;3
16498,5655,11,0;1;2;4;3
16499,5729,11,0;1;3;4;2
16500,5729,11,0;1;3;4;2
16501,5213,11,0;1;4;3;2
16502,5213,11,0;1;4;3;2
16503,4453,11,0;1;4;3;2
16504,4453,11,0;1;4;3;2
16505,4439,11,0;1;3;2;4
16506,4439,11,0;1;3;4;2
16507,5134,11,0;1;3;4;2
16508,5134,11,0;1;3;4;2
16509,5894,11,0;1;2;3;4
16510,5894,11,0;1;2;4;3
16511,5900,11,0;1;2;4;3
16512,5900,11,0;1;2;4;3
16513,4879,11,0;1;3;4;2
16514,4879,11,0;1;3;4;2
16515,3197,11,0;1;3;4;2
16516,3197,11,0;1;3;4;2
16517,5334,11,0;1;4;2;3
16518,5334,11,0;1;4;2;3
16519,4646,11,0;1;3;2;4
16520,4646,11,0;1;3;2;4
16521,5493,11,0;1;4;3;2
16522,5493,11,0;1;4;3;2
16523,3280,11,0;1;4;3;2
16524,3280,11,0;1;4;3;2
16525,5214,11,0;1;3;4;2
16526,5214,11,0;1;3;4;2
16527,6032,11,0;1;2;4;3
16528,6032,11,0;1;2;4;3
16529,3111,11,0;1;4;2;3
16530,3111,11,0;1;4;2;3
16531,4897,11,0;1;3;4;2
16532,4897,11,0;1;3;4;2
16533,4747,11,0;1;3;4;2
16534,4747,11,0;1;3;4;2
16535,5184,11,0;1;3;2;4
16536,5184,11,0;1;3;2;4
16537,2875,11,0;1;4;2;3
16538,2875,11,0;1;4;2;3
16539,5611,11,0;1;4;2;3
16540,5611,11,0;1;4;2;3
16541,6020,11,0;1;3;4;2
16542,6020,11,0;1;3;4;2
16543,5650,11,0;1;3;2;4
16544,5650,11,0;1;3;2;4
16545,3199,11,0;1;3;4;2
16546,3199,11,0;1;3;4;2
16547,5006,11,0;1;4;3;2
16548,5006,11,0;1;4;3;2
16549,5730,11,0;1;3;2;4
16550,5730,11,0;1;3;4;2
16551,3004,11,0;1;3;4;2
16552,3004,11,0;1;3;4;2
16553,3259,11,0;1;3;4;2
16554,3259,11,0;1;3;4;2
16555,6089,11,0;1;4;2;3
16556,6089,11,0;1;2;4;3
16557,3239,11,0;1;3;4;2
16558,3239,11,0;1;3;4;2
16559,5335,11,0;1;4;2;3
16560,5335,11,0;1;4;2;3
16561,6048,11,0;1;3;4;2
16562,6048,11,0;1;3;4;2
16563,4831,11,0;1;4;3;2
16564,4831,11,0;1;4;3;2
16565,6202,11,0;1;2;3;4
16566,6202,11,0;1;2;3;4
16567,5088,11,0;1;4;3;2
16568,5088,11,0;1;4;3;2
16569,3281,11,0;1;4;3;2
16570,3281,11,0;1;4;3;2
16571,5817,11,0;1;3;4;2
16572,5817,11,0;1;3;4;2
16573,6159,11,0;1;4;2;3
16574,6159,11,0;1;4;2;3
16575,5588,11,0;1;2;4;3
16576,5588,11,0;1;2;4;3
16577,5169,11,0;1;3;4;2
16578,5169,11,0;1;3;4;2
16579,5826,11,0;1;3;4;2
16580,5826,11,0;1;3;4;2
16581,5368,11,0;1;3;4;2
16582,5368,11,0;1;3;4;2
16583,4340,11,0;1;4;2;3
16584,4340,11,0;1;4;2;3
16585,4672,11,0;1;4;3;2
16586,4672,11,0;1;4;3;2
16587,6052,11,0;1;3;4;2
16588,6052,11,0;1;3;4;2
16589,4264,11,0;1;4;3;2
16590,4264,11,0;1;4;3;2
16591,6186,11,0;1;3;4;2
16592,6186,11,0;1;3;4;2
16593,5276,11,0;1;4;2;3
16594,5276,11,0;1;4;2;3
16595,4773,11,0;1;4;2;3
16596,4773,11,0;1;4;2;3
16597,5190,11,0;1;2;4;3
16598,5190,11,0;1;4;2;3
16599,5644,11,0;1;3;4;2
16600,5644,11,0;1;3;4;2
16601,6182,11,0;1;4;2;3
16602,6182,11,0;1;4;2;3
16603,4272,11,0;1;4;3;2
16604,4272,11,0;1;4;3;2
16605,4853,11,0;1;4;3;2
16606,4853,11,0;1;4;3;2
16607,5656,11,0;1;2;4;3
16608,5656,11,0;1;4;2;3
16609,6281,11,0;1;3;2;4
16610,6281,11,0;1;3;2;4
16611,3127,11,0;1;4;3;2
16612,3127,11,0;1;4;3;2
16613,5699,11,0;1;4;2;3
16614,5699,11,0;1;2;4;3
16615,3196,11,0;1;3;4;2
16616,3196,11,0;1;3;4;2
16617,5008,11,0;1;4;3;2
16618,5008,11,0;1;4;3;2
16619,2991,11,0;1;4;3;2
16620,2991,11,0;1;4;3;2
16621,4754,11,0;1;4;3;2
16622,4754,11,0;1;4;3;2
16623,4727,11,0;1;4;3;2
16624,4727,11,0;1;4;3;2
16625,6031,11,0;1;4;2;3
16626,6031,11,0;1;4;2;3
16627,5848,11,0;1;4;2;3
16628,5848,11,0;1;4;2;3
16629,3012,11,0;1;3;4;2
16630,3012,11,0;1;3;4;2
16631,4638,11,0;1;4;3;2
16632,4638,11,0;1;4;3;2
16633,4411,11,0;1;4;3;2
16634,4411,11,0;1;4;3;2
16635,5921,11,0;1;4;3;2
16636,5921,11,0;1;4;3;2
16637,6059,11,0;1;2;4;3
16638,6059,11,0;1;4;2;3
16639,5480,11,0;1;4;3;2
16640,5480,11,0;1;4;3;2
16641,2854,11,0;1;4;3;2
16642,2854,11,0;1;4;3;2
16643,2859,11,0;1;4;3;2
16644,2859,11,0;1;4;3;2
16645,4370,11,0;1;4;3;2
16646,4370,11,0;1;4;3;2
16647,4731,11,0;1;4;3;2
16648,4731,11,0;1;4;3;2
16649,6211,11,0;1;3;4;2
16650,6211,11,0;1;3;4;2
16651,4432,11,0;1;4;3;2
16652,4432,11,0;1;4;3;2
16653,5440,11,0;1;4;3;2
16654,5440,11,0;1;4;3;2
16655,5843,11,0;1;4;2;3
16656,5843,11,0;1;4;2;3
16657,2858,11,0;1;3;4;2
16658,2858,11,0;1;3;4;2
16659,5067,11,0;1;4;3;2
16660,5067,11,0;1;4;3;2
16661,4584,11,0;1;4;3;2
16662,4584,11,0;1;4;3;2
16663,4229,11,0;1;4;3;2
16664,4229,11,0;1;4;3;2
16665,5548,11,0;1;4;3;2
16666,5548,11,0;1;4;3;2
16667,3025,11,0;1;4;3;2
16668,3025,11,0;1;4;3;2
16669,4588,11,0;1;3;4;2
16670,4588,11,0;1;3;4;2
16671,3153,11,0;1;4;3;2
16672,3153,11,0;1;4;3;2
16673,4786,11,0;1;4;3;2
16674,4786,11,0;1;4;3;2
16675,5316,11,0;1;3;4;2
16676,5316,11,0;1;3;4;2
16677,5637,11,0;1;4;3;2
16678,5637,11,0;1;4;3;2
16679,5373,11,0;1;4;3;2
16680,5373,11,0;1;4;3;2
16681,5585,11,0;1;4;3;2
16682,5585,11,0;1;4;3;2
16683,5619,11,0;1;4;3;2
16684,5619,11,0;1;4;3;2
16685,6742,11,0;1;4;3;2
16686,6742,11,0;1;4;3;2
16687,22492,11,0;3;4;1;2
16688,22492,11,0;3;2;1;4
16689,12091,11,0;2;3;4;1
16690,12091,11,0;2;3;4;1
16691,17044,11,0;1;4;2;3
16692,17044,11,0;1;4;2;3
16693,14203,11,0;2;4;3;1
16694,14203,11,0;2;4;3;1
16695,18656,11,0;1;3;4;2
16696,18656,11,0;1;3;4;2
16697,18934,11,0;1;3;4;2
16698,18934,11,0;1;3;4;2
16699,18640,11,0;1;4;2;3
16700,18640,11,0;1;4;2;3
16701,17854,11,0;3;4;2;1
16702,17854,11,0;3;4;2;1
16703,19097,11,0;1;3;2;4
16704,19046,11,0;1;4;3;2
16705,12430,11,0;3;4;1;2
16706,12430,11,0;3;4;1;2
16707,16977,11,0;3;1;2;4
16708,16977,11,0;3;1;2;4
16709,15785,11,0;4;2;3;1
16710,15785,11,0;4;2;3;1
16711,14454,11,0;4;1;3;2
16712,19871,11,0;1;4;2;3
16713,12310,11,0;4;2;3;1
16714,12310,11,0;4;2;3;1
16715,10576,11,0;3;4;1;2
16716,10576,11,0;3;4;1;2
16717,7183,11,0;4;3;1;2
16718,7183,11,0;4;3;1;2
16719,11126,11,0;2;4;3;1
16720,11126,11,0;2;4;3;1
16721,15973,11,0;4;1;3;2
16722,16994,11,0;4;3;1;2
16723,16994,11,0;4;3;1;2
16724,23547,11,0;4;1;2;3
16725,23547,11,0;4;3;1;2
16726,17025,11,0;2;1;3;4
16727,17025,11,0;2;1;3;4
16728,14748,11,0;4;2;1;3
16729,10689,11,0;4;3;2;1
16730,10689,11,0;4;3;2;1
16731,22282,11,0;1;3;2;4
16732,22297,11,0;1;3;4;2
16733,8207,11,0;4;3;2;1
16734,7137,11,0;2;4;3;1
16735,7137,11,0;2;4;3;1
16736,11331,11,0;4;3;2;1
16737,11331,11,0;4;3;2;1
16738,7466,11,0;4;3;2;1
16739,14011,11,0;4;3;1;2
16740,14011,11,0;4;3;1;2
16741,17178,11,0;4;1;2;3
16742,17178,11,0;4;1;2;3
16743,10439,11,0;4;3;2;1
16744,10439,11,0;4;3;2;1
16745,10507,11,0;4;3;2;1
16746,10507,11,0;4;3;2;1
16747,10937,11,0;4;3;1;2
16748,10937,11,0;4;3;1;2
16749,7968,11,0;4;2;3;1
16750,7968,11,0;4;2;3;1
16751,11225,11,0;4;1;3;2
16752,11225,11,0;4;1;3;2
16753,15790,11,0;2;4;1;3
16754,15790,11,0;2;4;1;3
16755,19042,11,0;3;1;4;2
16756,14231,11,0;4;1;3;2
16757,14231,11,0;4;1;3;2
16758,7266,11,0;4;3;2;1
16759,7266,11,0;4;3;2;1
16760,7930,11,0;4;2;3;1
16761,7930,11,0;4;2;3;1
16762,8077,11,0;4;3;1;2
16763,8077,11,0;4;3;1;2
16764,7096,11,0;3;4;2;1
16765,7096,11,0;3;4;2;1
16766,10831,11,0;4;3;1;2
16767,10831,11,0;4;3;1;2
16768,20023,11,0;4;1;2;3
16769,20023,11,0;4;1;2;3
16770,6659,11,0;3;2;4;1
16771,6659,11,0;3;2;4;1
16772,12373,11,0;3;4;1;2
16773,12373,11,0;3;4;1;2
16774,12442,11,0;3;4;1;2
16775,12442,11,0;3;4;1;2
16776,15833,11,0;3;4;2;1
16777,15833,11,0;3;4;2;1
16778,12356,11,0;4;3;1;2
16779,12356,11,0;4;3;1;2
16780,2155,11,0;1;2;4;3
16781,2155,11,0;1;4;2;3
16782,2014,11,0;1;4;2;3
16783,2014,11,0;1;4;2;3
16784,1876,11,0;1;4;2;3
16785,1876,11,0;1;2;4;3
16786,1720,11,0;1;4;2;3
16787,1720,11,0;1;4;2;3
16788,1721,11,0;1;2;4;3
16789,1721,11,0;1;4;2;3
16790,2291,11,0;1;2;4;3
16791,2291,11,0;1;4;2;3
16792,2465,11,0;1;4;2;3
16793,2465,11,0;1;4;2;3
16794,2167,11,0;1;3;4;2
16795,2167,11,0;1;3;2;4
16796,2290,11,0;1;3;4;2
16797,2290,11,0;1;3;4;2
16798,3031,11,0;1;3;2;4
16799,3031,11,0;1;3;2;4
16800,3474,11,0;1;2;3;4
16801,3474,11,0;1;2;3;4
16802,3538,11,0;1;2;3;4
16803,3538,11,0;1;2;3;4
16804,3545,11,0;1;2;3;4
16805,3545,11,0;1;2;3;4
16806,3574,11,0;1;2;3;4
16807,3574,11,0;1;2;3;4
16808,3566,11,0;1;2;4;3
16809,3566,11,0;1;2;4;3
16810,3579,11,0;1;2;3;4
16811,3579,11,0;1;2;3;4
16812,3529,11,0;1;2;4;3
16813,3529,11,0;1;2;4;3
16814,3048,11,0;1;3;4;2
16815,3048,11,0;1;3;4;2
16816,3415,11,0;1;2;4;3
16817,3415,11,0;1;2;4;3
16818,3036,11,0;1;3;4;2
16819,3036,11,0;1;3;4;2
16820,3427,11,0;1;2;4;3
16821,3427,11,0;1;2;4;3
16822,3507,11,0;1;2;4;3
16823,3507,11,0;1;2;4;3
16824,3484,11,0;1;2;4;3
16825,3484,11,0;1;2;4;3
16826,3501,11,0;1;2;4;3
16827,3501,11,0;1;2;4;3
16828,3527,11,0;1;2;4;3
16829,3527,11,0;1;2;4;3
16830,3491,11,0;1;2;4;3
16831,3491,11,0;1;2;4;3
16832,3495,11,0;1;2;4;3
16833,3495,11,0;1;2;4;3
16834,3996,11,0;1;3;4;2
16835,3996,11,0;1;3;2;4
16836,3941,11,0;1;3;4;2
16837,3941,11,0;1;3;4;2
16838,4042,11,0;1;3;4;2
16839,4042,11,0;1;3;4;2
16840,4065,11,0;1;4;3;2
16841,4065,11,0;1;4;3;2
16842,3993,11,0;1;4;3;2
16843,3993,11,0;1;4;3;2
16844,3815,11,0;1;3;2;4
16845,3815,11,0;1;3;2;4
16846,3994,11,0;1;4;3;2
16847,3994,11,0;1;4;3;2
16848,2985,11,0;1;4;3;2
16849,2985,11,0;1;4;3;2
16850,3829,11,0;1;4;3;2
16851,3829,11,0;1;4;3;2
16852,3861,11,0;1;4;3;2
16853,3861,11,0;1;4;3;2
16854,3879,11,0;1;3;4;2
16855,3879,11,0;1;3;4;2
16856,3811,11,0;1;4;3;2
16857,3811,11,0;1;4;3;2
16858,3974,11,0;1;4;3;2
16859,3974,11,0;1;4;3;2
16860,3862,11,0;1;4;3;2
16861,3862,11,0;1;4;3;2
16862,3897,11,0;1;4;3;2
16863,3897,11,0;1;4;3;2
16864,3899,11,0;1;4;3;2
16865,3899,11,0;1;4;3;2
16866,2853,11,0;1;4;3;2
16867,2853,11,0;1;4;3;2
16868,3840,11,0;1;4;2;3
16869,3840,11,0;1;4;2;3
16870,3843,11,0;1;4;2;3
16871,3843,11,0;1;4;2;3
16872,3846,11,0;1;4;2;3
16873,3846,11,0;1;4;2;3
16874,3953,11,0;1;4;3;2
16875,3953,11,0;1;4;3;2
16876,3925,11,0;1;4;3;2
16877,3925,11,0;1;4;3;2
16878,3980,11,0;1;3;4;2
16879,3980,11,0;1;3;4;2
16880,3864,11,0;1;4;3;2
16881,3864,11,0;1;4;3;2
16882,3834,11,0;1;4;3;2
16883,3834,11,0;1;4;3;2
16884,3842,11,0;1;4;3;2
16885,3842,11,0;1;4;3;2
16886,3991,11,0;1;4;3;2
16887,3991,11,0;1;4;3;2
16888,3826,11,0;1;4;3;2
16889,3826,11,0;1;4;3;2
16890,3976,11,0;1;4;3;2
16891,3976,11,0;1;4;3;2
16892,9419,11,0;1;2;3;4
16893,9419,11,0;1;2;3;4
16894,11105,11,0;2;3;1;4
16895,11105,11,0;2;3;1;4
16896,11104,11,0;3;2;1;4
16897,11104,11,0;3;2;1;4
16898,22306,11,0;3;1;4;2
16899,22306,11,0;3;1;4;2
16900,8792,11,0;4;3;2;1
16901,8792,11,0;4;3;2;1
16902,11103,11,0;2;3;1;4
16903,11103,11,0;2;3;1;4
16904,11056,11,0;3;4;2;1
16905,11056,11,0;3;4;2;1
16906,15747,11,0;4;1;3;2
16907,15747,11,0;4;1;3;2
16908,11102,11,0;3;2;1;4
16909,11102,11,0;3;2;1;4
16910,21753,11,0;1;4;3;2
16911,9122,11,0;2;3;4;1
16912,9122,11,0;2;3;4;1
16913,9306,11,0;1;4;3;2
16914,10423,11,0;4;2;3;1
16915,10423,11,0;4;2;3;1
16916,13907,11,0;3;4;2;1
16917,13907,11,0;3;4;2;1
16918,10399,11,0;3;4;1;2
16919,10399,11,0;3;4;1;2
16920,9755,11,0;4;3;2;1
16921,9755,11,0;4;3;2;1
16922,9254,11,0;3;2;4;1
16923,3360,11,0;1;2;3;4
16924,3360,11,0;1;2;3;4
16925,3400,11,0;1;2;4;3
16926,3400,11,0;1;2;4;3
16927,3377,11,0;1;2;4;3
16928,3377,11,0;1;2;4;3
16929,3395,11,0;1;2;4;3
16930,3395,11,0;1;2;4;3
16931,11101,11,0;3;2;1;4
16932,11101,11,0;3;2;1;4
16933,9091,11,0;3;4;2;1
16934,9091,11,0;3;4;2;1
16935,9136,11,0;4;3;1;2
16936,9136,11,0;4;3;1;2
16937,4181,11,0;1;2;3;4
16938,4181,11,0;1;2;3;4
16939,4220,11,0;1;3;4;2
16940,4220,11,0;1;3;4;2
16941,4535,11,0;1;2;4;3
16942,4535,11,0;1;2;4;3
16943,3254,11,0;1;3;2;4
16944,3254,11,0;1;3;2;4
16945,3243,11,0;1;3;4;2
16946,3243,11,0;1;3;4;2
16947,4663,11,0;1;3;4;2
16948,4663,11,0;1;3;4;2
16949,5976,11,0;1;2;3;4
16950,5976,11,0;1;2;3;4
16951,5688,11,0;1;3;4;2
16952,5688,11,0;1;3;4;2
16953,3223,11,0;1;4;3;2
16954,3223,11,0;1;4;3;2
16955,4426,11,0;1;4;3;2
16956,4426,11,0;1;4;3;2
16957,5562,11,0;1;3;2;4
16958,5562,11,0;1;3;2;4
16959,3244,11,0;1;3;4;2
16960,3244,11,0;1;3;4;2
16961,4605,11,0;1;4;3;2
16962,4605,11,0;1;4;3;2
16963,2968,11,0;1;4;2;3
16964,2968,11,0;1;4;2;3
16965,5370,11,0;1;4;3;2
16966,5370,11,0;1;4;3;2
16967,5181,11,0;1;4;3;2
16968,5181,11,0;1;4;3;2
16969,4399,11,0;1;4;2;3
16970,4399,11,0;1;4;2;3
16971,4760,11,0;1;4;3;2
16972,4760,11,0;1;4;3;2
16973,4758,11,0;1;4;3;2
16974,4758,11,0;1;4;3;2
16975,3132,11,0;1;4;3;2
16976,3132,11,0;1;4;3;2
16977,5903,11,0;1;4;3;2
16978,5903,11,0;1;4;3;2
16979,3045,11,0;1;4;3;2
16980,3045,11,0;1;4;3;2
16981,4983,11,0;1;4;3;2
16982,4983,11,0;1;4;3;2
16983,2846,11,0;1;4;3;2
16984,2846,11,0;1;4;3;2
16985,4768,11,0;1;4;3;2
16986,4768,11,0;1;4;3;2
16987,4196,11,0;1;4;3;2
16988,4196,11,0;1;4;3;2
16989,4120,11,0;1;4;3;2
16990,4120,11,0;1;4;3;2
16991,5032,11,0;1;3;4;2
16992,5032,11,0;1;3;4;2
16993,5033,11,0;1;3;4;2
16994,5033,11,0;1;3;4;2
16995,4123,11,0;1;4;3;2
16996,4123,11,0;1;4;3;2
16997,5219,11,0;1;4;3;2
16998,5219,11,0;1;4;3;2
16999,4128,11,0;1;4;3;2
17000,4128,11,0;1;4;3;2
17001,5568,11,0;1;4;3;2
17002,5568,11,0;1;4;3;2
17003,11088,11,0;1;4;3;2
17004,11088,11,0;1;3;2;4
17005,10886,11,0;1;3;4;2
17006,10886,11,0;1;3;4;2
17007,12280,11,0;1;3;4;2
17008,12280,11,0;1;3;4;2
17009,6764,11,0;4;3;2;1
17010,14172,11,0;3;2;1;4
17011,14172,11,0;3;2;1;4
17012,7136,11,0;3;4;2;1
17013,7136,11,0;3;4;2;1
17014,17764,11,0;4;1;2;3
17015,7303,11,0;4;3;2;1
17016,7303,11,0;4;3;2;1
17017,18950,11,0;1;4;3;2
17018,10549,11,0;3;2;4;1
17019,10549,11,0;3;2;4;1
17020,11273,11,0;2;4;3;1
17021,11273,11,0;2;4;3;1
17022,11371,11,0;4;3;2;1
17023,12124,11,0;2;3;4;1
17024,12124,11,0;2;3;4;1
17025,20460,11,0;4;1;2;3
17026,7243,11,0;4;3;2;1
17027,11155,11,0;4;3;1;2
17028,11155,11,0;4;3;1;2
17029,13905,11,0;2;4;3;1
17030,13905,11,0;2;4;3;1
17031,21323,11,0;1;4;2;3
17032,22304,11,0;1;4;3;2
17033,22304,11,0;1;4;3;2
17034,22527,11,0;3;1;4;2
17035,22527,11,0;3;1;4;2
17036,18677,11,0;3;1;4;2
17037,18677,11,0;3;1;4;2
17038,7897,11,0;4;2;3;1
17039,7897,11,0;4;2;3;1
17040,14175,11,0;3;1;2;4
17041,14175,11,0;3;1;2;4
17042,22302,11,0;1;4;2;3
17043,12351,11,0;4;3;2;1
17044,12351,11,0;4;3;2;1
17045,7859,11,0;3;4;2;1
17046,7859,11,0;3;4;2;1
17047,14010,11,0;4;3;1;2
17048,14010,11,0;4;3;1;2
17049,10414,11,0;4;3;1;2
17050,10414,11,0;4;3;1;2
17051,11393,11,0;4;3;1;2
17052,11393,11,0;4;3;1;2
17053,14320,11,0;4;1;3;2
17054,14740,11,0;4;3;1;2
17055,14695,11,0;3;1;4;2
17056,14695,11,0;3;1;4;2
17057,14978,11,0;3;4;1;2
17058,14978,11,0;3;4;1;2
17059,23455,11,0;1;4;2;3
17060,10634,11,0;4;2;3;1
17061,10634,11,0;4;2;3;1
17062,11136,11,0;4;3;1;2
17063,11136,11,0;4;3;1;2
17064,10811,11,0;4;3;1;2
17065,10811,11,0;4;3;1;2
17066,11045,11,0;4;2;3;1
17067,11045,11,0;4;2;3;1
17068,8139,11,0;4;3;1;2
17069,8139,11,0;4;3;1;2
17070,7115,11,0;4;2;3;1
17071,7115,11,0;4;2;3;1
17072,1059,11,0;1;4;2;3
17073,1059,11,0;1;2;4;3
17074,1081,11,0;1;2;4;3
17075,1081,11,0;1;2;4;3
17076,1103,11,0;1;4;2;3
17077,1103,11,0;1;2;4;3
17078,1146,11,0;1;4;2;3
17079,1146,11,0;1;4;2;3
17080,1144,11,0;1;3;4;2
17081,1144,11,0;1;3;2;4
17082,1145,11,0;1;3;4;2
17083,1145,11,0;1;3;4;2
17084,1163,11,0;1;3;4;2
17085,1163,11,0;1;3;4;2
17086,1164,11,0;1;3;2;4
17087,1164,11,0;1;3;4;2
17088,1162,11,0;1;3;2;4
17089,1162,11,0;1;3;4;2
17090,881,11,0;1;3;2;4
17091,881,11,0;1;3;4;2
17092,1159,11,0;1;3;2;4
17093,1159,11,0;1;3;2;4
17094,1141,11,0;1;3;2;4
17095,1141,11,0;1;3;2;4
17096,1160,11,0;1;3;2;4
17097,1160,11,0;1;3;4;2
17098,1112,11,0;1;3;4;2
17099,1112,11,0;1;3;4;2
17100,1073,11,0;1;3;2;4
17101,1073,11,0;1;3;2;4
17102,1165,11,0;1;3;4;2
17103,1165,11,0;1;3;2;4
17104,3520,11,0;1;2;3;4
17105,3520,11,0;1;2;3;4
17106,3528,11,0;1;2;4;3
17107,3528,11,0;1;2;4;3
17108,2920,11,0;1;4;3;2
17109,2920,11,0;1;4;3;2
17110,3784,11,0;1;4;3;2
17111,3784,11,0;1;4;3;2
17112,3832,11,0;1;3;4;2
17113,3832,11,0;1;3;4;2
17114,4024,11,0;1;4;3;2
17115,4024,11,0;1;4;3;2
17116,3759,11,0;1;4;3;2
17117,3759,11,0;1;4;3;2
17118,9296,11,0;4;2;3;1
17119,8994,11,0;3;4;2;1
17120,8994,11,0;3;4;2;1
17121,8980,11,0;3;4;2;1
17122,8980,11,0;3;4;2;1
17123,21656,11,0;1;4;2;3
17124,21656,11,0;1;4;2;3
17125,20549,11,0;4;1;3;2
17126,8824,11,0;4;3;2;1
17127,8824,11,0;4;3;2;1
17128,9580,11,0;4;2;3;1
17129,9580,11,0;4;2;3;1
17130,8844,11,0;4;2;3;1
17131,8844,11,0;4;2;3;1
17132,15825,11,0;3;1;4;2
17133,15825,11,0;3;1;4;2
17134,8837,11,0;4;3;2;1
17135,8837,11,0;4;3;2;1
17136,1101,11,0;1;4;2;3
17137,1101,11,0;1;2;4;3
17138,1102,11,0;1;4;2;3
17139,1102,11,0;1;4;2;3
17140,9694,11,0;3;4;1;2
17141,9694,11,0;3;4;1;2
17142,731,11,0;1;2;4;3
17143,731,11,0;1;2;4;3
17144,2143,11,0;1;2;4;3
17145,2143,11,0;1;4;2;3
17146,2373,11,0;1;2;4;3
17147,2373,11,0;1;4;2;3
17148,2377,11,0;1;4;2;3
17149,2377,11,0;1;2;4;3
17150,1859,11,0;1;3;4;2
17151,1859,11,0;1;3;4;2
17152,1719,11,0;1;3;4;2
17153,1719,11,0;1;3;2;4
17154,2166,11,0;1;3;2;4
17155,2166,11,0;1;3;2;4
17156,1546,11,0;1;3;2;4
17157,1546,11,0;1;3;2;4
17158,1353,11,0;1;3;2;4
17159,1353,11,0;1;3;2;4
17160,914,11,0;1;3;4;2
17161,914,11,0;1;3;2;4
17162,2464,11,0;1;3;4;2
17163,2464,11,0;1;3;2;4
17164,2820,11,0;1;2;4;3
17165,2820,11,0;1;2;4;3
17166,5019,11,0;1;2;3;4
17167,5019,11,0;1;2;4;3
17168,4608,11,0;1;3;4;2
17169,4608,11,0;1;3;4;2
17170,3033,11,0;1;4;2;3
17171,3033,11,0;1;4;2;3
17172,3042,11,0;1;4;3;2
17173,3042,11,0;1;4;3;2
17174,4611,11,0;1;4;3;2
17175,4611,11,0;1;4;3;2
17176,5031,11,0;1;3;4;2
17177,5031,11,0;1;3;4;2
17178,14662,11,0;2;4;3;1
17179,14662,11,0;2;4;3;1
17180,15670,11,0;4;2;1;3
17181,15670,11,0;4;2;1;3
17182,17763,11,0;4;1;3;2
17183,12850,11,0;2;4;3;1
17184,12850,11,0;2;4;3;1
17185,11226,11,0;4;1;2;3
17186,11226,11,0;4;1;2;3
17187,21270,11,0;1;2;3;4
17188,21270,11,0;1;2;3;4
17189,7025,11,0;3;2;4;1
17190,7025,11,0;3;2;4;1
17191,12801,11,0;3;4;2;1
17192,12801,11,0;3;4;2;1
17193,11165,11,0;4;3;1;2
17194,11165,11,0;4;3;1;2
17195,13105,11,0;4;3;1;2
17196,16997,11,0;2;4;3;1
17197,16997,11,0;2;4;3;1
17198,18648,11,0;4;1;3;2
17199,12165,11,0;4;2;3;1
17200,12165,11,0;4;2;3;1
17201,7033,11,0;4;2;3;1
17202,7033,11,0;4;2;3;1
17203,13054,11,0;3;4;2;1
17204,13918,11,0;2;1;3;4
17205,13918,11,0;2;1;3;4
17206,10619,11,0;4;3;1;2
17207,10619,11,0;4;3;1;2
17208,15694,11,0;3;1;4;2
17209,15694,11,0;3;1;4;2
17210,6647,11,0;3;2;4;1
17211,6647,11,0;3;2;4;1
17212,7066,11,0;4;3;2;1
17213,7066,11,0;4;3;2;1
17214,7854,11,0;4;2;3;1
17215,7854,11,0;4;3;2;1
17216,7853,11,0;4;2;3;1
17217,7853,11,0;4;3;2;1
17218,7765,11,0;4;3;1;2
17219,19733,11,0;4;3;2;1
17220,19733,11,0;4;3;2;1
17221,1684,11,0;1;2;4;3
17222,1684,11,0;1;2;4;3
17223,3052,11,0;1;4;3;2
17224,3052,11,0;1;4;3;2
17225,3772,11,0;1;4;2;3
17226,3772,11,0;1;4;2;3
17227,19968,11,0;3;1;2;4
17228,19968,11,0;3;1;2;4
17229,12110,11,0;4;3;1;2
17230,12110,11,0;4;3;1;2
17231,8876,11,0;2;4;3;1
17232,8876,11,0;2;4;3;1
17233,9709,11,0;4;3;1;2
17234,17851,11,0;3;1;4;2
17235,17131,11,0;3;4;1;2
17236,17131,11,0;4;3;1;2
17237,8959,11,0;3;4;1;2
17238,8959,11,0;3;4;1;2
17239,15738,11,0;3;2;1;4
17240,15738,11,0;3;2;1;4
17241,7852,11,0;4;2;3;1
17242,7852,11,0;4;2;3;1
17243,8877,11,0;4;3;2;1
17244,8877,11,0;4;3;2;1
17245,1047,11,0;1;2;4;3
17246,1047,11,0;1;2;4;3
17247,3292,11,0;1;3;4;2
17248,3292,11,0;1;3;4;2
17249,4116,11,0;1;4;2;3
17250,4116,11,0;1;4;2;3
17251,2888,11,0;1;4;3;2
17252,2888,11,0;1;4;3;2
17253,10484,11,0;3;4;2;1
17254,10484,11,0;3;4;2;1
17255,7094,11,0;4;3;2;1
17256,7094,11,0;4;3;2;1
17257,6608,11,0;2;3;4;1
17258,6608,11,0;2;3;4;1
17259,12179,11,0;2;3;4;1
17260,12179,11,0;2;3;4;1
17261,13937,11,0;3;2;1;4
17262,13937,11,0;3;2;1;4
17263,17497,11,0;3;1;4;2
17264,17497,11,0;3;1;4;2
17265,10631,11,0;4;2;3;1
17266,10631,11,0;4;2;3;1
17267,13050,11,0;4;3;1;2
17268,13050,11,0;4;3;1;2
17269,6588,11,0;2;4;3;1
17270,6588,11,0;2;4;3;1
17271,12122,11,0;3;2;1;4
17272,12122,11,0;3;2;1;4
17273,12186,11,0;4;3;1;2
17274,12186,11,0;4;3;1;2
17275,10323,11,0;3;2;4;1
17276,10323,11,0;3;2;4;1
17277,7851,11,0;4;3;2;1
17278,7851,11,0;4;3;2;1
17279,11164,11,0;3;4;2;1
17280,11164,11,0;3;4;2;1
17281,1080,11,0;1;4;2;3
17282,1080,11,0;1;2;4;3
17283,1100,11,0;1;2;4;3
17284,1100,11,0;1;2;4;3
17285,1143,11,0;1;3;4;2
17286,1143,11,0;1;3;4;2
17287,1140,11,0;1;3;4;2
17288,1140,11,0;1;3;2;4
17289,4054,11,0;1;4;3;2
17290,4054,11,0;1;4;3;2
17291,12402,11,0;2;4;1;3
17292,12402,11,0;2;4;1;3
17293,20003,11,0;1;2;4;3
17294,20003,11,0;1;2;4;3
17295,9054,11,0;4;3;2;1
17296,9054,11,0;4;3;2;1
17297,1637,11,0;1;4;2;3
17298,1637,11,0;1;4;2;3
17299,1442,11,0;1;4;2;3
17300,1442,11,0;1;2;4;3
17301,1236,11,0;1;2;4;3
17302,1236,11,0;1;4;2;3
17303,779,11,0;1;2;4;3
17304,779,11,0;1;4;2;3
17305,758,11,0;1;3;2;4
17306,758,11,0;1;3;2;4
17307,5296,11,0;1;4;2;3
17308,5296,11,0;1;4;2;3
17309,4634,11,0;1;4;2;3
17310,4634,11,0;1;4;2;3
17311,19737,11,0;1;4;3;2
17312,19737,11,0;1;4;3;2
17313,7907,11,0;4;1;2;3
17314,7907,11,0;4;1;2;3
17315,12257,11,0;4;3;1;2
17316,12257,11,0;4;3;2;1
17317,12514,11,0;4;1;3;2
17318,12514,11,0;4;1;3;2
17319,6947,11,0;4;3;2;1
17320,6947,11,0;4;3;2;1
17321,10392,11,0;3;4;1;2
17322,10392,11,0;3;4;1;2
17323,6610,11,0;3;4;2;1
17324,6610,11,0;3;4;2;1
17325,10383,11,0;3;2;1;4
17326,10383,11,0;3;2;1;4
17327,1814,11,0;1;2;4;3
17328,1814,11,0;1;4;2;3
17329,1642,11,0;1;4;2;3
17330,1642,11,0;1;2;4;3
17331,1447,11,0;1;2;4;3
17332,1447,11,0;1;4;2;3
17333,1241,11,0;1;2;4;3
17334,1241,11,0;1;4;2;3
17335,784,11,0;1;2;4;3
17336,784,11,0;1;4;2;3
17337,783,11,0;1;3;4;2
17338,783,11,0;1;3;2;4
17339,1246,11,0;1;3;4;2
17340,1246,11,0;1;3;2;4
17341,1455,11,0;1;3;4;2
17342,1455,11,0;1;3;2;4
17343,1653,11,0;1;3;4;2
17344,1653,11,0;1;3;4;2
17345,1828,11,0;1;3;2;4
17346,1828,11,0;1;3;4;2
17347,1976,11,0;1;3;4;2
17348,1976,11,0;1;3;4;2
17349,2128,11,0;1;3;2;4
17350,2128,11,0;1;3;4;2
17351,2255,11,0;1;3;2;4
17352,2255,11,0;1;3;2;4
17353,2363,11,0;1;3;4;2
17354,2363,11,0;1;3;2;4
17355,2449,11,0;1;3;4;2
17356,2449,11,0;1;3;4;2
17357,2518,11,0;1;3;2;4
17358,2518,11,0;1;3;2;4
17359,9464,11,0;4;1;2;3
17360,9464,11,0;4;1;2;3
17361,22268,11,0;1;2;3;4
17362,22268,11,0;1;2;3;4
17363,6923,11,0;4;2;3;1
17364,6509,11,0;4;3;2;1
17365,6509,11,0;4;3;2;1
17366,13936,11,0;3;1;2;4
17367,13936,11,0;3;1;2;4
17368,6544,11,0;4;3;2;1
17369,6544,11,0;4;3;2;1
17370,8812,11,0;4;3;2;1
17371,8812,11,0;4;3;2;1
17372,9010,11,0;2;4;3;1
17373,9010,11,0;2;4;3;1
17374,8817,11,0;4;3;2;1
17375,8817,11,0;4;3;2;1
17376,9002,11,0;4;2;3;1
17377,9002,11,0;4;2;3;1
17378,19736,11,0;1;3;4;2
17379,19736,11,0;1;3;4;2
17380,7231,11,0;4;2;1;3
17381,7231,11,0;4;2;1;3
17382,10480,11,0;4;3;1;2
17383,10480,11,0;4;3;1;2
17384,6575,11,0;4;3;2;1
17385,6575,11,0;4;3;2;1
17386,11159,11,0;3;2;4;1
17387,11159,11,0;3;2;4;1
17388,1018,11,0;1;4;2;3
17389,1018,11,0;1;2;4;3
17390,997,11,0;1;3;2;4
17391,997,11,0;1;3;4;2
17392,8774,11,0;4;3;2;1
17393,8774,11,0;4;3;2;1
17394,8911,11,0;2;3;4;1
17395,8911,11,0;2;3;4;1
17396,6569,11,0;4;2;3;1
17397,6569,11,0;4;2;3;1
17398,8949,11,0;4;3;2;1
17399,8949,11,0;4;3;2;1
17400,1023,11,0;1;4;2;3
17401,1023,11,0;1;2;4;3
17402,1025,11,0;1;3;4;2
17403,1025,11,0;1;3;4;2
17404,8776,11,0;3;4;2;1
17405,8776,11,0;3;4;2;1
17406,13116,11,0;3;4;1;2
17407,11530,11,0;1;4;3;2
17408,11460,11,0;4;3;1;2
17409,20458,11,0;4;1;2;3
17410,21673,11,0;4;1;3;2
17411,19726,11,0;3;1;4;2
17412,9806,11,0;1;4;3;2
17413,9375,11,0;4;2;3;1
17414,9375,11,0;4;2;3;1
17415,8179,11,0;4;1;2;3
17416,8179,11,0;4;1;2;3
17417,8192,11,0;1;4;3;2
17418,6504,11,0;4;3;2;1
17419,6504,11,0;4;3;2;1
17420,6973,11,0;4;3;2;1
17421,6973,11,0;4;3;2;1
17422,6541,11,0;4;2;3;1
17423,6541,11,0;4;2;3;1
17424,494,11,0;1;2;3;4
17425,524,11,0;2;1;3;4
17426,584,11,0;2;1;3;4
17427,624,11,0;1;2;3;4
17428,402,11,0;2;1;3;4
17429,557,11,0;2;1;3;4
17430,92,11,0;1;2;3;4
17431,125,11,0;1;2;3;4
17432,139,11,0;1;2;3;4
17433,179,11,0;1;2;3;4
17434,180,11,0;1;2;3;4
17435,195,11,0;1;2;3;4
17436,196,11,0;1;2;3;4
17437,202,11,0;1;2;3;4
17438,203,11,0;1;2;3;4
17439,204,11,0;1;2;3;4
17440,207,11,0;1;2;3;4
17441,210,11,0;1;2;3;4
17442,211,11,0;1;2;3;4
17443,212,11,0;1;2;3;4
17444,15,11,0;1;2;3;4
17445,20,11,0;1;2;3;4
17446,397,11,0;2;1;3;4
17447,415,11,0;1;2;3;4
17448,583,11,0;1;2;3;4
17449,621,11,0;1;2;3;4
17450,623,11,0;1;2;3;4
17451,644,11,0;1;2;3;4
17452,596,11,0;2;1;3;4
17453,597,11,0;2;1;3;4
17454,472,11,0;2;1;3;4
17455,529,11,0;2;1;3;4
17456,561,11,0;2;1;3;4
17457,593,11,0;2;1;3;4
17458,200,11,0;1;2;3;4
17459,201,11,0;1;2;3;4
17460,556,11,0;2;1;3;4
17461,314,11,0;2;1;3;4
17462,206,11,0;1;2;3;4
17463,643,11,0;2;1;3;4
17464,547,11,0;2;1;3;4
17465,53,11,0;1;2;3;4
17778,6899,12,0;1;3;2;4
17779,6899,12,0;1;3;2;4
17780,8292,12,0;1;2;4;3
17781,8292,12,0;1;2;4;3
17782,8543,12,0;1;2;3;4
17783,8554,12,0;1;2;3;4
17784,8549,12,0;1;2;4;3
17785,8542,12,0;1;2;4;3
17786,8552,12,0;1;2;3;4
17787,11979,12,0;2;4;1;3
17788,13747,12,0;2;3;1;4
17789,18273,12,0;2;3;1;4
17790,15432,12,0;2;4;3;1
17791,18267,12,0;2;1;3;4
17792,15431,12,0;2;1;4;3
17793,10446,12,0;1;3;4;2
17794,10446,12,0;1;3;4;2
17795,24104,12,0;2;1;3;4
17796,24099,12,0;2;1;4;3
17797,22470,12,0;4;3;1;2
17798,12058,12,0;1;4;2;3
17799,13682,12,0;1;2;3;4
17800,14379,12,0;2;1;4;3
17801,14379,12,0;2;1;4;3
17802,12584,12,0;4;3;1;2
17803,11698,12,0;3;4;2;1
17804,11698,12,0;3;4;2;1
17805,11717,12,0;4;3;1;2
17806,15446,12,0;2;3;1;4
17807,24063,12,0;3;1;2;4
17808,24072,12,0;3;1;2;4
17809,24073,12,0;3;1;2;4
17810,24100,12,0;3;1;2;4
17811,24101,12,0;3;1;2;4
17812,24102,12,0;3;1;4;2
17813,24098,12,0;4;2;1;3
17814,24098,12,0;2;4;1;3
17815,12205,12,0;4;3;1;2
17816,12205,12,0;4;3;1;2
17817,13784,12,0;1;4;3;2
17818,13358,12,0;4;3;1;2
17819,13518,12,0;4;2;1;3
17820,13575,12,0;3;2;4;1
17821,16715,12,0;4;1;3;2
17822,15370,12,0;3;4;1;2
17823,19255,12,0;4;2;1;3
17824,16883,12,0;2;3;1;4
17825,17936,12,0;1;3;4;2
17826,18005,12,0;1;3;2;4
17827,18188,12,0;2;1;4;3
17828,18023,12,0;1;4;3;2
17829,17536,12,0;4;1;3;2
17830,15609,12,0;1;4;3;2
17831,16077,12,0;4;1;3;2
17832,16792,12,0;4;3;1;2
17833,16842,12,0;3;1;4;2
17834,15517,12,0;3;2;1;4
17835,24736,12,0;4;2;1;3
17836,24737,12,0;4;3;1;2
17837,24739,12,0;4;3;1;2
17838,24475,12,0;3;1;4;2
17839,18465,12,0;2;3;1;4
17840,21001,12,0;4;1;3;2
17841,18754,12,0;1;4;2;3
17842,18754,12,0;1;4;2;3
17843,14552,12,0;4;3;1;2
17844,13398,12,0;4;2;3;1
17845,21481,12,0;3;1;4;2
17846,19525,12,0;1;2;4;3
17847,19531,12,0;1;2;4;3
17848,18076,12,0;4;3;1;2
17849,18831,12,0;1;4;3;2
17850,14097,12,0;4;2;1;3
17851,11970,12,0;3;4;2;1
17852,16912,12,0;3;2;4;1
17853,14556,12,0;4;3;1;2
17854,14430,12,0;4;3;1;2
17855,14430,12,0;4;3;1;2
17856,16955,12,0;4;1;3;2
17857,17969,12,0;4;1;3;2
17858,17024,12,0;4;1;3;2
17859,17024,12,0;4;1;3;2
17860,18160,12,0;4;1;2;3
17861,19242,12,0;4;1;2;3
17862,19474,12,0;1;4;3;2
17863,16899,12,0;3;2;1;4
17864,24824,12,0;4;3;2;1
17865,23891,12,0;4;3;2;1
17866,23892,12,0;4;3;2;1
17867,23965,12,0;3;4;1;2
17868,19545,12,0;1;4;3;2
17869,11920,12,0;4;3;2;1
17870,19752,12,0;1;3;2;4
17871,19752,12,0;1;3;2;4
17872,19747,12,0;1;4;2;3
17873,20091,12,0;3;1;2;4
17874,20091,12,0;3;1;2;4
17875,17547,12,0;4;2;1;3
17876,20126,12,0;1;3;4;2
17877,20126,12,0;1;3;4;2
17878,16523,12,0;2;4;3;1
17879,16523,12,0;2;4;3;1
17880,20158,12,0;1;3;4;2
17881,20158,12,0;1;3;4;2
17882,20858,12,0;1;2;4;3
17883,11636,12,0;2;4;3;1
17884,11636,12,0;2;4;3;1
17885,8449,12,0;3;4;2;1
17886,20935,12,0;2;1;4;3
17887,19855,12,0;1;4;3;2
17888,19846,12,0;1;4;3;2
17889,19856,12,0;1;4;2;3
17890,19856,12,0;1;4;2;3
17891,20860,12,0;1;4;2;3
17892,15293,12,0;3;4;1;2
17893,11789,12,0;4;3;2;1
17894,13400,12,0;3;4;1;2
17895,20806,12,0;1;3;4;2
17896,20804,12,0;1;3;4;2
17897,17583,12,0;3;4;1;2
17898,19887,12,0;4;1;3;2
17899,20889,12,0;1;4;3;2
17900,20891,12,0;1;4;3;2
17901,20819,12,0;1;3;4;2
17902,20816,12,0;1;3;4;2
17903,21929,12,0;4;1;2;3
17904,21104,12,0;2;1;4;3
17905,21138,12,0;1;2;3;4
17906,21139,12,0;1;2;4;3
17907,20137,12,0;1;4;3;2
17908,8598,12,0;4;3;2;1
17909,10925,12,0;4;2;1;3
17910,12682,12,0;4;3;2;1
17911,18176,12,0;3;4;1;2
17912,7692,12,0;3;4;1;2
17913,14622,12,0;3;4;1;2
17914,19901,12,0;1;4;2;3
17915,19903,12,0;1;4;2;3
17916,19899,12,0;1;4;3;2
17917,8603,12,0;3;2;1;4
17918,22458,12,0;4;3;1;2
17919,12792,12,0;4;3;1;2
17920,10881,12,0;4;2;3;1
17921,10881,12,0;4;2;3;1
17922,15490,12,0;4;3;1;2
17923,16806,12,0;4;3;1;2
17924,19640,12,0;3;4;2;1
17925,11892,12,0;4;3;2;1
17926,22191,12,0;3;1;4;2
17927,23966,12,0;4;1;2;3
17928,25030,12,0;4;3;1;2
17929,24868,12,0;3;4;1;2
17930,18766,12,0;2;1;4;3
17931,21232,12,0;1;2;3;4
17932,17372,12,0;4;2;3;1
17933,17372,12,0;4;2;3;1
17934,14391,12,0;2;4;3;1
17935,19488,12,0;3;4;1;2
17936,21211,12,0;2;3;1;4
17937,23793,12,0;2;1;4;3
17938,21857,12,0;1;2;4;3
17939,21921,12,0;1;2;4;3
17940,21464,12,0;1;4;2;3
17941,21497,12,0;1;4;2;3
17942,21971,12,0;1;3;4;2
17943,21885,12,0;1;3;4;2
17944,21885,12,0;1;3;4;2
17945,21902,12,0;1;3;4;2
17946,20108,12,0;3;1;2;4
17947,20108,12,0;3;1;2;4
17948,22083,12,0;1;2;4;3
17949,22099,12,0;1;2;4;3
17950,21318,12,0;1;4;3;2
17951,21879,12,0;1;4;2;3
17952,15752,12,0;4;3;1;2
17953,12747,12,0;4;3;2;1
17954,12747,12,0;4;3;2;1
17955,17461,12,0;4;1;2;3
17956,20852,12,0;4;3;1;2
17957,21567,12,0;1;4;3;2
17958,21976,12,0;1;4;3;2
17959,13980,12,0;2;4;3;1
17960,13980,12,0;2;4;3;1
17961,22025,12,0;1;4;3;2
17962,21137,12,0;3;1;2;4
17963,21472,12,0;1;4;2;3
17964,21473,12,0;1;4;3;2
17965,21886,12,0;1;4;3;2
17966,21890,12,0;1;4;3;2
17967,19927,12,0;4;1;3;2
17968,20355,12,0;4;3;1;2
17969,15160,12,0;2;4;1;3
17970,14090,12,0;3;4;1;2
17971,15458,12,0;3;4;1;2
17972,16619,12,0;4;3;1;2
17973,13346,12,0;4;2;1;3
17974,19398,12,0;4;1;3;2
17975,19643,12,0;4;2;1;3
17976,19699,12,0;1;4;3;2
17977,20184,12,0;4;1;3;2
17978,8421,12,0;3;4;1;2
17979,8421,12,0;3;4;1;2
17980,19567,12,0;4;2;1;3
17981,15531,12,0;4;3;2;1
17982,8494,12,0;2;3;4;1
17983,20892,12,0;2;1;4;3
17984,19672,12,0;3;2;1;4
17985,15060,12,0;4;3;2;1
17986,15060,12,0;4;3;2;1
17987,8591,12,0;4;2;3;1
17988,24991,12,0;3;2;1;4
17989,22230,12,0;3;1;2;4
17990,24005,12,0;4;3;2;1
17991,25054,12,0;4;1;3;2
17992,22241,12,0;1;2;4;3
17993,13691,12,0;2;4;3;1
17994,12761,12,0;4;3;2;1
17995,22855,12,0;1;2;3;4
17996,22424,12,0;1;3;4;2
17997,22772,12,0;1;4;3;2
17998,22811,12,0;1;4;2;3
17999,18104,12,0;4;3;2;1
18000,22980,12,0;2;1;4;3
18001,22924,12,0;1;3;2;4
18002,22853,12,0;1;4;3;2
18003,22294,12,0;1;4;3;2
18004,22294,12,0;1;4;3;2
18005,22293,12,0;1;4;2;3
18006,22293,12,0;1;4;2;3
18007,22862,12,0;1;4;2;3
18008,22513,12,0;1;4;3;2
18009,22880,12,0;1;3;4;2
18010,23069,12,0;1;4;2;3
18011,23076,12,0;1;2;3;4
18012,23079,12,0;1;3;4;2
18013,23075,12,0;1;2;4;3
18014,23081,12,0;1;4;3;2
18015,23080,12,0;1;3;4;2
18016,21153,12,0;4;2;1;3
18017,23082,12,0;1;4;2;3
18018,14429,12,0;4;1;2;3
18019,14429,12,0;4;1;2;3
18020,22835,12,0;1;4;2;3
18021,22497,12,0;1;4;3;2
18022,12221,12,0;4;1;2;3
18023,12221,12,0;4;1;2;3
18024,16835,12,0;2;3;4;1
18025,18366,12,0;4;3;1;2
18026,23091,12,0;1;4;3;2
18027,19295,12,0;4;1;3;2
18028,15347,12,0;3;4;2;1
18029,16096,12,0;4;1;3;2
18030,22440,12,0;1;4;2;3
18031,13662,12,0;4;3;2;1
18032,22886,12,0;1;4;3;2
18033,23018,12,0;1;4;3;2
18034,16501,12,0;2;4;3;1
18035,11999,12,0;4;3;2;1
18036,23164,12,0;2;1;4;3
18037,21140,12,0;4;2;1;3
18038,15331,12,0;4;3;2;1
18039,23115,12,0;4;1;2;3
18040,19561,12,0;3;4;1;2
18041,13378,12,0;4;3;2;1
18042,15193,12,0;4;2;1;3
18043,8493,12,0;3;2;4;1
18044,17972,12,0;4;1;3;2
18045,17972,12,0;4;1;3;2
18046,13694,12,0;4;3;2;1
18047,16697,12,0;4;3;1;2
18048,19434,12,0;3;1;4;2
18049,18205,12,0;3;1;4;2
18050,22815,12,0;4;2;1;3
18051,24321,12,0;4;1;2;3
18052,24321,12,0;4;2;1;3
18053,11891,12,0;4;2;3;1
18054,15452,12,0;4;2;1;3
18055,23200,12,0;1;3;2;4
18056,23201,12,0;1;4;2;3
18057,22243,12,0;3;1;2;4
18058,23198,12,0;3;2;1;4
18059,12031,12,0;4;3;2;1
18060,13826,12,0;3;4;2;1
18061,23363,12,0;1;3;2;4
18062,8259,12,0;4;3;2;1
18063,8259,12,0;4;3;2;1
18064,6904,12,0;4;2;1;3
18065,6904,12,0;4;2;1;3
18066,23673,12,0;1;4;3;2
18067,23674,12,0;1;3;4;2
18068,12705,12,0;4;3;1;2
18069,23779,12,0;1;3;4;2
18070,23693,12,0;1;3;4;2
18071,13427,12,0;4;2;3;1
18072,23712,12,0;4;1;2;3
18073,23849,12,0;1;2;4;3
18074,8611,12,0;4;3;2;1
18075,17077,12,0;4;2;1;3
18076,17077,12,0;4;2;1;3
18077,7474,12,0;4;3;2;1
18078,17459,12,0;4;2;3;1
18079,23034,12,0;3;1;4;2
18080,7691,12,0;4;3;2;1
18081,24471,12,0;4;1;3;2
18082,20107,12,0;3;1;4;2
18083,20107,12,0;3;1;4;2
18084,18102,12,0;4;3;1;2
18085,23736,12,0;1;4;3;2
18086,8362,12,0;3;1;2;4
18087,8362,12,0;3;1;2;4
18088,16906,12,0;4;3;2;1
18089,23967,12,0;2;1;4;3
18090,23668,12,0;1;4;2;3
18091,23803,12,0;1;4;3;2
18092,8361,12,0;3;4;1;2
18093,8361,12,0;3;4;1;2
18094,23764,12,0;1;4;3;2
18095,15568,12,0;3;4;2;1
18096,10864,12,0;3;4;2;1
18097,10864,12,0;3;4;2;1
18098,16650,12,0;4;1;3;2
18099,15185,12,0;4;3;2;1
18100,19460,12,0;3;4;1;2
18101,11804,12,0;4;3;2;1
18102,8492,12,0;3;2;4;1
18103,20124,12,0;4;1;2;3
18104,20124,12,0;4;1;2;3
18105,6710,12,0;4;3;1;2
18106,6710,12,0;4;3;1;2
18107,15329,12,0;4;1;3;2
18108,17099,12,0;4;1;3;2
18109,17099,12,0;4;1;3;2
18110,20878,12,0;4;3;2;1
18111,13356,12,0;3;4;2;1
18112,19936,12,0;4;1;2;3
18113,12040,12,0;4;3;1;2
18114,11866,12,0;4;3;2;1
18115,15383,12,0;4;2;3;1
18116,18420,12,0;2;4;3;1
18117,16771,12,0;4;3;1;2
18118,18359,12,0;3;4;1;2
18119,19845,12,0;4;1;2;3
18120,19845,12,0;4;1;2;3
18121,17993,12,0;3;1;4;2
18122,12032,12,0;4;3;2;1
18123,24275,12,0;1;2;4;3
18124,24279,12,0;1;2;4;3
18125,24279,12,0;1;2;4;3
18126,24304,12,0;1;2;4;3
18127,24105,12,0;1;2;4;3
18128,24105,12,0;1;2;4;3
18129,24140,12,0;1;3;4;2
18130,24140,12,0;1;3;4;2
18131,24107,12,0;1;3;4;2
18132,24107,12,0;1;3;4;2
18133,18151,12,0;3;4;1;2
18134,24007,12,0;2;1;4;3
18135,24024,12,0;1;2;3;4
18136,22809,12,0;4;3;2;1
18137,16873,12,0;4;3;2;1
18138,24268,12,0;1;4;2;3
18139,15488,12,0;4;3;2;1
18140,23209,12,0;2;1;3;4
18141,24034,12,0;1;2;3;4
18142,23697,12,0;4;1;3;2
18143,7559,12,0;4;3;2;1
18144,24717,12,0;1;2;3;4
18145,11861,12,0;1;4;3;2
18146,20315,12,0;4;3;1;2
18147,19679,12,0;4;3;2;1
18148,21144,12,0;4;3;2;1
18149,15153,12,0;4;3;1;2
18150,15153,12,0;4;3;1;2
18151,21625,12,0;1;2;4;3
18152,21625,12,0;2;4;1;3
18153,24687,12,0;1;3;2;4
18154,15474,12,0;4;2;3;1
18155,15473,12,0;4;2;3;1
18156,18220,12,0;4;1;2;3
18157,24783,12,0;1;2;3;4
18158,24782,12,0;1;3;2;4
18159,24786,12,0;1;3;2;4
18160,8279,12,0;3;2;1;4
18161,8279,12,0;3;2;1;4
18162,20219,12,0;4;1;3;2
18163,24335,12,0;1;3;4;2
18164,24810,12,0;1;2;4;3
18165,16640,12,0;3;4;1;2
18166,24867,12,0;2;1;3;4
18167,24872,12,0;1;2;3;4
18168,24129,12,0;1;4;3;2
18169,24130,12,0;1;4;2;3
18170,24130,12,0;1;4;2;3
18171,24381,12,0;1;3;2;4
18172,24381,12,0;1;3;2;4
18173,13304,12,0;4;3;1;2
18174,13304,12,0;4;3;1;2
18175,24809,12,0;1;3;2;4
18176,14422,12,0;3;4;1;2
18177,24389,12,0;1;3;4;2
18178,24382,12,0;1;4;3;2
18179,24795,12,0;1;3;4;2
18180,24794,12,0;1;3;4;2
18181,18225,12,0;4;1;2;3
18182,15169,12,0;3;4;1;2
18183,7249,12,0;3;4;2;1
18184,7249,12,0;3;4;2;1
18185,20968,12,0;3;1;2;4
18186,14491,12,0;4;3;2;1
18187,24305,12,0;3;1;2;4
18188,23000,12,0;4;1;3;2
18189,17402,12,0;3;4;1;2
18190,11007,12,0;4;3;1;2
18191,14118,12,0;4;3;1;2
18192,8360,12,0;3;4;1;2
18193,8360,12,0;3;4;1;2
18194,13721,12,0;4;3;2;1
18195,13305,12,0;4;3;1;2
18196,13305,12,0;4;3;1;2
18197,24902,12,0;1;4;3;2
18198,15208,12,0;4;3;1;2
18199,18221,12,0;3;4;2;1
18200,24448,12,0;1;3;4;2
18201,24826,12,0;1;3;4;2
18202,24926,12,0;1;3;4;2
18203,20247,12,0;4;1;3;2
18204,14479,12,0;3;4;2;1
18205,8375,12,0;3;4;2;1
18206,24747,12,0;1;4;2;3
18207,10919,12,0;4;3;1;2
18208,10919,12,0;4;3;1;2
18209,8380,12,0;4;1;3;2
18210,24153,12,0;4;3;1;2
18211,13629,12,0;4;3;2;1
18212,24919,12,0;1;4;3;2
18213,24920,12,0;1;4;3;2
18214,15393,12,0;4;1;3;2
18215,24976,12,0;3;2;1;4
18216,22987,12,0;4;2;1;3
18217,24978,12,0;3;1;2;4
18218,14544,12,0;4;3;1;2
18219,13350,12,0;4;2;1;3
18220,11724,12,0;4;3;2;1
18221,6828,12,0;4;2;3;1
18222,6828,12,0;4;2;3;1
18223,19339,12,0;4;1;3;2
18224,21050,12,0;4;1;3;2
18225,8491,12,0;3;2;4;1
18226,13395,12,0;4;3;2;1
18227,19297,12,0;4;1;3;2
18228,24675,12,0;1;4;3;2
18229,14423,12,0;3;4;2;1
18230,24357,12,0;1;4;3;2
18231,14378,12,0;4;3;1;2
18232,14378,12,0;4;3;2;1
18233,15378,12,0;4;3;1;2
18234,18847,12,0;3;1;4;2
18235,18847,12,0;3;1;4;2
18236,7802,12,0;4;3;1;2
18237,12726,12,0;4;3;1;2
18238,12726,12,0;4;3;1;2
18239,24862,12,0;1;4;3;2
18240,8377,12,0;4;3;2;1
18241,12748,12,0;3;1;4;2
18242,10990,12,0;3;1;4;2
18243,11964,12,0;4;3;1;2
18244,8662,12,0;4;3;1;2
18245,21557,12,0;4;1;3;2
18246,25045,12,0;1;2;3;4
18247,23159,12,0;2;4;1;3
18248,23961,12,0;1;2;4;3
18249,21566,12,0;4;1;3;2
18250,22830,12,0;3;1;2;4
18251,17035,12,0;3;4;2;1
18252,17035,12,0;3;4;2;1
18253,21909,12,0;4;1;3;2
18254,25053,12,0;2;1;3;4
18255,18019,12,0;3;1;2;4
18256,24702,12,0;1;4;3;2
18257,23839,12,0;4;3;1;2
18258,16532,12,0;3;1;2;4
18259,24866,12,0;4;2;1;3
18260,11709,12,0;4;3;2;1
18261,16647,12,0;3;4;1;2
18262,11807,12,0;4;3;2;1
18263,11807,12,0;4;3;2;1
18264,8288,12,0;4;3;1;2
18265,8288,12,0;4;3;1;2
18266,14334,12,0;4;3;1;2
18267,14334,12,0;4;3;1;2
18268,14335,12,0;4;3;1;2
18269,14335,12,0;4;3;1;2
18270,15232,12,0;4;3;1;2
18271,8313,12,0;4;3;2;1
18272,8313,12,0;4;3;2;1
18273,11736,12,0;4;3;2;1
18274,11736,12,0;4;3;2;1
18275,24154,12,0;4;3;1;2
18276,13630,12,0;4;3;2;1
18277,11622,12,0;4;2;1;3
18278,11622,12,0;4;2;1;3
18279,18131,12,0;4;2;1;3
18280,8315,12,0;4;2;3;1
18281,13738,12,0;4;3;1;2
18282,8322,12,0;3;4;2;1
18283,8322,12,0;3;4;2;1
18284,8340,12,0;4;3;2;1
18285,8340,12,0;3;4;2;1
18286,21023,12,0;4;1;3;2
18287,18254,12,0;4;2;1;3
18288,15520,12,0;4;3;1;2
18289,8424,12,0;4;2;3;1
18290,18295,12,0;4;3;1;2
18291,19240,12,0;4;1;3;2
18292,20789,12,0;3;1;4;2
18293,8619,12,0;4;2;3;1
18294,22487,12,0;4;1;3;2
18295,22487,12,0;4;1;3;2
18296,11872,12,0;4;3;2;1
18297,11872,12,0;4;3;2;1
18298,7715,12,0;4;3;1;2
18299,15380,12,0;4;3;1;2
18300,11781,12,0;4;3;2;1
18301,11781,12,0;4;3;2;1
18302,12625,12,0;4;3;1;2
18303,12625,12,0;4;3;1;2
18304,12720,12,0;4;2;1;3
18305,12720,12,0;4;2;1;3
18306,24990,12,0;4;2;1;3
18307,12735,12,0;4;3;1;2
18308,12735,12,0;4;3;1;2
18309,17395,12,0;3;2;4;1
18310,13712,12,0;4;3;1;2
18311,13377,12,0;4;3;1;2
18312,16801,12,0;4;3;1;2
18313,13275,12,0;4;3;2;1
18314,13275,12,0;4;3;2;1
18315,7561,12,0;4;3;1;2
18316,14356,12,0;4;2;3;1
18317,14356,12,0;4;2;3;1
18318,11768,12,0;4;3;2;1
18319,11768,12,0;4;3;2;1
18320,11722,12,0;4;3;2;1
18321,11722,12,0;4;3;2;1
18322,11838,12,0;4;3;2;1
18323,11838,12,0;4;3;2;1
18324,23814,12,0;4;1;3;2
18325,16902,12,0;3;4;2;1
18326,15243,12,0;4;3;1;2
18327,25065,12,0;1;3;2;4
18328,23188,12,0;2;4;1;3
18329,25066,12,0;1;3;2;4
18330,19404,12,0;4;1;2;3
18331,13542,12,0;4;2;3;1
18332,13541,12,0;4;3;2;1
18333,25076,12,0;1;2;3;4
18334,7611,12,0;4;3;2;1
18335,8428,12,0;4;3;1;2
18336,8428,12,0;4;3;1;2
18337,10977,12,0;4;3;1;2
18338,10977,12,0;4;3;1;2
18339,16939,12,0;4;3;1;2
18340,14351,12,0;3;4;2;1
18341,14351,12,0;3;4;2;1
18342,19293,12,0;4;1;3;2
18343,12213,12,0;4;3;2;1
18344,12213,12,0;4;3;2;1
18345,14373,12,0;3;4;1;2
18346,14373,12,0;3;4;1;2
18347,16562,12,0;4;2;1;3
18348,10447,12,0;4;3;2;1
18349,10447,12,0;4;3;2;1
18350,13704,12,0;4;3;2;1
18351,11731,12,0;3;2;4;1
18352,19279,12,0;2;1;4;3
18353,13621,12,0;4;3;2;1
18354,15364,12,0;4;3;2;1
18355,19395,12,0;3;4;2;1
18356,15492,12,0;4;2;3;1
18357,15491,12,0;4;2;3;1
18358,18226,12,0;4;2;1;3
18359,11743,12,0;3;4;2;1
18360,13368,12,0;3;4;2;1
18361,19312,12,0;3;4;2;1
18362,25023,12,0;4;1;2;3
18363,21944,12,0;4;3;1;2
18364,11774,12,0;4;3;2;1
18365,15163,12,0;4;2;3;1
18366,13845,12,0;4;3;2;1
18367,18468,12,0;4;2;1;3
18368,16920,12,0;4;3;2;1
18369,13800,12,0;4;3;1;2
18370,20370,12,0;4;1;3;2
18371,20370,12,0;4;1;3;2
18372,19343,12,0;4;1;3;2
18373,11651,12,0;4;2;3;1
18374,11651,12,0;4;2;3;1
18375,13569,12,0;4;3;2;1
18376,15071,12,0;4;3;1;2
18377,15071,12,0;4;3;1;2
18378,17940,12,0;4;2;1;3
18379,17460,12,0;2;4;3;1
18380,19417,12,0;4;3;1;2
18381,8744,12,0;4;3;2;1
18382,23776,12,0;4;3;1;2
18383,16703,12,0;2;3;4;1
18384,16830,12,0;4;3;1;2
18385,16874,12,0;4;3;1;2
18386,19265,12,0;4;2;1;3
18387,7541,12,0;4;3;2;1
18388,7541,12,0;4;3;2;1
18389,16550,12,0;4;3;1;2
18390,7722,12,0;4;3;2;1
18391,11704,12,0;4;3;2;1
18392,11704,12,0;4;3;2;1
18393,22955,12,0;4;3;1;2
18394,15067,12,0;3;2;4;1
18395,19473,12,0;4;3;1;2
18396,16547,12,0;3;4;2;1
18397,16547,12,0;3;4;2;1
18398,18339,12,0;4;3;1;2
18399,20905,12,0;4;3;1;2
18400,12559,12,0;4;3;2;1
18401,12559,12,0;4;3;2;1
18402,20742,12,0;4;3;2;1
18403,23196,12,0;4;3;1;2
18404,16959,12,0;4;3;2;1
18405,25097,12,0;1;4;2;3
18406,18147,12,0;4;2;3;1
18407,22059,12,0;4;1;3;2
18408,19636,12,0;4;2;3;1
18409,21226,12,0;4;2;3;1
18410,19435,12,0;2;4;1;3
18411,21529,12,0;4;1;2;3
18412,21529,12,0;4;2;1;3
18413,23759,12,0;3;4;1;2
18414,23760,12,0;4;1;3;2
18415,20851,12,0;3;2;4;1
18416,19317,12,0;1;2;4;3
18417,24827,12,0;4;3;2;1
18418,22110,12,0;3;4;1;2
18419,22067,12,0;3;4;1;2
18420,23924,12,0;4;2;3;1
18421,20746,12,0;1;3;2;4
18422,19778,12,0;1;4;3;2
18423,19778,12,0;1;4;3;2
18424,20198,12,0;1;3;4;2
18425,20814,12,0;1;3;4;2
18426,9282,12,0;4;3;2;1
18427,20258,12,0;4;3;1;2
18428,20258,12,0;3;4;1;2
18429,19897,12,0;1;2;4;3
18430,19897,12,0;1;2;4;3
18431,19553,12,0;4;1;3;2
18432,21449,12,0;1;2;4;3
18433,21449,12,0;1;2;4;3
18434,21933,12,0;1;2;4;3
18435,21462,12,0;1;4;2;3
18436,21494,12,0;1;4;2;3
18437,21494,12,0;1;4;2;3
18438,20212,12,0;3;4;1;2
18439,21605,12,0;1;3;4;2
18440,14533,12,0;3;1;4;2
18441,14533,12,0;3;1;4;2
18442,13810,12,0;4;2;3;1
18443,14364,12,0;4;2;1;3
18444,14364,12,0;4;2;1;3
18445,10858,12,0;4;3;1;2
18446,10858,12,0;4;3;1;2
18447,21627,12,0;1;4;3;2
18448,22276,12,0;1;3;2;4
18449,22276,12,0;1;3;2;4
18450,22389,12,0;1;2;4;3
18451,22389,12,0;1;2;4;3
18452,10933,12,0;4;3;1;2
18453,23077,12,0;1;2;3;4
18454,9321,12,0;3;4;2;1
18455,10083,12,0;4;3;1;2
18456,22966,12,0;1;4;3;2
18457,21638,12,0;3;4;1;2
18458,15277,12,0;4;3;1;2
18459,10111,12,0;4;3;2;1
18460,17987,12,0;4;3;1;2
18461,23761,12,0;2;1;4;3
18462,7395,12,0;3;4;1;2
18463,7395,12,0;3;4;1;2
18464,10010,12,0;4;2;3;1
18465,10010,12,0;4;2;3;1
18466,10038,12,0;4;3;2;1
18467,10038,12,0;4;3;2;1
18468,11831,12,0;4;3;1;2
18469,16866,12,0;4;2;1;3
18470,21540,12,0;4;1;3;2
18471,21540,12,0;4;1;3;2
18472,24117,12,0;1;3;4;2
18473,24117,12,0;1;3;4;2
18474,19384,12,0;4;1;3;2
18475,10126,12,0;4;3;2;1
18476,21314,12,0;4;1;3;2
18477,21314,12,0;4;1;3;2
18478,16500,12,0;3;4;1;2
18479,16500,12,0;3;4;1;2
18480,16085,12,0;4;3;1;2
18481,16085,12,0;4;3;1;2
18482,24688,12,0;1;3;2;4
18483,19342,12,0;4;2;1;3
18484,10984,12,0;4;3;1;2
18485,10984,12,0;4;3;1;2
18486,19479,12,0;4;1;3;2
18487,24388,12,0;1;4;2;3
18488,16030,12,0;4;3;1;2
18489,16030,12,0;4;3;1;2
18490,24373,12,0;1;4;3;2
18491,24373,12,0;1;4;3;2
18492,19347,12,0;4;1;2;3
18493,10022,12,0;4;1;3;2
18494,9276,12,0;3;4;1;2
18495,9276,12,0;3;4;1;2
18496,15761,12,0;4;1;3;2
18497,15761,12,0;4;1;3;2
18498,16031,12,0;4;3;1;2
18499,16031,12,0;4;3;1;2
18500,8661,12,0;4;1;3;2
18501,12207,12,0;4;1;3;2
18502,12207,12,0;4;1;2;3
18503,21070,12,0;4;2;1;3
18504,24456,12,0;1;3;4;2
18505,8289,12,0;4;1;2;3
18506,8289,12,0;4;1;2;3
18507,11777,12,0;4;2;3;1
18508,11777,12,0;4;2;3;1
18509,9312,12,0;3;1;4;2
18510,10178,12,0;4;1;3;2
18511,18337,12,0;4;3;1;2
18512,11752,12,0;4;3;1;2
18513,11752,12,0;4;3;1;2
18514,18133,12,0;4;1;3;2
18515,9285,12,0;4;3;2;1
18516,9285,12,0;4;3;2;1
18517,24854,12,0;1;4;2;3
18518,9945,12,0;4;3;2;1
18519,9945,12,0;4;3;2;1
18520,8298,12,0;4;3;2;1
18521,8298,12,0;4;3;2;1
18522,11868,12,0;4;3;1;2
18523,9224,12,0;4;3;2;1
18524,9224,12,0;4;3;2;1
18525,9217,12,0;4;3;2;1
18526,9217,12,0;4;3;2;1
18527,9253,12,0;4;2;3;1
18528,9253,12,0;4;2;3;1
18529,9999,12,0;4;3;1;2
18530,9999,12,0;4;3;2;1
18531,10231,12,0;4;3;2;1
18532,16625,12,0;4;2;1;3
18533,15429,12,0;4;3;1;2
18534,15145,12,0;4;3;1;2
18535,15145,12,0;4;3;1;2
18536,10204,12,0;3;4;2;1
18537,19348,12,0;4;1;2;3
18538,10250,12,0;4;3;1;2
18539,9341,12,0;4;3;2;1
18540,9341,12,0;4;3;2;1
18541,13697,12,0;4;3;1;2
18542,21066,12,0;4;3;1;2
18543,20193,12,0;1;4;3;2
18544,20193,12,0;1;4;3;2
18545,22897,12,0;1;4;3;2
18546,10018,12,0;4;2;3;1
18547,9300,12,0;3;4;1;2
18548,9300,12,0;3;4;1;2
18549,10003,12,0;4;2;1;3
18550,10049,12,0;3;4;2;1
18551,9954,12,0;4;3;1;2
18552,9215,12,0;3;4;1;2
18553,9215,12,0;3;4;1;2
18554,11297,12,0;1;4;3;2
18555,11297,12,0;1;3;4;2
18556,12135,12,0;1;2;4;3
18557,12135,12,0;1;2;4;3
18558,13079,12,0;1;3;4;2
18559,13079,12,0;1;3;4;2
18560,12187,12,0;1;4;2;3
18561,12187,12,0;1;4;2;3
18562,12197,12,0;1;4;2;3
18563,24120,12,0;2;4;1;3
18564,24120,12,0;2;4;1;3
18565,12414,12,0;4;3;2;1
18566,12414,12,0;4;3;2;1
18567,15827,12,0;4;1;3;2
18568,15827,12,0;4;1;3;2
18569,24235,12,0;4;1;3;2
18570,7097,12,0;4;3;2;1
18571,7097,12,0;4;3;2;1
18572,24071,12,0;3;1;2;4
18573,24071,12,0;3;1;2;4
18574,20569,12,0;4;1;2;3
18575,20569,12,0;4;1;2;3
18576,19765,12,0;4;1;3;2
18577,17203,12,0;1;2;4;3
18578,17203,12,0;1;2;4;3
18579,17699,12,0;1;3;2;4
18580,17699,12,0;1;3;2;4
18581,23573,12,0;4;1;2;3
18582,17303,12,0;4;1;2;3
18583,15945,12,0;4;2;1;3
18584,15945,12,0;4;2;1;3
18585,16414,12,0;4;2;3;1
18586,12754,12,0;3;4;1;2
18587,17302,12,0;3;4;1;2
18588,17302,12,0;3;4;1;2
18589,18742,12,0;4;3;1;2
18590,14073,12,0;4;2;3;1
18591,22250,12,0;2;3;1;4
18592,22250,12,0;2;3;1;4
18593,13078,12,0;3;4;1;2
18594,13078,12,0;3;4;1;2
18595,14873,12,0;4;3;2;1
18596,19108,12,0;1;4;3;2
18597,19108,12,0;1;4;3;2
18598,11442,12,0;3;4;2;1
18599,8205,12,0;4;3;2;1
18600,24623,12,0;4;1;2;3
18601,17755,12,0;4;3;1;2
18602,24633,12,0;3;1;2;4
18603,24633,12,0;3;2;1;4
18604,7989,12,0;3;2;4;1
18605,7989,12,0;3;2;4;1
18606,18632,12,0;4;3;1;2
18607,18632,12,0;4;3;1;2
18608,20622,12,0;2;1;4;3
18609,12502,12,0;4;2;3;1
18610,21587,12,0;4;1;3;2
18611,21587,12,0;4;1;3;2
18612,14504,12,0;3;4;1;2
18613,19802,12,0;1;4;2;3
18614,19802,12,0;1;4;2;3
18615,7189,12,0;4;3;2;1
18616,23260,12,0;4;3;1;2
18617,23260,12,0;4;3;1;2
18618,10863,12,0;4;2;3;1
18619,14880,12,0;4;3;1;2
18620,8148,12,0;3;4;1;2
18621,12395,12,0;4;3;2;1
18622,12395,12,0;4;3;2;1
18623,22670,12,0;4;1;2;3
18624,7165,12,0;2;4;3;1
18625,11441,12,0;3;4;2;1
18626,12717,12,0;4;3;2;1
18627,11290,12,0;3;2;4;1
18628,11290,12,0;3;2;4;1
18629,15826,12,0;4;3;1;2
18630,15826,12,0;4;3;1;2
18631,18684,12,0;2;1;4;3
18632,18684,12,0;2;1;4;3
18633,13114,12,0;3;2;4;1
18634,20560,12,0;2;1;3;4
18635,20560,12,0;2;1;3;4
18636,17704,12,0;4;1;3;2
18637,17704,12,0;4;1;3;2
18638,7558,12,0;4;2;3;1
18639,10368,12,0;4;3;2;1
18640,10368,12,0;4;2;3;1
18641,18985,12,0;4;3;1;2
18642,18985,12,0;4;3;1;2
18643,24297,12,0;4;1;2;3
18644,24297,12,0;4;2;3;1
18645,24300,12,0;4;1;2;3
18646,24300,12,0;4;3;2;1
18647,19027,12,0;4;2;3;1
18648,19027,12,0;4;2;3;1
18649,21377,12,0;1;3;2;4
18650,21410,12,0;1;3;2;4
18651,21690,12,0;1;2;3;4
18652,21690,12,0;1;2;3;4
18653,20313,12,0;4;1;2;3
18654,20313,12,0;4;1;2;3
18655,21749,12,0;1;2;3;4
18656,21352,12,0;1;4;3;2
18657,21352,12,0;1;4;3;2
18658,18962,12,0;3;4;1;2
18659,18962,12,0;3;4;1;2
18660,13080,12,0;2;4;3;1
18661,13080,12,0;2;4;3;1
18662,21311,12,0;1;4;3;2
18663,21311,12,0;1;4;3;2
18664,12771,12,0;4;1;3;2
18665,21692,12,0;1;4;3;2
18666,21692,12,0;1;4;3;2
18667,14337,12,0;4;1;2;3
18668,14337,12,0;4;1;2;3
18669,16294,12,0;4;2;1;3
18670,11494,12,0;4;3;1;2
18671,21570,12,0;1;3;4;2
18672,17754,12,0;4;3;2;1
18673,21797,12,0;1;4;2;3
18674,21797,12,0;1;4;2;3
18675,11440,12,0;4;3;2;1
18676,7635,12,0;4;3;2;1
18677,17324,12,0;4;2;1;3
18678,17918,12,0;4;3;1;2
18679,20493,12,0;3;1;4;2
18680,20493,12,0;3;1;4;2
18681,12671,12,0;4;3;2;1
18682,13146,12,0;4;3;2;1
18683,16473,12,0;3;4;1;2
18684,21777,12,0;1;4;3;2
18685,14896,12,0;3;2;4;1
18686,14860,12,0;4;1;3;2
18687,14860,12,0;4;1;3;2
18688,13049,12,0;3;2;4;1
18689,12233,12,0;3;2;4;1
18690,10739,12,0;4;3;2;1
18691,12432,12,0;4;3;2;1
18692,12432,12,0;4;3;2;1
18693,16111,12,0;4;1;3;2
18694,16987,12,0;4;3;2;1
18695,16987,12,0;4;3;2;1
18696,22258,12,0;1;2;3;4
18697,22258,12,0;1;3;2;4
18698,7659,12,0;4;3;1;2
18699,22407,12,0;1;2;3;4
18700,22417,12,0;1;2;4;3
18701,22417,12,0;1;2;4;3
18702,12702,12,0;4;3;1;2
18703,22639,12,0;1;2;3;4
18704,22639,12,0;1;2;3;4
18705,22689,12,0;1;2;3;4
18706,22732,12,0;2;1;4;3
18707,22592,12,0;1;3;2;4
18708,22592,12,0;1;3;2;4
18709,14117,12,0;4;3;1;2
18710,22434,12,0;1;3;4;2
18711,22434,12,0;1;3;4;2
18712,13972,12,0;4;1;2;3
18713,13972,12,0;4;1;2;3
18714,11439,12,0;4;3;2;1
18715,8174,12,0;4;1;3;2
18716,8174,12,0;4;1;3;2
18717,22699,12,0;1;3;4;2
18718,22699,12,0;1;3;4;2
18719,15713,12,0;3;4;2;1
18720,15713,12,0;3;4;2;1
18721,12136,12,0;2;4;3;1
18722,12136,12,0;2;4;3;1
18723,14439,12,0;4;3;2;1
18724,14439,12,0;4;3;2;1
18725,14222,12,0;3;4;1;2
18726,14222,12,0;3;4;1;2
18727,23540,12,0;4;1;3;2
18728,15979,12,0;4;2;1;3
18729,17720,12,0;4;3;2;1
18730,17720,12,0;4;3;2;1
18731,17516,12,0;4;1;3;2
18732,7271,12,0;4;3;2;1
18733,7271,12,0;4;3;2;1
18734,8103,12,0;4;3;2;1
18735,8103,12,0;4;3;2;1
18736,20670,12,0;4;3;1;2
18737,23553,12,0;4;1;2;3
18738,23553,12,0;4;2;1;3
18739,23274,12,0;1;2;3;4
18740,23274,12,0;1;2;3;4
18741,24622,12,0;4;3;1;2
18742,11454,12,0;3;4;2;1
18743,7676,12,0;4;1;2;3
18744,7676,12,0;4;1;2;3
18745,14904,12,0;4;3;2;1
18746,14904,12,0;3;4;2;1
18747,16369,12,0;4;3;1;2
18748,16369,12,0;4;3;1;2
18749,15851,12,0;4;3;2;1
18750,15851,12,0;4;3;2;1
18751,23250,12,0;1;4;3;2
18752,23250,12,0;1;4;3;2
18753,23486,12,0;1;3;2;4
18754,23486,12,0;1;3;2;4
18755,16128,12,0;3;4;1;2
18756,23478,12,0;1;3;4;2
18757,14814,12,0;3;4;2;1
18758,14814,12,0;3;4;2;1
18759,24227,12,0;4;3;1;2
18760,24227,12,0;4;3;1;2
18761,13077,12,0;3;2;4;1
18762,13077,12,0;3;2;4;1
18763,11438,12,0;3;4;2;1
18764,23585,12,0;4;1;2;3
18765,23594,12,0;1;3;2;4
18766,23594,12,0;1;3;2;4
18767,8105,12,0;4;3;2;1
18768,20470,12,0;3;4;1;2
18769,20470,12,0;4;3;1;2
18770,23604,12,0;1;3;4;2
18771,23593,12,0;1;4;3;2
18772,21322,12,0;4;1;3;2
18773,20578,12,0;4;1;2;3
18774,19132,12,0;4;1;3;2
18775,18969,12,0;4;3;2;1
18776,18969,12,0;4;3;2;1
18777,23530,12,0;1;4;2;3
18778,23530,12,0;1;4;2;3
18779,20597,12,0;4;2;1;3
18780,7210,12,0;4;3;2;1
18781,7210,12,0;4;3;2;1
18782,13900,12,0;3;2;4;1
18783,13900,12,0;3;2;4;1
18784,21428,12,0;4;1;3;2
18785,21428,12,0;4;1;3;2
18786,22677,12,0;4;1;3;2
18787,22677,12,0;4;1;3;2
18788,23533,12,0;1;4;3;2
18789,11457,12,0;3;4;1;2
18790,20650,12,0;4;3;1;2
18791,17700,12,0;2;1;3;4
18792,17694,12,0;4;3;2;1
18793,17694,12,0;3;4;2;1
18794,20572,12,0;3;1;2;4
18795,20572,12,0;3;1;2;4
18796,13059,12,0;4;2;3;1
18797,13059,12,0;4;2;3;1
18798,13181,12,0;4;3;2;1
18799,11453,12,0;3;4;2;1
18800,15852,12,0;4;3;2;1
18801,15852,12,0;4;3;2;1
18802,24233,12,0;1;2;3;4
18803,24233,12,0;1;2;3;4
18804,24061,12,0;1;2;4;3
18805,24061,12,0;1;2;4;3
18806,24210,12,0;1;2;4;3
18807,24210,12,0;1;2;4;3
18808,24076,12,0;1;3;4;2
18809,24076,12,0;1;3;4;2
18810,7438,12,0;4;3;1;2
18811,7438,12,0;4;3;1;2
18812,14648,12,0;4;3;1;2
18813,14648,12,0;4;3;1;2
18814,11384,12,0;4;3;2;1
18815,11384,12,0;4;3;2;1
18816,14826,12,0;4;2;1;3
18817,14826,12,0;4;2;1;3
18818,13987,12,0;2;3;4;1
18819,13987,12,0;3;2;4;1
18820,16235,12,0;4;3;2;1
18821,16235,12,0;3;4;2;1
18822,24538,12,0;1;2;4;3
18823,24571,12,0;1;2;3;4
18824,24237,12,0;1;3;4;2
18825,24634,12,0;1;2;3;4
18826,24634,12,0;1;2;3;4
18827,14998,12,0;4;3;1;2
18828,14998,12,0;4;3;1;2
18829,24058,12,0;1;4;3;2
18830,24058,12,0;1;4;3;2
18831,12571,12,0;3;4;1;2
18832,24204,12,0;1;4;3;2
18833,24204,12,0;1;4;3;2
18834,12681,12,0;4;3;1;2
18835,24529,12,0;1;3;4;2
18836,24528,12,0;1;4;3;2
18837,11437,12,0;3;4;2;1
18838,7613,12,0;3;4;1;2
18839,11491,12,0;3;4;1;2
18840,23275,12,0;4;1;3;2
18841,10893,12,0;4;3;1;2
18842,10893,12,0;4;3;1;2
18843,24533,12,0;1;4;3;2
18844,24533,12,0;1;4;3;2
18845,22723,12,0;1;2;4;3
18846,22723,12,0;1;2;4;3
18847,14786,12,0;3;4;2;1
18848,14786,12,0;3;4;2;1
18849,24295,12,0;1;4;3;2
18850,24295,12,0;1;4;3;2
18851,20649,12,0;4;2;1;3
18852,17282,12,0;4;1;2;3
18853,17282,12,0;4;1;2;3
18854,19142,12,0;4;1;3;2
18855,20651,12,0;4;1;3;2
18856,24122,12,0;1;4;3;2
18857,7245,12,0;4;3;1;2
18858,7245,12,0;4;3;1;2
18859,24322,12,0;1;4;2;3
18860,21604,12,0;3;4;1;2
18861,21604,12,0;3;4;1;2
18862,24231,12,0;1;4;3;2
18863,24231,12,0;1;4;3;2
18864,24594,12,0;1;2;3;4
18865,24594,12,0;1;2;3;4
18866,24596,12,0;1;2;3;4
18867,24596,12,0;2;1;3;4
18868,24599,12,0;1;2;3;4
18869,24599,12,0;3;1;2;4
18870,24597,12,0;1;3;2;4
18871,14856,12,0;4;3;1;2
18872,14856,12,0;4;3;1;2
18873,21361,12,0;3;1;2;4
18874,21361,12,0;3;1;2;4
18875,10994,12,0;4;3;2;1
18876,10994,12,0;4;3;2;1
18877,24380,12,0;1;3;4;2
18878,20654,12,0;4;2;1;3
18879,24236,12,0;1;4;3;2
18880,14857,12,0;4;3;1;2
18881,14857,12,0;4;3;1;2
18882,8158,12,0;4;3;2;1
18883,11356,12,0;4;2;3;1
18884,11356,12,0;4;2;3;1
18885,12542,12,0;4;1;3;2
18886,12542,12,0;4;1;3;2
18887,12206,12,0;4;1;3;2
18888,12206,12,0;4;1;3;2
18889,24159,12,0;1;4;2;3
18890,24159,12,0;1;4;2;3
18891,24246,12,0;1;4;2;3
18892,24246,12,0;1;4;2;3
18893,24243,12,0;1;4;3;2
18894,24655,12,0;1;3;2;4
18895,24550,12,0;1;4;3;2
18896,8195,12,0;4;3;1;2
18897,15978,12,0;4;3;1;2
18898,15978,12,0;4;3;1;2
18899,24604,12,0;1;4;3;2
18900,24604,12,0;1;4;3;2
18901,24602,12,0;1;4;3;2
18902,24602,12,0;1;4;3;2
18903,13003,12,0;4;1;2;3
18904,13003,12,0;4;1;2;3
18905,11428,12,0;4;1;3;2
18906,11428,12,0;4;1;3;2
18907,8117,12,0;4;3;2;1
18908,19026,12,0;3;1;2;4
18909,7287,12,0;4;3;2;1
18910,7287,12,0;4;3;2;1
18911,19029,12,0;3;1;2;4
18912,16333,12,0;4;1;3;2
18913,16333,12,0;4;1;3;2
18914,24175,12,0;1;4;2;3
18915,21413,12,0;3;4;1;2
18916,21413,12,0;3;4;1;2
18917,20683,12,0;4;3;1;2
18918,21806,12,0;3;4;1;2
18919,10908,12,0;4;1;3;2
18920,10908,12,0;4;1;3;2
18921,13042,12,0;4;3;2;1
18922,21363,12,0;2;1;4;3
18923,21363,12,0;2;1;4;3
18924,8089,12,0;4;2;3;1
18925,8089,12,0;4;2;3;1
18926,11334,12,0;4;3;2;1
18927,11334,12,0;4;3;2;1
18928,7645,12,0;3;4;1;2
18929,7645,12,0;3;4;1;2
18930,18688,12,0;2;3;1;4
18931,14861,12,0;4;1;3;2
18932,14861,12,0;4;1;3;2
18933,20584,12,0;3;1;4;2
18934,20584,12,0;3;1;4;2
18935,15849,12,0;3;4;1;2
18936,15849,12,0;3;4;1;2
18937,19197,12,0;4;3;1;2
18938,19197,12,0;4;3;1;2
18939,10424,12,0;4;3;1;2
18940,10424,12,0;4;3;1;2
18941,7328,12,0;4;3;2;1
18942,7328,12,0;4;3;2;1
18943,8119,12,0;4;3;2;1
18944,8119,12,0;4;3;2;1
18945,7209,12,0;4;3;2;1
18946,7209,12,0;4;3;2;1
18947,20004,12,0;2;1;4;3
18948,20004,12,0;2;1;4;3
18949,14844,12,0;4;1;3;2
18950,14844,12,0;4;1;3;2
18951,11291,12,0;3;4;2;1
18952,11291,12,0;3;4;2;1
18953,13034,12,0;4;2;3;1
18954,13034,12,0;4;2;3;1
18955,15944,12,0;4;1;2;3
18956,15944,12,0;4;1;2;3
18957,11452,12,0;3;4;2;1
18958,11471,12,0;4;3;2;1
18959,11471,12,0;4;3;2;1
18960,14924,12,0;4;3;2;1
18961,12631,12,0;4;3;2;1
18962,12149,12,0;4;2;3;1
18963,12149,12,0;4;2;3;1
18964,7615,12,0;2;3;4;1
18965,24561,12,0;1;4;3;2
18966,7112,12,0;4;2;3;1
18967,7112,12,0;4;2;3;1
18968,7333,12,0;4;2;3;1
18969,7333,12,0;4;2;3;1
18970,11418,12,0;4;2;1;3
18971,11418,12,0;4;2;1;3
18972,12167,12,0;3;2;4;1
18973,12167,12,0;3;2;4;1
18974,11561,12,0;4;3;2;1
18975,16358,12,0;3;2;4;1
18976,11519,12,0;4;3;1;2
18977,11519,12,0;4;3;1;2
18978,10431,12,0;3;4;2;1
18979,10431,12,0;3;4;2;1
18980,11266,12,0;4;3;2;1
18981,11266,12,0;4;3;2;1
18982,11347,12,0;3;4;2;1
18983,11347,12,0;3;4;2;1
18984,17299,12,0;3;4;1;2
18985,17299,12,0;3;4;1;2
18986,14791,12,0;2;4;3;1
18987,14791,12,0;2;4;3;1
18988,22721,12,0;3;4;1;2
18989,12503,12,0;4;2;3;1
18990,12503,12,0;4;2;3;1
18991,13093,12,0;4;3;2;1
18992,17862,12,0;4;2;1;3
18993,19154,12,0;4;1;3;2
18994,19016,12,0;3;1;4;2
18995,19016,12,0;3;1;4;2
18996,21393,12,0;2;1;4;3
18997,21393,12,0;2;1;4;3
18998,20541,12,0;4;1;3;2
18999,21741,12,0;3;1;4;2
19000,12409,12,0;2;4;1;3
19001,12409,12,0;2;4;1;3
19002,12453,12,0;4;3;1;2
19003,12453,12,0;4;3;1;2
19004,23223,12,0;3;4;1;2
19005,23223,12,0;3;4;1;2
19006,13205,12,0;4;3;1;2
19007,13205,12,0;4;3;1;2
19008,6818,12,0;3;4;2;1
19009,6818,12,0;3;4;2;1
19010,24258,12,0;4;1;3;2
19011,24258,12,0;4;1;3;2
19012,11489,12,0;4;3;2;1
19013,20655,12,0;4;1;2;3
19014,21800,12,0;4;1;3;2
19015,20520,12,0;4;1;3;2
19016,20520,12,0;4;1;3;2
19017,21822,12,0;4;3;1;2
19018,11587,12,0;3;4;1;2
19019,11587,12,0;3;4;1;2
19020,8002,12,0;3;4;2;1
19021,8002,12,0;3;4;2;1
19022,8036,12,0;3;4;2;1
19023,8036,12,0;3;4;2;1
19024,20504,12,0;4;1;3;2
19025,20504,12,0;4;1;3;2
19026,16367,12,0;4;3;1;2
19027,10687,12,0;2;4;3;1
19028,10687,12,0;2;4;3;1
19029,22368,12,0;4;3;2;1
19030,14213,12,0;4;3;2;1
19031,14213,12,0;4;3;2;1
19032,12393,12,0;3;2;4;1
19033,12393,12,0;3;2;4;1
19034,16242,12,0;4;2;1;3
19035,8037,12,0;4;3;2;1
19036,8037,12,0;4;3;2;1
19037,20653,12,0;4;3;1;2
19038,20653,12,0;4;3;1;2
19039,24536,12,0;4;3;1;2
19040,24536,12,0;4;3;1;2
19041,6533,12,0;4;3;2;1
19042,6533,12,0;4;3;2;1
19043,10627,12,0;3;2;4;1
19044,10627,12,0;3;2;4;1
19045,7178,12,0;3;2;4;1
19046,10624,12,0;4;3;2;1
19047,10624,12,0;4;3;2;1
19048,8159,12,0;3;4;1;2
19049,8159,12,0;3;4;1;2
19050,10688,12,0;4;3;2;1
19051,10688,12,0;4;3;2;1
19052,6624,12,0;4;2;3;1
19053,6624,12,0;4;2;3;1
19054,15712,12,0;4;2;3;1
19055,15712,12,0;4;2;3;1
19056,21268,12,0;4;2;3;1
19057,21268,12,0;4;2;3;1
19058,21707,12,0;4;1;3;2
19059,21707,12,0;4;1;3;2
19060,10900,12,0;3;1;2;4
19061,10900,12,0;3;1;2;4
19062,24106,12,0;2;1;3;4
19063,8786,12,0;4;3;2;1
19064,8786,12,0;4;3;2;1
19065,16045,12,0;1;3;4;2
19066,16045,12,0;1;3;4;2
19067,24583,12,0;4;2;3;1
19068,18762,12,0;1;2;4;3
19069,9865,12,0;4;3;1;2
19070,9782,12,0;3;4;2;1
19071,17420,12,0;4;1;2;3
19072,17847,12,0;4;1;2;3
19073,9706,12,0;3;4;2;1
19074,9706,12,0;3;4;2;1
19075,24301,12,0;4;2;3;1
19076,24301,12,0;4;1;3;2
19077,21535,12,0;1;2;4;3
19078,21535,12,0;1;2;4;3
19079,21676,12,0;1;3;4;2
19080,21676,12,0;1;4;3;2
19081,13081,12,0;2;4;3;1
19082,21756,12,0;1;4;3;2
19083,21756,12,0;1;4;3;2
19084,21807,12,0;1;4;3;2
19085,21807,12,0;1;4;3;2
19086,22647,12,0;1;2;4;3
19087,22349,12,0;1;3;4;2
19088,22349,12,0;1;3;4;2
19089,7067,12,0;4;2;3;1
19090,7067,12,0;4;2;3;1
19091,22645,12,0;1;4;3;2
19092,22645,12,0;1;4;3;2
19093,22623,12,0;1;4;2;3
19094,22623,12,0;1;4;2;3
19095,7805,12,0;4;3;1;2
19096,7805,12,0;4;3;1;2
19097,23608,12,0;4;1;2;3
19098,23608,12,0;4;1;2;3
19099,9575,12,0;3;4;2;1
19100,9575,12,0;3;4;2;1
19101,9710,12,0;4;2;3;1
19102,9102,12,0;4;3;2;1
19103,9102,12,0;4;3;2;1
19104,6642,12,0;4;3;2;1
19105,6642,12,0;4;3;2;1
19106,8896,12,0;4;2;3;1
19107,8896,12,0;4;3;2;1
19108,9241,12,0;3;4;2;1
19109,9241,12,0;3;4;2;1
19110,14890,12,0;3;4;1;2
19111,14890,12,0;3;4;1;2
19112,15691,12,0;3;4;1;2
19113,15691,12,0;3;4;1;2
19114,9232,12,0;4;3;2;1
19115,19199,12,0;4;1;3;2
19116,18717,12,0;4;1;3;2
19117,18717,12,0;4;1;3;2
19118,24274,12,0;1;2;3;4
19119,24090,12,0;1;3;4;2
19120,24576,12,0;1;2;4;3
19121,9835,12,0;4;3;2;1
19122,9835,12,0;4;3;2;1
19123,24527,12,0;1;4;3;2
19124,7608,12,0;3;4;2;1
19125,7608,12,0;3;4;2;1
19126,22363,12,0;4;1;2;3
19127,7473,12,0;4;3;1;2
19128,24535,12,0;1;4;3;2
19129,24535,12,0;1;4;3;2
19130,24299,12,0;1;4;3;2
19131,24299,12,0;1;4;3;2
19132,24348,12,0;1;3;4;2
19133,14520,12,0;4;3;1;2
19134,14520,12,0;4;3;1;2
19135,9656,12,0;4;2;3;1
19136,9656,12,0;4;2;3;1
19137,9819,12,0;4;3;1;2
19138,7325,12,0;4;3;2;1
19139,7325,12,0;4;3;2;1
19140,9303,12,0;4;3;1;2
19141,9303,12,0;4;3;1;2
19142,21687,12,0;4;1;3;2
19143,12406,12,0;4;1;3;2
19144,12406,12,0;4;1;3;2
19145,24286,12,0;1;4;3;2
19146,9874,12,0;4;3;1;2
19147,9874,12,0;4;3;1;2
19148,9767,12,0;4;3;1;2
19149,9767,12,0;4;3;1;2
19150,9604,12,0;4;3;1;2
19151,9604,12,0;4;3;1;2
19152,16351,12,0;4;1;2;3
19153,10375,12,0;4;2;3;1
19154,10375,12,0;4;2;3;1
19155,9664,12,0;2;4;1;3
19156,9664,12,0;2;4;1;3
19157,9847,12,0;4;3;2;1
19158,9667,12,0;2;4;1;3
19159,9667,12,0;2;4;1;3
19160,9118,12,0;4;2;3;1
19161,9118,12,0;4;2;3;1
19162,18691,12,0;2;1;4;3
19163,9640,12,0;4;2;3;1
19164,9640,12,0;4;2;3;1
19165,18662,12,0;3;1;2;4
19166,18662,12,0;3;1;2;4
19167,17417,12,0;4;1;3;2
19168,9834,12,0;4;3;2;1
19169,9834,12,0;4;3;2;1
19170,7700,12,0;4;3;2;1
19171,7700,12,0;4;3;2;1
19172,11435,12,0;4;3;2;1
19173,11435,12,0;4;3;2;1
19174,12734,12,0;4;3;1;2
19175,14759,12,0;4;2;1;3
19176,14759,12,0;4;2;1;3
19177,9610,12,0;4;2;3;1
19178,9610,12,0;4;2;3;1
19179,17905,12,0;4;3;1;2
19180,20566,12,0;4;1;2;3
19181,9595,12,0;4;3;2;1
19182,9595,12,0;4;3;2;1
19183,9113,12,0;2;4;3;1
19184,9113,12,0;2;4;3;1
19185,9112,12,0;4;2;3;1
19186,9112,12,0;4;2;3;1
19187,9114,12,0;3;4;2;1
19188,9114,12,0;3;4;2;1
19189,9543,12,0;4;3;2;1
19190,9543,12,0;4;3;2;1
19191,9544,12,0;4;3;2;1
19192,9544,12,0;4;3;2;1
19193,14276,12,0;2;4;1;3
19194,14276,12,0;2;4;1;3
19195,23327,12,0;1;4;2;3
19196,9608,12,0;4;3;1;2
19197,9608,12,0;4;3;1;2
19198,6749,12,0;1;4;2;3
19199,6749,12,0;1;4;2;3
19200,13018,12,0;1;2;4;3
19201,13018,12,0;1;2;4;3
19202,16022,12,0;1;2;4;3
19203,20438,12,0;4;1;3;2
19204,20438,12,0;4;1;3;2
19205,17652,12,0;1;2;4;3
19206,17703,12,0;1;4;3;2
19207,17292,12,0;1;4;2;3
19208,24505,12,0;3;4;1;2
19209,24497,12,0;3;1;2;4
19210,24498,12,0;3;1;2;4
19211,24496,12,0;3;1;4;2
19212,24506,12,0;3;1;4;2
19213,24507,12,0;3;1;4;2
19214,15967,12,0;4;1;2;3
19215,15967,12,0;4;1;2;3
19216,18704,12,0;1;4;3;2
19217,18704,12,0;1;4;3;2
19218,15881,12,0;4;2;1;3
19219,15881,12,0;4;2;1;3
19220,14725,12,0;4;1;3;2
19221,14725,12,0;4;1;3;2
19222,18780,12,0;1;4;3;2
19223,19163,12,0;1;4;3;2
19224,14166,12,0;2;4;3;1
19225,14166,12,0;2;4;3;1
19226,19969,12,0;2;1;3;4
19227,19969,12,0;1;2;3;4
19228,8202,12,0;4;3;2;1
19229,24057,12,0;4;1;3;2
19230,24057,12,0;4;1;3;2
19231,12098,12,0;4;3;2;1
19232,12098,12,0;4;3;2;1
19233,10582,12,0;3;4;2;1
19234,10582,12,0;3;4;2;1
19235,10583,12,0;3;4;2;1
19236,10583,12,0;3;4;2;1
19237,20044,12,0;1;4;3;2
19238,12976,12,0;3;4;2;1
19239,12976,12,0;3;4;2;1
19240,10508,12,0;3;4;1;2
19241,10508,12,0;3;4;1;2
19242,10532,12,0;3;4;1;2
19243,10532,12,0;3;4;1;2
19244,7937,12,0;4;3;2;1
19245,17428,12,0;4;1;3;2
19246,17877,12,0;4;1;3;2
19247,20821,12,0;1;4;3;2
19248,10444,12,0;4;3;2;1
19249,10444,12,0;4;3;2;1
19250,12413,12,0;3;4;2;1
19251,12413,12,0;3;4;2;1
19252,21367,12,0;1;2;3;4
19253,21367,12,0;1;2;3;4
19254,21402,12,0;1;4;3;2
19255,21402,12,0;1;4;3;2
19256,16053,12,0;1;4;3;2
19257,21715,12,0;1;4;3;2
19258,16427,12,0;1;4;3;2
19259,16168,12,0;4;1;3;2
19260,16168,12,0;4;1;3;2
19261,15894,12,0;4;1;2;3
19262,17425,12,0;4;3;1;2
19263,17493,12,0;4;1;3;2
19264,15028,12,0;4;3;2;1
19265,15028,12,0;4;3;2;1
19266,15783,12,0;4;2;1;3
19267,15783,12,0;4;2;1;3
19268,22326,12,0;1;2;4;3
19269,22558,12,0;1;2;3;4
19270,22558,12,0;1;2;3;4
19271,22552,12,0;1;3;4;2
19272,22552,12,0;1;3;4;2
19273,8210,12,0;4;3;2;1
19274,21259,12,0;2;1;3;4
19275,21259,12,0;2;1;3;4
19276,22564,12,0;1;4;2;3
19277,22564,12,0;1;4;2;3
19278,14465,12,0;4;1;3;2
19279,7974,12,0;4;2;3;1
19280,14952,12,0;4;2;1;3
19281,14990,12,0;4;1;3;2
19282,22569,12,0;1;4;3;2
19283,22569,12,0;1;4;3;2
19284,22425,12,0;1;4;3;2
19285,22425,12,0;1;4;3;2
19286,14724,12,0;4;3;1;2
19287,12892,12,0;4;2;3;1
19288,12892,12,0;4;2;3;1
19289,22374,12,0;1;4;3;2
19290,18924,12,0;2;4;1;3
19291,22379,12,0;1;4;3;2
19292,24512,12,0;4;3;1;2
19293,18937,12,0;4;3;1;2
19294,18937,12,0;4;3;1;2
19295,12951,12,0;4;3;1;2
19296,12951,12,0;4;3;1;2
19297,18703,12,0;4;3;1;2
19298,18703,12,0;4;3;1;2
19299,12908,12,0;4;3;2;1
19300,12908,12,0;4;3;2;1
19301,24513,12,0;4;3;1;2
19302,15925,12,0;3;4;2;1
19303,7931,12,0;3;4;2;1
19304,7931,12,0;3;4;2;1
19305,23561,12,0;1;3;2;4
19306,12618,12,0;1;4;3;2
19307,13199,12,0;1;4;3;2
19308,14144,12,0;3;4;2;1
19309,14144,12,0;4;3;2;1
19310,23299,12,0;1;4;2;3
19311,23299,12,0;1;4;2;3
19312,15007,12,0;4;2;1;3
19313,21634,12,0;4;1;3;2
19314,21634,12,0;4;1;3;2
19315,20461,12,0;4;1;3;2
19316,23462,12,0;1;4;3;2
19317,20429,12,0;3;4;1;2
19318,20429,12,0;3;4;1;2
19319,17632,12,0;3;4;2;1
19320,17632,12,0;3;4;2;1
19321,16170,12,0;4;1;3;2
19322,16170,12,0;4;1;3;2
19323,24121,12,0;1;3;2;4
19324,7476,12,0;1;4;3;2
19325,24224,12,0;1;2;4;3
19326,24224,12,0;1;2;4;3
19327,24197,12,0;1;3;4;2
19328,24197,12,0;1;3;4;2
19329,24196,12,0;1;3;4;2
19330,24196,12,0;1;3;4;2
19331,24195,12,0;1;4;3;2
19332,24195,12,0;1;4;3;2
19333,24194,12,0;1;3;4;2
19334,24194,12,0;1;3;4;2
19335,24193,12,0;1;3;4;2
19336,24193,12,0;1;3;4;2
19337,21504,12,0;4;1;2;3
19338,10557,12,0;3;4;2;1
19339,10557,12,0;3;4;2;1
19340,20099,12,0;4;1;3;2
19341,20099,12,0;4;1;3;2
19342,22640,12,0;4;1;3;2
19343,22640,12,0;4;1;3;2
19344,18792,12,0;4;1;2;3
19345,18792,12,0;4;1;2;3
19346,10945,12,0;1;4;3;2
19347,17859,12,0;4;2;1;3
19348,15695,12,0;2;3;1;4
19349,15695,12,0;2;3;1;4
19350,11556,12,0;4;1;3;2
19351,16617,12,0;4;2;3;1
19352,14169,12,0;4;2;3;1
19353,14169,12,0;4;2;3;1
19354,24302,12,0;1;4;3;2
19355,24302,12,0;1;4;3;2
19356,24331,12,0;1;3;4;2
19357,6784,12,0;4;2;3;1
19358,6784,12,0;4;2;3;1
19359,6886,12,0;4;3;1;2
19360,6886,12,0;4;3;1;2
19361,11533,12,0;4;3;1;2
19362,22663,12,0;4;2;1;3
19363,10752,12,0;4;3;2;1
19364,10752,12,0;4;3;2;1
19365,20558,12,0;4;3;1;2
19366,20558,12,0;4;3;1;2
19367,23273,12,0;4;1;2;3
19368,23273,12,0;4;2;1;3
19369,11252,12,0;4;3;2;1
19370,11252,12,0;4;3;2;1
19371,14691,12,0;3;4;2;1
19372,14691,12,0;3;4;2;1
19373,16042,12,0;3;4;1;2
19374,6788,12,0;4;2;3;1
19375,6788,12,0;4;2;3;1
19376,22560,12,0;4;1;3;2
19377,22560,12,0;4;1;3;2
19378,20228,12,0;4;3;1;2
19379,20228,12,0;4;3;1;2
19380,13017,12,0;4;3;1;2
19381,13017,12,0;4;3;1;2
19382,16238,12,0;4;1;2;3
19383,7978,12,0;4;2;3;1
19384,10608,12,0;4;3;2;1
19385,10608,12,0;4;3;2;1
19386,14723,12,0;4;2;3;1
19387,14723,12,0;4;2;3;1
19388,11197,12,0;4;2;3;1
19389,11197,12,0;4;3;2;1
19390,11196,12,0;4;2;3;1
19391,11196,12,0;4;2;3;1
19392,11195,12,0;4;3;2;1
19393,11195,12,0;4;2;3;1
19394,11194,12,0;4;3;2;1
19395,11194,12,0;4;3;2;1
19396,14686,12,0;4;2;1;3
19397,14686,12,0;4;2;1;3
19398,18942,12,0;4;1;3;2
19399,18942,12,0;4;1;3;2
19400,19971,12,0;4;2;3;1
19401,19971,12,0;4;2;3;1
19402,6508,12,0;4;3;2;1
19403,6508,12,0;4;3;2;1
19404,12359,12,0;3;4;1;2
19405,12359,12,0;3;4;1;2
19406,14333,12,0;4;3;2;1
19407,14333,12,0;4;3;1;2
19408,12969,12,0;4;3;1;2
19409,12969,12,0;4;3;1;2
19410,12970,12,0;4;3;1;2
19411,12970,12,0;4;3;1;2
19412,10830,12,0;4;3;1;2
19413,10830,12,0;4;3;1;2
19414,14728,12,0;4;1;3;2
19415,14728,12,0;4;1;3;2
19416,19113,12,0;4;1;2;3
19417,12866,12,0;3;4;1;2
19418,12866,12,0;3;4;1;2
19419,8200,12,0;4;3;2;1
19420,16154,12,0;4;3;2;1
19421,16154,12,0;4;3;2;1
19422,20456,12,0;4;1;3;2
19423,20456,12,0;4;1;3;2
19424,15775,12,0;4;3;2;1
19425,15775,12,0;4;3;2;1
19426,11205,12,0;4;2;3;1
19427,11205,12,0;4;2;3;1
19428,11232,12,0;4;3;2;1
19429,11232,12,0;4;3;2;1
19430,18582,12,0;4;3;2;1
19431,18582,12,0;4;3;2;1
19432,11179,12,0;3;4;2;1
19433,11179,12,0;3;4;2;1
19434,11151,12,0;4;3;2;1
19435,11151,12,0;4;3;2;1
19436,15934,12,0;4;3;1;2
19437,15934,12,0;4;3;1;2
19438,19951,12,0;4;2;1;3
19439,19951,12,0;4;2;1;3
19440,8048,12,0;3;2;4;1
19441,12100,12,0;4;3;2;1
19442,12100,12,0;4;3;2;1
19443,17630,12,0;4;2;3;1
19444,17630,12,0;4;2;3;1
19445,6736,12,0;1;4;3;2
19446,6736,12,0;1;4;3;2
19447,20433,12,0;1;3;2;4
19448,12343,12,0;3;2;1;4
19449,12343,12,0;3;2;1;4
19450,9045,12,0;3;4;2;1
19451,9045,12,0;3;4;2;1
19452,8988,12,0;3;4;2;1
19453,8988,12,0;3;4;2;1
19454,9722,12,0;4;3;2;1
19455,9722,12,0;4;3;2;1
19456,15803,12,0;2;1;4;3
19457,15803,12,0;2;1;4;3
19458,22336,12,0;1;2;4;3
19459,22544,12,0;1;3;2;4
19460,9240,12,0;2;4;3;1
19461,9240,12,0;2;4;3;1
19462,9340,12,0;4;3;2;1
19463,9340,12,0;4;3;2;1
19464,9179,12,0;4;3;2;1
19465,9179,12,0;4;3;2;1
19466,7771,12,0;3;4;2;1
19467,7771,12,0;3;4;2;1
19468,23444,12,0;1;3;4;2
19469,23444,12,0;1;3;4;2
19470,7766,12,0;4;3;1;2
19471,9180,12,0;4;3;1;2
19472,9180,12,0;4;3;1;2
19473,24229,12,0;1;2;3;4
19474,17523,12,0;4;1;3;2
19475,24493,12,0;1;2;3;4
19476,8127,12,0;4;1;3;2
19477,9596,12,0;4;3;2;1
19478,9596,12,0;4;3;2;1
19479,6721,12,0;4;2;3;1
19480,6721,12,0;4;2;3;1
19481,17979,12,0;4;1;3;2
19482,7491,12,0;4;3;2;1
19483,7491,12,0;4;3;2;1
19484,24294,12,0;1;3;4;2
19485,24294,12,0;1;3;4;2
19486,8121,12,0;4;2;3;1
19487,24089,12,0;1;4;2;3
19488,24089,12,0;1;4;2;3
19489,24376,12,0;1;4;3;2
19490,24376,12,0;1;4;3;2
19491,9562,12,0;4;3;1;2
19492,9562,12,0;4;3;1;2
19493,10823,12,0;4;3;1;2
19494,10823,12,0;4;3;1;2
19495,6723,12,0;4;3;2;1
19496,6723,12,0;4;3;2;1
19497,9643,12,0;4;3;2;1
19498,9668,12,0;4;3;2;1
19499,9668,12,0;4;3;2;1
19500,9733,12,0;4;3;2;1
19501,9733,12,0;4;3;2;1
19502,11193,12,0;4;2;3;1
19503,11193,12,0;4;3;2;1
19504,14194,12,0;4;1;3;2
19505,14194,12,0;4;1;3;2
19506,21380,12,0;3;1;4;2
19507,9867,12,0;4;3;1;2
19508,9867,12,0;4;3;1;2
19509,7754,12,0;4;3;2;1
19510,7754,12,0;4;3;2;1
19511,9862,12,0;4;3;2;1
19512,9862,12,0;4;3;2;1
19513,8845,12,0;3;4;2;1
19514,8845,12,0;3;4;2;1
19515,9481,12,0;3;4;2;1
19516,12107,12,0;4;3;1;2
19517,12107,12,0;4;3;1;2
19518,12335,12,0;4;2;3;1
19519,12335,12,0;4;2;3;1
19520,20453,12,0;4;1;3;2
19521,9017,12,0;4;2;3;1
19522,9017,12,0;4;2;3;1
19523,9078,12,0;4;3;1;2
19524,9078,12,0;4;3;1;2
19525,9823,12,0;4;3;2;1
19526,9823,12,0;4;3;2;1
19527,2152,12,0;1;2;4;3
19528,2152,12,0;1;2;4;3
19529,2011,12,0;1;2;4;3
19530,2011,12,0;1;2;4;3
19531,1873,12,0;1;2;4;3
19532,1873,12,0;1;2;4;3
19533,1718,12,0;1;2;4;3
19534,1718,12,0;1;4;2;3
19535,1534,12,0;1;2;4;3
19536,1534,12,0;1;2;4;3
19537,848,12,0;1;4;2;3
19538,848,12,0;1;4;2;3
19539,873,12,0;1;2;4;3
19540,873,12,0;1;2;4;3
19541,920,12,0;1;2;4;3
19542,920,12,0;1;2;4;3
19543,2553,12,0;1;2;4;3
19544,2553,12,0;1;2;4;3
19545,1339,12,0;1;2;4;3
19546,1339,12,0;1;2;4;3
19547,1340,12,0;1;2;4;3
19548,1340,12,0;1;2;4;3
19549,1341,12,0;1;4;2;3
19550,1341,12,0;1;2;4;3
19551,1379,12,0;1;2;4;3
19552,1379,12,0;1;2;4;3
19553,1724,12,0;1;2;4;3
19554,1724,12,0;1;2;4;3
19555,1752,12,0;1;4;2;3
19556,1752,12,0;1;4;2;3
19557,1753,12,0;1;4;2;3
19558,1753,12,0;1;4;2;3
19559,1773,12,0;1;2;4;3
19560,1773,12,0;1;4;2;3
19561,1774,12,0;1;2;4;3
19562,1774,12,0;1;2;4;3
19563,2081,12,0;1;4;2;3
19564,2081,12,0;1;4;2;3
19565,2161,12,0;1;4;2;3
19566,2161,12,0;1;4;2;3
19567,2181,12,0;1;2;4;3
19568,2181,12,0;1;4;2;3
19569,2331,12,0;1;2;4;3
19570,2331,12,0;1;2;4;3
19571,2409,12,0;1;4;2;3
19572,2409,12,0;1;2;4;3
19573,2500,12,0;1;4;2;3
19574,2500,12,0;1;4;2;3
19575,2531,12,0;1;2;4;3
19576,2531,12,0;1;2;4;3
19577,2594,12,0;1;2;4;3
19578,2594,12,0;1;2;4;3
19579,2595,12,0;1;2;4;3
19580,2595,12,0;1;2;4;3
19581,2599,12,0;1;2;4;3
19582,2599,12,0;1;2;4;3
19583,2600,12,0;1;2;4;3
19584,2600,12,0;1;2;4;3
19585,2606,12,0;1;2;4;3
19586,2606,12,0;1;2;4;3
19587,918,12,0;1;3;2;4
19588,918,12,0;1;3;4;2
19589,919,12,0;1;3;2;4
19590,919,12,0;1;3;4;2
19591,1751,12,0;1;3;4;2
19592,1751,12,0;1;3;4;2
19593,1378,12,0;1;3;2;4
19594,1378,12,0;1;3;2;4
19595,2287,12,0;1;3;2;4
19596,2287,12,0;1;3;2;4
19597,2179,12,0;1;3;4;2
19598,2179,12,0;1;3;2;4
19599,2046,12,0;1;3;4;2
19600,2046,12,0;1;3;4;2
19601,1906,12,0;1;3;4;2
19602,1906,12,0;1;3;2;4
19603,1754,12,0;1;3;2;4
19604,1754,12,0;1;3;2;4
19605,1772,12,0;1;3;4;2
19606,1772,12,0;1;3;4;2
19607,2180,12,0;1;3;2;4
19608,2180,12,0;1;3;2;4
19609,1771,12,0;1;3;4;2
19610,1771,12,0;1;3;2;4
19611,2408,12,0;1;3;4;2
19612,2408,12,0;1;3;4;2
19613,2080,12,0;1;3;2;4
19614,2080,12,0;1;3;4;2
19615,938,12,0;1;3;4;2
19616,938,12,0;1;3;2;4
19617,939,12,0;1;3;2;4
19618,939,12,0;1;3;4;2
19619,2332,12,0;1;3;4;2
19620,2332,12,0;1;3;4;2
19621,937,12,0;1;3;2;4
19622,937,12,0;1;3;2;4
19623,1770,12,0;1;3;4;2
19624,1770,12,0;1;3;2;4
19625,2555,12,0;1;3;4;2
19626,2555,12,0;1;3;2;4
19627,940,12,0;1;3;4;2
19628,940,12,0;1;3;4;2
19629,2499,12,0;1;3;4;2
19630,2499,12,0;1;3;4;2
19631,1867,12,0;1;3;2;4
19632,1867,12,0;1;3;2;4
19633,1712,12,0;1;3;4;2
19634,1712,12,0;1;3;2;4
19635,1528,12,0;1;3;2;4
19636,1528,12,0;1;3;2;4
19637,1335,12,0;1;3;4;2
19638,1335,12,0;1;3;2;4
19639,897,12,0;1;3;2;4
19640,897,12,0;1;3;4;2
19641,2621,12,0;1;3;2;4
19642,2621,12,0;1;3;2;4
19643,4240,12,0;1;2;3;4
19644,4240,12,0;1;2;3;4
19645,4604,12,0;1;2;4;3
19646,4604,12,0;1;2;4;3
19647,4254,12,0;1;4;3;2
19648,4254,12,0;1;4;3;2
19649,5361,12,0;1;3;4;2
19650,5361,12,0;1;3;4;2
19651,5320,12,0;1;4;2;3
19652,5320,12,0;1;4;2;3
19653,4427,12,0;1;3;2;4
19654,4427,12,0;1;3;2;4
19655,5328,12,0;1;4;3;2
19656,5328,12,0;1;4;3;2
19657,5497,12,0;1;3;4;2
19658,5497,12,0;1;3;4;2
19659,5066,12,0;1;4;2;3
19660,5066,12,0;1;4;2;3
19661,5202,12,0;1;3;4;2
19662,5202,12,0;1;3;2;4
19663,4448,12,0;1;3;4;2
19664,4448,12,0;1;3;4;2
19665,4435,12,0;1;4;3;2
19666,4435,12,0;1;4;3;2
19667,4917,12,0;1;4;3;2
19668,4917,12,0;1;4;3;2
19669,5233,12,0;1;4;3;2
19670,5233,12,0;1;4;3;2
19671,5859,12,0;1;3;2;4
19672,5859,12,0;1;3;2;4
19673,5719,12,0;1;3;4;2
19674,5719,12,0;1;3;4;2
19675,4163,12,0;1;4;3;2
19676,4163,12,0;1;4;3;2
19677,4451,12,0;1;4;3;2
19678,4451,12,0;1;4;3;2
19679,4818,12,0;1;3;4;2
19680,4818,12,0;1;3;4;2
19681,4825,12,0;1;3;4;2
19682,4825,12,0;1;3;4;2
19683,4751,12,0;1;4;2;3
19684,4751,12,0;1;4;2;3
19685,5157,12,0;1;3;2;4
19686,5157,12,0;1;3;2;4
19687,4808,12,0;1;3;2;4
19688,4808,12,0;1;3;2;4
19689,4684,12,0;1;4;2;3
19690,4684,12,0;1;4;2;3
19691,5778,12,0;1;3;2;4
19692,5778,12,0;1;3;2;4
19693,5812,12,0;1;3;2;4
19694,5812,12,0;1;3;2;4
19695,5472,12,0;1;4;3;2
19696,5472,12,0;1;4;3;2
19697,4478,12,0;1;4;3;2
19698,4478,12,0;1;4;3;2
19699,4711,12,0;1;4;3;2
19700,4711,12,0;1;4;3;2
19701,5414,12,0;1;3;2;4
19702,5414,12,0;1;3;2;4
19703,4903,12,0;1;3;4;2
19704,4903,12,0;1;3;4;2
19705,4752,12,0;1;4;3;2
19706,4752,12,0;1;4;3;2
19707,6060,12,0;1;2;3;4
19708,6060,12,0;1;2;3;4
19709,3094,12,0;1;3;4;2
19710,3094,12,0;1;3;4;2
19711,5336,12,0;1;4;2;3
19712,5336,12,0;1;4;2;3
19713,4704,12,0;1;3;4;2
19714,4704,12,0;1;3;4;2
19715,5930,12,0;1;3;4;2
19716,5930,12,0;1;3;4;2
19717,3136,12,0;1;3;4;2
19718,3136,12,0;1;3;4;2
19719,4940,12,0;1;3;4;2
19720,4940,12,0;1;3;4;2
19721,5862,12,0;1;3;4;2
19722,5862,12,0;1;3;4;2
19723,6152,12,0;1;2;3;4
19724,6152,12,0;1;2;3;4
19725,5160,12,0;1;3;4;2
19726,5160,12,0;1;3;4;2
19727,3044,12,0;1;4;3;2
19728,3044,12,0;1;4;3;2
19729,3108,12,0;1;4;3;2
19730,3108,12,0;1;4;3;2
19731,4919,12,0;1;3;4;2
19732,4919,12,0;1;3;4;2
19733,4920,12,0;1;4;3;2
19734,4920,12,0;1;4;3;2
19735,5549,12,0;1;3;4;2
19736,5549,12,0;1;3;4;2
19737,6088,12,0;1;3;4;2
19738,6088,12,0;1;3;4;2
19739,5500,12,0;1;3;2;4
19740,5500,12,0;1;3;2;4
19741,6193,12,0;1;2;3;4
19742,6193,12,0;1;2;3;4
19743,6021,12,0;1;4;2;3
19744,6021,12,0;1;4;2;3
19745,6213,12,0;1;2;4;3
19746,6213,12,0;1;2;3;4
19747,3116,12,0;1;4;2;3
19748,3116,12,0;1;4;2;3
19749,3263,12,0;1;4;3;2
19750,3263,12,0;1;4;3;2
19751,3154,12,0;1;4;2;3
19752,3154,12,0;1;4;2;3
19753,5216,12,0;1;4;3;2
19754,5216,12,0;1;4;3;2
19755,5487,12,0;1;4;3;2
19756,5487,12,0;1;4;3;2
19757,6081,12,0;1;4;3;2
19758,6081,12,0;1;4;3;2
19759,5836,12,0;1;3;4;2
19760,5836,12,0;1;3;4;2
19761,4703,12,0;1;4;3;2
19762,4703,12,0;1;4;3;2
19763,5931,12,0;1;4;2;3
19764,5931,12,0;1;4;2;3
19765,6141,12,0;1;4;2;3
19766,6141,12,0;1;4;2;3
19767,5451,12,0;1;3;4;2
19768,5451,12,0;1;3;4;2
19769,6308,12,0;1;2;4;3
19770,6308,12,0;1;2;4;3
19771,3290,12,0;1;3;4;2
19772,3290,12,0;1;3;4;2
19773,4360,12,0;1;3;4;2
19774,4360,12,0;1;3;4;2
19775,4392,12,0;1;3;4;2
19776,4392,12,0;1;3;4;2
19777,5450,12,0;1;4;3;2
19778,5450,12,0;1;4;3;2
19779,4868,12,0;1;4;3;2
19780,4868,12,0;1;4;3;2
19781,5994,12,0;1;3;2;4
19782,5994,12,0;1;3;2;4
19783,6024,12,0;1;3;4;2
19784,6024,12,0;1;3;4;2
19785,6143,12,0;1;4;2;3
19786,6143,12,0;1;4;2;3
19787,5306,12,0;1;3;4;2
19788,5306,12,0;1;3;4;2
19789,6298,12,0;1;3;2;4
19790,6298,12,0;1;2;3;4
19791,6051,12,0;1;3;4;2
19792,6051,12,0;1;4;3;2
19793,3134,12,0;1;3;4;2
19794,3134,12,0;1;3;4;2
19795,3218,12,0;1;4;3;2
19796,3218,12,0;1;4;3;2
19797,6232,12,0;1;3;4;2
19798,6232,12,0;1;3;2;4
19799,6181,12,0;1;4;2;3
19800,6181,12,0;1;4;2;3
19801,5685,12,0;1;4;3;2
19802,5685,12,0;1;4;3;2
19803,5416,12,0;1;4;3;2
19804,5416,12,0;1;4;3;2
19805,6015,12,0;1;3;4;2
19806,6015,12,0;1;3;4;2
19807,4434,12,0;1;3;4;2
19808,4434,12,0;1;3;4;2
19809,4322,12,0;1;3;4;2
19810,4322,12,0;1;3;4;2
19811,3013,12,0;1;4;3;2
19812,3013,12,0;1;4;3;2
19813,4867,12,0;1;2;4;3
19814,4867,12,0;1;2;4;3
19815,5616,12,0;1;4;3;2
19816,5616,12,0;1;4;3;2
19817,5708,12,0;1;4;3;2
19818,5708,12,0;1;4;3;2
19819,4326,12,0;1;4;3;2
19820,4326,12,0;1;4;3;2
19821,5704,12,0;1;3;4;2
19822,5704,12,0;1;3;4;2
19823,5073,12,0;1;4;2;3
19824,5073,12,0;1;4;2;3
19825,5797,12,0;1;4;2;3
19826,5797,12,0;1;4;2;3
19827,5613,12,0;1;4;2;3
19828,5613,12,0;1;4;2;3
19829,5433,12,0;1;4;2;3
19830,5433,12,0;1;4;2;3
19831,4307,12,0;1;4;3;2
19832,4307,12,0;1;4;3;2
19833,5426,12,0;1;4;3;2
19834,5426,12,0;1;4;3;2
19835,4803,12,0;1;3;4;2
19836,4803,12,0;1;3;4;2
19837,3046,12,0;1;4;2;3
19838,3046,12,0;1;4;2;3
19839,5990,12,0;1;4;2;3
19840,5990,12,0;1;4;2;3
19841,5470,12,0;1;2;4;3
19842,5470,12,0;1;2;4;3
19843,5174,12,0;1;4;3;2
19844,5174,12,0;1;4;3;2
19845,4308,12,0;1;4;3;2
19846,4308,12,0;1;4;3;2
19847,5898,12,0;1;4;3;2
19848,5898,12,0;1;4;3;2
19849,6359,12,0;1;3;4;2
19850,6359,12,0;1;3;4;2
19851,5915,12,0;1;4;3;2
19852,5915,12,0;1;4;3;2
19853,4916,12,0;1;3;4;2
19854,4916,12,0;1;3;4;2
19855,5887,12,0;1;4;2;3
19856,5887,12,0;1;2;4;3
19857,3115,12,0;1;4;3;2
19858,3115,12,0;1;4;3;2
19859,4268,12,0;1;4;3;2
19860,4268,12,0;1;4;3;2
19861,4372,12,0;1;4;3;2
19862,4372,12,0;1;4;3;2
19863,3106,12,0;1;4;3;2
19864,3106,12,0;1;4;3;2
19865,3072,12,0;1;4;3;2
19866,3072,12,0;1;4;3;2
19867,5144,12,0;1;4;3;2
19868,5144,12,0;1;4;3;2
19869,4785,12,0;1;4;3;2
19870,4785,12,0;1;4;3;2
19871,4578,12,0;1;4;2;3
19872,4578,12,0;1;4;2;3
19873,3000,12,0;1;4;3;2
19874,3000,12,0;1;4;3;2
19875,3074,12,0;1;4;3;2
19876,3074,12,0;1;4;3;2
19877,3078,12,0;1;3;4;2
19878,3078,12,0;1;3;4;2
19879,3039,12,0;1;4;2;3
19880,3039,12,0;1;4;2;3
19881,3308,12,0;1;3;4;2
19882,3308,12,0;1;3;4;2
19883,3169,12,0;1;4;3;2
19884,3169,12,0;1;4;3;2
19885,4382,12,0;1;4;3;2
19886,4382,12,0;1;4;3;2
19887,4590,12,0;1;4;2;3
19888,4590,12,0;1;4;2;3
19889,4601,12,0;1;4;2;3
19890,4601,12,0;1;4;2;3
19891,5916,12,0;1;4;2;3
19892,5916,12,0;1;4;2;3
19893,3222,12,0;1;4;3;2
19894,3222,12,0;1;4;3;2
19895,4403,12,0;1;4;3;2
19896,4403,12,0;1;4;3;2
19897,5145,12,0;1;4;3;2
19898,5145,12,0;1;4;3;2
19899,6058,12,0;1;4;3;2
19900,6058,12,0;1;4;3;2
19901,5148,12,0;1;4;3;2
19902,5148,12,0;1;4;3;2
19903,6192,12,0;1;2;4;3
19904,6192,12,0;1;4;2;3
19905,5402,12,0;1;4;3;2
19906,5402,12,0;1;4;3;2
19907,5377,12,0;1;4;3;2
19908,5377,12,0;1;4;3;2
19909,4681,12,0;1;4;3;2
19910,4681,12,0;1;4;3;2
19911,4693,12,0;1;4;3;2
19912,4693,12,0;1;4;3;2
19913,6363,12,0;1;4;3;2
19914,6363,12,0;1;4;3;2
19915,5091,12,0;1;4;2;3
19916,5091,12,0;1;4;2;3
19917,6216,12,0;1;2;4;3
19918,6216,12,0;1;4;2;3
19919,6136,12,0;1;4;2;3
19920,6136,12,0;1;4;2;3
19921,3097,12,0;1;4;3;2
19922,3097,12,0;1;4;3;2
19923,3188,12,0;1;4;3;2
19924,3188,12,0;1;4;3;2
19925,3021,12,0;1;4;3;2
19926,3021,12,0;1;4;3;2
19927,3182,12,0;1;3;4;2
19928,3182,12,0;1;3;4;2
19929,5172,12,0;1;4;3;2
19930,5172,12,0;1;4;3;2
19931,4809,12,0;1;4;3;2
19932,4809,12,0;1;4;3;2
19933,4691,12,0;1;4;3;2
19934,4691,12,0;1;4;3;2
19935,5384,12,0;1;4;3;2
19936,5384,12,0;1;4;3;2
19937,5663,12,0;1;4;3;2
19938,5663,12,0;1;4;3;2
19939,3234,12,0;1;4;3;2
19940,3234,12,0;1;4;3;2
19941,3128,12,0;1;4;3;2
19942,3128,12,0;1;4;3;2
19943,4884,12,0;1;4;3;2
19944,4884,12,0;1;4;3;2
19945,5271,12,0;1;3;4;2
19946,5271,12,0;1;3;4;2
19947,4290,12,0;1;4;3;2
19948,4290,12,0;1;4;3;2
19949,4366,12,0;1;4;3;2
19950,4366,12,0;1;4;3;2
19951,5386,12,0;1;4;2;3
19952,5386,12,0;1;4;2;3
19953,4328,12,0;1;3;4;2
19954,4328,12,0;1;3;4;2
19955,4707,12,0;1;3;4;2
19956,4707,12,0;1;3;4;2
19957,6210,12,0;1;4;3;2
19958,6210,12,0;1;4;3;2
19959,5586,12,0;1;4;3;2
19960,5586,12,0;1;4;3;2
19961,5087,12,0;1;4;3;2
19962,5087,12,0;1;4;3;2
19963,4781,12,0;1;4;3;2
19964,4781,12,0;1;4;3;2
19965,4455,12,0;1;4;3;2
19966,4455,12,0;1;4;3;2
19967,4480,12,0;1;4;3;2
19968,4480,12,0;1;4;3;2
19969,5427,12,0;1;4;3;2
19970,5427,12,0;1;4;3;2
19971,4712,12,0;1;3;4;2
19972,4712,12,0;1;3;4;2
19973,5618,12,0;1;3;4;2
19974,5618,12,0;1;3;4;2
19975,4900,12,0;1;4;3;2
19976,4900,12,0;1;4;3;2
19977,24383,12,0;3;1;4;2
19978,24383,12,0;3;1;4;2
19979,17051,12,0;1;4;3;2
19980,17051,12,0;1;4;3;2
19981,19718,12,0;4;2;1;3
19982,19718,12,0;4;2;1;3
19983,19155,12,0;4;1;3;2
19984,11532,12,0;4;3;1;2
19985,18883,12,0;3;4;1;2
19986,6705,12,0;4;2;1;3
19987,14227,12,0;4;2;3;1
19988,14227,12,0;4;2;3;1
19989,11351,12,0;3;4;2;1
19990,11351,12,0;3;4;2;1
19991,20542,12,0;1;3;4;2
19992,11125,12,0;2;3;4;1
19993,11125,12,0;2;4;3;1
19994,14263,12,0;4;2;1;3
19995,14263,12,0;4;2;1;3
19996,20426,12,0;4;3;1;2
19997,20426,12,0;4;3;1;2
19998,20179,12,0;1;4;3;2
19999,20179,12,0;1;4;3;2
20000,20420,12,0;3;1;4;2
20001,20420,12,0;3;1;4;2
20002,21645,12,0;1;4;2;3
20003,21645,12,0;1;4;2;3
20004,13934,12,0;4;2;3;1
20005,13934,12,0;4;2;3;1
20006,7024,12,0;3;2;4;1
20007,7024,12,0;3;2;4;1
20008,15683,12,0;2;4;3;1
20009,15683,12,0;2;4;3;1
20010,10777,12,0;4;3;1;2
20011,10777,12,0;4;3;1;2
20012,17322,12,0;4;1;3;2
20013,22545,12,0;1;4;2;3
20014,22545,12,0;1;4;3;2
20015,11259,12,0;4;2;3;1
20016,11259,12,0;4;2;3;1
20017,11397,12,0;4;3;2;1
20018,11397,12,0;4;3;2;1
20019,7187,12,0;3;4;2;1
20020,23276,12,0;1;4;2;3
20021,23276,12,0;1;4;2;3
20022,23284,12,0;4;1;3;2
20023,23284,12,0;4;1;3;2
20024,24119,12,0;1;2;4;3
20025,10563,12,0;4;3;1;2
20026,10563,12,0;4;3;1;2
20027,7869,12,0;3;4;1;2
20028,7869,12,0;3;4;1;2
20029,12880,12,0;2;4;1;3
20030,12880,12,0;2;4;1;3
20031,7982,12,0;4;3;2;1
20032,7982,12,0;4;3;2;1
20033,14126,12,0;3;2;4;1
20034,14126,12,0;3;2;4;1
20035,6650,12,0;4;2;3;1
20036,6650,12,0;4;2;3;1
20037,19087,12,0;3;4;1;2
20038,19087,12,0;3;4;1;2
20039,18935,12,0;2;1;4;3
20040,18935,12,0;2;1;4;3
20041,7871,12,0;3;4;2;1
20042,7871,12,0;3;4;2;1
20043,7866,12,0;3;4;2;1
20044,7866,12,0;3;4;2;1
20045,11068,12,0;3;4;1;2
20046,11068,12,0;3;4;1;2
20047,14664,12,0;4;2;1;3
20048,14664,12,0;4;2;1;3
20049,11192,12,0;4;3;2;1
20050,11192,12,0;4;2;3;1
20051,12116,12,0;3;4;2;1
20052,12116,12,0;3;4;2;1
20053,7037,12,0;4;2;3;1
20054,7037,12,0;4;2;3;1
20055,10345,12,0;4;3;1;2
20056,10345,12,0;4;3;1;2
20057,13935,12,0;3;4;1;2
20058,13935,12,0;3;4;1;2
20059,11146,12,0;4;3;1;2
20060,11146,12,0;4;3;1;2
20061,11057,12,0;3;4;2;1
20062,11057,12,0;3;4;2;1
20063,14140,12,0;4;3;2;1
20064,14140,12,0;4;3;2;1
20065,12087,12,0;4;3;1;2
20066,12087,12,0;4;3;1;2
20067,12093,12,0;3;4;1;2
20068,12093,12,0;3;4;1;2
20069,7107,12,0;3;2;4;1
20070,7107,12,0;3;2;4;1
20071,871,12,0;1;2;4;3
20072,871,12,0;1;4;2;3
20073,872,12,0;1;2;4;3
20074,872,12,0;1;2;4;3
20075,1536,12,0;1;4;2;3
20076,1536,12,0;1;2;4;3
20077,1537,12,0;1;4;2;3
20078,1537,12,0;1;4;2;3
20079,2183,12,0;1;2;4;3
20080,2183,12,0;1;4;2;3
20081,2392,12,0;1;2;4;3
20082,2392,12,0;1;4;2;3
20083,2532,12,0;1;4;2;3
20084,2532,12,0;1;4;2;3
20085,2585,12,0;1;2;4;3
20086,2585,12,0;1;2;4;3
20087,2596,12,0;1;2;4;3
20088,2596,12,0;1;2;4;3
20089,2030,12,0;1;3;2;4
20090,2030,12,0;1;3;2;4
20091,2182,12,0;1;3;4;2
20092,2182,12,0;1;3;4;2
20093,3475,12,0;1;2;3;4
20094,3475,12,0;1;2;3;4
20095,3560,12,0;1;2;3;4
20096,3560,12,0;1;2;3;4
20097,3565,12,0;1;2;3;4
20098,3565,12,0;1;2;3;4
20099,3577,12,0;1;2;3;4
20100,3577,12,0;1;2;3;4
20101,3578,12,0;1;2;3;4
20102,3578,12,0;1;2;3;4
20103,3590,12,0;1;2;3;4
20104,3590,12,0;1;2;3;4
20105,3582,12,0;1;2;4;3
20106,3582,12,0;1;2;4;3
20107,3583,12,0;1;2;4;3
20108,3583,12,0;1;2;4;3
20109,3593,12,0;1;2;3;4
20110,3593,12,0;1;2;3;4
20111,3509,12,0;1;2;4;3
20112,3509,12,0;1;2;4;3
20113,3510,12,0;1;2;4;3
20114,3510,12,0;1;2;4;3
20115,3550,12,0;1;2;4;3
20116,3550,12,0;1;2;4;3
20117,3511,12,0;1;2;4;3
20118,3511,12,0;1;2;4;3
20119,3956,12,0;1;2;3;4
20120,3956,12,0;1;2;3;4
20121,3831,12,0;1;3;4;2
20122,3831,12,0;1;3;4;2
20123,4043,12,0;1;3;2;4
20124,4043,12,0;1;3;2;4
20125,4027,12,0;1;3;2;4
20126,4027,12,0;1;3;2;4
20127,3714,12,0;1;4;3;2
20128,3714,12,0;1;4;3;2
20129,3998,12,0;1;4;3;2
20130,3998,12,0;1;4;3;2
20131,4070,12,0;1;4;3;2
20132,4070,12,0;1;4;3;2
20133,4028,12,0;1;4;3;2
20134,4028,12,0;1;4;3;2
20135,3882,12,0;1;3;4;2
20136,3882,12,0;1;3;4;2
20137,3848,12,0;1;4;3;2
20138,3848,12,0;1;4;3;2
20139,3965,12,0;1;4;3;2
20140,3965,12,0;1;4;3;2
20141,3997,12,0;1;2;4;3
20142,3997,12,0;1;2;4;3
20143,3888,12,0;1;3;4;2
20144,3888,12,0;1;3;4;2
20145,4053,12,0;1;4;3;2
20146,4053,12,0;1;4;3;2
20147,3867,12,0;1;4;3;2
20148,3867,12,0;1;4;3;2
20149,4019,12,0;1;4;3;2
20150,4019,12,0;1;4;3;2
20151,3947,12,0;1;4;3;2
20152,3947,12,0;1;4;3;2
20153,3833,12,0;1;4;3;2
20154,3833,12,0;1;4;3;2
20155,3722,12,0;1;4;3;2
20156,3722,12,0;1;4;3;2
20157,3812,12,0;1;4;3;2
20158,3812,12,0;1;4;3;2
20159,3924,12,0;1;4;3;2
20160,3924,12,0;1;4;3;2
20161,3683,12,0;1;4;3;2
20162,3683,12,0;1;4;3;2
20163,3944,12,0;1;4;3;2
20164,3944,12,0;1;4;3;2
20165,3905,12,0;1;4;3;2
20166,3905,12,0;1;4;3;2
20167,3706,12,0;1;4;3;2
20168,3706,12,0;1;4;3;2
20169,3968,12,0;1;4;3;2
20170,3968,12,0;1;4;3;2
20171,3819,12,0;1;4;3;2
20172,3819,12,0;1;4;3;2
20173,7499,12,0;1;2;4;3
20174,7499,12,0;1;2;3;4
20175,24378,12,0;3;4;2;1
20176,24378,12,0;3;2;1;4
20177,24384,12,0;3;4;1;2
20178,24384,12,0;3;4;2;1
20179,18733,12,0;3;1;2;4
20180,9784,12,0;3;4;2;1
20181,9784,12,0;3;4;2;1
20182,9028,12,0;3;4;2;1
20183,9028,12,0;3;4;2;1
20184,21351,12,0;1;4;2;3
20185,21351,12,0;1;4;2;3
20186,7865,12,0;3;2;4;1
20187,7865,12,0;3;2;4;1
20188,9773,12,0;3;4;2;1
20189,9773,12,0;3;4;2;1
20190,9392,12,0;4;3;2;1
20191,9392,12,0;4;3;2;1
20192,15951,12,0;4;1;3;2
20193,23356,12,0;1;3;4;2
20194,23356,12,0;1;3;4;2
20195,9716,12,0;3;4;2;1
20196,9716,12,0;3;4;2;1
20197,24202,12,0;1;4;3;2
20198,24202,12,0;1;4;3;2
20199,15705,12,0;2;1;4;3
20200,15705,12,0;2;1;4;3
20201,14581,12,0;4;3;1;2
20202,14581,12,0;4;3;1;2
20203,9395,12,0;2;3;4;1
20204,9395,12,0;2;3;4;1
20205,15690,12,0;3;4;1;2
20206,15690,12,0;3;4;1;2
20207,9074,12,0;4;3;1;2
20208,9074,12,0;4;3;1;2
20209,7441,12,0;4;3;2;1
20210,7441,12,0;4;3;2;1
20211,12698,12,0;4;1;2;3
20212,10497,12,0;4;3;2;1
20213,10497,12,0;4;3;2;1
20214,10498,12,0;4;3;2;1
20215,10498,12,0;4;3;2;1
20216,9398,12,0;4;3;2;1
20217,9398,12,0;4;3;2;1
20218,12426,12,0;2;4;1;3
20219,12426,12,0;2;4;1;3
20220,3361,12,0;1;2;3;4
20221,3361,12,0;1;2;3;4
20222,3390,12,0;1;2;3;4
20223,3390,12,0;1;2;3;4
20224,3402,12,0;1;2;4;3
20225,3402,12,0;1;2;4;3
20226,3726,12,0;1;4;3;2
20227,3726,12,0;1;4;3;2
20228,3720,12,0;1;4;3;2
20229,3720,12,0;1;4;3;2
20230,3703,12,0;1;4;3;2
20231,3703,12,0;1;4;3;2
20232,2911,12,0;1;2;3;4
20233,2911,12,0;1;2;3;4
20234,2942,12,0;1;2;4;3
20235,2942,12,0;1;2;4;3
20236,3041,12,0;1;2;4;3
20237,3041,12,0;1;2;4;3
20238,4206,12,0;1;2;4;3
20239,4206,12,0;1;2;4;3
20240,4541,12,0;1;2;3;4
20241,4541,12,0;1;2;3;4
20242,4544,12,0;1;2;3;4
20243,4544,12,0;1;2;3;4
20244,4546,12,0;1;2;3;4
20245,4546,12,0;1;2;3;4
20246,4549,12,0;1;2;3;4
20247,4549,12,0;1;2;3;4
20248,4525,12,0;1;2;4;3
20249,4525,12,0;1;2;4;3
20250,2924,12,0;1;4;2;3
20251,2924,12,0;1;4;2;3
20252,3225,12,0;1;3;2;4
20253,3225,12,0;1;3;2;4
20254,4799,12,0;1;3;4;2
20255,4799,12,0;1;3;2;4
20256,5168,12,0;1;4;2;3
20257,5168,12,0;1;4;2;3
20258,5544,12,0;1;4;2;3
20259,5544,12,0;1;4;2;3
20260,4129,12,0;1;4;3;2
20261,4129,12,0;1;4;3;2
20262,5183,12,0;1;4;2;3
20263,5183,12,0;1;4;2;3
20264,4788,12,0;1;4;2;3
20265,4788,12,0;1;4;2;3
20266,4635,12,0;1;4;2;3
20267,4635,12,0;1;4;2;3
20268,4458,12,0;1;4;3;2
20269,4458,12,0;1;4;3;2
20270,4842,12,0;1;4;3;2
20271,4842,12,0;1;4;3;2
20272,5739,12,0;1;3;4;2
20273,5739,12,0;1;3;4;2
20274,5572,12,0;1;4;2;3
20275,5572,12,0;1;4;2;3
20276,5570,12,0;1;4;2;3
20277,5570,12,0;1;4;2;3
20278,6260,12,0;1;2;3;4
20279,6260,12,0;1;2;3;4
20280,4467,12,0;1;3;4;2
20281,4467,12,0;1;3;4;2
20282,6018,12,0;1;3;4;2
20283,6018,12,0;1;3;4;2
20284,5769,12,0;1;3;2;4
20285,5769,12,0;1;3;2;4
20286,4939,12,0;1;4;3;2
20287,4939,12,0;1;4;3;2
20288,4136,12,0;1;3;4;2
20289,4136,12,0;1;3;4;2
20290,4459,12,0;1;3;4;2
20291,4459,12,0;1;3;4;2
20292,6189,12,0;1;3;4;2
20293,6189,12,0;1;3;4;2
20294,3191,12,0;1;4;3;2
20295,3191,12,0;1;4;3;2
20296,5040,12,0;1;4;3;2
20297,5040,12,0;1;4;3;2
20298,2954,12,0;1;4;3;2
20299,2954,12,0;1;4;3;2
20300,2970,12,0;1;4;2;3
20301,2970,12,0;1;4;2;3
20302,4474,12,0;1;3;4;2
20303,4474,12,0;1;3;4;2
20304,5716,12,0;1;3;4;2
20305,5716,12,0;1;3;4;2
20306,5977,12,0;1;4;3;2
20307,5977,12,0;1;4;3;2
20308,5383,12,0;1;4;3;2
20309,5383,12,0;1;4;3;2
20310,6355,12,0;1;3;4;2
20311,6355,12,0;1;3;4;2
20312,4130,12,0;1;4;3;2
20313,4130,12,0;1;4;3;2
20314,5260,12,0;1;4;3;2
20315,5260,12,0;1;4;3;2
20316,2922,12,0;1;4;3;2
20317,2922,12,0;1;4;3;2
20318,5891,12,0;1;3;4;2
20319,5891,12,0;1;3;4;2
20320,4185,12,0;1;4;3;2
20321,4185,12,0;1;4;3;2
20322,4316,12,0;1;4;3;2
20323,4316,12,0;1;4;3;2
20324,4715,12,0;1;4;3;2
20325,4715,12,0;1;4;3;2
20326,2797,12,0;1;4;3;2
20327,2797,12,0;1;4;3;2
20328,4569,12,0;1;3;4;2
20329,4569,12,0;1;3;4;2
20330,2943,12,0;1;4;3;2
20331,2943,12,0;1;4;3;2
20332,5881,12,0;1;4;3;2
20333,5881,12,0;1;4;3;2
20334,3171,12,0;1;4;3;2
20335,3171,12,0;1;4;3;2
20336,5410,12,0;1;4;3;2
20337,5410,12,0;1;4;3;2
20338,4566,12,0;1;4;3;2
20339,4566,12,0;1;4;3;2
20340,2835,12,0;1;4;3;2
20341,2835,12,0;1;4;3;2
20342,2913,12,0;1;4;3;2
20343,2913,12,0;1;4;3;2
20344,5052,12,0;1;4;3;2
20345,5052,12,0;1;4;3;2
20346,4198,12,0;1;4;3;2
20347,4198,12,0;1;4;3;2
20348,11084,12,0;1;2;3;4
20349,11084,12,0;1;3;2;4
20350,10976,12,0;4;3;1;2
20351,13117,12,0;3;4;1;2
20352,14963,12,0;3;4;1;2
20353,6674,12,0;4;3;2;1
20354,16413,12,0;4;1;3;2
20355,18910,12,0;1;2;3;4
20356,18910,12,0;1;2;3;4
20357,18660,12,0;1;4;2;3
20358,18660,12,0;1;4;2;3
20359,11210,12,0;2;3;4;1
20360,11210,12,0;2;3;4;1
20361,15782,12,0;4;2;3;1
20362,15782,12,0;4;2;3;1
20363,12620,12,0;3;1;4;2
20364,12620,12,0;3;1;4;2
20365,17848,12,0;4;3;1;2
20366,10675,12,0;2;3;4;1
20367,10675,12,0;2;3;4;1
20368,21674,12,0;4;1;2;3
20369,15801,12,0;3;1;2;4
20370,15801,12,0;3;1;2;4
20371,19074,12,0;4;1;3;2
20372,7975,12,0;4;1;3;2
20373,7975,12,0;4;1;3;2
20374,22522,12,0;1;3;4;2
20375,22522,12,0;1;3;4;2
20376,7969,12,0;4;3;2;1
20377,10523,12,0;3;2;4;1
20378,10523,12,0;3;2;4;1
20379,12469,12,0;2;4;3;1
20380,18570,12,0;4;1;2;3
20381,18570,12,0;4;1;2;3
20382,23232,12,0;1;4;2;3
20383,12309,12,0;4;2;3;1
20384,12309,12,0;4;2;3;1
20385,24503,12,0;1;3;4;2
20386,24503,12,0;1;3;4;2
20387,6875,12,0;4;2;3;1
20388,6875,12,0;4;2;3;1
20389,14077,12,0;4;1;3;2
20390,14077,12,0;4;1;3;2
20391,8138,12,0;4;3;1;2
20392,8138,12,0;3;4;1;2
20393,12968,12,0;4;3;1;2
20394,12968,12,0;4;3;1;2
20395,7893,12,0;3;4;2;1
20396,7893,12,0;3;4;2;1
20397,1123,12,0;1;3;2;4
20398,1123,12,0;1;3;2;4
20399,3549,12,0;1;2;4;3
20400,3549,12,0;1;2;4;3
20401,3756,12,0;1;2;4;3
20402,3756,12,0;1;2;4;3
20403,3786,12,0;1;4;3;2
20404,3786,12,0;1;4;3;2
20405,3781,12,0;1;4;3;2
20406,3781,12,0;1;4;3;2
20407,4069,12,0;1;3;4;2
20408,4069,12,0;1;3;4;2
20409,3872,12,0;1;4;3;2
20410,3872,12,0;1;4;3;2
20411,3672,12,0;1;4;3;2
20412,3672,12,0;1;4;3;2
20413,9239,12,0;1;4;2;3
20414,9239,12,0;1;4;2;3
20415,9366,12,0;2;4;1;3
20416,9366,12,0;2;4;1;3
20417,10496,12,0;3;4;2;1
20418,10496,12,0;3;4;2;1
20419,8967,12,0;3;4;2;1
20420,8967,12,0;3;4;2;1
20421,11479,12,0;4;3;1;2
20422,11479,12,0;4;3;1;2
20423,11100,12,0;3;2;1;4
20424,11100,12,0;2;3;1;4
20425,8230,12,0;4;1;3;2
20426,10590,12,0;3;4;1;2
20427,10590,12,0;3;4;1;2
20428,24205,12,0;1;2;3;4
20429,24205,12,0;1;2;3;4
20430,20060,12,0;4;1;3;2
20431,9559,12,0;2;4;3;1
20432,9559,12,0;2;4;3;1
20433,8822,12,0;3;4;2;1
20434,8822,12,0;3;4;2;1
20435,9014,12,0;4;2;3;1
20436,9014,12,0;4;2;3;1
20437,8966,12,0;4;3;2;1
20438,8966,12,0;4;3;2;1
20439,9069,12,0;3;4;2;1
20440,9069,12,0;3;4;2;1
20441,8979,12,0;4;3;2;1
20442,8979,12,0;4;3;2;1
20443,9009,12,0;4;3;2;1
20444,9009,12,0;4;3;2;1
20445,15812,12,0;4;3;1;2
20446,15812,12,0;4;3;1;2
20447,9034,12,0;4;3;1;2
20448,9034,12,0;4;3;1;2
20449,732,12,0;1;2;4;3
20450,732,12,0;1;2;4;3
20451,847,12,0;1;2;4;3
20452,847,12,0;1;4;2;3
20453,870,12,0;1;4;2;3
20454,870,12,0;1;2;4;3
20455,1997,12,0;1;4;2;3
20456,1997,12,0;1;4;2;3
20457,2269,12,0;1;4;2;3
20458,2269,12,0;1;4;2;3
20459,2276,12,0;1;4;2;3
20460,2276,12,0;1;4;2;3
20461,2583,12,0;1;2;4;3
20462,2583,12,0;1;2;4;3
20463,2588,12,0;1;2;4;3
20464,2588,12,0;1;2;4;3
20465,1701,12,0;1;3;4;2
20466,1701,12,0;1;3;4;2
20467,1535,12,0;1;3;4;2
20468,1535,12,0;1;3;4;2
20469,2029,12,0;1;3;4;2
20470,2029,12,0;1;3;2;4
20471,917,12,0;1;3;2;4
20472,917,12,0;1;3;4;2
20473,2391,12,0;1;3;2;4
20474,2391,12,0;1;3;4;2
20475,912,12,0;1;3;2;4
20476,912,12,0;1;3;2;4
20477,2171,12,0;1;3;2;4
20478,2171,12,0;1;3;2;4
20479,2038,12,0;1;3;4;2
20480,2038,12,0;1;3;4;2
20481,1898,12,0;1;3;2;4
20482,1898,12,0;1;3;2;4
20483,1746,12,0;1;3;2;4
20484,1746,12,0;1;3;4;2
20485,1568,12,0;1;3;2;4
20486,1568,12,0;1;3;2;4
20487,1377,12,0;1;3;4;2
20488,1377,12,0;1;3;4;2
20489,2821,12,0;1;2;4;3
20490,2821,12,0;1;2;4;3
20491,4843,12,0;1;3;4;2
20492,4843,12,0;1;3;4;2
20493,4613,12,0;1;3;4;2
20494,4613,12,0;1;3;4;2
20495,4183,12,0;1;3;4;2
20496,4183,12,0;1;3;4;2
20497,2836,12,0;1;4;3;2
20498,2836,12,0;1;4;3;2
20499,4171,12,0;1;3;4;2
20500,4171,12,0;1;3;4;2
20501,6151,12,0;1;4;2;3
20502,6151,12,0;1;4;2;3
20503,2808,12,0;1;4;3;2
20504,2808,12,0;1;4;3;2
20505,13045,12,0;4;2;1;3
20506,14808,12,0;1;2;4;3
20507,14808,12,0;1;2;4;3
20508,14706,12,0;4;3;1;2
20509,14706,12,0;4;3;1;2
20510,18595,12,0;2;1;3;4
20511,18595,12,0;2;1;3;4
20512,20522,12,0;3;4;1;2
20513,18908,12,0;3;1;2;4
20514,18908,12,0;3;1;2;4
20515,12182,12,0;2;3;4;1
20516,12182,12,0;2;3;4;1
20517,10364,12,0;2;3;4;1
20518,10364,12,0;2;3;4;1
20519,14215,12,0;4;1;3;2
20520,14215,12,0;4;1;3;2
20521,6716,12,0;4;2;3;1
20522,6716,12,0;4;2;3;1
20523,7849,12,0;3;4;2;1
20524,7849,12,0;3;4;2;1
20525,12088,12,0;4;1;3;2
20526,12088,12,0;4;1;2;3
20527,10420,12,0;3;4;1;2
20528,10420,12,0;3;4;1;2
20529,7011,12,0;4;2;3;1
20530,7011,12,0;4;2;3;1
20531,1498,12,0;1;2;4;3
20532,1498,12,0;1;2;4;3
20533,3995,12,0;1;3;4;2
20534,3995,12,0;1;3;4;2
20535,2894,12,0;1;4;3;2
20536,2894,12,0;1;4;3;2
20537,9593,12,0;2;1;3;4
20538,9593,12,0;2;1;3;4
20539,6754,12,0;4;3;1;2
20540,6754,12,0;4;3;1;2
20541,12262,12,0;3;4;2;1
20542,12262,12,0;3;4;2;1
20543,6682,12,0;4;2;1;3
20544,6682,12,0;4;2;1;3
20545,9693,12,0;4;3;1;2
20546,9693,12,0;4;3;1;2
20547,10495,12,0;3;4;2;1
20548,10495,12,0;3;4;2;1
20549,8970,12,0;4;3;2;1
20550,8970,12,0;4;3;2;1
20551,8031,12,0;3;4;2;1
20552,8975,12,0;4;2;3;1
20553,8975,12,0;4;2;3;1
20554,18612,12,0;3;1;2;4
20555,18612,12,0;3;1;2;4
20556,9001,12,0;4;2;3;1
20557,9001,12,0;4;2;3;1
20558,9160,12,0;3;2;1;4
20559,9160,12,0;3;2;1;4
20560,9070,12,0;4;3;2;1
20561,9070,12,0;4;3;2;1
20562,4190,12,0;1;4;2;3
20563,4190,12,0;1;4;2;3
20564,3305,12,0;1;3;4;2
20565,3305,12,0;1;3;4;2
20566,4609,12,0;1;3;4;2
20567,4609,12,0;1;3;4;2
20568,4402,12,0;1;4;3;2
20569,4402,12,0;1;4;3;2
20570,4992,12,0;1;3;4;2
20571,4992,12,0;1;3;4;2
20572,16443,12,0;4;3;1;2
20573,16443,12,0;4;3;1;2
20574,15766,12,0;3;2;1;4
20575,15766,12,0;3;2;1;4
20576,10396,12,0;2;3;4;1
20577,10396,12,0;2;3;4;1
20578,17130,12,0;3;4;1;2
20579,17130,12,0;4;3;1;2
20580,17000,12,0;3;4;1;2
20581,17000,12,0;3;4;1;2
20582,17607,12,0;2;1;4;3
20583,17607,12,0;2;1;4;3
20584,12906,12,0;4;2;1;3
20585,12906,12,0;4;2;1;3
20586,18556,12,0;3;1;4;2
20587,18556,12,0;3;1;4;2
20588,14220,12,0;4;1;3;2
20589,14220,12,0;4;1;3;2
20590,17180,12,0;2;4;1;3
20591,17180,12,0;2;4;1;3
20592,14667,12,0;4;3;1;2
20593,14667,12,0;4;3;1;2
20594,8095,12,0;4;2;3;1
20595,8095,12,0;4;2;3;1
20596,4066,12,0;1;4;3;2
20597,4066,12,0;1;4;3;2
20598,3666,12,0;1;4;3;2
20599,3666,12,0;1;4;3;2
20600,15948,12,0;4;1;3;2
20601,15948,12,0;4;1;3;2
20602,7200,12,0;4;3;2;1
20603,7200,12,0;4;3;2;1
20604,8968,12,0;4;3;2;1
20605,8968,12,0;4;3;2;1
20606,10709,12,0;4;1;3;2
20607,10709,12,0;4;1;3;2
20608,10499,12,0;3;4;1;2
20609,10499,12,0;3;4;1;2
20610,9473,12,0;4;3;2;1
20611,9473,12,0;4;3;2;1
20612,6511,12,0;3;4;2;1
20613,6511,12,0;3;4;2;1
20614,8956,12,0;3;4;1;2
20615,8956,12,0;3;4;1;2
20616,7149,12,0;4;3;2;1
20617,7149,12,0;4;3;2;1
20618,8862,12,0;3;4;2;1
20619,8862,12,0;3;4;2;1
20620,7075,12,0;4;3;2;1
20621,7075,12,0;4;3;2;1
20622,9428,12,0;3;4;2;1
20623,9428,12,0;3;4;2;1
20624,13948,12,0;3;2;1;4
20625,13948,12,0;3;2;1;4
20626,8833,12,0;3;2;4;1
20627,8833,12,0;3;2;4;1
20628,7350,12,0;4;1;2;3
20629,8935,12,0;4;3;2;1
20630,8935,12,0;4;3;2;1
20631,1812,12,0;1;2;4;3
20632,1812,12,0;1;2;4;3
20633,1640,12,0;1;4;2;3
20634,1640,12,0;1;4;2;3
20635,1445,12,0;1;2;4;3
20636,1445,12,0;1;4;2;3
20637,1239,12,0;1;2;4;3
20638,1239,12,0;1;4;2;3
20639,782,12,0;1;2;4;3
20640,782,12,0;1;2;4;3
20641,4626,12,0;1;4;3;2
20642,4626,12,0;1;4;3;2
20643,5018,12,0;1;2;3;4
20644,5018,12,0;1;2;3;4
20645,3294,12,0;1;4;3;2
20646,3294,12,0;1;4;3;2
20647,21277,12,0;1;4;3;2
20648,21277,12,0;1;4;3;2
20649,10511,12,0;3;4;1;2
20650,10511,12,0;3;4;1;2
20651,12302,12,0;3;4;1;2
20652,12302,12,0;3;4;1;2
20653,12089,12,0;4;1;2;3
20654,12089,12,0;4;1;2;3
20655,8961,12,0;4;3;2;1
20656,8961,12,0;4;3;2;1
20657,7841,12,0;4;2;3;1
20658,7841,12,0;4;2;3;1
20659,7158,12,0;3;4;2;1
20660,10355,12,0;3;4;2;1
20661,10355,12,0;3;4;2;1
20662,1962,12,0;1;2;4;3
20663,1962,12,0;1;2;4;3
20664,1817,12,0;1;2;4;3
20665,1817,12,0;1;4;2;3
20666,1645,12,0;1;2;4;3
20667,1645,12,0;1;4;2;3
20668,1450,12,0;1;2;4;3
20669,1450,12,0;1;2;4;3
20670,1244,12,0;1;4;2;3
20671,1244,12,0;1;4;2;3
20672,787,12,0;1;4;2;3
20673,787,12,0;1;2;4;3
20674,786,12,0;1;3;4;2
20675,786,12,0;1;3;4;2
20676,1249,12,0;1;3;4;2
20677,1249,12,0;1;3;2;4
20678,1458,12,0;1;3;2;4
20679,1458,12,0;1;3;4;2
20680,1656,12,0;1;3;4;2
20681,1656,12,0;1;3;2;4
20682,1831,12,0;1;3;4;2
20683,1831,12,0;1;3;2;4
20684,1978,12,0;1;3;2;4
20685,1978,12,0;1;3;4;2
20686,2130,12,0;1;3;2;4
20687,2130,12,0;1;3;2;4
20688,2256,12,0;1;3;2;4
20689,2256,12,0;1;3;4;2
20690,2364,12,0;1;3;2;4
20691,2364,12,0;1;3;2;4
20692,2450,12,0;1;3;2;4
20693,2450,12,0;1;3;4;2
20694,2519,12,0;1;3;2;4
20695,2519,12,0;1;3;2;4
20696,2576,12,0;1;3;2;4
20697,2576,12,0;1;3;2;4
20698,3749,12,0;1;3;4;2
20699,3749,12,0;1;3;4;2
20700,7623,12,0;1;4;3;2
20701,7623,12,0;1;4;3;2
20702,23225,12,0;1;2;3;4
20703,23225,12,0;1;2;3;4
20704,23238,12,0;1;3;4;2
20705,23238,12,0;1;3;4;2
20706,6924,12,0;4;2;3;1
20707,9011,12,0;3;4;2;1
20708,9011,12,0;3;4;2;1
20709,8933,12,0;4;3;2;1
20710,8933,12,0;4;3;2;1
20711,8948,12,0;4;3;2;1
20712,8948,12,0;4;3;2;1
20713,7069,12,0;4;3;1;2
20714,7069,12,0;4;3;1;2
20715,3655,12,0;1;4;3;2
20716,3655,12,0;1;4;3;2
20717,9031,12,0;4;2;3;1
20718,9031,12,0;4;2;3;1
20719,12911,12,0;2;3;4;1
20720,21276,12,0;1;3;4;2
20721,21276,12,0;1;3;4;2
20722,12161,12,0;4;1;3;2
20723,12161,12,0;4;1;3;2
20724,12919,12,0;3;4;1;2
20725,1021,12,0;1;4;2;3
20726,1021,12,0;1;4;2;3
20727,8910,12,0;2;3;4;1
20728,8910,12,0;2;3;4;1
20729,6564,12,0;3;2;4;1
20730,6564,12,0;3;2;4;1
20731,8942,12,0;4;3;2;1
20732,8942,12,0;4;3;2;1
20733,1026,12,0;1;4;2;3
20734,1026,12,0;1;2;4;3
20735,1028,12,0;1;3;4;2
20736,1028,12,0;1;3;4;2
20737,11377,12,0;4;3;1;2
20738,11377,12,0;4;3;1;2
20739,14908,12,0;4;1;3;2
20740,13137,12,0;3;4;1;2
20741,13137,12,0;3;1;4;2
20742,10764,12,0;3;4;1;2
20743,10764,12,0;3;4;1;2
20744,21672,12,0;4;1;2;3
20745,22574,12,0;4;1;3;2
20746,18678,12,0;4;1;2;3
20747,18678,12,0;4;2;1;3
20748,9828,12,0;4;1;3;2
20749,9828,12,0;4;1;3;2
20750,6978,12,0;4;3;2;1
20751,6978,12,0;4;3;2;1
20752,11502,12,0;3;4;1;2
20753,11502,12,0;3;1;4;2
20754,11483,12,0;3;4;1;2
20755,6970,12,0;4;3;2;1
20756,6970,12,0;4;3;2;1
20757,339,12,0;1;2;3;4
20758,341,12,0;1;2;3;4
20759,340,12,0;1;2;3;4
20760,338,12,0;2;1;3;4
20761,369,12,0;2;1;3;4
20762,357,12,0;2;1;3;4
20763,489,12,0;2;1;3;4
20764,678,12,0;1;2;3;4
20765,461,12,0;2;1;3;4
20766,361,12,0;2;1;3;4
20767,667,12,0;2;1;3;4
20768,517,12,0;2;1;3;4
20769,519,12,0;2;1;3;4
20770,680,12,0;1;2;3;4
20771,367,12,0;2;1;3;4
20772,528,12,0;2;1;3;4
20773,435,12,0;2;1;3;4
20774,436,12,0;2;1;3;4
20775,336,12,0;2;1;3;4
20776,337,12,0;2;1;3;4
20777,642,12,0;1;2;3;4
20778,666,12,0;1;2;3;4
20779,669,12,0;1;2;3;4
20780,441,12,0;2;1;3;4
20781,675,12,0;1;2;3;4
20782,604,12,0;2;1;3;4
20783,515,12,0;2;1;3;4
20784,679,12,0;1;2;3;4
20785,401,12,0;2;1;3;4
20786,93,12,0;1;2;3;4
20787,113,12,0;1;2;3;4
20788,126,12,0;1;2;3;4
20789,151,12,0;1;2;3;4
20790,158,12,0;1;2;3;4
20791,162,12,0;1;2;3;4
20792,173,12,0;1;2;3;4
20793,213,12,0;1;2;3;4
20794,222,12,0;1;2;3;4
20795,223,12,0;1;2;3;4
20796,17,12,0;1;2;3;4
20797,22,12,0;1;2;3;4
20798,65,12,0;1;2;3;4
20799,71,12,0;1;2;3;4
20800,416,12,0;1;2;3;4
20801,606,12,0;1;2;3;4
20802,610,12,0;1;2;3;4
20803,649,12,0;1;2;3;4
20804,654,12,0;1;2;3;4
20805,598,12,0;2;1;3;4
20806,659,12,0;2;1;3;4
20807,474,12,0;2;1;3;4
20808,453,12,0;2;1;3;4
20809,467,12,0;2;1;3;4
20810,578,12,0;2;1;3;4
20811,217,12,0;1;2;3;4
20812,89,12,0;1;2;3;4
20813,155,12,0;1;2;3;4
20814,218,12,0;1;2;3;4
20815,219,12,0;1;2;3;4
20816,639,12,0;1;2;3;4
20817,486,12,0;2;1;3;4
20818,386,12,0;2;1;3;4
20819,400,12,0;2;1;3;4
20820,658,12,0;2;1;3;4
20821,565,12,0;2;1;3;4
20822,543,12,0;2;1;3;4
20823,221,12,0;1;2;3;4
20824,54,12,0;1;2;3;4
20825,78,12,0;1;2;3;4
20826,316,12,0;2;1;3;4
21083,8363,13,0;1;2;3;4
21084,14414,13,0;1;2;3;4
21085,14380,13,0;1;2;4;3
21086,16009,13,0;4;1;2;3
21087,11703,13,0;3;2;4;1
21088,17422,13,0;4;1;3;2
21089,20112,13,0;1;2;3;4
21090,19779,13,0;1;3;4;2
21091,20169,13,0;1;3;4;2
21092,12784,13,0;4;3;2;1
21093,6847,13,0;4;3;2;1
21094,17399,13,0;4;1;2;3
21095,20719,13,0;4;1;2;3
21096,16497,13,0;4;3;2;1
21097,20175,13,0;3;4;1;2
21098,25208,13,0;4;1;3;2
21099,21522,13,0;1;3;4;2
21100,12623,13,0;3;4;1;2
21101,21545,13,0;1;4;2;3
21102,24077,13,0;2;1;3;4
21103,11773,13,0;3;2;4;1
21104,20146,13,0;4;1;3;2
21105,15059,13,0;4;2;3;1
21106,22274,13,0;1;3;4;2
21107,11634,13,0;2;4;3;1
21108,13999,13,0;2;3;4;1
21109,8324,13,0;2;4;3;1
21110,22287,13,0;1;4;3;2
21111,17533,13,0;4;1;2;3
21112,22788,13,0;1;4;3;2
21113,16525,13,0;2;4;1;3
21114,14022,13,0;4;1;3;2
21115,11795,13,0;3;4;2;1
21116,15038,13,0;2;4;3;1
21117,23228,13,0;1;4;3;2
21118,7315,13,0;3;4;2;1
21119,10833,13,0;3;2;4;1
21120,13998,13,0;2;4;3;1
21121,13312,13,0;3;4;2;1
21122,12613,13,0;4;3;1;2
21123,24126,13,0;1;2;3;4
21124,24115,13,0;1;3;2;4
21125,24266,13,0;1;2;4;3
21126,24134,13,0;1;2;4;3
21127,8331,13,0;3;4;2;1
21128,24271,13,0;1;4;2;3
21129,24424,13,0;1;3;4;2
21130,24345,13,0;1;4;3;2
21131,11779,13,0;3;4;2;1
21132,8290,13,0;4;1;2;3
21133,24287,13,0;1;4;3;2
21134,24358,13,0;1;4;3;2
21135,7735,13,0;4;3;2;1
21136,12607,13,0;4;1;3;2
21137,12675,13,0;3;4;1;2
21138,25184,13,0;1;2;4;3
21139,20245,13,0;4;1;3;2
21140,11642,13,0;4;3;2;1
21141,17036,13,0;3;4;1;2
21142,20094,13,0;4;2;3;1
21143,8278,13,0;2;3;1;4
21144,17488,13,0;4;3;1;2
21145,8261,13,0;2;4;3;1
21146,17388,13,0;4;3;1;2
21147,25223,13,0;1;2;3;4
21148,11745,13,0;4;3;2;1
21149,14377,13,0;4;3;1;2
21150,8413,13,0;3;4;2;1
21151,8300,13,0;4;2;3;1
21152,21315,13,0;4;1;3;2
21153,8370,13,0;3;4;2;1
21154,8394,13,0;4;3;1;2
21155,10895,13,0;3;4;2;1
21156,10820,13,0;4;3;1;2
21157,11673,13,0;4;2;3;1
21158,14028,13,0;4;1;3;2
21159,17515,13,0;4;3;2;1
21160,10973,13,0;4;3;2;1
21161,11780,13,0;4;3;2;1
21162,8459,13,0;4;3;1;2
21163,12604,13,0;4;1;3;2
21164,8415,13,0;3;4;2;1
21165,20326,13,0;3;4;1;2
21166,8368,13,0;4;3;2;1
21167,17081,13,0;3;1;4;2
21168,8321,13,0;4;3;2;1
21169,8339,13,0;3;4;2;1
21170,11621,13,0;4;2;3;1
21171,15250,13,0;4;3;1;2
21172,6865,13,0;4;3;2;1
21173,10460,13,0;4;2;3;1
21174,17108,13,0;4;1;3;2
21175,16503,13,0;3;2;4;1
21176,23352,13,0;4;1;3;2
21177,7799,13,0;4;3;1;2
21178,14350,13,0;3;4;2;1
21179,10959,13,0;3;4;1;2
21180,17405,13,0;4;1;3;2
21181,15151,13,0;4;1;3;2
21182,7278,13,0;4;3;2;1
21183,17339,13,0;4;1;3;2
21184,14102,13,0;4;3;1;2
21185,10463,13,0;4;3;2;1
21186,19811,13,0;3;4;1;2
21187,19227,13,0;3;1;4;2
21188,17076,13,0;3;4;1;2
21189,10848,13,0;2;4;3;1
21190,11702,13,0;4;3;2;1
21191,15125,13,0;4;3;2;1
21192,18050,13,0;4;3;1;2
21193,20215,13,0;4;3;1;2
21194,11629,13,0;4;3;2;1
21195,14029,13,0;4;3;1;2
21196,17046,13,0;4;3;1;2
21197,11839,13,0;4;3;2;1
21198,10842,13,0;4;3;2;1
21199,13991,13,0;3;4;2;1
21200,7717,13,0;4;3;2;1
21201,11817,13,0;4;3;2;1
21202,11026,13,0;4;3;2;1
21203,16552,13,0;4;3;1;2
21204,7305,13,0;4;3;2;1
21205,12553,13,0;1;2;4;3
21206,23405,13,0;3;1;2;4
21207,25252,13,0;3;1;2;4
21208,25254,13,0;3;1;2;4
21209,19874,13,0;1;4;2;3
21210,7352,13,0;4;2;3;1
21211,9244,13,0;4;3;1;2
21212,24343,13,0;1;4;3;2
21213,10048,13,0;3;4;2;1
21214,10035,13,0;4;2;3;1
21215,25253,13,0;1;2;3;4
21216,25189,13,0;1;3;4;2
21217,9974,13,0;4;3;2;1
21218,20320,13,0;4;1;3;2
21219,11672,13,0;4;3;2;1
21220,10036,13,0;3;4;2;1
21221,14583,13,0;3;4;1;2
21222,8473,13,0;4;3;1;2
21223,6902,13,0;4;3;1;2
21224,7517,13,0;4;3;2;1
21225,10011,13,0;4;3;2;1
21226,10829,13,0;4;3;1;2
21227,10007,13,0;4;2;3;1
21228,10458,13,0;4;2;3;1
21229,16091,13,0;4;3;1;2
21230,12235,13,0;3;4;1;2
21231,12219,13,0;4;3;1;2
21232,19914,13,0;4;1;3;2
21233,9915,13,0;4;2;3;1
21234,12220,13,0;4;3;2;1
21235,19777,13,0;3;4;1;2
21236,19251,13,0;4;3;1;2
21237,7522,13,0;4;3;2;1
21238,9318,13,0;4;3;2;1
21239,20257,13,0;3;4;1;2
21240,9332,13,0;4;3;1;2
21241,11296,13,0;1;3;4;2
21242,14807,13,0;1;2;4;3
21243,25152,13,0;4;1;3;2
21244,15891,13,0;1;2;4;3
21245,16218,13,0;1;4;2;3
21246,16079,13,0;3;1;2;4
21247,17225,13,0;1;4;2;3
21248,17735,13,0;4;1;2;3
21249,16078,13,0;4;1;3;2
21250,17297,13,0;4;3;1;2
21251,16264,13,0;4;1;2;3
21252,22727,13,0;3;1;2;4
21253,14223,13,0;4;2;3;1
21254,18841,13,0;4;1;2;3
21255,18981,13,0;1;4;3;2
21256,21421,13,0;4;1;2;3
21257,24635,13,0;3;1;2;4
21258,14218,13,0;3;4;2;1
21259,20034,13,0;1;4;2;3
21260,20334,13,0;4;3;1;2
21261,20510,13,0;1;4;2;3
21262,20280,13,0;1;4;2;3
21263,14760,13,0;2;3;4;1
21264,16323,13,0;4;2;1;3
21265,15837,13,0;3;4;1;2
21266,14207,13,0;2;4;1;3
21267,12140,13,0;4;2;3;1
21268,17196,13,0;3;4;1;2
21269,10367,13,0;4;2;3;1
21270,17204,13,0;3;4;2;1
21271,14428,13,0;4;2;1;3
21272,17562,13,0;4;1;2;3
21273,21370,13,0;1;2;4;3
21274,17260,13,0;3;4;2;1
21275,21386,13,0;1;3;2;4
21276,14769,13,0;3;2;4;1
21277,21726,13,0;1;4;2;3
21278,16341,13,0;4;3;2;1
21279,16986,13,0;4;3;2;1
21280,22257,13,0;1;2;3;4
21281,23358,13,0;3;4;1;2
21282,22362,13,0;1;3;4;2
21283,22284,13,0;1;4;3;2
21284,22413,13,0;1;3;4;2
21285,22403,13,0;1;4;3;2
21286,22608,13,0;1;4;2;3
21287,22606,13,0;1;4;3;2
21288,22298,13,0;1;4;3;2
21289,14371,13,0;3;4;1;2
21290,11269,13,0;3;4;2;1
21291,18974,13,0;2;4;1;3
21292,14018,13,0;4;3;1;2
21293,25120,13,0;4;2;3;1
21294,25119,13,0;4;2;3;1
21295,25118,13,0;4;3;2;1
21296,25117,13,0;4;3;2;1
21297,23278,13,0;1;4;3;2
21298,23555,13,0;1;3;2;4
21299,8173,13,0;4;2;3;1
21300,23293,13,0;1;4;2;3
21301,7483,13,0;3;4;2;1
21302,17091,13,0;4;2;1;3
21303,16263,13,0;3;4;2;1
21304,23580,13,0;1;4;3;2
21305,15961,13,0;4;3;1;2
21306,24081,13,0;1;2;3;4
21307,14903,13,0;3;4;2;1
21308,11349,13,0;4;2;3;1
21309,24217,13,0;1;2;4;3
21310,15832,13,0;4;3;1;2
21311,24230,13,0;4;3;1;2
21312,25135,13,0;4;3;1;2
21313,24574,13,0;1;3;4;2
21314,20469,13,0;4;3;1;2
21315,24131,13,0;1;4;2;3
21316,16254,13,0;4;3;2;1
21317,24223,13,0;3;1;2;4
21318,18968,13,0;4;3;2;1
21319,15954,13,0;3;1;4;2
21320,21283,13,0;3;1;4;2
21321,24248,13,0;1;4;3;2
21322,17318,13,0;4;2;1;3
21323,19993,13,0;3;4;2;1
21324,17903,13,0;4;1;3;2
21325,17693,13,0;3;4;2;1
21326,15682,13,0;4;3;1;2
21327,11604,13,0;4;3;1;2
21328,13986,13,0;2;3;4;1
21329,15854,13,0;4;3;2;1
21330,8042,13,0;4;2;3;1
21331,22528,13,0;4;3;1;2
21332,16234,13,0;4;3;2;1
21333,8023,13,0;4;2;3;1
21334,25151,13,0;1;2;3;4
21335,25319,13,0;1;2;3;4
21336,13071,13,0;4;3;2;1
21337,25296,13,0;1;3;4;2
21338,25302,13,0;1;3;4;2
21339,25301,13,0;1;3;4;2
21340,25300,13,0;1;4;3;2
21341,25299,13,0;1;4;3;2
21342,25298,13,0;1;3;4;2
21343,14785,13,0;4;3;2;1
21344,11289,13,0;4;3;2;1
21345,21260,13,0;4;3;1;2
21346,16291,13,0;3;4;1;2
21347,24570,13,0;4;3;1;2
21348,6623,13,0;4;2;3;1
21349,15711,13,0;4;2;3;1
21350,21267,13,0;4;3;2;1
21351,24608,13,0;3;1;2;4
21352,12986,13,0;4;2;3;1
21353,25150,13,0;1;4;3;2
21354,12992,13,0;3;4;2;1
21355,20482,13,0;3;4;2;1
21356,6884,13,0;4;2;3;1
21357,19716,13,0;3;1;4;2
21358,25366,13,0;1;4;3;2
21359,25350,13,0;1;4;2;3
21360,25322,13,0;1;4;3;2
21361,7222,13,0;4;2;3;1
21362,14228,13,0;3;4;2;1
21363,19054,13,0;4;3;1;2
21364,10807,13,0;4;3;1;2
21365,14934,13,0;4;2;1;3
21366,17775,13,0;4;1;3;2
21367,20024,13,0;3;1;4;2
21368,20483,13,0;3;2;1;4
21369,13025,13,0;4;1;2;3
21370,7169,13,0;4;3;1;2
21371,20526,13,0;3;1;4;2
21372,14375,13,0;4;3;1;2
21373,13170,13,0;3;4;2;1
21374,8116,13,0;4;3;2;1
21375,24595,13,0;3;1;4;2
21376,17123,13,0;4;1;3;2
21377,24585,13,0;4;1;2;3
21378,18654,13,0;2;1;4;3
21379,22701,13,0;4;1;2;3
21380,6530,13,0;3;4;2;1
21381,10770,13,0;4;3;1;2
21382,25397,13,0;1;4;3;2
21383,7639,13,0;4;3;2;1
21384,21688,13,0;4;3;1;2
21385,17280,13,0;4;3;1;2
21386,23482,13,0;4;1;3;2
21387,12974,13,0;4;3;1;2
21388,17684,13,0;4;3;1;2
21389,10459,13,0;4;3;2;1
21390,21729,13,0;4;1;3;2
21391,7800,13,0;4;3;2;1
21392,14929,13,0;4;1;3;2
21393,14988,13,0;4;1;3;2
21394,16288,13,0;4;1;2;3
21395,15908,13,0;4;1;3;2
21396,18709,13,0;4;3;1;2
21397,21261,13,0;3;2;1;4
21398,17748,13,0;4;3;1;2
21399,7451,13,0;4;3;2;1
21400,7223,13,0;4;3;2;1
21401,11330,13,0;4;3;2;1
21402,17356,13,0;2;3;1;4
21403,7117,13,0;2;4;3;1
21404,11270,13,0;4;3;2;1
21405,14968,13,0;4;3;1;2
21406,14944,13,0;4;3;1;2
21407,20010,13,0;2;4;3;1
21408,18735,13,0;4;1;3;2
21409,11352,13,0;4;2;3;1
21410,23577,13,0;4;1;3;2
21411,16290,13,0;4;3;2;1
21412,18706,13,0;4;1;3;2
21413,19761,13,0;4;3;1;2
21414,10819,13,0;4;2;1;3
21415,14020,13,0;4;3;1;2
21416,15912,13,0;4;3;1;2
21417,10430,13,0;4;3;2;1
21418,12113,13,0;4;3;2;1
21419,16438,13,0;3;4;1;2
21420,8001,13,0;3;4;2;1
21421,8003,13,0;3;4;2;1
21422,11341,13,0;3;4;1;2
21423,16408,13,0;4;3;1;2
21424,11568,13,0;4;3;1;2
21425,20025,13,0;3;1;2;4
21426,14232,13,0;2;4;3;1
21427,15011,13,0;4;3;1;2
21428,20514,13,0;2;1;4;3
21429,13163,13,0;4;3;1;2
21430,10432,13,0;3;4;2;1
21431,14256,13,0;3;4;2;1
21432,7103,13,0;4;3;2;1
21433,17231,13,0;2;4;3;1
21434,19137,13,0;4;3;1;2
21435,17864,13,0;3;4;1;2
21436,7116,13,0;4;3;2;1
21437,7681,13,0;4;3;1;2
21438,16255,13,0;3;4;2;1
21439,21696,13,0;4;2;1;3
21440,21709,13,0;4;1;3;2
21441,19985,13,0;4;3;2;1
21442,18986,13,0;4;3;1;2
21443,11313,13,0;4;2;3;1
21444,12398,13,0;4;3;2;1
21445,24208,13,0;4;3;2;1
21446,6843,13,0;1;4;3;2
21447,9592,13,0;2;1;3;4
21448,21536,13,0;4;1;2;3
21449,7767,13,0;3;4;1;2
21450,14758,13,0;3;2;1;4
21451,22763,13,0;3;1;2;4
21452,9659,13,0;4;3;1;2
21453,6687,13,0;4;3;2;1
21454,9126,13,0;4;2;3;1
21455,15882,13,0;3;2;1;4
21456,6683,13,0;4;2;3;1
21457,22438,13,0;1;4;2;3
21458,17227,13,0;2;1;3;4
21459,14987,13,0;4;3;1;2
21460,12998,13,0;2;4;3;1
21461,8895,13,0;4;2;3;1
21462,9618,13,0;3;2;4;1
21463,9167,13,0;4;3;1;2
21464,7120,13,0;4;3;2;1
21465,7504,13,0;4;3;2;1
21466,25110,13,0;1;2;3;4
21467,25295,13,0;1;4;3;2
21468,25297,13,0;1;4;3;2
21469,9654,13,0;4;3;2;1
21470,12985,13,0;4;1;3;2
21471,9139,13,0;4;3;2;1
21472,9679,13,0;4;1;3;2
21473,11387,13,0;4;1;3;2
21474,17264,13,0;4;1;2;3
21475,17374,13,0;4;2;1;3
21476,17323,13,0;4;1;3;2
21477,9721,13,0;4;3;2;1
21478,9641,13,0;4;2;3;1
21479,15897,13,0;2;4;1;3
21480,19759,13,0;3;4;1;2
21481,7262,13,0;4;3;2;1
21482,9550,13,0;4;3;2;1
21483,22758,13,0;4;3;1;2
21484,6726,13,0;4;2;1;3
21485,9185,13,0;4;3;1;2
21486,12209,13,0;4;1;2;3
21487,9548,13,0;4;3;2;1
21488,21298,13,0;3;1;4;2
21489,9735,13,0;4;3;2;1
21490,6912,13,0;1;3;2;4
21491,10520,13,0;1;2;3;4
21492,13067,13,0;1;2;3;4
21493,13019,13,0;1;2;4;3
21494,14004,13,0;1;2;4;3
21495,17409,13,0;1;2;3;4
21496,15001,13,0;4;3;1;2
21497,14701,13,0;2;4;1;3
21498,13973,13,0;2;3;1;4
21499,14678,13,0;2;4;3;1
21500,12119,13,0;2;3;4;1
21501,14009,13,0;4;3;1;2
21502,16171,13,0;2;3;4;1
21503,20015,13,0;1;3;4;2
21504,15789,13,0;3;4;1;2
21505,12306,13,0;3;2;4;1
21506,15784,13,0;4;3;2;1
21507,21258,13,0;1;2;4;3
21508,21403,13,0;1;3;4;2
21509,21366,13,0;3;1;2;4
21510,21675,13,0;1;4;3;2
21511,21454,13,0;1;4;2;3
21512,21658,13,0;1;4;3;2
21513,6692,13,0;4;3;2;1
21514,22343,13,0;1;2;4;3
21515,20331,13,0;4;1;3;2
21516,14831,13,0;3;4;2;1
21517,12946,13,0;2;4;3;1
21518,17622,13,0;3;2;1;4
21519,23218,13,0;2;1;3;4
21520,21344,13,0;3;1;2;4
21521,23234,13,0;1;3;4;2
21522,17725,13,0;3;1;4;2
21523,17218,13,0;4;2;3;1
21524,18585,13,0;2;3;4;1
21525,23394,13,0;1;3;4;2
21526,11206,13,0;4;2;3;1
21527,8082,13,0;4;3;1;2
21528,12313,13,0;2;4;3;1
21529,11215,13,0;2;4;3;1
21530,24228,13,0;1;2;3;4
21531,24192,13,0;1;4;3;2
21532,24488,13,0;1;3;4;2
21533,24501,13,0;1;3;4;2
21534,24221,13,0;1;4;2;3
21535,17644,13,0;2;4;3;1
21536,14143,13,0;4;3;2;1
21537,15675,13,0;3;4;1;2
21538,10609,13,0;4;2;3;1
21539,10527,13,0;4;3;2;1
21540,12151,13,0;4;2;3;1
21541,10556,13,0;3;4;2;1
21542,25138,13,0;1;2;4;3
21543,14130,13,0;3;4;2;1
21544,21437,13,0;4;1;2;3
21545,21324,13,0;4;1;3;2
21546,11213,13,0;4;3;2;1
21547,14933,13,0;4;2;1;3
21548,24637,13,0;3;2;1;4
21549,12109,13,0;4;3;2;1
21550,20029,13,0;4;3;1;2
21551,16157,13,0;3;4;2;1
21552,7055,13,0;4;3;2;1
21553,6927,13,0;4;1;3;2
21554,12278,13,0;4;3;1;2
21555,17629,13,0;4;2;3;1
21556,22653,13,0;3;1;4;2
21557,25149,13,0;1;4;3;2
21558,15999,13,0;4;1;3;2
21559,22313,13,0;3;4;2;1
21560,19957,13,0;4;1;3;2
21561,13016,13,0;4;3;1;2
21562,17304,13,0;4;1;3;2
21563,17152,13,0;4;1;2;3
21564,25284,13,0;1;4;2;3
21565,8086,13,0;4;3;2;1
21566,24088,13,0;4;1;3;2
21567,10415,13,0;4;3;1;2
21568,12948,13,0;4;3;1;2
21569,17296,13,0;4;2;1;3
21570,7300,13,0;4;3;2;1
21571,11253,13,0;4;1;3;2
21572,17447,13,0;4;1;3;2
21573,14195,13,0;4;1;3;2
21574,10428,13,0;4;3;2;1
21575,12858,13,0;3;4;1;2
21576,8203,13,0;4;3;1;2
21577,18915,13,0;3;4;1;2
21578,12949,13,0;4;3;2;1
21579,11183,13,0;3;2;4;1
21580,17646,13,0;4;1;2;3
21581,17634,13,0;3;1;2;4
21582,23239,13,0;4;3;2;1
21583,13070,13,0;4;3;1;2
21584,7284,13,0;2;4;3;1
21585,7157,13,0;4;3;2;1
21586,7983,13,0;4;3;2;1
21587,11236,13,0;4;3;2;1
21588,10548,13,0;3;4;2;1
21589,14742,13,0;3;4;1;2
21590,16160,13,0;4;2;1;3
21591,7022,13,0;4;2;3;1
21592,18588,13,0;4;2;3;1
21593,7903,13,0;4;2;3;1
21594,13888,13,0;4;3;2;1
21595,12888,13,0;3;2;4;1
21596,12307,13,0;4;3;2;1
21597,16188,13,0;4;3;2;1
21598,8926,13,0;2;3;4;1
21599,9460,13,0;3;2;4;1
21600,21465,13,0;1;3;2;4
21601,6725,13,0;4;3;2;1
21602,9202,13,0;4;3;2;1
21603,25235,13,0;3;4;2;1
21604,13971,13,0;4;3;1;2
21605,14027,13,0;4;3;1;2
21606,9459,13,0;2;4;3;1
21607,9085,13,0;3;4;2;1
21608,8992,13,0;3;4;2;1
21609,7378,13,0;3;4;2;1
21610,25137,13,0;4;1;2;3
21611,25163,13,0;1;4;3;2
21612,9626,13,0;4;2;3;1
21613,14191,13,0;4;1;2;3
21614,12450,13,0;4;3;1;2
21615,9504,13,0;4;2;1;3
21616,10934,13,0;4;1;2;3
21617,6649,13,0;3;4;2;1
21618,7770,13,0;4;3;2;1
21619,9440,13,0;4;2;3;1
21620,7510,13,0;4;3;2;1
21621,7442,13,0;4;3;2;1
21622,9795,13,0;4;3;2;1
21623,9156,13,0;4;2;3;1
21624,14241,13,0;2;4;1;3
21625,18930,13,0;3;4;1;2
21626,9447,13,0;3;2;4;1
21627,8990,13,0;4;3;2;1
21628,9451,13,0;4;3;2;1
21629,7355,13,0;4;3;2;1
21630,1679,13,0;1;4;2;3
21631,1493,13,0;1;4;2;3
21632,1986,13,0;1;2;4;3
21633,1991,13,0;1;2;4;3
21634,2003,13,0;1;2;4;3
21635,1290,13,0;1;4;2;3
21636,1841,13,0;1;2;4;3
21637,1846,13,0;1;4;2;3
21638,1858,13,0;1;4;2;3
21639,2174,13,0;1;2;4;3
21640,1671,13,0;1;2;4;3
21641,1682,13,0;1;4;2;3
21642,1700,13,0;1;4;2;3
21643,2041,13,0;1;2;4;3
21644,2272,13,0;1;2;4;3
21645,2308,13,0;1;2;4;3
21646,846,13,0;1;4;2;3
21647,1479,13,0;1;2;4;3
21648,1496,13,0;1;4;2;3
21649,1514,13,0;1;4;2;3
21650,1901,13,0;1;2;4;3
21651,2159,13,0;1;4;2;3
21652,2198,13,0;1;2;4;3
21653,1276,13,0;1;2;4;3
21654,1293,13,0;1;4;2;3
21655,1315,13,0;1;4;2;3
21656,1749,13,0;1;2;4;3
21657,2018,13,0;1;2;4;3
21658,2065,13,0;1;2;4;3
21659,1571,13,0;1;4;2;3
21660,1880,13,0;1;4;2;3
21661,1925,13,0;1;2;4;3
21662,823,13,0;1;2;4;3
21663,849,13,0;1;2;4;3
21664,874,13,0;1;4;2;3
21665,1380,13,0;1;2;4;3
21666,1725,13,0;1;2;4;3
21667,1775,13,0;1;4;2;3
21668,2601,13,0;1;2;4;3
21669,2622,13,0;1;2;4;3
21670,1540,13,0;1;2;4;3
21671,1541,13,0;1;2;4;3
21672,1574,13,0;1;4;2;3
21673,1575,13,0;1;4;2;3
21674,1595,13,0;1;4;2;3
21675,1596,13,0;1;2;4;3
21676,1597,13,0;1;2;4;3
21677,1936,13,0;1;4;2;3
21678,2020,13,0;1;2;4;3
21679,2048,13,0;1;2;4;3
21680,2226,13,0;1;2;4;3
21681,2321,13,0;1;2;4;3
21682,2432,13,0;1;4;2;3
21683,2467,13,0;1;4;2;3
21684,2538,13,0;1;2;4;3
21685,2539,13,0;1;2;4;3
21686,2543,13,0;1;4;2;3
21687,2544,13,0;1;4;2;3
21688,2545,13,0;1;2;4;3
21689,2548,13,0;1;4;2;3
21690,2567,13,0;1;4;2;3
21691,2644,13,0;1;2;4;3
21692,2645,13,0;1;2;4;3
21693,2652,13,0;1;2;4;3
21694,2656,13,0;1;2;4;3
21695,1573,13,0;1;3;4;2
21696,1576,13,0;1;3;2;4
21697,1594,13,0;1;3;4;2
21698,2047,13,0;1;3;4;2
21699,1593,13,0;1;3;2;4
21700,2320,13,0;1;3;2;4
21701,1935,13,0;1;3;2;4
21702,2227,13,0;1;3;2;4
21703,1592,13,0;1;3;2;4
21704,2655,13,0;1;3;2;4
21705,2502,13,0;1;3;4;2
21706,2431,13,0;1;3;4;2
21707,2566,13,0;1;3;4;2
21708,1365,13,0;1;3;2;4
21709,929,13,0;1;3;2;4
21710,2598,13,0;1;3;2;4
21711,2542,13,0;1;3;2;4
21712,1366,13,0;1;3;2;4
21713,930,13,0;1;3;2;4
21714,2651,13,0;1;3;2;4
21715,879,13,0;1;3;2;4
21716,2207,13,0;1;3;4;2
21717,2076,13,0;1;3;4;2
21718,1931,13,0;1;3;4;2
21719,1783,13,0;1;3;2;4
21720,1607,13,0;1;3;2;4
21721,1413,13,0;1;3;2;4
21722,1559,13,0;1;3;2;4
21723,1368,13,0;1;3;2;4
21724,932,13,0;1;3;2;4
21725,1304,13,0;1;3;2;4
21726,863,13,0;1;3;2;4
21727,1548,13,0;1;3;2;4
21728,1355,13,0;1;3;2;4
21729,916,13,0;1;3;2;4
21730,2496,13,0;1;3;4;2
21731,2428,13,0;1;3;2;4
21732,2340,13,0;1;3;2;4
21733,1520,13,0;1;3;2;4
21734,1327,13,0;1;3;4;2
21735,889,13,0;1;3;2;4
21736,2208,13,0;1;3;4;2
21737,2077,13,0;1;3;4;2
21738,1932,13,0;1;3;2;4
21739,1784,13,0;1;3;4;2
21740,1608,13,0;1;3;2;4
21741,1414,13,0;1;3;2;4
21742,2662,13,0;1;3;2;4
21743,3027,13,0;1;2;4;3
21744,4239,13,0;1;2;3;4
21745,4385,13,0;1;2;3;4
21746,5438,13,0;1;3;4;2
21747,5599,13,0;1;2;3;4
21748,4468,13,0;1;3;2;4
21749,4726,13,0;1;3;4;2
21750,5627,13,0;1;3;2;4
21751,4376,13,0;1;3;4;2
21752,4888,13,0;1;3;4;2
21753,5501,13,0;1;3;4;2
21754,5592,13,0;1;4;2;3
21755,5127,13,0;1;3;4;2
21756,5071,13,0;1;4;2;3
21757,3080,13,0;1;4;3;2
21758,3269,13,0;1;3;2;4
21759,4944,13,0;1;4;3;2
21760,5750,13,0;1;4;3;2
21761,5489,13,0;1;3;2;4
21762,5966,13,0;1;2;3;4
21763,4471,13,0;1;3;4;2
21764,5337,13,0;1;4;2;3
21765,5220,13,0;1;3;4;2
21766,5238,13,0;1;4;3;2
21767,4462,13,0;1;3;4;2
21768,5419,13,0;1;3;4;2
21769,5721,13,0;1;3;4;2
21770,4147,13,0;1;4;3;2
21771,4164,13,0;1;4;3;2
21772,4456,13,0;1;4;3;2
21773,4233,13,0;1;3;4;2
21774,4294,13,0;1;3;4;2
21775,4394,13,0;1;4;3;2
21776,3284,13,0;1;4;3;2
21777,5904,13,0;1;3;2;4
21778,3306,13,0;1;3;4;2
21779,5098,13,0;1;3;2;4
21780,5224,13,0;1;3;2;4
21781,4918,13,0;1;3;4;2
21782,5239,13,0;1;4;3;2
21783,6212,13,0;1;2;3;4
21784,5934,13,0;1;3;4;2
21785,5796,13,0;1;4;2;3
21786,6277,13,0;1;2;4;3
21787,4251,13,0;1;4;3;2
21788,6296,13,0;1;2;3;4
21789,4477,13,0;1;3;4;2
21790,4901,13,0;1;3;4;2
21791,5175,13,0;1;3;2;4
21792,6295,13,0;1;3;2;4
21793,6310,13,0;1;2;3;4
21794,3119,13,0;1;4;2;3
21795,4935,13,0;1;3;4;2
21796,5651,13,0;1;3;4;2
21797,5842,13,0;1;3;2;4
21798,5733,13,0;1;4;3;2
21799,5225,13,0;1;4;3;2
21800,4783,13,0;1;3;4;2
21801,3231,13,0;1;3;4;2
21802,4437,13,0;1;4;3;2
21803,4675,13,0;1;4;2;3
21804,2876,13,0;1;4;3;2
21805,5630,13,0;1;3;4;2
21806,5743,13,0;1;2;4;3
21807,6096,13,0;1;3;4;2
21808,5596,13,0;1;3;4;2
21809,6123,13,0;1;4;2;3
21810,5798,13,0;1;4;2;3
21811,5835,13,0;1;3;2;4
21812,5511,13,0;1;3;4;2
21813,5399,13,0;1;3;2;4
21814,4765,13,0;1;4;3;2
21815,3112,13,0;1;4;3;2
21816,3113,13,0;1;4;3;2
21817,5924,13,0;1;4;2;3
21818,5201,13,0;1;4;3;2
21819,5821,13,0;1;3;2;4
21820,6369,13,0;1;3;2;4
21821,6410,13,0;1;3;2;4
21822,3219,13,0;1;3;4;2
21823,5446,13,0;1;3;4;2
21824,6290,13,0;1;3;4;2
21825,4250,13,0;1;4;3;2
21826,6320,13,0;1;3;2;4
21827,5854,13,0;1;4;2;3
21828,4862,13,0;1;3;4;2
21829,6217,13,0;1;4;2;3
21830,5186,13,0;1;3;4;2
21831,5173,13,0;1;2;4;3
21832,4300,13,0;1;4;3;2
21833,6291,13,0;1;3;4;2
21834,5203,13,0;1;2;4;3
21835,5606,13,0;1;4;3;2
21836,4436,13,0;1;4;3;2
21837,5465,13,0;1;4;3;2
21838,5698,13,0;1;4;3;2
21839,5387,13,0;1;4;3;2
21840,6030,13,0;1;4;3;2
21841,5376,13,0;1;4;2;3
21842,5117,13,0;1;4;3;2
21843,4160,13,0;1;4;2;3
21844,5590,13,0;1;4;2;3
21845,5689,13,0;1;4;2;3
21846,6079,13,0;1;4;3;2
21847,6208,13,0;1;3;4;2
21848,6078,13,0;1;4;3;2
21849,5720,13,0;1;4;2;3
21850,5001,13,0;1;4;3;2
21851,6191,13,0;1;4;3;2
21852,5892,13,0;1;3;4;2
21853,3166,13,0;1;4;3;2
21854,6044,13,0;1;2;4;3
21855,5326,13,0;1;4;3;2
21856,3022,13,0;1;4;3;2
21857,4833,13,0;1;4;3;2
21858,5388,13,0;1;4;3;2
21859,4780,13,0;1;4;3;2
21860,6080,13,0;1;4;2;3
21861,4225,13,0;1;4;3;2
21862,4228,13,0;1;4;3;2
21863,4231,13,0;1;4;3;2
21864,3190,13,0;1;4;3;2
21865,4674,13,0;1;3;4;2
21866,5687,13,0;1;4;3;2
21867,4701,13,0;1;4;2;3
21868,5621,13,0;1;4;3;2
21869,5777,13,0;1;4;2;3
21870,4304,13,0;1;4;3;2
21871,4669,13,0;1;4;3;2
21872,4782,13,0;1;4;3;2
21873,4883,13,0;1;4;3;2
21874,5455,13,0;1;4;3;2
21875,6311,13,0;1;4;2;3
21876,5270,13,0;1;3;4;2
21877,3008,13,0;1;4;3;2
21878,3077,13,0;1;3;4;2
21879,4651,13,0;1;4;3;2
21880,4838,13,0;1;4;3;2
21881,4335,13,0;1;4;3;2
21882,5580,13,0;1;4;3;2
21883,4807,13,0;1;4;3;2
21884,4332,13,0;1;4;3;2
21885,5648,13,0;1;4;3;2
21886,5646,13,0;1;4;2;3
21887,6372,13,0;1;3;4;2
21888,4150,13,0;1;3;4;2
21889,4820,13,0;1;3;4;2
21890,5400,13,0;1;4;3;2
21891,4148,13,0;1;4;3;2
21892,4793,13,0;1;4;3;2
21893,3262,13,0;1;4;3;2
21894,4739,13,0;1;4;3;2
21895,5428,13,0;1;4;3;2
21896,5636,13,0;1;4;3;2
21897,5710,13,0;1;4;3;2
21898,6033,13,0;1;4;3;2
21899,6194,13,0;1;4;3;2
21900,6745,13,0;1;2;4;3
21901,25200,13,0;4;3;2;1
21902,12847,13,0;1;2;4;3
21903,6808,13,0;4;3;2;1
21904,14197,13,0;4;3;2;1
21905,8043,13,0;4;3;2;1
21906,17408,13,0;3;1;2;4
21907,11111,13,0;2;3;4;1
21908,12885,13,0;4;3;2;1
21909,11110,13,0;2;3;4;1
21910,12808,13,0;2;4;3;1
21911,21350,13,0;3;1;4;2
21912,10525,13,0;3;2;4;1
21913,11124,13,0;2;4;3;1
21914,11109,13,0;2;3;4;1
21915,7003,13,0;3;4;2;1
21916,15686,13,0;3;4;1;2
21917,21362,13,0;1;2;3;4
21918,12770,13,0;4;2;1;3
21919,11108,13,0;2;3;4;1
21920,10581,13,0;4;3;2;1
21921,21544,13,0;1;4;3;2
21922,14225,13,0;3;4;2;1
21923,11061,13,0;3;2;4;1
21924,7874,13,0;2;3;4;1
21925,19731,13,0;4;1;3;2
21926,23259,13,0;1;2;3;4
21927,10720,13,0;4;3;1;2
21928,16220,13,0;3;4;2;1
21929,12125,13,0;4;2;3;1
21930,17209,13,0;3;1;2;4
21931,24220,13,0;1;3;4;2
21932,14772,13,0;3;4;2;1
21933,7113,13,0;3;4;2;1
21934,24214,13,0;1;4;2;3
21935,24203,13,0;1;4;3;2
21936,7727,13,0;3;4;2;1
21937,7976,13,0;4;3;1;2
21938,7935,13,0;4;3;2;1
21939,20392,13,0;3;1;4;2
21940,13884,13,0;4;3;2;1
21941,16247,13,0;4;2;1;3
21942,14034,13,0;4;1;3;2
21943,25131,13,0;1;4;3;2
21944,12869,13,0;2;4;3;1
21945,25345,13,0;1;3;2;4
21946,7377,13,0;4;3;2;1
21947,14453,13,0;4;1;3;2
21948,17716,13,0;3;1;2;4
21949,17618,13,0;3;1;4;2
21950,14012,13,0;4;3;1;2
21951,11271,13,0;4;1;3;2
21952,14239,13,0;4;1;3;2
21953,7900,13,0;4;2;3;1
21954,10386,13,0;3;4;2;1
21955,6592,13,0;4;2;3;1
21956,10332,13,0;4;2;3;1
21957,8051,13,0;4;3;2;1
21958,10889,13,0;4;3;1;2
21959,12263,13,0;4;3;2;1
21960,11156,13,0;4;2;3;1
21961,13924,13,0;3;2;4;1
21962,7261,13,0;4;3;2;1
21963,7488,13,0;4;3;2;1
21964,2382,13,0;1;2;4;3
21965,2281,13,0;1;2;4;3
21966,2168,13,0;1;4;2;3
21967,2031,13,0;1;2;4;3
21968,1343,13,0;1;4;2;3
21969,1344,13,0;1;4;2;3
21970,1892,13,0;1;2;4;3
21971,2050,13,0;1;2;4;3
21972,2295,13,0;1;2;4;3
21973,2468,13,0;1;2;4;3
21974,2528,13,0;1;2;4;3
21975,2540,13,0;1;2;4;3
21976,1891,13,0;1;3;4;2
21977,2049,13,0;1;3;4;2
21978,3425,13,0;1;2;3;4
21979,3476,13,0;1;2;3;4
21980,3562,13,0;1;2;3;4
21981,3576,13,0;1;2;3;4
21982,3581,13,0;1;2;3;4
21983,3600,13,0;1;2;3;4
21984,3584,13,0;1;2;4;3
21985,3585,13,0;1;2;4;3
21986,3607,13,0;1;2;3;4
21987,3568,13,0;1;2;4;3
21988,2998,13,0;1;3;4;2
21989,3049,13,0;1;3;4;2
21990,3447,13,0;1;2;4;3
21991,3513,13,0;1;2;4;3
21992,3433,13,0;1;2;4;3
21993,3446,13,0;1;2;4;3
21994,3423,13,0;1;2;4;3
21995,3487,13,0;1;2;4;3
21996,3505,13,0;1;2;4;3
21997,3551,13,0;1;2;4;3
21998,3564,13,0;1;2;4;3
21999,4013,13,0;1;3;4;2
22000,3850,13,0;1;4;3;2
22001,4088,13,0;1;4;3;2
22002,4085,13,0;1;4;3;2
22003,3835,13,0;1;3;4;2
22004,4067,13,0;1;4;3;2
22005,3741,13,0;1;4;3;2
22006,4011,13,0;1;4;3;2
22007,4012,13,0;1;4;3;2
22008,4090,13,0;1;4;3;2
22009,3738,13,0;1;4;2;3
22010,3736,13,0;1;4;2;3
22011,4089,13,0;1;3;4;2
22012,3067,13,0;1;4;3;2
22013,3816,13,0;1;4;3;2
22014,3917,13,0;1;4;3;2
22015,3693,13,0;1;3;4;2
22016,3999,13,0;1;4;3;2
22017,3975,13,0;1;4;3;2
22018,4006,13,0;1;3;4;2
22019,3699,13,0;1;4;3;2
22020,4029,13,0;1;4;3;2
22021,3909,13,0;1;4;3;2
22022,3698,13,0;1;3;4;2
22023,3954,13,0;1;4;3;2
22024,7498,13,0;1;2;3;4
22025,25201,13,0;4;2;3;1
22026,15808,13,0;3;2;1;4
22027,11107,13,0;2;3;4;1
22028,7878,13,0;2;4;3;1
22029,14576,13,0;4;3;1;2
22030,17111,13,0;4;1;2;3
22031,9087,13,0;4;3;2;1
22032,10500,13,0;4;3;2;1
22033,8886,13,0;2;3;4;1
22034,9402,13,0;3;2;4;1
22035,18619,13,0;4;1;3;2
22036,7624,13,0;4;3;2;1
22037,10362,13,0;3;4;1;2
22038,9149,13,0;4;2;3;1
22039,9420,13,0;4;3;2;1
22040,9711,13,0;4;3;1;2
22041,9529,13,0;4;3;2;1
22042,8964,13,0;4;3;2;1
22043,3362,13,0;1;2;3;4
22044,3405,13,0;1;2;4;3
22045,3382,13,0;1;2;4;3
22046,3397,13,0;1;2;4;3
22047,3678,13,0;1;4;3;2
22048,4532,13,0;1;2;4;3
22049,5776,13,0;1;2;3;4
22050,4565,13,0;1;3;4;2
22051,5800,13,0;1;2;3;4
22052,5291,13,0;1;3;2;4
22053,5686,13,0;1;4;3;2
22054,6268,13,0;1;2;3;4
22055,6218,13,0;1;4;3;2
22056,5975,13,0;1;3;2;4
22057,5061,13,0;1;3;4;2
22058,5437,13,0;1;4;2;3
22059,5917,13,0;1;4;3;2
22060,2972,13,0;1;4;2;3
22061,5571,13,0;1;4;3;2
22062,4767,13,0;1;4;3;2
22063,6010,13,0;1;3;2;4
22064,5633,13,0;1;4;3;2
22065,5196,13,0;1;4;3;2
22066,5485,13,0;1;3;4;2
22067,4428,13,0;1;4;2;3
22068,5425,13,0;1;4;3;2
22069,4796,13,0;1;4;3;2
22070,4622,13,0;1;4;3;2
22071,6131,13,0;1;4;3;2
22072,4143,13,0;1;4;3;2
22073,6095,13,0;1;4;3;2
22074,4312,13,0;1;4;3;2
22075,4800,13,0;1;4;3;2
22076,4213,13,0;1;4;3;2
22077,4708,13,0;1;4;3;2
22078,4217,13,0;1;4;2;3
22079,5542,13,0;1;3;4;2
22080,4135,13,0;1;3;4;2
22081,2918,13,0;1;4;3;2
22082,4624,13,0;1;3;4;2
22083,4572,13,0;1;4;3;2
22084,11092,13,0;1;3;2;4
22085,17314,13,0;1;2;3;4
22086,17173,13,0;1;3;2;4
22087,14709,13,0;1;3;4;2
22088,20008,13,0;1;4;2;3
22089,20152,13,0;4;1;3;2
22090,15815,13,0;3;4;1;2
22091,11050,13,0;3;2;4;1
22092,11309,13,0;2;4;3;1
22093,10504,13,0;4;3;1;2
22094,14135,13,0;3;4;1;2
22095,7856,13,0;3;4;2;1
22096,11106,13,0;3;2;4;1
22097,10669,13,0;4;3;2;1
22098,10591,13,0;2;4;3;1
22099,22680,13,0;4;3;1;2
22100,7093,13,0;4;3;2;1
22101,25126,13,0;1;2;4;3
22102,17163,13,0;2;4;3;1
22103,10677,13,0;3;2;4;1
22104,14302,13,0;4;2;3;1
22105,14164,13,0;4;3;1;2
22106,12942,13,0;4;3;1;2
22107,13076,13,0;4;3;1;2
22108,17170,13,0;2;1;4;3
22109,14151,13,0;3;1;4;2
22110,8137,13,0;3;4;1;2
22111,15773,13,0;3;1;4;2
22112,15795,13,0;3;2;1;4
22113,17061,13,0;3;4;1;2
22114,17407,13,0;2;3;4;1
22115,17174,13,0;4;1;2;3
22116,10635,13,0;4;2;3;1
22117,10373,13,0;3;2;4;1
22118,12505,13,0;4;2;3;1
22119,15763,13,0;4;3;1;2
22120,11048,13,0;4;3;2;1
22121,1079,13,0;1;2;4;3
22122,1060,13,0;1;2;4;3
22123,1082,13,0;1;4;2;3
22124,1104,13,0;1;2;4;3
22125,1127,13,0;1;2;4;3
22126,1128,13,0;1;4;2;3
22127,1129,13,0;1;4;2;3
22128,1168,13,0;1;2;4;3
22129,1169,13,0;1;4;2;3
22130,1167,13,0;1;3;2;4
22131,1154,13,0;1;3;4;2
22132,1155,13,0;1;3;2;4
22133,1157,13,0;1;3;2;4
22134,1093,13,0;1;3;2;4
22135,1142,13,0;1;3;4;2
22136,1115,13,0;1;3;4;2
22137,3430,13,0;1;2;3;4
22138,3534,13,0;1;2;3;4
22139,3567,13,0;1;2;4;3
22140,3791,13,0;1;3;4;2
22141,3788,13,0;1;4;3;2
22142,3821,13,0;1;3;4;2
22143,3894,13,0;1;4;3;2
22144,17766,13,0;4;1;2;3
22145,10594,13,0;3;4;1;2
22146,9047,13,0;3;2;4;1
22147,9564,13,0;4;2;3;1
22148,9418,13,0;4;2;3;1
22149,7242,13,0;4;1;2;3
22150,12676,13,0;4;2;3;1
22151,14242,13,0;4;1;3;2
22152,15671,13,0;3;4;1;2
22153,9387,13,0;3;4;1;2
22154,8124,13,0;4;3;1;2
22155,9071,13,0;3;4;1;2
22156,9367,13,0;3;4;2;1
22157,12333,13,0;2;4;3;1
22158,9128,13,0;4;2;3;1
22159,733,13,0;1;2;4;3
22160,1852,13,0;1;2;4;3
22161,2148,13,0;1;4;2;3
22162,2163,13,0;1;4;2;3
22163,2526,13,0;1;2;4;3
22164,2530,13,0;1;2;4;3
22165,1515,13,0;1;3;4;2
22166,2586,13,0;1;3;2;4
22167,1342,13,0;1;3;4;2
22168,1890,13,0;1;3;4;2
22169,2294,13,0;1;3;2;4
22170,1558,13,0;1;3;4;2
22171,1367,13,0;1;3;4;2
22172,931,13,0;1;3;4;2
22173,2593,13,0;1;3;2;4
22174,2537,13,0;1;3;2;4
22175,2822,13,0;1;2;4;3
22176,4404,13,0;1;3;4;2
22177,5404,13,0;1;4;2;3
22178,5015,13,0;1;3;4;2
22179,3298,13,0;1;4;3;2
22180,3156,13,0;1;4;3;2
22181,2905,13,0;1;4;3;2
22182,2896,13,0;1;4;3;2
22183,17008,13,0;2;1;3;4
22184,17631,13,0;2;1;4;3
22185,20418,13,0;1;4;3;2
22186,10394,13,0;2;4;3;1
22187,11411,13,0;4;3;2;1
22188,13951,13,0;4;3;2;1
22189,7155,13,0;4;3;1;2
22190,12142,13,0;4;2;3;1
22191,16210,13,0;4;1;2;3
22192,6959,13,0;3;4;2;1
22193,19944,13,0;3;1;4;2
22194,16146,13,0;2;1;4;3
22195,16144,13,0;4;1;2;3
22196,14303,13,0;4;3;1;2
22197,18601,13,0;2;1;4;3
22198,7082,13,0;4;2;3;1
22199,15876,13,0;2;4;1;3
22200,13870,13,0;3;4;1;2
22201,7376,13,0;4;3;2;1
22202,10389,13,0;4;3;2;1
22203,15718,13,0;4;2;3;1
22204,15743,13,0;3;2;4;1
22205,13917,13,0;3;4;2;1
22206,22267,13,0;4;2;3;1
22207,1295,13,0;1;2;4;3
22208,3671,13,0;1;4;2;3
22209,17513,13,0;4;1;2;3
22210,9807,13,0;4;3;1;2
22211,8882,13,0;4;3;2;1
22212,8995,13,0;3;2;4;1
22213,8782,13,0;4;3;2;1
22214,11268,13,0;3;4;1;2
22215,8783,13,0;4;3;2;1
22216,8888,13,0;2;4;3;1
22217,10607,13,0;3;4;1;2
22218,10308,13,0;4;3;2;1
22219,17369,13,0;4;1;2;3
22220,8803,13,0;1;2;4;3
22221,9055,13,0;4;3;2;1
22222,9490,13,0;4;2;3;1
22223,3315,13,0;1;3;4;2
22224,17410,13,0;1;2;3;4
22225,10626,13,0;4;2;1;3
22226,16141,13,0;2;4;1;3
22227,13952,13,0;2;3;4;1
22228,22315,13,0;1;4;2;3
22229,6591,13,0;4;2;3;1
22230,24198,13,0;1;3;4;2
22231,10356,13,0;3;4;1;2
22232,12822,13,0;2;3;1;4
22233,12162,13,0;3;4;2;1
22234,13956,13,0;4;1;3;2
22235,17169,13,0;2;1;3;4
22236,13881,13,0;3;4;2;1
22237,17182,13,0;3;1;4;2
22238,10315,13,0;4;2;3;1
22239,15717,13,0;4;3;2;1
22240,10288,13,0;4;3;1;2
22241,14661,13,0;4;3;1;2
22242,10290,13,0;4;3;2;1
22243,10354,13,0;4;3;2;1
22244,1166,13,0;1;3;4;2
22245,1156,13,0;1;3;2;4
22246,4084,13,0;1;4;3;2
22247,3665,13,0;1;3;4;2
22248,12403,13,0;2;3;4;1
22249,19994,13,0;2;1;4;3
22250,22373,13,0;1;4;3;2
22251,8875,13,0;2;3;4;1
22252,6581,13,0;2;3;4;1
22253,7801,13,0;3;4;2;1
22254,8820,13,0;4;2;3;1
22255,7342,13,0;4;3;2;1
22256,7071,13,0;4;3;2;1
22257,8919,13,0;4;3;2;1
22258,6951,13,0;4;3;2;1
22259,8902,13,0;3;2;4;1
22260,8947,13,0;4;3;2;1
22261,8831,13,0;3;2;4;1
22262,1815,13,0;1;2;4;3
22263,1643,13,0;1;2;4;3
22264,1448,13,0;1;4;2;3
22265,1242,13,0;1;2;4;3
22266,785,13,0;1;4;2;3
22267,1219,13,0;1;3;2;4
22268,762,13,0;1;3;4;2
22269,5575,13,0;1;4;2;3
22270,5051,13,0;1;4;2;3
22271,12258,13,0;4;3;1;2
22272,7908,13,0;4;3;1;2
22273,22270,13,0;1;4;3;2
22274,6587,13,0;2;3;4;1
22275,10353,13,0;4;3;2;1
22276,10289,13,0;3;4;2;1
22277,10512,13,0;4;3;2;1
22278,1965,13,0;1;4;2;3
22279,1820,13,0;1;4;2;3
22280,1648,13,0;1;4;2;3
22281,1453,13,0;1;2;4;3
22282,1247,13,0;1;4;2;3
22283,790,13,0;1;4;2;3
22284,789,13,0;1;3;2;4
22285,1252,13,0;1;3;4;2
22286,1461,13,0;1;3;2;4
22287,1659,13,0;1;3;2;4
22288,1833,13,0;1;3;2;4
22289,1980,13,0;1;3;4;2
22290,2131,13,0;1;3;2;4
22291,2257,13,0;1;3;2;4
22292,2365,13,0;1;3;4;2
22293,2451,13,0;1;3;2;4
22294,2520,13,0;1;3;4;2
22295,2577,13,0;1;3;4;2
22296,2635,13,0;1;3;2;4
22297,15734,13,0;1;3;2;4
22298,9384,13,0;2;3;4;1
22299,24054,13,0;1;2;3;4
22300,7882,13,0;3;4;2;1
22301,8914,13,0;3;4;2;1
22302,22269,13,0;1;3;4;2
22303,7235,13,0;4;2;1;3
22304,10514,13,0;4;3;1;2
22305,10692,13,0;2;4;1;3
22306,10586,13,0;2;4;1;3
22307,6990,13,0;4;3;2;1
22308,1024,13,0;1;4;2;3
22309,748,13,0;1;3;4;2
22310,1001,13,0;1;3;4;2
22311,9127,13,0;4;2;1;3
22312,8930,13,0;3;4;2;1
22313,8909,13,0;2;3;4;1
22314,6556,13,0;3;2;4;1
22315,1029,13,0;1;2;4;3
22316,1031,13,0;1;3;2;4
22317,8870,13,0;3;4;2;1
22318,10305,13,0;4;2;3;1
22319,9380,13,0;3;2;4;1
22320,7047,13,0;4;3;1;2
22321,8777,13,0;3;4;2;1
22322,8815,13,0;3;4;2;1
22323,12269,13,0;3;4;2;1
22324,11040,13,0;3;4;1;2
22325,510,13,0;1;2;3;4
22326,324,13,0;2;1;3;4
22327,686,13,0;2;1;3;4
22328,683,13,0;2;1;3;4
22329,438,13,0;2;1;3;4
22330,559,13,0;2;1;3;4
22331,684,13,0;2;1;3;4
22332,398,13,0;2;1;3;4
22333,333,13,0;1;2;3;4
22334,521,13,0;2;1;3;4
22335,685,13,0;2;1;3;4
22336,347,13,0;2;1;3;4
22337,94,13,0;1;2;3;4
22338,95,13,0;1;2;3;4
22339,110,13,0;1;2;3;4
22340,102,13,0;1;2;3;4
22341,144,13,0;1;2;3;4
22342,166,13,0;1;2;3;4
22343,197,13,0;1;2;3;4
22344,198,13,0;1;2;3;4
22345,209,13,0;1;2;3;4
22346,214,13,0;1;2;3;4
22347,215,13,0;1;2;3;4
22348,230,13,0;1;2;3;4
22349,231,13,0;1;2;3;4
22350,224,13,0;1;2;3;4
22351,225,13,0;1;2;3;4
22352,232,13,0;1;2;3;4
22353,235,13,0;1;2;3;4
22354,236,13,0;1;2;3;4
22355,237,13,0;1;2;3;4
22356,239,13,0;1;2;3;4
22357,19,13,0;1;2;3;4
22358,24,13,0;1;2;3;4
22359,433,13,0;2;1;3;4
22360,79,13,0;1;2;3;4
22361,580,13,0;2;1;3;4
22362,417,13,0;1;2;3;4
22363,619,13,0;1;2;3;4
22364,629,13,0;1;2;3;4
22365,651,13,0;1;2;3;4
22366,652,13,0;1;2;3;4
22367,656,13,0;1;2;3;4
22368,611,13,0;2;1;3;4
22369,612,13,0;2;1;3;4
22370,671,13,0;2;1;3;4
22371,477,13,0;2;1;3;4
22372,320,13,0;2;1;3;4
22373,365,13,0;2;1;3;4
22374,475,13,0;2;1;3;4
22375,551,13,0;2;1;3;4
22376,554,13,0;2;1;3;4
22377,228,13,0;1;2;3;4
22378,229,13,0;1;2;3;4
22379,670,13,0;2;1;3;4
22380,432,13,0;2;1;3;4
22381,233,13,0;1;2;3;4
22382,55,13,0;1;2;3;4
22737,7314,14,0;1;4;2;3
22738,13259,14,0;1;2;4;3
22739,18877,14,0;4;1;3;2
22740,18876,14,0;1;4;3;2
22741,19869,14,0;1;3;4;2
22742,19847,14,0;1;3;4;2
22743,19807,14,0;1;4;2;3
22744,19848,14,0;1;4;2;3
22745,21317,14,0;1;3;4;2
22746,20117,14,0;4;3;2;1
22747,7743,14,0;4;3;2;1
22748,15123,14,0;2;4;3;1
22749,10841,14,0;3;4;2;1
22750,14522,14,0;3;1;4;2
22751,18573,14,0;4;1;3;2
22752,14057,14,0;4;2;3;1
22753,15058,14,0;4;2;3;1
22754,22277,14,0;1;4;2;3
22755,22471,14,0;1;4;3;2
22756,12746,14,0;3;4;2;1
22757,19744,14,0;4;2;3;1
22758,11747,14,0;4;3;2;1
22759,17360,14,0;3;1;2;4
22760,19889,14,0;4;3;1;2
22761,17535,14,0;4;1;3;2
22762,14385,14,0;4;3;2;1
22763,11746,14,0;4;2;3;1
22764,21623,14,0;4;3;1;2
22765,10826,14,0;3;2;4;1
22766,19745,14,0;3;1;4;2
22767,12638,14,0;3;4;1;2
22768,22452,14,0;4;1;3;2
22769,24109,14,0;1;3;2;4
22770,14490,14,0;4;3;1;2
22771,24406,14,0;1;4;3;2
22772,24156,14,0;4;3;1;2
22773,14409,14,0;4;3;1;2
22774,20095,14,0;4;2;1;3
22775,20089,14,0;4;2;3;1
22776,25840,14,0;4;1;3;2
22777,24059,14,0;3;1;4;2
22778,16612,14,0;4;1;3;2
22779,20225,14,0;4;1;2;3
22780,16048,14,0;4;1;3;2
22781,14114,14,0;4;3;1;2
22782,25881,14,0;1;3;2;4
22783,25887,14,0;1;2;3;4
22784,14062,14,0;4;3;2;1
22785,19226,14,0;2;4;1;3
22786,11847,14,0;3;4;2;1
22787,25854,14,0;1;4;3;2
22788,24118,14,0;2;1;3;4
22789,8310,14,0;3;2;4;1
22790,8293,14,0;4;2;3;1
22791,8301,14,0;4;3;1;2
22792,8320,14,0;3;4;2;1
22793,8338,14,0;3;4;2;1
22794,25865,14,0;1;4;3;2
22795,22273,14,0;3;1;4;2
22796,11675,14,0;4;2;3;1
22797,8437,14,0;4;3;2;1
22798,12569,14,0;4;3;1;2
22799,15178,14,0;4;3;1;2
22800,8410,14,0;4;3;2;1
22801,14349,14,0;3;4;2;1
22802,12714,14,0;4;3;1;2
22803,8430,14,0;4;2;3;1
22804,17981,14,0;4;1;3;2
22805,25871,14,0;1;4;2;3
22806,13261,14,0;4;2;3;1
22807,7272,14,0;4;3;2;1
22808,17073,14,0;4;1;3;2
22809,12711,14,0;4;3;1;2
22810,6844,14,0;4;3;2;1
22811,14524,14,0;4;3;1;2
22812,11848,14,0;4;3;2;1
22813,17384,14,0;4;3;1;2
22814,11740,14,0;4;3;2;1
22815,14511,14,0;3;4;1;2
22816,19775,14,0;4;1;3;2
22817,7669,14,0;4;3;1;2
22818,19812,14,0;4;1;3;2
22819,18774,14,0;4;3;1;2
22820,14003,14,0;4;3;1;2
22821,14116,14,0;4;3;1;2
22822,17929,14,0;4;3;1;2
22823,8250,14,0;4;3;2;1
22824,7702,14,0;3;4;1;2
22825,18088,14,0;4;3;1;2
22826,19941,14,0;4;1;3;2
22827,10462,14,0;3;4;2;1
22828,16134,14,0;3;4;1;2
22829,6700,14,0;4;3;2;1
22830,11624,14,0;4;3;2;1
22831,11626,14,0;4;3;2;1
22832,18824,14,0;4;1;3;2
22833,17074,14,0;3;2;4;1
22834,6836,14,0;4;3;2;1
22835,13267,14,0;4;3;2;1
22836,19788,14,0;3;1;4;2
22837,11821,14,0;4;3;2;1
22838,17090,14,0;4;3;1;2
22839,11667,14,0;4;3;2;1
22840,16013,14,0;2;4;3;1
22841,12790,14,0;4;3;1;2
22842,15996,14,0;1;2;4;3
22843,23397,14,0;4;1;2;3
22844,20294,14,0;1;3;4;2
22845,9977,14,0;4;3;2;1
22846,20256,14,0;3;4;1;2
22847,17970,14,0;4;1;3;2
22848,19890,14,0;4;1;3;2
22849,7539,14,0;3;4;1;2
22850,20314,14,0;4;3;1;2
22851,14353,14,0;4;3;2;1
22852,14641,14,0;4;3;1;2
22853,20697,14,0;3;4;1;2
22854,25877,14,0;1;2;3;4
22855,9330,14,0;3;4;2;1
22856,9326,14,0;4;3;2;1
22857,12630,14,0;3;4;1;2
22858,23324,14,0;4;1;3;2
22859,7652,14,0;4;3;1;2
22860,15116,14,0;4;3;2;1
22861,11674,14,0;4;2;3;1
22862,9976,14,0;4;3;1;2
22863,20361,14,0;4;1;3;2
22864,14042,14,0;4;1;3;2
22865,17055,14,0;3;1;2;4
22866,10062,14,0;4;2;3;1
22867,17982,14,0;4;1;2;3
22868,9916,14,0;4;3;1;2
22869,7523,14,0;4;3;1;2
22870,9274,14,0;4;3;2;1
22871,10034,14,0;4;3;2;1
22872,10958,14,0;3;4;1;2
22873,20729,14,0;4;1;2;3
22874,15214,14,0;4;3;1;2
22875,11643,14,0;4;2;3;1
22876,20353,14,0;4;3;1;2
22877,9949,14,0;4;3;2;1
22878,21603,14,0;4;3;1;2
22879,9339,14,0;4;3;1;2
22880,9941,14,0;4;3;2;1
22881,9919,14,0;4;3;2;1
22882,9319,14,0;4;3;1;2
22883,11295,14,0;1;3;4;2
22884,14806,14,0;1;2;4;3
22885,14234,14,0;1;4;2;3
22886,16300,14,0;1;2;3;4
22887,21713,14,0;4;1;2;3
22888,22715,14,0;4;1;2;3
22889,12379,14,0;4;3;2;1
22890,18626,14,0;1;3;4;2
22891,19004,14,0;1;3;4;2
22892,16449,14,0;4;3;1;2
22893,24043,14,0;4;2;3;1
22894,26057,14,0;4;1;2;3
22895,20204,14,0;3;4;1;2
22896,12408,14,0;4;2;3;1
22897,13926,14,0;2;4;3;1
22898,20475,14,0;4;1;2;3
22899,18562,14,0;2;1;3;4
22900,23490,14,0;4;3;1;2
22901,25798,14,0;4;1;2;3
22902,26087,14,0;3;1;2;4
22903,26086,14,0;3;4;1;2
22904,18832,14,0;4;1;3;2
22905,21300,14,0;1;3;4;2
22906,21757,14,0;1;2;4;3
22907,12738,14,0;4;3;2;1
22908,7776,14,0;3;4;2;1
22909,11498,14,0;4;2;1;3
22910,21802,14,0;1;3;4;2
22911,21759,14,0;1;4;3;2
22912,11327,14,0;4;3;2;1
22913,23252,14,0;4;3;1;2
22914,23256,14,0;4;3;1;2
22915,14286,14,0;4;3;1;2
22916,11301,14,0;3;2;4;1
22917,13908,14,0;4;3;2;1
22918,16985,14,0;4;3;2;1
22919,22329,14,0;1;2;4;3
22920,22339,14,0;1;2;4;3
22921,22420,14,0;1;2;4;3
22922,18560,14,0;4;2;3;1
22923,22624,14,0;1;4;2;3
22924,22660,14,0;1;4;3;2
22925,11283,14,0;3;2;4;1
22926,20079,14,0;4;3;1;2
22927,13989,14,0;4;2;3;1
22928,25116,14,0;4;3;2;1
22929,23501,14,0;1;3;2;4
22930,23502,14,0;1;3;2;4
22931,23487,14,0;1;4;3;2
22932,23348,14,0;1;3;4;2
22933,23506,14,0;1;4;3;2
22934,20053,14,0;3;2;1;4
22935,13012,14,0;3;2;4;1
22936,13074,14,0;4;3;2;1
22937,18554,14,0;2;4;3;1
22938,18975,14,0;3;1;2;4
22939,19035,14,0;4;1;3;2
22940,24218,14,0;1;4;3;2
22941,24541,14,0;1;4;2;3
22942,17215,14,0;4;2;3;1
22943,24618,14,0;1;4;3;2
22944,24619,14,0;1;4;3;2
22945,13041,14,0;4;3;1;2
22946,22621,14,0;4;1;2;3
22947,14352,14,0;4;3;1;2
22948,14948,14,0;4;2;1;3
22949,14902,14,0;3;4;2;1
22950,10434,14,0;3;4;1;2
22951,20075,14,0;4;2;1;3
22952,25136,14,0;4;3;1;2
22953,21358,14,0;4;3;2;1
22954,17757,14,0;4;3;1;2
22955,25139,14,0;1;3;4;2
22956,11366,14,0;4;2;3;1
22957,12415,14,0;3;2;4;1
22958,17206,14,0;4;3;2;1
22959,6622,14,0;4;2;3;1
22960,15710,14,0;4;3;2;1
22961,21266,14,0;4;2;3;1
22962,10699,14,0;4;2;3;1
22963,11359,14,0;4;3;2;1
22964,14812,14,0;3;4;1;2
22965,18967,14,0;3;4;2;1
22966,17791,14,0;3;4;2;1
22967,25207,14,0;1;4;3;2
22968,25353,14,0;1;4;3;2
22969,12545,14,0;4;1;2;3
22970,17692,14,0;4;3;2;1
22971,17843,14,0;4;3;2;1
22972,12173,14,0;2;4;3;1
22973,17289,14,0;4;1;3;2
22974,13985,14,0;3;2;4;1
22975,16233,14,0;4;3;2;1
22976,25815,14,0;4;1;2;3
22977,18661,14,0;3;1;4;2
22978,8225,14,0;4;3;1;2
22979,25755,14,0;1;4;2;3
22980,25754,14,0;1;4;2;3
22981,25753,14,0;1;4;2;3
22982,14784,14,0;4;3;2;1
22983,26050,14,0;1;2;3;4
22984,26085,14,0;1;2;3;4
22985,11361,14,0;4;2;3;1
22986,12139,14,0;3;4;2;1
22987,25789,14,0;1;4;3;2
22988,25785,14,0;1;4;3;2
22989,25786,14,0;1;4;3;2
22990,25991,14,0;1;2;3;4
22991,11360,14,0;4;3;2;1
22992,25978,14,0;1;4;3;2
22993,25981,14,0;1;4;3;2
22994,25982,14,0;1;4;3;2
22995,12991,14,0;4;3;2;1
22996,20481,14,0;3;4;2;1
22997,16340,14,0;4;3;2;1
22998,25751,14,0;4;3;1;2
22999,25783,14,0;4;3;1;2
23000,13923,14,0;2;4;3;1
23001,7394,14,0;3;4;2;1
23002,26044,14,0;1;3;4;2
23003,13944,14,0;3;1;4;2
23004,13038,14,0;4;3;2;1
23005,12387,14,0;3;4;2;1
23006,11318,14,0;3;4;2;1
23007,12485,14,0;3;4;2;1
23008,17214,14,0;3;2;1;4
23009,17224,14,0;4;1;2;3
23010,26004,14,0;1;4;3;2
23011,14887,14,0;4;3;1;2
23012,6809,14,0;4;3;2;1
23013,8045,14,0;4;3;1;2
23014,14935,14,0;4;2;1;3
23015,16390,14,0;4;1;2;3
23016,22678,14,0;4;1;2;3
23017,25806,14,0;4;1;3;2
23018,16122,14,0;4;3;1;2
23019,25825,14,0;1;4;3;2
23020,26084,14,0;1;2;4;3
23021,14652,14,0;4;3;1;2
23022,18991,14,0;3;1;2;4
23023,15856,14,0;4;1;3;2
23024,15030,14,0;4;3;1;2
23025,7302,14,0;4;3;2;1
23026,14188,14,0;3;4;2;1
23027,13104,14,0;4;3;1;2
23028,8014,14,0;3;4;2;1
23029,13035,14,0;4;3;2;1
23030,6789,14,0;4;2;3;1
23031,23277,14,0;2;1;4;3
23032,17066,14,0;4;1;3;2
23033,13107,14,0;4;3;1;2
23034,21369,14,0;2;1;4;3
23035,10695,14,0;4;2;1;3
23036,17830,14,0;4;3;2;1
23037,8000,14,0;4;3;2;1
23038,16270,14,0;4;1;3;2
23039,10644,14,0;4;2;3;1
23040,17274,14,0;4;1;2;3
23041,12378,14,0;4;2;3;1
23042,17194,14,0;3;1;4;2
23043,19034,14,0;4;3;1;2
23044,21257,14,0;4;2;3;1
23045,6770,14,0;4;3;2;1
23046,21381,14,0;3;1;2;4
23047,15023,14,0;4;3;1;2
23048,19171,14,0;4;3;2;1
23049,11385,14,0;4;3;2;1
23050,15839,14,0;3;4;2;1
23051,11470,14,0;4;3;2;1
23052,23492,14,0;2;1;4;3
23053,19036,14,0;4;1;3;2
23054,19030,14,0;2;1;3;4
23055,12172,14,0;3;2;4;1
23056,26068,14,0;1;4;2;3
23057,21743,14,0;3;1;2;4
23058,19088,14,0;4;3;1;2
23059,12137,14,0;3;2;4;1
23060,14275,14,0;4;2;3;1
23061,17030,14,0;3;2;4;1
23062,19010,14,0;3;1;4;2
23063,6693,14,0;4;3;2;1
23064,18708,14,0;3;4;1;2
23065,18646,14,0;2;3;4;1
23066,19872,14,0;4;1;2;3
23067,20571,14,0;4;2;1;3
23068,11265,14,0;4;3;2;1
23069,11342,14,0;4;3;2;1
23070,19063,14,0;4;1;3;2
23071,20037,14,0;4;1;2;3
23072,14258,14,0;4;3;2;1
23073,8041,14,0;4;3;2;1
23074,8052,14,0;3;4;2;1
23075,23313,14,0;4;1;3;2
23076,19205,14,0;3;4;1;2
23077,18643,14,0;4;2;3;1
23078,16224,14,0;4;2;1;3
23079,6661,14,0;3;2;4;1
23080,6794,14,0;4;3;2;1
23081,8017,14,0;2;4;3;1
23082,13026,14,0;4;3;1;2
23083,13222,14,0;4;3;1;2
23084,8053,14,0;4;2;3;1
23085,16286,14,0;4;3;1;2
23086,14893,14,0;4;3;2;1
23087,12396,14,0;4;3;2;1
23088,22583,14,0;3;1;4;2
23089,19982,14,0;3;2;4;1
23090,13965,14,0;4;3;1;2
23091,14199,14,0;4;3;2;1
23092,14209,14,0;4;3;2;1
23093,24562,14,0;4;1;3;2
23094,8012,14,0;4;3;2;1
23095,14245,14,0;4;3;2;1
23096,8063,14,0;4;3;2;1
23097,20616,14,0;4;3;1;2
23098,18664,14,0;4;2;3;1
23099,9591,14,0;2;1;3;4
23100,15729,14,0;2;4;1;3
23101,9554,14,0;3;2;4;1
23102,22702,14,0;1;4;3;2
23103,6644,14,0;4;3;2;1
23104,17349,14,0;2;4;1;3
23105,8894,14,0;4;2;3;1
23106,18747,14,0;4;1;2;3
23107,23612,14,0;1;4;3;2
23108,9158,14,0;4;2;3;1
23109,9887,14,0;3;4;2;1
23110,20468,14,0;3;4;1;2
23111,7772,14,0;3;4;2;1
23112,21598,14,0;4;3;1;2
23113,15715,14,0;4;2;1;3
23114,7220,14,0;4;2;3;1
23115,25173,14,0;4;1;3;2
23116,6724,14,0;4;2;3;1
23117,13102,14,0;4;2;1;3
23118,9688,14,0;4;2;3;1
23119,9567,14,0;4;3;2;1
23120,15835,14,0;3;1;2;4
23121,17320,14,0;4;1;3;2
23122,17544,14,0;4;3;1;2
23123,7449,14,0;4;3;2;1
23124,9736,14,0;4;3;2;1
23125,12508,14,0;4;3;2;1
23126,14940,14,0;2;4;1;3
23127,16227,14,0;4;3;1;2
23128,12467,14,0;4;3;1;2
23129,13964,14,0;4;3;2;1
23130,17125,14,0;4;1;3;2
23131,7482,14,0;4;3;1;2
23132,14790,14,0;4;3;1;2
23133,20529,14,0;3;1;4;2
23134,9645,14,0;4;3;2;1
23135,17598,14,0;4;3;1;2
23136,7099,14,0;4;3;2;1
23137,12984,14,0;4;3;1;2
23138,14283,14,0;4;3;1;2
23139,21564,14,0;4;1;3;2
23140,14189,14,0;4;3;2;1
23141,9111,14,0;4;3;2;1
23142,9676,14,0;4;3;2;1
23143,6751,14,0;1;4;2;3
23144,6740,14,0;1;4;3;2
23145,14800,14,0;1;2;4;3
23146,17245,14,0;1;2;4;3
23147,18918,14,0;1;2;4;3
23148,22435,14,0;4;3;1;2
23149,14255,14,0;4;2;1;3
23150,20494,14,0;1;3;2;4
23151,10596,14,0;3;4;2;1
23152,21653,14,0;2;1;3;4
23153,12102,14,0;4;3;2;1
23154,14747,14,0;4;3;2;1
23155,20135,14,0;4;2;1;3
23156,18922,14,0;3;1;4;2
23157,10366,14,0;4;2;3;1
23158,21419,14,0;1;2;4;3
23159,15667,14,0;3;4;1;2
23160,15781,14,0;2;4;3;1
23161,17750,14,0;4;1;3;2
23162,22256,14,0;1;3;2;4
23163,12610,14,0;4;2;3;1
23164,20694,14,0;4;3;1;2
23165,12390,14,0;2;4;3;1
23166,15794,14,0;2;3;4;1
23167,12527,14,0;4;3;2;1
23168,14768,14,0;4;2;3;1
23169,7159,14,0;4;3;2;1
23170,23554,14,0;1;2;3;4
23171,7775,14,0;3;4;2;1
23172,15813,14,0;4;3;1;2
23173,16428,14,0;4;3;1;2
23174,23408,14,0;1;4;3;2
23175,7228,14,0;4;2;1;3
23176,7026,14,0;3;2;4;1
23177,17385,14,0;4;3;2;1
23178,10797,14,0;4;1;3;2
23179,24372,14,0;1;4;3;2
23180,24404,14,0;1;4;3;2
23181,22505,14,0;4;1;3;2
23182,8194,14,0;4;3;1;2
23183,20431,14,0;4;3;2;1
23184,25264,14,0;1;3;4;2
23185,10597,14,0;4;3;2;1
23186,23243,14,0;3;1;2;4
23187,22393,14,0;3;1;2;4
23188,17628,14,0;4;3;2;1
23189,18923,14,0;3;4;1;2
23190,12391,14,0;4;2;3;1
23191,23446,14,0;4;1;2;3
23192,7966,14,0;4;3;2;1
23193,14328,14,0;4;1;3;2
23194,25288,14,0;1;4;2;3
23195,10555,14,0;4;3;2;1
23196,25752,14,0;1;4;2;3
23197,20097,14,0;4;1;2;3
23198,25780,14,0;1;3;4;2
23199,25954,14,0;1;2;3;4
23200,25787,14,0;1;3;4;2
23201,10856,14,0;3;4;1;2
23202,14183,14,0;4;3;2;1
23203,10559,14,0;4;2;3;1
23204,19989,14,0;2;4;1;3
23205,21666,14,0;4;1;3;2
23206,22312,14,0;3;4;2;1
23207,25953,14,0;4;2;3;1
23208,25952,14,0;4;2;3;1
23209,15665,14,0;4;3;2;1
23210,11382,14,0;4;3;1;2
23211,12967,14,0;4;3;1;2
23212,7044,14,0;3;4;2;1
23213,21651,14,0;4;1;3;2
23214,17155,14,0;3;2;1;4
23215,25927,14,0;1;4;3;2
23216,14696,14,0;3;1;2;4
23217,13043,14,0;4;3;2;1
23218,15748,14,0;4;3;2;1
23219,16028,14,0;3;4;1;2
23220,14739,14,0;4;1;3;2
23221,25966,14,0;1;4;2;3
23222,17597,14,0;4;3;1;2
23223,17156,14,0;3;4;2;1
23224,23289,14,0;4;1;2;3
23225,18630,14,0;4;2;3;1
23226,18609,14,0;4;2;1;3
23227,17653,14,0;4;1;2;3
23228,7021,14,0;4;3;2;1
23229,21436,14,0;4;1;3;2
23230,23466,14,0;4;1;3;2
23231,14447,14,0;2;3;4;1
23232,14745,14,0;4;3;1;2
23233,12877,14,0;4;2;1;3
23234,10651,14,0;4;2;3;1
23235,7375,14,0;4;3;2;1
23236,16223,14,0;3;4;1;2
23237,7054,14,0;4;2;3;1
23238,11203,14,0;4;2;3;1
23239,11202,14,0;4;2;3;1
23240,11201,14,0;4;2;3;1
23241,11200,14,0;4;2;3;1
23242,7260,14,0;4;3;2;1
23243,14714,14,0;3;4;1;2
23244,12953,14,0;4;2;3;1
23245,7894,14,0;3;4;2;1
23246,19949,14,0;4;3;2;1
23247,7922,14,0;3;4;2;1
23248,14184,14,0;4;3;2;1
23249,18623,14,0;4;3;2;1
23250,12317,14,0;4;2;3;1
23251,16174,14,0;4;2;3;1
23252,7481,14,0;2;3;1;4
23253,7221,14,0;4;3;2;1
23254,18616,14,0;2;1;4;3
23255,21665,14,0;1;4;3;2
23256,9463,14,0;3;2;4;1
23257,9701,14,0;3;2;4;1
23258,17620,14,0;4;2;1;3
23259,19958,14,0;3;1;2;4
23260,9455,14,0;4;2;3;1
23261,24191,14,0;1;4;3;2
23262,9893,14,0;3;4;2;1
23263,9190,14,0;4;2;3;1
23264,9482,14,0;4;3;2;1
23265,22352,14,0;2;1;4;3
23266,14142,14,0;3;4;2;1
23267,9192,14,0;4;3;1;2
23268,9142,14,0;4;3;2;1
23269,25779,14,0;1;4;3;2
23270,7255,14,0;3;4;2;1
23271,12517,14,0;4;3;1;2
23272,9079,14,0;4;3;2;1
23273,7500,14,0;4;3;2;1
23274,13979,14,0;3;4;1;2
23275,7354,14,0;4;3;2;1
23276,17177,14,0;4;1;3;2
23277,16163,14,0;3;1;4;2
23278,7682,14,0;4;3;2;1
23279,9213,14,0;4;3;2;1
23280,7410,14,0;4;3;2;1
23281,20014,14,0;4;1;3;2
23282,7625,14,0;4;3;2;1
23283,6956,14,0;4;3;2;1
23284,7493,14,0;4;3;2;1
23285,9452,14,0;3;4;2;1
23286,9015,14,0;4;3;2;1
23287,11199,14,0;4;2;3;1
23288,7733,14,0;4;3;2;1
23289,11216,14,0;4;3;2;1
23290,9866,14,0;4;3;2;1
23291,9850,14,0;4;3;2;1
23292,1766,14,0;1;2;4;3
23293,1588,14,0;1;2;4;3
23294,1394,14,0;1;2;4;3
23295,954,14,0;1;2;4;3
23296,2156,14,0;1;4;2;3
23297,2015,14,0;1;4;2;3
23298,1877,14,0;1;4;2;3
23299,1722,14,0;1;4;2;3
23300,2480,14,0;1;2;4;3
23301,1538,14,0;1;2;4;3
23302,2410,14,0;1;4;2;3
23303,1345,14,0;1;2;4;3
23304,2322,14,0;1;4;2;3
23305,901,14,0;1;2;4;3
23306,902,14,0;1;4;2;3
23307,903,14,0;1;4;2;3
23308,943,14,0;1;4;2;3
23309,944,14,0;1;2;4;3
23310,1347,14,0;1;2;4;3
23311,1348,14,0;1;4;2;3
23312,1383,14,0;1;2;4;3
23313,1384,14,0;1;4;2;3
23314,1401,14,0;1;2;4;3
23315,1402,14,0;1;2;4;3
23316,1403,14,0;1;4;2;3
23317,2663,14,0;1;2;4;3
23318,1788,14,0;1;2;4;3
23319,1882,14,0;1;4;2;3
23320,1908,14,0;1;4;2;3
23321,2095,14,0;1;4;2;3
23322,2215,14,0;1;4;2;3
23323,2216,14,0;1;2;4;3
23324,2344,14,0;1;4;2;3
23325,2394,14,0;1;4;2;3
23326,2474,14,0;1;4;2;3
23327,2475,14,0;1;2;4;3
23328,2483,14,0;1;4;2;3
23329,2484,14,0;1;4;2;3
23330,2485,14,0;1;4;2;3
23331,2491,14,0;1;2;4;3
23332,2510,14,0;1;4;2;3
23333,2590,14,0;1;4;2;3
23334,2591,14,0;1;2;4;3
23335,2609,14,0;1;4;2;3
23336,2613,14,0;1;4;2;3
23337,2625,14,0;1;4;2;3
23338,1382,14,0;1;3;4;2
23339,942,14,0;1;3;2;4
23340,1385,14,0;1;3;4;2
23341,1400,14,0;1;3;4;2
23342,1907,14,0;1;3;2;4
23343,1399,14,0;1;3;4;2
23344,2214,14,0;1;3;4;2
23345,1787,14,0;1;3;4;2
23346,2096,14,0;1;3;4;2
23347,1398,14,0;1;3;2;4
23348,2612,14,0;1;3;2;4
23349,2434,14,0;1;3;2;4
23350,2343,14,0;1;3;2;4
23351,2509,14,0;1;3;2;4
23352,2482,14,0;1;3;4;2
23353,2608,14,0;1;3;2;4
23354,2235,14,0;1;3;4;2
23355,2624,14,0;1;3;2;4
23356,1765,14,0;1;3;2;4
23357,1587,14,0;1;3;2;4
23358,1393,14,0;1;3;4;2
23359,953,14,0;1;3;4;2
23360,2497,14,0;1;3;4;2
23361,2429,14,0;1;3;2;4
23362,2341,14,0;1;3;2;4
23363,2236,14,0;1;3;2;4
23364,829,14,0;1;3;2;4
23365,859,14,0;1;3;2;4
23366,2073,14,0;1;3;2;4
23367,1928,14,0;1;3;4;2
23368,1780,14,0;1;3;2;4
23369,1604,14,0;1;3;4;2
23370,1410,14,0;1;3;2;4
23371,971,14,0;1;3;4;2
23372,1267,14,0;1;3;2;4
23373,814,14,0;1;3;2;4
23374,1321,14,0;1;3;2;4
23375,883,14,0;1;3;4;2
23376,2074,14,0;1;3;2;4
23377,1929,14,0;1;3;4;2
23378,1781,14,0;1;3;4;2
23379,1605,14,0;1;3;4;2
23380,1411,14,0;1;3;2;4
23381,972,14,0;1;3;2;4
23382,2620,14,0;1;3;2;4
23383,2565,14,0;1;3;2;4
23384,2508,14,0;1;3;2;4
23385,2028,14,0;1;3;2;4
23386,1889,14,0;1;3;4;2
23387,1734,14,0;1;3;2;4
23388,1553,14,0;1;3;2;4
23389,1360,14,0;1;3;4;2
23390,921,14,0;1;3;2;4
23391,2702,14,0;1;3;2;4
23392,4238,14,0;1;2;4;3
23393,4252,14,0;1;2;3;4
23394,4730,14,0;1;2;3;4
23395,4857,14,0;1;2;3;4
23396,5011,14,0;1;2;4;3
23397,5302,14,0;1;2;4;3
23398,4678,14,0;1;4;3;2
23399,4444,14,0;1;3;4;2
23400,5105,14,0;1;4;3;2
23401,4931,14,0;1;3;2;4
23402,5089,14,0;1;4;2;3
23403,3328,14,0;1;4;3;2
23404,5757,14,0;1;4;3;2
23405,5217,14,0;1;3;4;2
23406,3148,14,0;1;3;4;2
23407,5010,14,0;1;4;2;3
23408,4947,14,0;1;4;3;2
23409,5363,14,0;1;3;2;4
23410,4949,14,0;1;4;3;2
23411,4957,14,0;1;4;3;2
23412,6025,14,0;1;3;2;4
23413,4662,14,0;1;3;4;2
23414,5474,14,0;1;3;4;2
23415,5269,14,0;1;4;3;2
23416,4488,14,0;1;3;4;2
23417,5076,14,0;1;3;4;2
23418,5182,14,0;1;3;4;2
23419,5314,14,0;1;3;2;4
23420,4457,14,0;1;4;3;2
23421,5185,14,0;1;3;4;2
23422,5113,14,0;1;4;2;3
23423,4963,14,0;1;3;4;2
23424,5162,14,0;1;4;2;3
23425,4729,14,0;1;3;2;4
23426,5179,14,0;1;3;2;4
23427,5779,14,0;1;3;2;4
23428,4602,14,0;1;4;2;3
23429,5075,14,0;1;4;2;3
23430,5094,14,0;1;4;2;3
23431,4510,14,0;1;4;3;2
23432,5114,14,0;1;4;3;2
23433,5671,14,0;1;3;2;4
23434,5550,14,0;1;4;2;3
23435,4924,14,0;1;3;4;2
23436,5141,14,0;1;4;3;2
23437,6091,14,0;1;3;2;4
23438,4493,14,0;1;3;4;2
23439,5832,14,0;1;4;2;3
23440,5927,14,0;1;3;4;2
23441,5527,14,0;1;3;4;2
23442,5938,14,0;1;3;2;4
23443,5813,14,0;1;3;2;4
23444,4441,14,0;1;4;3;2
23445,4419,14,0;1;4;3;2
23446,5600,14,0;1;3;2;4
23447,3300,14,0;1;4;3;2
23448,4950,14,0;1;4;3;2
23449,5529,14,0;1;4;3;2
23450,5818,14,0;1;3;4;2
23451,5901,14,0;1;3;4;2
23452,5583,14,0;1;4;2;3
23453,4933,14,0;1;3;4;2
23454,3179,14,0;1;3;4;2
23455,5502,14,0;1;3;4;2
23456,6102,14,0;1;3;4;2
23457,6206,14,0;1;3;2;4
23458,6309,14,0;1;2;3;4
23459,6312,14,0;1;2;3;4
23460,5945,14,0;1;3;4;2
23461,4923,14,0;1;3;4;2
23462,6072,14,0;1;3;4;2
23463,6161,14,0;1;4;2;3
23464,5718,14,0;1;3;2;4
23465,6344,14,0;1;2;4;3
23466,4461,14,0;1;4;3;2
23467,5434,14,0;1;4;3;2
23468,5421,14,0;1;3;4;2
23469,5281,14,0;1;4;3;2
23470,4695,14,0;1;3;4;2
23471,3324,14,0;1;4;3;2
23472,5272,14,0;1;3;4;2
23473,5751,14,0;1;4;3;2
23474,5939,14,0;1;3;4;2
23475,6061,14,0;1;3;4;2
23476,6155,14,0;1;4;2;3
23477,6366,14,0;1;2;3;4
23478,3120,14,0;1;4;2;3
23479,3311,14,0;1;3;4;2
23480,6374,14,0;1;2;3;4
23481,3150,14,0;1;3;4;2
23482,5012,14,0;1;4;2;3
23483,6404,14,0;1;2;4;3
23484,5781,14,0;1;3;4;2
23485,3014,14,0;1;4;2;3
23486,6146,14,0;1;3;2;4
23487,6396,14,0;1;4;2;3
23488,6209,14,0;1;3;4;2
23489,3320,14,0;1;4;3;2
23490,6407,14,0;1;2;3;4
23491,6303,14,0;1;3;4;2
23492,6345,14,0;1;4;2;3
23493,6103,14,0;1;3;4;2
23494,6348,14,0;1;3;2;4
23495,5512,14,0;1;4;2;3
23496,6286,14,0;1;3;2;4
23497,2872,14,0;1;4;3;2
23498,4491,14,0;1;4;3;2
23499,5204,14,0;1;4;3;2
23500,5441,14,0;1;3;4;2
23501,4956,14,0;1;3;4;2
23502,4246,14,0;1;3;4;2
23503,3293,14,0;1;3;4;2
23504,4694,14,0;1;3;4;2
23505,6009,14,0;1;3;2;4
23506,6246,14,0;1;3;2;4
23507,5906,14,0;1;3;4;2
23508,6196,14,0;1;4;3;2
23509,5139,14,0;1;4;3;2
23510,6127,14,0;1;4;2;3
23511,5475,14,0;1;4;3;2
23512,5206,14,0;1;4;3;2
23513,4891,14,0;1;4;3;2
23514,4446,14,0;1;4;3;2
23515,3053,14,0;1;4;3;2
23516,4892,14,0;1;4;3;2
23517,6164,14,0;1;3;2;4
23518,4596,14,0;1;4;2;3
23519,5734,14,0;1;2;4;3
23520,4430,14,0;1;4;3;2
23521,6167,14,0;1;3;2;4
23522,5675,14,0;1;4;3;2
23523,4814,14,0;1;3;4;2
23524,5608,14,0;1;4;2;3
23525,4450,14,0;1;3;4;2
23526,4889,14,0;1;2;4;3
23527,6302,14,0;1;3;4;2
23528,6443,14,0;1;3;4;2
23529,6385,14,0;1;3;2;4
23530,6183,14,0;1;4;2;3
23531,6205,14,0;1;3;4;2
23532,3291,14,0;1;4;3;2
23533,5452,14,0;1;4;2;3
23534,5820,14,0;1;4;3;2
23535,6233,14,0;1;3;4;2
23536,3140,14,0;1;4;3;2
23537,5602,14,0;1;4;3;2
23538,3208,14,0;1;4;3;2
23539,5490,14,0;1;2;4;3
23540,5308,14,0;1;4;3;2
23541,4277,14,0;1;4;3;2
23542,5680,14,0;1;4;3;2
23543,5463,14,0;1;4;3;2
23544,4946,14,0;1;4;3;2
23545,4958,14,0;1;4;3;2
23546,6011,14,0;1;4;3;2
23547,5597,14,0;1;3;2;4
23548,4317,14,0;1;4;3;2
23549,3064,14,0;1;4;3;2
23550,5464,14,0;1;3;4;2
23551,5831,14,0;1;4;2;3
23552,4717,14,0;1;4;2;3
23553,5913,14,0;1;2;4;3
23554,3192,14,0;1;4;3;2
23555,3110,14,0;1;4;3;2
23556,3085,14,0;1;4;3;2
23557,4733,14,0;1;4;2;3
23558,4285,14,0;1;4;3;2
23559,4945,14,0;1;3;4;2
23560,5925,14,0;1;4;2;3
23561,4607,14,0;1;4;3;2
23562,5115,14,0;1;4;3;2
23563,5154,14,0;1;4;3;2
23564,3083,14,0;1;4;3;2
23565,4648,14,0;1;4;2;3
23566,4415,14,0;1;4;3;2
23567,6324,14,0;1;4;3;2
23568,5282,14,0;1;4;2;3
23569,3251,14,0;1;4;3;2
23570,5657,14,0;1;4;3;2
23571,4762,14,0;1;4;3;2
23572,4748,14,0;1;4;3;2
23573,6227,14,0;1;4;2;3
23574,3249,14,0;1;4;3;2
23575,4386,14,0;1;4;3;2
23576,4644,14,0;1;4;3;2
23577,4682,14,0;1;4;3;2
23578,3210,14,0;1;4;3;2
23579,6365,14,0;1;2;4;3
23580,4438,14,0;1;4;3;2
23581,4582,14,0;1;4;3;2
23582,4826,14,0;1;4;3;2
23583,5325,14,0;1;4;3;2
23584,3213,14,0;1;3;4;2
23585,5193,14,0;1;4;3;2
23586,4371,14,0;1;4;3;2
23587,4346,14,0;1;4;3;2
23588,4887,14,0;1;4;3;2
23589,5456,14,0;1;4;3;2
23590,4380,14,0;1;4;3;2
23591,6422,14,0;1;3;4;2
23592,6049,14,0;1;4;3;2
23593,5189,14,0;1;4;3;2
23594,4738,14,0;1;4;3;2
23595,4829,14,0;1;4;3;2
23596,4789,14,0;1;3;4;2
23597,3066,14,0;1;4;3;2
23598,5275,14,0;1;3;4;2
23599,5002,14,0;1;3;4;2
23600,3214,14,0;1;4;3;2
23601,6419,14,0;1;4;3;2
23602,6375,14,0;1;3;4;2
23603,4296,14,0;1;4;3;2
23604,4813,14,0;1;4;3;2
23605,25841,14,0;4;2;3;1
23606,10468,14,0;1;4;2;3
23607,12818,14,0;1;2;3;4
23608,14915,14,0;4;3;1;2
23609,18651,14,0;1;3;2;4
23610,11123,14,0;2;3;4;1
23611,20368,14,0;4;1;2;3
23612,14316,14,0;4;3;1;2
23613,15976,14,0;4;1;2;3
23614,12427,14,0;3;4;2;1
23615,12436,14,0;4;2;1;3
23616,13892,14,0;4;3;2;1
23617,18776,14,0;4;3;1;2
23618,20080,14,0;4;1;2;3
23619,11328,14,0;3;4;2;1
23620,21337,14,0;2;1;3;4
23621,6799,14,0;4;2;3;1
23622,10580,14,0;4;3;2;1
23623,12766,14,0;4;3;1;2
23624,16277,14,0;2;4;1;3
23625,10572,14,0;4;2;3;1
23626,11063,14,0;2;4;3;1
23627,24176,14,0;1;4;3;2
23628,15880,14,0;2;4;1;3
23629,18599,14,0;2;1;4;3
23630,15701,14,0;3;4;2;1
23631,25778,14,0;1;4;3;2
23632,25946,14,0;1;2;3;4
23633,21371,14,0;4;1;3;2
23634,7928,14,0;2;4;3;1
23635,11191,14,0;4;2;3;1
23636,11190,14,0;4;3;2;1
23637,11189,14,0;4;3;2;1
23638,11188,14,0;4;3;2;1
23639,12828,14,0;3;2;4;1
23640,14665,14,0;2;4;3;1
23641,13957,14,0;4;2;3;1
23642,10890,14,0;4;3;1;2
23643,16143,14,0;3;4;1;2
23644,17234,14,0;4;3;1;2
23645,11073,14,0;3;4;2;1
23646,11137,14,0;4;2;3;1
23647,10494,14,0;4;3;2;1
23648,17252,14,0;4;1;2;3
23649,16425,14,0;4;3;1;2
23650,21336,14,0;4;1;3;2
23651,16468,14,0;4;3;1;2
23652,18538,14,0;3;4;1;2
23653,10818,14,0;4;2;1;3
23654,16147,14,0;2;3;4;1
23655,10443,14,0;3;4;2;1
23656,13195,14,0;3;4;1;2
23657,11060,14,0;4;2;3;1
23658,6995,14,0;4;3;2;1
23659,11380,14,0;4;3;2;1
23660,12849,14,0;4;3;2;1
23661,17207,14,0;4;2;1;3
23662,11198,14,0;4;2;3;1
23663,10531,14,0;4;2;3;1
23664,7487,14,0;4;3;2;1
23665,12357,14,0;4;3;2;1
23666,7917,14,0;3;4;2;1
23667,2140,14,0;1;4;2;3
23668,1994,14,0;1;2;4;3
23669,1849,14,0;1;2;4;3
23670,1685,14,0;1;2;4;3
23671,1499,14,0;1;4;2;3
23672,1296,14,0;1;2;4;3
23673,1737,14,0;1;4;2;3
23674,1910,14,0;1;2;4;3
23675,2187,14,0;1;2;4;3
23676,2395,14,0;1;2;4;3
23677,2461,14,0;1;2;4;3
23678,2476,14,0;1;4;2;3
23679,2648,14,0;1;2;4;3
23680,1736,14,0;1;3;4;2
23681,1909,14,0;1;3;4;2
23682,3444,14,0;1;2;3;4
23683,3477,14,0;1;2;3;4
23684,3536,14,0;1;2;3;4
23685,3591,14,0;1;2;3;4
23686,3595,14,0;1;2;3;4
23687,3602,14,0;1;2;3;4
23688,3603,14,0;1;2;3;4
23689,3605,14,0;1;2;3;4
23690,3617,14,0;1;2;3;4
23691,3619,14,0;1;2;3;4
23692,3531,14,0;1;2;4;3
23693,3532,14,0;1;2;4;3
23694,3587,14,0;1;2;4;3
23695,3514,14,0;1;2;4;3
23696,3441,14,0;1;2;4;3
23697,3552,14,0;1;2;4;3
23698,3526,14,0;1;2;4;3
23699,4056,14,0;1;3;2;4
23700,4092,14,0;1;4;3;2
23701,3988,14,0;1;4;3;2
23702,3723,14,0;1;4;3;2
23703,3851,14,0;1;4;3;2
23704,4093,14,0;1;4;3;2
23705,3183,14,0;1;4;2;3
23706,4074,14,0;1;4;3;2
23707,3857,14,0;1;4;2;3
23708,3929,14,0;1;3;4;2
23709,4014,14,0;1;2;4;3
23710,4073,14,0;1;4;3;2
23711,4008,14,0;1;3;4;2
23712,3235,14,0;1;4;3;2
23713,3945,14,0;1;4;3;2
23714,3863,14,0;1;4;3;2
23715,3920,14,0;1;4;3;2
23716,3817,14,0;1;4;3;2
23717,3981,14,0;1;3;4;2
23718,3844,14,0;1;4;3;2
23719,3914,14,0;1;3;4;2
23720,7497,14,0;1;2;3;4
23721,14008,14,0;2;1;4;3
23722,9016,14,0;4;2;3;1
23723,9388,14,0;3;4;2;1
23724,9022,14,0;4;2;3;1
23725,6758,14,0;3;4;2;1
23726,25814,14,0;1;3;4;2
23727,11187,14,0;4;2;3;1
23728,9176,14,0;2;4;3;1
23729,9400,14,0;4;2;3;1
23730,6957,14,0;4;3;2;1
23731,9476,14,0;4;3;1;2
23732,14668,14,0;4;2;1;3
23733,12550,14,0;4;3;1;2
23734,9039,14,0;2;4;3;1
23735,3363,14,0;1;2;3;4
23736,3406,14,0;1;2;4;3
23737,3374,14,0;1;2;4;3
23738,3403,14,0;1;2;4;3
23739,3730,14,0;1;4;3;2
23740,9386,14,0;3;4;2;1
23741,9204,14,0;4;1;2;3
23742,4547,14,0;1;2;3;4
23743,4550,14,0;1;2;3;4
23744,4552,14,0;1;2;3;4
23745,4554,14,0;1;2;3;4
23746,4523,14,0;1;2;4;3
23747,4539,14,0;1;2;4;3
23748,5041,14,0;1;2;3;4
23749,3250,14,0;1;3;2;4
23750,5703,14,0;1;3;4;2
23751,5772,14,0;1;4;2;3
23752,4179,14,0;1;3;4;2
23753,4904,14,0;1;3;4;2
23754,5408,14,0;1;4;2;3
23755,5574,14,0;1;4;3;2
23756,5140,14,0;1;4;2;3
23757,5055,14,0;1;4;2;3
23758,5342,14,0;1;3;2;4
23759,3100,14,0;1;4;2;3
23760,5543,14,0;1;3;2;4
23761,5025,14,0;1;3;4;2
23762,5926,14,0;1;3;4;2
23763,4631,14,0;1;4;3;2
23764,4989,14,0;1;4;3;2
23765,5263,14,0;1;3;4;2
23766,5013,14,0;1;4;2;3
23767,4965,14,0;1;3;4;2
23768,6349,14,0;1;4;2;3
23769,5379,14,0;1;4;3;2
23770,5048,14,0;1;4;3;2
23771,6393,14,0;1;4;2;3
23772,2956,14,0;1;4;3;2
23773,2973,14,0;1;4;2;3
23774,5565,14,0;1;4;2;3
23775,4166,14,0;1;4;2;3
23776,4847,14,0;1;2;4;3
23777,4761,14,0;1;4;3;2
23778,6047,14,0;1;3;4;2
23779,4263,14,0;1;4;3;2
23780,5853,14,0;1;3;2;4
23781,3117,14,0;1;4;3;2
23782,4911,14,0;1;4;3;2
23783,4155,14,0;1;4;3;2
23784,4797,14,0;1;4;3;2
23785,5118,14,0;1;4;3;2
23786,2914,14,0;1;4;3;2
23787,3162,14,0;1;4;3;2
23788,3125,14,0;1;4;3;2
23789,4766,14,0;1;4;3;2
23790,6037,14,0;1;4;3;2
23791,6269,14,0;1;4;2;3
23792,5770,14,0;1;4;3;2
23793,4840,14,0;1;4;3;2
23794,2841,14,0;1;3;4;2
23795,4621,14,0;1;4;3;2
23796,5043,14,0;1;3;4;2
23797,2923,14,0;1;3;4;2
23798,4187,14,0;1;4;3;2
23799,13125,14,0;3;4;1;2
23800,16314,14,0;4;1;3;2
23801,17642,14,0;4;2;3;1
23802,18731,14,0;3;1;2;4
23803,8118,14,0;4;3;2;1
23804,12962,14,0;4;3;2;1
23805,23317,14,0;1;4;2;3
23806,12910,14,0;4;3;1;2
23807,14794,14,0;4;1;2;3
23808,10670,14,0;3;4;2;1
23809,17162,14,0;2;4;3;1
23810,18917,14,0;3;1;2;4
23811,19881,14,0;4;1;2;3
23812,14106,14,0;4;3;1;2
23813,11186,14,0;4;2;3;1
23814,11239,14,0;4;3;1;2
23815,6717,14,0;4;2;3;1
23816,12807,14,0;3;4;2;1
23817,6677,14,0;4;2;3;1
23818,7913,14,0;4;3;2;1
23819,11067,14,0;3;4;1;2
23820,8136,14,0;3;4;1;2
23821,11534,14,0;4;3;1;2
23822,6881,14,0;4;2;3;1
23823,7035,14,0;3;4;2;1
23824,13920,14,0;3;2;1;4
23825,18537,14,0;4;2;3;1
23826,13913,14,0;3;4;1;2
23827,7915,14,0;3;2;4;1
23828,18771,14,0;2;1;4;3
23829,7280,14,0;2;4;3;1
23830,12105,14,0;4;3;2;1
23831,12371,14,0;4;3;2;1
23832,12800,14,0;4;3;2;1
23833,7045,14,0;2;4;3;1
23834,10694,14,0;2;3;4;1
23835,1183,14,0;1;4;2;3
23836,1133,14,0;1;2;4;3
23837,1202,14,0;1;3;2;4
23838,1203,14,0;1;3;2;4
23839,1182,14,0;1;3;4;2
23840,1199,14,0;1;3;2;4
23841,1051,14,0;1;3;4;2
23842,1109,14,0;1;3;4;2
23843,1200,14,0;1;3;4;2
23844,1147,14,0;1;3;2;4
23845,3586,14,0;1;2;4;3
23846,3790,14,0;1;4;3;2
23847,3785,14,0;1;4;3;2
23848,3880,14,0;1;3;4;2
23849,3778,14,0;1;4;2;3
23850,3769,14,0;1;4;3;2
23851,7208,14,0;4;3;2;1
23852,12290,14,0;2;4;3;1
23853,8983,14,0;3;4;2;1
23854,8972,14,0;3;4;2;1
23855,12516,14,0;4;3;1;2
23856,10328,14,0;3;4;2;1
23857,6589,14,0;4;3;2;1
23858,9365,14,0;4;3;2;1
23859,1085,14,0;1;4;2;3
23860,1131,14,0;1;2;4;3
23861,1132,14,0;1;4;2;3
23862,3876,14,0;1;4;2;3
23863,734,14,0;1;2;4;3
23864,1688,14,0;1;4;2;3
23865,2007,14,0;1;2;4;3
23866,2022,14,0;1;2;4;3
23867,2458,14,0;1;2;4;3
23868,2463,14,0;1;4;2;3
23869,2684,14,0;1;2;4;3
23870,1316,14,0;1;3;4;2
23871,2529,14,0;1;3;2;4
23872,1735,14,0;1;3;4;2
23873,2186,14,0;1;3;2;4
23874,941,14,0;1;3;2;4
23875,2473,14,0;1;3;4;2
23876,926,14,0;1;3;2;4
23877,2302,14,0;1;3;2;4
23878,2192,14,0;1;3;4;2
23879,2059,14,0;1;3;2;4
23880,1919,14,0;1;3;4;2
23881,1769,14,0;1;3;2;4
23882,1591,14,0;1;3;4;2
23883,1397,14,0;1;3;4;2
23884,2823,14,0;1;2;4;3
23885,4165,14,0;1;4;2;3
23886,5258,14,0;1;3;4;2
23887,5039,14,0;1;4;3;2
23888,4124,14,0;1;4;3;2
23889,5257,14,0;1;4;3;2
23890,4610,14,0;1;4;3;2
23891,9471,14,0;1;2;3;4
23892,12445,14,0;4;3;1;2
23893,19974,14,0;2;1;3;4
23894,13890,14,0;4;2;3;1
23895,17669,14,0;4;1;2;3
23896,15660,14,0;4;1;2;3
23897,12943,14,0;4;1;2;3
23898,15921,14,0;4;3;2;1
23899,18591,14,0;2;1;4;3
23900,6616,14,0;2;4;3;1
23901,7428,14,0;4;1;3;2
23902,10506,14,0;4;3;2;1
23903,9500,14,0;4;2;3;1
23904,6523,14,0;4;2;3;1
23905,18557,14,0;3;1;4;2
23906,10410,14,0;3;4;2;1
23907,6612,14,0;4;3;2;1
23908,10404,14,0;2;3;4;1
23909,2680,14,0;1;2;4;3
23910,4000,14,0;1;3;4;2
23911,3652,14,0;1;4;3;2
23912,9470,14,0;1;3;2;4
23913,17235,14,0;2;1;4;3
23914,9429,14,0;4;3;2;1
23915,7079,14,0;4;3;2;1
23916,9175,14,0;2;3;4;1
23917,9499,14,0;4;3;2;1
23918,9422,14,0;4;3;2;1
23919,6549,14,0;4;3;2;1
23920,8969,14,0;3;4;1;2
23921,8828,14,0;3;2;4;1
23922,3327,14,0;1;3;4;2
23923,3018,14,0;1;4;2;3
23924,4429,14,0;1;4;3;2
23925,5265,14,0;1;3;4;2
23926,14314,14,0;4;1;3;2
23927,25129,14,0;1;3;4;2
23928,11238,14,0;4;3;1;2
23929,9498,14,0;4;2;3;1
23930,10589,14,0;3;4;1;2
23931,7250,14,0;4;2;3;1
23932,7845,14,0;4;3;2;1
23933,6572,14,0;4;3;2;1
23934,12083,14,0;4;3;1;2
23935,12304,14,0;4;2;3;1
23936,1130,14,0;1;3;4;2
23937,2849,14,0;1;3;4;2
23938,4091,14,0;1;4;3;2
23939,6545,14,0;1;2;3;4
23940,9497,14,0;4;3;2;1
23941,15741,14,0;3;1;2;4
23942,7151,14,0;4;3;2;1
23943,7080,14,0;3;4;2;1
23944,8912,14,0;3;4;2;1
23945,6603,14,0;3;2;4;1
23946,8028,14,0;3;4;1;2
23947,6576,14,0;4;3;2;1
23948,8913,14,0;3;2;4;1
23949,1084,14,0;1;2;4;3
23950,6507,14,0;4;2;3;1
23951,1963,14,0;1;2;4;3
23952,1818,14,0;1;4;2;3
23953,1646,14,0;1;4;2;3
23954,1451,14,0;1;2;4;3
23955,1245,14,0;1;4;2;3
23956,788,14,0;1;4;2;3
23957,3321,14,0;1;4;3;2
23958,7048,14,0;4;2;3;1
23959,23227,14,0;1;4;3;2
23960,7964,14,0;4;2;1;3
23961,15778,14,0;3;1;4;2
23962,6989,14,0;4;3;2;1
23963,12285,14,0;4;3;1;2
23964,2118,14,0;1;2;4;3
23965,1968,14,0;1;4;2;3
23966,1823,14,0;1;4;2;3
23967,1651,14,0;1;2;4;3
23968,1456,14,0;1;4;2;3
23969,1250,14,0;1;2;4;3
23970,793,14,0;1;4;2;3
23971,792,14,0;1;3;2;4
23972,1255,14,0;1;3;2;4
23973,1464,14,0;1;3;4;2
23974,1661,14,0;1;3;2;4
23975,1835,14,0;1;3;4;2
23976,1981,14,0;1;3;4;2
23977,2132,14,0;1;3;2;4
23978,2258,14,0;1;3;4;2
23979,2366,14,0;1;3;2;4
23980,2452,14,0;1;3;4;2
23981,2521,14,0;1;3;2;4
23982,2578,14,0;1;3;2;4
23983,2636,14,0;1;3;4;2
23984,2675,14,0;1;3;2;4
23985,3766,14,0;1;3;4;2
23986,9488,14,0;4;3;1;2
23987,25122,14,0;1;2;3;4
23988,25127,14,0;1;3;4;2
23989,8880,14,0;3;4;2;1
23990,15769,14,0;1;2;3;4
23991,16201,14,0;1;3;2;4
23992,23226,14,0;1;3;4;2
23993,12579,14,0;2;4;1;3
23994,6992,14,0;4;2;3;1
23995,10538,14,0;4;2;3;1
23996,1027,14,0;1;2;4;3
23997,8908,14,0;2;3;4;1
23998,8946,14,0;4;3;2;1
23999,1032,14,0;1;2;4;3
24000,1034,14,0;1;3;2;4
24001,10776,14,0;3;4;1;2
24002,8873,14,0;4;3;1;2
24003,11326,14,0;2;3;4;1
24004,9830,14,0;4;1;3;2
24005,9043,14,0;4;2;3;1
24006,9730,14,0;2;4;1;3
24007,6981,14,0;4;3;2;1
24008,8161,14,0;2;4;1;3
24009,8819,14,0;4;3;2;1
24010,13873,14,0;4;3;1;2
24011,8769,14,0;4;3;1;2
24012,555,14,0;2;1;3;4
24013,443,14,0;2;1;3;4
24014,689,14,0;2;1;3;4
24015,245,14,0;1;2;3;4
24016,240,14,0;1;2;3;4
24017,247,14,0;1;2;3;4
24018,248,14,0;1;2;3;4
24019,249,14,0;1;2;3;4
24020,250,14,0;1;2;3;4
24021,252,14,0;1;2;3;4
24022,253,14,0;1;2;3;4
24023,254,14,0;1;2;3;4
24024,255,14,0;1;2;3;4
24025,257,14,0;1;2;3;4
24026,258,14,0;1;2;3;4
24027,21,14,0;1;2;3;4
24028,26,14,0;1;2;3;4
24029,439,14,0;2;1;3;4
24030,418,14,0;1;2;3;4
24031,456,14,0;1;2;3;4
24032,622,14,0;1;2;3;4
24033,640,14,0;1;2;3;4
24034,641,14,0;1;2;3;4
24035,645,14,0;1;2;3;4
24036,662,14,0;2;1;3;4
24037,691,14,0;2;1;3;4
24038,479,14,0;2;1;3;4
24039,370,14,0;2;1;3;4
24040,334,14,0;2;1;3;4
24041,366,14,0;2;1;3;4
24042,469,14,0;2;1;3;4
24043,601,14,0;2;1;3;4
24044,582,14,0;2;1;3;4
24045,568,14,0;2;1;3;4
24046,579,14,0;2;1;3;4
24047,599,14,0;2;1;3;4
24048,625,14,0;2;1;3;4
24049,241,14,0;1;2;3;4
24050,185,14,0;1;2;3;4
24051,242,14,0;1;2;3;4
24052,243,14,0;1;2;3;4
24053,63,14,0;1;2;3;4
24054,581,14,0;1;2;3;4
24055,690,14,0;2;1;3;4
24056,315,14,0;2;1;3;4
24057,256,14,0;1;2;3;4
24058,56,14,0;1;2;3;4
24059,80,14,0;1;2;3;4
24426,6830,15,0;1;2;3;4
24427,16097,15,0;3;4;1;2
24428,8384,15,0;2;4;1;3
24429,17401,15,0;4;3;2;1
24430,17363,15,0;1;3;2;4
24431,19248,15,0;1;3;4;2
24432,17538,15,0;4;1;2;3
24433,26565,15,0;4;1;2;3
24434,19838,15,0;1;3;2;4
24435,15157,15,0;4;3;2;1
24436,19916,15,0;1;3;2;4
24437,19933,15,0;1;3;2;4
24438,20105,15,0;1;3;4;2
24439,17103,15,0;4;3;1;2
24440,19885,15,0;4;1;3;2
24441,15148,15,0;3;2;4;1
24442,8285,15,0;4;3;2;1
24443,11770,15,0;3;4;2;1
24444,21312,15,0;1;4;3;2
24445,21450,15,0;1;4;3;2
24446,8369,15,0;3;4;2;1
24447,20172,15,0;4;1;2;3
24448,20150,15,0;4;1;3;2
24449,15057,15,0;4;3;2;1
24450,20187,15,0;4;1;2;3
24451,22495,15,0;1;4;3;2
24452,22525,15,0;1;4;3;2
24453,15053,15,0;2;4;1;3
24454,17113,15,0;4;1;3;2
24455,14363,15,0;4;3;2;1
24456,16035,15,0;4;3;1;2
24457,23333,15,0;1;4;3;2
24458,20265,15,0;3;4;1;2
24459,17566,15,0;3;1;4;2
24460,17953,15,0;2;3;4;1
24461,12615,15,0;4;3;1;2
24462,22400,15,0;2;1;3;4
24463,16051,15,0;4;1;2;3
24464,14067,15,0;4;3;2;1
24465,17115,15,0;4;1;3;2
24466,19928,15,0;4;3;1;2
24467,14059,15,0;4;2;3;1
24468,24065,15,0;1;2;3;4
24469,24306,15,0;1;4;2;3
24470,24323,15,0;1;4;2;3
24471,25188,15,0;4;1;2;3
24472,21306,15,0;3;4;1;2
24473,20706,15,0;3;4;1;2
24474,14336,15,0;4;3;2;1
24475,24442,15,0;4;1;3;2
24476,11678,15,0;4;3;2;1
24477,24443,15,0;1;4;3;2
24478,12216,15,0;4;3;2;1
24479,20311,15,0;4;1;2;3
24480,6917,15,0;4;1;3;2
24481,25238,15,0;1;4;3;2
24482,14600,15,0;4;2;1;3
24483,17412,15,0;4;3;1;2
24484,17105,15,0;4;3;1;2
24485,11683,15,0;4;3;2;1
24486,19814,15,0;3;4;2;1
24487,20145,15,0;4;1;3;2
24488,21290,15,0;4;1;2;3
24489,25845,15,0;1;3;4;2
24490,17984,15,0;4;3;1;2
24491,21289,15,0;2;3;1;4
24492,25924,15,0;1;3;4;2
24493,14361,15,0;3;4;2;1
24494,21542,15,0;3;1;4;2
24495,14002,15,0;4;3;1;2
24496,26431,15,0;1;3;4;2
24497,26511,15,0;1;2;4;3
24498,14112,15,0;4;3;2;1
24499,6712,15,0;4;3;1;2
24500,6851,15,0;4;3;1;2
24501,7543,15,0;3;4;2;1
24502,15129,15,0;4;3;1;2
24503,10946,15,0;4;1;3;2
24504,7835,15,0;3;4;1;2
24505,17952,15,0;2;1;4;3
24506,20084,15,0;4;1;3;2
24507,17340,15,0;4;2;3;1
24508,8319,15,0;3;4;2;1
24509,8337,15,0;3;4;2;1
24510,26517,15,0;1;4;3;2
24511,10474,15,0;4;3;2;1
24512,17932,15,0;4;2;3;1
24513,26550,15,0;1;4;3;2
24514,11881,15,0;3;4;2;1
24515,14348,15,0;4;3;2;1
24516,19805,15,0;4;1;2;3
24517,7330,15,0;4;3;2;1
24518,21488,15,0;4;1;3;2
24519,24095,15,0;4;3;1;2
24520,12767,15,0;4;3;1;2
24521,24096,15,0;4;3;1;2
24522,12769,15,0;4;3;2;1
24523,11809,15,0;4;3;2;1
24524,11762,15,0;4;3;1;2
24525,11681,15,0;4;3;1;2
24526,15261,15,0;4;3;1;2
24527,11705,15,0;4;3;2;1
24528,15132,15,0;4;2;3;1
24529,18052,15,0;4;1;3;2
24530,17337,15,0;4;1;3;2
24531,12556,15,0;4;2;3;1
24532,17453,15,0;4;3;1;2
24533,10961,15,0;3;4;1;2
24534,17450,15,0;3;1;4;2
24535,11644,15,0;4;3;2;1
24536,19854,15,0;3;4;1;2
24537,10448,15,0;3;4;2;1
24538,11837,15,0;4;3;2;1
24539,21330,15,0;4;1;2;3
24540,8302,15,0;4;2;3;1
24541,8475,15,0;4;3;2;1
24542,14030,15,0;4;3;1;2
24543,7528,15,0;4;2;3;1
24544,7696,15,0;4;2;3;1
24545,12249,15,0;4;3;1;2
24546,11748,15,0;4;3;2;1
24547,14043,15,0;4;3;2;1
24548,10812,15,0;4;3;2;1
24549,8402,15,0;4;3;1;2
24550,8409,15,0;3;4;2;1
24551,16023,15,0;2;4;1;3
24552,10903,15,0;4;3;2;1
24553,20211,15,0;4;3;1;2
24554,6853,15,0;4;3;2;1
24555,17371,15,0;4;3;1;2
24556,15205,15,0;4;2;3;1
24557,15204,15,0;4;3;2;1
24558,8263,15,0;3;2;4;1
24559,19776,15,0;4;3;1;2
24560,11664,15,0;4;3;2;1
24561,13337,15,0;4;3;2;1
24562,13336,15,0;4;3;2;1
24563,14419,15,0;4;3;2;1
24564,15985,15,0;4;3;1;2
24565,7748,15,0;4;3;2;1
24566,20104,15,0;4;3;1;2
24567,11836,15,0;4;3;2;1
24568,16014,15,0;4;3;2;1
24569,20114,15,0;4;2;3;1
24570,21530,15,0;4;1;2;3
24571,25255,15,0;3;1;2;4
24572,20154,15,0;4;1;2;3
24573,9948,15,0;3;2;1;4
24574,26588,15,0;3;1;2;4
24575,26589,15,0;3;1;2;4
24576,26587,15,0;3;4;1;2
24577,24267,15,0;1;2;3;4
24578,7749,15,0;3;4;2;1
24579,23340,15,0;4;1;2;3
24580,7649,15,0;4;3;1;2
24581,9912,15,0;4;2;3;1
24582,26553,15,0;1;2;3;4
24583,26586,15,0;1;2;3;4
24584,17540,15,0;4;1;3;2
24585,26506,15,0;1;4;3;2
24586,14382,15,0;4;1;3;2
24587,14420,15,0;4;1;2;3
24588,8925,15,0;4;3;1;2
24589,10079,15,0;3;4;1;2
24590,26585,15,0;1;2;4;3
24591,20096,15,0;4;1;2;3
24592,20312,15,0;3;1;4;2
24593,13392,15,0;4;2;1;3
24594,18770,15,0;3;1;4;2
24595,20698,15,0;3;1;2;4
24596,9925,15,0;4;2;3;1
24597,12745,15,0;4;3;1;2
24598,11767,15,0;3;4;1;2
24599,14476,15,0;4;3;1;2
24600,16548,15,0;4;3;1;2
24601,10000,15,0;4;1;3;2
24602,7769,15,0;2;3;1;4
24603,11294,15,0;1;3;4;2
24604,10749,15,0;1;2;4;3
24605,12433,15,0;1;3;2;4
24606,12188,15,0;1;4;2;3
24607,14244,15,0;1;4;2;3
24608,14799,15,0;1;2;4;3
24609,20570,15,0;4;1;2;3
24610,16239,15,0;2;3;1;4
24611,19972,15,0;3;2;1;4
24612,18983,15,0;1;3;2;4
24613,25140,15,0;4;1;3;2
24614,20341,15,0;4;1;3;2
24615,26668,15,0;4;1;2;3
24616,24636,15,0;3;1;2;4
24617,10648,15,0;4;3;2;1
24618,20525,15,0;1;2;4;3
24619,20030,15,0;1;4;3;2
24620,26624,15,0;4;1;3;2
24621,24432,15,0;4;1;3;2
24622,20142,15,0;1;4;3;2
24623,11379,15,0;4;2;1;3
24624,18540,15,0;3;2;1;4
24625,26088,15,0;3;1;2;4
24626,21788,15,0;1;4;2;3
24627,10702,15,0;4;3;2;1
24628,10808,15,0;3;4;2;1
24629,21787,15,0;1;3;4;2
24630,20659,15,0;4;1;2;3
24631,23590,15,0;4;1;2;3
24632,16984,15,0;4;2;3;1
24633,22359,15,0;1;2;3;4
24634,20407,15,0;4;1;2;3
24635,22369,15,0;1;3;4;2
24636,16299,15,0;4;2;3;1
24637,14753,15,0;2;4;3;1
24638,22333,15,0;1;4;3;2
24639,22252,15,0;2;4;1;3
24640,22347,15,0;2;1;4;3
24641,19190,15,0;4;3;1;2
24642,25115,15,0;4;3;2;1
24643,14824,15,0;4;3;2;1
24644,23550,15,0;1;4;3;2
24645,10838,15,0;3;2;4;1
24646,20402,15,0;4;3;1;2
24647,6801,15,0;4;2;3;1
24648,21438,15,0;4;1;2;3
24649,24068,15,0;1;3;4;2
24650,24084,15,0;1;3;4;2
24651,20398,15,0;4;2;3;1
24652,12144,15,0;4;2;3;1
24653,24219,15,0;1;4;2;3
24654,24215,15,0;1;4;2;3
24655,18737,15,0;4;1;2;3
24656,24148,15,0;1;4;3;2
24657,24379,15,0;1;3;4;2
24658,24164,15,0;1;4;3;2
24659,17229,15,0;2;1;4;3
24660,24250,15,0;1;4;2;3
24661,10700,15,0;4;3;1;2
24662,10641,15,0;3;4;2;1
24663,12166,15,0;2;3;4;1
24664,25303,15,0;1;4;2;3
24665,23266,15,0;3;1;4;2
24666,6621,15,0;4;3;2;1
24667,15709,15,0;4;3;2;1
24668,21265,15,0;4;2;3;1
24669,25374,15,0;1;3;4;2
24670,15928,15,0;4;2;3;1
24671,7788,15,0;4;3;2;1
24672,25194,15,0;1;4;2;3
24673,25389,15,0;1;3;4;2
24674,13228,15,0;4;3;1;2
24675,23254,15,0;2;4;1;3
24676,25329,15,0;1;4;3;2
24677,14901,15,0;3;4;2;1
24678,17762,15,0;4;3;2;1
24679,16326,15,0;4;1;3;2
24680,19995,15,0;2;4;1;3
24681,24537,15,0;4;3;1;2
24682,25805,15,0;1;3;4;2
24683,24473,15,0;4;1;3;2
24684,19114,15,0;4;1;3;2
24685,25983,15,0;1;3;2;4
24686,8055,15,0;4;2;3;1
24687,25802,15,0;1;4;3;2
24688,18966,15,0;3;4;2;1
24689,17691,15,0;4;3;2;1
24690,25165,15,0;4;1;2;3
24691,7630,15,0;4;1;3;2
24692,13984,15,0;2;3;4;1
24693,16232,15,0;4;3;2;1
24694,17885,15,0;3;1;4;2
24695,23315,15,0;4;1;3;2
24696,10765,15,0;4;2;3;1
24697,14783,15,0;3;4;2;1
24698,17328,15,0;4;1;3;2
24699,26498,15,0;1;2;4;3
24700,26471,15,0;1;2;4;3
24701,26648,15,0;1;2;4;3
24702,20017,15,0;4;3;1;2
24703,14407,15,0;3;4;1;2
24704,26450,15,0;1;4;3;2
24705,26451,15,0;1;4;3;2
24706,12990,15,0;4;3;2;1
24707,20480,15,0;4;3;2;1
24708,26632,15,0;1;3;4;2
24709,23263,15,0;3;1;2;4
24710,20565,15,0;4;3;1;2
24711,15721,15,0;2;4;1;3
24712,15724,15,0;3;4;1;2
24713,20087,15,0;4;1;3;2
24714,14370,15,0;4;2;1;3
24715,11317,15,0;4;3;2;1
24716,17067,15,0;4;2;3;1
24717,26666,15,0;1;3;4;2
24718,26670,15,0;1;3;4;2
24719,26466,15,0;1;4;3;2
24720,26649,15,0;1;4;3;2
24721,18541,15,0;4;3;2;1
24722,24211,15,0;3;1;2;4
24723,24180,15,0;4;1;2;3
24724,10691,15,0;4;3;2;1
24725,26635,15,0;1;4;2;3
24726,26631,15,0;1;4;3;2
24727,23477,15,0;3;4;2;1
24728,13002,15,0;4;3;2;1
24729,25970,15,0;2;1;4;3
24730,19089,15,0;4;1;3;2
24731,17878,15,0;4;1;3;2
24732,17561,15,0;4;3;1;2
24733,26476,15,0;1;4;3;2
24734,26474,15,0;1;4;3;2
24735,17086,15,0;4;2;1;3
24736,13899,15,0;3;4;2;1
24737,7179,15,0;4;3;2;1
24738,26042,15,0;3;1;4;2
24739,20546,15,0;4;1;2;3
24740,18750,15,0;3;1;4;2
24741,7999,15,0;4;3;2;1
24742,7636,15,0;4;3;1;2
24743,18578,15,0;4;1;3;2
24744,20309,15,0;4;3;1;2
24745,21279,15,0;4;1;3;2
24746,26642,15,0;1;4;3;2
24747,6663,15,0;3;4;2;1
24748,22327,15,0;2;1;4;3
24749,12544,15,0;4;3;2;1
24750,14846,15,0;4;1;3;2
24751,23290,15,0;2;1;3;4
24752,15022,15,0;3;4;1;2
24753,15703,15,0;4;2;1;3
24754,8115,15,0;4;3;1;2
24755,14322,15,0;4;1;3;2
24756,7213,15,0;4;3;2;1
24757,11016,15,0;4;3;1;2
24758,7286,15,0;2;3;4;1
24759,13086,15,0;4;2;3;1
24760,17259,15,0;3;4;1;2
24761,22328,15,0;2;1;4;3
24762,16303,15,0;4;1;3;2
24763,24531,15,0;2;1;3;4
24764,20074,15,0;4;3;1;2
24765,12497,15,0;4;3;2;1
24766,8228,15,0;4;3;1;2
24767,11415,15,0;4;3;1;2
24768,22322,15,0;4;2;3;1
24769,8123,15,0;4;3;2;1
24770,17364,15,0;3;4;1;2
24771,17793,15,0;2;1;4;3
24772,20538,15,0;4;1;3;2
24773,6767,15,0;4;3;1;2
24774,14881,15,0;4;3;1;2
24775,7104,15,0;4;2;3;1
24776,14318,15,0;4;3;1;2
24777,8047,15,0;3;4;2;1
24778,21359,15,0;3;1;2;4
24779,6615,15,0;3;4;2;1
24780,20062,15,0;3;4;1;2
24781,7486,15,0;4;3;2;1
24782,6532,15,0;3;4;2;1
24783,14308,15,0;4;2;3;1
24784,18655,15,0;2;3;4;1
24785,15966,15,0;4;3;2;1
24786,11596,15,0;4;3;1;2
24787,12621,15,0;4;3;1;2
24788,17240,15,0;2;4;1;3
24789,15714,15,0;4;2;3;1
24790,14895,15,0;3;4;1;2
24791,11278,15,0;4;3;2;1
24792,12381,15,0;3;2;4;1
24793,12422,15,0;2;4;3;1
24794,10728,15,0;4;3;2;1
24795,8018,15,0;4;2;3;1
24796,14240,15,0;4;3;2;1
24797,12454,15,0;4;3;1;2
24798,13206,15,0;4;3;1;2
24799,14845,15,0;3;4;1;2
24800,13208,15,0;3;4;1;2
24801,10652,15,0;4;3;2;1
24802,11305,15,0;4;3;2;1
24803,14851,15,0;4;2;3;1
24804,18666,15,0;2;3;4;1
24805,7131,15,0;4;2;3;1
24806,15884,15,0;2;4;3;1
24807,21799,15,0;3;4;1;2
24808,17870,15,0;3;4;1;2
24809,12397,15,0;4;2;3;1
24810,16293,15,0;4;3;2;1
24811,22584,15,0;2;4;3;1
24812,21823,15,0;4;1;3;2
24813,15704,15,0;4;3;2;1
24814,11335,15,0;4;3;2;1
24815,24540,15,0;4;1;3;2
24816,19094,15,0;3;4;1;2
24817,19203,15,0;4;3;1;2
24818,13910,15,0;4;3;2;1
24819,23253,15,0;4;3;2;1
24820,23257,15,0;4;3;2;1
24821,26452,15,0;4;3;2;1
24822,13930,15,0;4;2;3;1
24823,24048,15,0;4;2;3;1
24824,7627,15,0;1;2;3;4
24825,10911,15,0;3;1;2;4
24826,25875,15,0;2;3;1;4
24827,15949,15,0;2;3;1;4
24828,12202,15,0;4;3;1;2
24829,19118,15,0;3;4;1;2
24830,17309,15,0;4;1;2;3
24831,10365,15,0;4;2;3;1
24832,21607,15,0;1;2;4;3
24833,9566,15,0;3;2;4;1
24834,17219,15,0;2;3;1;4
24835,22255,15,0;1;3;2;4
24836,14761,15,0;4;2;1;3
24837,23589,15,0;3;1;2;4
24838,9568,15,0;3;4;2;1
24839,12999,15,0;2;4;3;1
24840,23268,15,0;1;2;4;3
24841,8893,15,0;4;2;3;1
24842,8088,15,0;4;1;3;2
24843,9864,15,0;3;4;2;1
24844,9833,15,0;4;2;3;1
24845,9720,15,0;3;4;2;1
24846,9788,15,0;4;3;2;1
24847,11267,15,0;3;4;2;1
24848,7508,15,0;3;4;2;1
24849,7719,15,0;3;4;2;1
24850,9173,15,0;4;3;2;1
24851,7602,15,0;3;4;2;1
24852,7609,15,0;3;4;2;1
24853,19833,15,0;4;1;2;3
24854,26621,15,0;1;3;4;2
24855,26628,15,0;1;3;4;2
24856,26634,15,0;1;3;4;2
24857,9718,15,0;4;3;2;1
24858,18746,15,0;4;1;2;3
24859,19018,15,0;4;1;3;2
24860,6883,15,0;4;1;3;2
24861,9573,15,0;3;4;2;1
24862,9639,15,0;4;1;2;3
24863,26567,15,0;1;4;3;2
24864,9798,15,0;4;3;2;1
24865,7327,15,0;4;3;2;1
24866,9073,15,0;4;2;3;1
24867,7626,15,0;4;3;2;1
24868,8151,15,0;3;4;2;1
24869,19084,15,0;4;3;1;2
24870,9684,15,0;4;2;3;1
24871,9760,15,0;4;2;3;1
24872,9170,15,0;3;4;1;2
24873,12614,15,0;4;2;1;3
24874,9799,15,0;4;3;2;1
24875,9797,15,0;4;3;2;1
24876,9719,15,0;4;3;2;1
24877,6802,15,0;4;3;2;1
24878,9642,15,0;4;3;2;1
24879,14986,15,0;4;3;1;2
24880,7380,15,0;4;3;2;1
24881,7259,15,0;4;3;2;1
24882,18856,15,0;4;1;3;2
24883,9838,15,0;4;3;2;1
24884,16069,15,0;3;4;1;2
24885,9724,15,0;3;4;2;1
24886,6720,15,0;4;2;3;1
24887,9249,15,0;4;3;2;1
24888,9089,15,0;4;3;1;2
24889,9209,15,0;4;3;1;2
24890,9225,15,0;4;3;2;1
24891,9637,15,0;4;3;1;2
24892,9605,15,0;4;3;2;1
24893,6733,15,0;1;4;3;2
24894,10854,15,0;1;3;4;2
24895,17641,15,0;1;4;2;3
24896,14153,15,0;2;3;1;4
24897,12279,15,0;3;2;4;1
24898,10595,15,0;3;2;4;1
24899,20011,15,0;1;4;2;3
24900,10584,15,0;3;4;2;1
24901,17149,15,0;4;2;1;3
24902,13933,15,0;4;3;2;1
24903,17151,15,0;2;4;3;1
24904,20262,15,0;4;2;1;3
24905,16155,15,0;4;2;1;3
24906,18943,15,0;4;1;3;2
24907,19713,15,0;2;3;1;4
24908,22554,15,0;1;4;2;3
24909,22568,15,0;1;4;3;2
24910,12870,15,0;3;4;2;1
24911,16502,15,0;4;2;3;1
24912,23244,15,0;1;2;4;3
24913,11208,15,0;4;2;3;1
24914,23310,15,0;1;4;3;2
24915,17560,15,0;4;3;1;2
24916,8083,15,0;4;3;1;2
24917,12889,15,0;2;4;3;1
24918,12462,15,0;4;2;1;3
24919,7218,15,0;4;3;2;1
24920,24516,15,0;1;3;4;2
24921,18940,15,0;4;3;1;2
24922,14315,15,0;4;3;2;1
24923,7712,15,0;4;3;2;1
24924,10521,15,0;3;2;4;1
24925,20521,15,0;3;4;1;2
24926,6888,15,0;4;3;2;1
24927,12971,15,0;4;3;1;2
24928,16213,15,0;4;3;1;2
24929,21346,15,0;2;1;3;4
24930,6655,15,0;4;3;2;1
24931,21669,15,0;4;3;1;2
24932,11557,15,0;4;2;1;3
24933,17627,15,0;4;2;3;1
24934,25157,15,0;1;4;2;3
24935,18594,15,0;2;1;4;3
24936,12345,15,0;4;2;3;1
24937,14702,15,0;2;4;3;1
24938,18589,15,0;4;3;2;1
24939,20395,15,0;3;1;4;2
24940,25957,15,0;1;2;3;4
24941,11160,15,0;4;3;2;1
24942,20467,15,0;4;3;1;2
24943,25951,15,0;4;3;2;1
24944,24261,15,0;4;1;2;3
24945,17166,15,0;2;3;4;1
24946,17635,15,0;2;3;4;1
24947,25961,15,0;1;4;2;3
24948,16173,15,0;3;2;4;1
24949,22572,15,0;4;1;3;2
24950,10554,15,0;4;3;2;1
24951,18647,15,0;2;4;3;1
24952,26444,15,0;1;3;4;2
24953,26608,15,0;1;3;2;4
24954,26613,15,0;1;2;3;4
24955,26612,15,0;1;3;4;2
24956,26447,15,0;1;4;3;2
24957,11180,15,0;2;4;3;1
24958,19723,15,0;2;4;1;3
24959,22311,15,0;4;3;2;1
24960,7934,15,0;4;3;2;1
24961,12274,15,0;3;4;2;1
24962,14792,15,0;4;2;3;1
24963,26518,15,0;1;3;4;2
24964,12945,15,0;4;3;2;1
24965,7043,15,0;4;3;2;1
24966,23222,15,0;3;1;4;2
24967,26464,15,0;1;4;3;2
24968,8007,15,0;3;4;2;1
24969,21507,15,0;2;4;1;3
24970,14871,15,0;4;3;2;1
24971,19997,15,0;3;1;2;4
24972,26559,15,0;1;4;3;2
24973,16175,15,0;2;3;1;4
24974,18608,15,0;2;3;4;1
24975,11219,15,0;3;2;4;1
24976,19180,15,0;3;4;1;2
24977,11340,15,0;3;4;1;2
24978,14840,15,0;4;3;1;2
24979,11244,15,0;4;2;3;1
24980,13215,15,0;4;3;1;2
24981,20045,15,0;4;3;1;2
24982,16161,15,0;3;4;2;1
24983,7224,15,0;4;3;2;1
24984,21335,15,0;4;1;3;2
24985,21293,15,0;4;1;2;3
24986,18919,15,0;3;1;2;4
24987,12956,15,0;4;3;1;2
24988,14697,15,0;3;4;2;1
24989,7202,15,0;4;3;1;2
24990,7023,15,0;3;4;2;1
24991,17197,15,0;4;1;2;3
24992,16199,15,0;4;1;3;2
24993,23460,15,0;4;3;1;2
24994,14006,15,0;4;3;1;2
24995,10805,15,0;4;3;2;1
24996,16206,15,0;4;1;3;2
24997,17027,15,0;4;3;1;2
24998,20427,15,0;3;1;4;2
24999,24463,15,0;4;1;3;2
25000,17254,15,0;3;2;4;1
25001,12886,15,0;3;4;2;1
25002,7087,15,0;4;3;2;1
25003,11635,15,0;3;4;2;1
25004,16197,15,0;4;2;1;3
25005,15779,15,0;4;2;3;1
25006,11157,15,0;4;2;3;1
25007,19017,15,0;4;1;3;2
25008,12876,15,0;3;4;1;2
25009,16178,15,0;4;3;1;2
25010,7991,15,0;4;3;2;1
25011,14712,15,0;3;4;2;1
25012,12365,15,0;3;4;1;2
25013,13990,15,0;3;2;4;1
25014,7172,15,0;4;2;3;1
25015,7906,15,0;4;3;2;1
25016,12867,15,0;4;3;2;1
25017,17275,15,0;4;2;1;3
25018,10612,15,0;1;2;3;4
25019,18580,15,0;1;4;3;2
25020,22271,15,0;4;1;2;3
25021,9445,15,0;4;2;3;1
25022,10917,15,0;4;3;2;1
25023,7967,15,0;4;3;1;2
25024,25764,15,0;1;4;2;3
25025,25902,15,0;1;4;3;2
25026,6780,15,0;4;3;2;1
25027,18610,15,0;3;4;1;2
25028,16453,15,0;3;4;1;2
25029,12566,15,0;4;2;3;1
25030,7628,15,0;4;3;2;1
25031,9053,15,0;4;3;1;2
25032,6861,15,0;4;3;2;1
25033,12567,15,0;4;2;3;1
25034,9095,15,0;4;3;2;1
25035,17278,15,0;4;1;2;3
25036,14466,15,0;4;3;2;1
25037,9067,15,0;3;4;2;1
25038,7501,15,0;4;3;2;1
25039,9756,15,0;4;3;2;1
25040,9068,15,0;4;3;2;1
25041,16181,15,0;4;1;3;2
25042,18963,15,0;4;2;1;3
25043,7374,15,0;4;3;2;1
25044,17437,15,0;4;1;3;2
25045,14746,15,0;4;3;1;2
25046,9815,15,0;4;2;3;1
25047,16156,15,0;3;4;2;1
25048,9454,15,0;4;3;2;1
25049,9590,15,0;2;1;3;4
25050,9062,15,0;4;3;2;1
25051,8850,15,0;4;2;3;1
25052,834,15,0;1;4;2;3
25053,1992,15,0;1;2;4;3
25054,1847,15,0;1;4;2;3
25055,2137,15,0;1;2;4;3
25056,1683,15,0;1;2;4;3
25057,1987,15,0;1;4;2;3
25058,2267,15,0;1;2;4;3
25059,2309,15,0;1;2;4;3
25060,1497,15,0;1;4;2;3
25061,1842,15,0;1;2;4;3
25062,2146,15,0;1;2;4;3
25063,2199,15,0;1;2;4;3
25064,1294,15,0;1;2;4;3
25065,1672,15,0;1;2;4;3
25066,2005,15,0;1;2;4;3
25067,2066,15,0;1;2;4;3
25068,1480,15,0;1;4;2;3
25069,1860,15,0;1;2;4;3
25070,1926,15,0;1;2;4;3
25071,850,15,0;1;2;4;3
25072,1277,15,0;1;2;4;3
25073,1702,15,0;1;4;2;3
25074,1776,15,0;1;4;2;3
25075,2556,15,0;1;2;4;3
25076,1516,15,0;1;2;4;3
25077,1598,15,0;1;2;4;3
25078,824,15,0;1;2;4;3
25079,2503,15,0;1;4;2;3
25080,1317,15,0;1;4;2;3
25081,1404,15,0;1;2;4;3
25082,2435,15,0;1;2;4;3
25083,907,15,0;1;2;4;3
25084,1612,15,0;1;2;4;3
25085,1727,15,0;1;2;4;3
25086,1756,15,0;1;4;2;3
25087,1946,15,0;1;2;4;3
25088,2084,15,0;1;4;2;3
25089,2085,15,0;1;2;4;3
25090,2239,15,0;1;4;2;3
25091,2297,15,0;1;4;2;3
25092,2347,15,0;1;4;2;3
25093,2400,15,0;1;4;2;3
25094,2401,15,0;1;2;4;3
25095,2413,15,0;1;2;4;3
25096,2414,15,0;1;4;2;3
25097,2415,15,0;1;2;4;3
25098,2421,15,0;1;4;2;3
25099,2442,15,0;1;2;4;3
25100,2534,15,0;1;2;4;3
25101,2535,15,0;1;2;4;3
25102,2551,15,0;1;2;4;3
25103,2558,15,0;1;2;4;3
25104,2570,15,0;1;4;2;3
25105,2692,15,0;1;4;2;3
25106,2693,15,0;1;4;2;3
25107,2721,15,0;1;2;4;3
25108,2722,15,0;1;2;4;3
25109,2737,15,0;1;2;4;3
25110,1755,15,0;1;3;2;4
25111,2083,15,0;1;3;4;2
25112,1611,15,0;1;3;4;2
25113,1947,15,0;1;3;4;2
25114,2557,15,0;1;3;4;2
25115,2346,15,0;1;3;4;2
25116,2238,15,0;1;3;4;2
25117,2441,15,0;1;3;2;4
25118,2412,15,0;1;3;2;4
25119,2550,15,0;1;3;4;2
25120,974,15,0;1;3;4;2
25121,2104,15,0;1;3;4;2
25122,2697,15,0;1;3;4;2
25123,975,15,0;1;3;2;4
25124,2569,15,0;1;3;4;2
25125,2105,15,0;1;3;2;4
25126,2440,15,0;1;3;4;2
25127,2206,15,0;1;3;2;4
25128,2075,15,0;1;3;4;2
25129,1930,15,0;1;3;4;2
25130,1782,15,0;1;3;2;4
25131,1606,15,0;1;3;2;4
25132,1412,15,0;1;3;2;4
25133,973,15,0;1;3;2;4
25134,2669,15,0;1;3;2;4
25135,927,15,0;1;3;2;4
25136,2554,15,0;1;3;2;4
25137,2501,15,0;1;3;2;4
25138,2433,15,0;1;3;4;2
25139,2345,15,0;1;3;4;2
25140,2703,15,0;1;3;2;4
25141,2670,15,0;1;3;2;4
25142,1767,15,0;1;3;2;4
25143,1589,15,0;1;3;2;4
25144,1395,15,0;1;3;4;2
25145,955,15,0;1;3;4;2
25146,2222,15,0;1;3;2;4
25147,2091,15,0;1;3;4;2
25148,1942,15,0;1;3;2;4
25149,1794,15,0;1;3;4;2
25150,1618,15,0;1;3;4;2
25151,1420,15,0;1;3;2;4
25152,981,15,0;1;3;4;2
25153,1560,15,0;1;3;2;4
25154,1369,15,0;1;3;4;2
25155,933,15,0;1;3;2;4
25156,1870,15,0;1;3;4;2
25157,1715,15,0;1;3;2;4
25158,1531,15,0;1;3;2;4
25159,1338,15,0;1;3;2;4
25160,900,15,0;1;3;4;2
25161,2209,15,0;1;3;2;4
25162,2078,15,0;1;3;2;4
25163,1933,15,0;1;3;2;4
25164,1785,15,0;1;3;2;4
25165,1609,15,0;1;3;4;2
25166,1415,15,0;1;3;4;2
25167,976,15,0;1;3;2;4
25168,2739,15,0;1;3;2;4
25169,4237,15,0;1;2;3;4
25170,5198,15,0;1;2;3;4
25171,5824,15,0;1;4;2;3
25172,5829,15,0;1;4;2;3
25173,5860,15,0;1;3;2;4
25174,4907,15,0;1;3;2;4
25175,5969,15,0;1;2;3;4
25176,4311,15,0;1;4;3;2
25177,5237,15,0;1;3;2;4
25178,5415,15,0;1;3;4;2
25179,5331,15,0;1;4;2;3
25180,5353,15,0;1;4;2;3
25181,5381,15,0;1;4;2;3
25182,3287,15,0;1;3;4;2
25183,6118,15,0;1;2;3;4
25184,6045,15,0;1;3;2;4
25185,6067,15,0;1;4;2;3
25186,5682,15,0;1;4;2;3
25187,5242,15,0;1;4;3;2
25188,4486,15,0;1;3;4;2
25189,5678,15,0;1;3;4;2
25190,5936,15,0;1;3;4;2
25191,4501,15,0;1;3;4;2
25192,5339,15,0;1;4;2;3
25193,6198,15,0;1;3;2;4
25194,5138,15,0;1;4;3;2
25195,5345,15,0;1;3;2;4
25196,5713,15,0;1;4;2;3
25197,5761,15,0;1;4;3;2
25198,3101,15,0;1;4;3;2
25199,5329,15,0;1;4;2;3
25200,6249,15,0;1;4;3;2
25201,6070,15,0;1;3;4;2
25202,6237,15,0;1;3;2;4
25203,6173,15,0;1;3;4;2
25204,5871,15,0;1;3;4;2
25205,4492,15,0;1;4;3;2
25206,5993,15,0;1;3;2;4
25207,3173,15,0;1;3;4;2
25208,4482,15,0;1;4;3;2
25209,5165,15,0;1;3;2;4
25210,4494,15,0;1;4;3;2
25211,5624,15,0;1;4;2;3
25212,5074,15,0;1;4;3;2
25213,5989,15,0;1;4;3;2
25214,3168,15,0;1;3;4;2
25215,4948,15,0;1;3;4;2
25216,3330,15,0;1;4;3;2
25217,3143,15,0;1;4;3;2
25218,5949,15,0;1;4;3;2
25219,6254,15,0;1;3;4;2
25220,6053,15,0;1;3;2;4
25221,5752,15,0;1;3;4;2
25222,5987,15,0;1;4;3;2
25223,5789,15,0;1;4;3;2
25224,6250,15,0;1;4;3;2
25225,6364,15,0;1;3;2;4
25226,6373,15,0;1;2;4;3
25227,6376,15,0;1;2;3;4
25228,5356,15,0;1;4;3;2
25229,6042,15,0;1;3;4;2
25230,5948,15,0;1;3;4;2
25231,4661,15,0;1;4;2;3
25232,5531,15,0;1;4;3;2
25233,6280,15,0;1;3;2;4
25234,3105,15,0;1;4;3;2
25235,4926,15,0;1;4;3;2
25236,4265,15,0;1;4;3;2
25237,4490,15,0;1;3;4;2
25238,5432,15,0;1;4;3;2
25239,6214,15,0;1;3;2;4
25240,6106,15,0;1;3;2;4
25241,3121,15,0;1;4;2;3
25242,6418,15,0;1;2;3;4
25243,4417,15,0;1;3;4;2
25244,3270,15,0;1;4;3;2
25245,6424,15,0;1;2;4;3
25246,5166,15,0;1;3;4;2
25247,5626,15,0;1;4;2;3
25248,4505,15,0;1;4;3;2
25249,5745,15,0;1;4;3;2
25250,5234,15,0;1;2;4;3
25251,3256,15,0;1;3;4;2
25252,4645,15,0;1;3;4;2
25253,6158,15,0;1;3;4;2
25254,3331,15,0;1;4;3;2
25255,4503,15,0;1;4;3;2
25256,5744,15,0;1;4;3;2
25257,6327,15,0;1;3;2;4
25258,5104,15,0;1;4;3;2
25259,4689,15,0;1;4;2;3
25260,5058,15,0;1;3;4;2
25261,4440,15,0;1;3;4;2
25262,5631,15,0;1;4;3;2
25263,6353,15,0;1;3;2;4
25264,5508,15,0;1;4;2;3
25265,5594,15,0;1;4;3;2
25266,3109,15,0;1;4;2;3
25267,5398,15,0;1;3;4;2
25268,3090,15,0;1;4;3;2
25269,5471,15,0;1;3;4;2
25270,5355,15,0;1;4;2;3
25271,5722,15,0;1;3;4;2
25272,5664,15,0;1;3;4;2
25273,4405,15,0;1;4;2;3
25274,5367,15,0;1;4;3;2
25275,3301,15,0;1;4;3;2
25276,5647,15,0;1;3;4;2
25277,4776,15,0;1;4;3;2
25278,6343,15,0;1;3;2;4
25279,6001,15,0;1;4;2;3
25280,4313,15,0;1;4;3;2
25281,5110,15,0;1;4;3;2
25282,6301,15,0;1;4;3;2
25283,5130,15,0;1;3;4;2
25284,6105,15,0;1;4;3;2
25285,5614,15,0;1;4;2;3
25286,5194,15,0;1;2;4;3
25287,5504,15,0;1;4;3;2
25288,6358,15,0;1;3;4;2
25289,6448,15,0;1;2;3;4
25290,4412,15,0;1;4;3;2
25291,4912,15,0;1;4;3;2
25292,5218,15,0;1;2;4;3
25293,6435,15,0;1;3;2;4
25294,5513,15,0;1;4;3;2
25295,5304,15,0;1;3;2;4
25296,4774,15,0;1;4;3;2
25297,6057,15,0;1;4;3;2
25298,6318,15,0;1;3;4;2
25299,6431,15,0;1;3;4;2
25300,4770,15,0;1;4;3;2
25301,5794,15,0;1;4;2;3
25302,5555,15,0;1;4;2;3
25303,5701,15,0;1;4;2;3
25304,5176,15,0;1;4;2;3
25305,4686,15,0;1;4;3;2
25306,5610,15,0;1;4;2;3
25307,5447,15,0;1;4;3;2
25308,6350,15,0;1;4;2;3
25309,6264,15,0;1;4;2;3
25310,5318,15,0;1;4;3;2
25311,5735,15,0;1;2;4;3
25312,4454,15,0;1;4;3;2
25313,4718,15,0;1;4;3;2
25314,6406,15,0;1;3;2;4
25315,2877,15,0;1;4;3;2
25316,5212,15,0;1;4;3;2
25317,4839,15,0;1;4;3;2
25318,5933,15,0;1;4;3;2
25319,4266,15,0;1;4;3;2
25320,5690,15,0;1;4;3;2
25321,2873,15,0;1;4;2;3
25322,5449,15,0;1;4;3;2
25323,4469,15,0;1;4;3;2
25324,4318,15,0;1;4;2;3
25325,5283,15,0;1;4;3;2
25326,3087,15,0;1;4;3;2
25327,4314,15,0;1;4;3;2
25328,5874,15,0;1;4;3;2
25329,5652,15,0;1;4;3;2
25330,3200,15,0;1;4;3;2
25331,6092,15,0;1;4;2;3
25332,5453,15,0;1;4;3;2
25333,3260,15,0;1;4;3;2
25334,6321,15,0;1;4;3;2
25335,6165,15,0;1;3;2;4
25336,6076,15,0;1;3;4;2
25337,5875,15,0;1;4;3;2
25338,4323,15,0;1;4;3;2
25339,4812,15,0;1;4;3;2
25340,4753,15,0;1;4;3;2
25341,4845,15,0;1;4;3;2
25342,4484,15,0;1;4;3;2
25343,5857,15,0;1;4;2;3
25344,4941,15,0;1;4;3;2
25345,6304,15,0;1;4;2;3
25346,4886,15,0;1;4;3;2
25347,3065,15,0;1;3;4;2
25348,3079,15,0;1;3;4;2
25349,3060,15,0;1;4;3;2
25350,4846,15,0;1;4;3;2
25351,4391,15,0;1;4;3;2
25352,5692,15,0;1;4;3;2
25353,3221,15,0;1;4;3;2
25354,5890,15,0;1;4;3;2
25355,4898,15,0;1;4;3;2
25356,4587,15,0;1;3;4;2
25357,3032,15,0;1;4;3;2
25358,4152,15,0;1;4;3;2
25359,5078,15,0;1;4;3;2
25360,5856,15,0;1;4;3;2
25361,3187,15,0;1;4;3;2
25362,4815,15,0;1;4;3;2
25363,3195,15,0;1;4;3;2
25364,5351,15,0;1;4;2;3
25365,4395,15,0;1;4;3;2
25366,5149,15,0;1;4;3;2
25367,6417,15,0;1;2;4;3
25368,4452,15,0;1;3;4;2
25369,5623,15,0;1;4;2;3
25370,6384,15,0;1;4;3;2
25371,4914,15,0;1;4;3;2
25372,4284,15,0;1;4;3;2
25373,5643,15,0;1;4;3;2
25374,3034,15,0;1;4;3;2
25375,4291,15,0;1;4;3;2
25376,4836,15,0;1;4;3;2
25377,5086,15,0;1;4;3;2
25378,6426,15,0;1;4;2;3
25379,2995,15,0;1;4;3;2
25380,3137,15,0;1;4;3;2
25381,4347,15,0;1;4;3;2
25382,4749,15,0;1;4;3;2
25383,5068,15,0;1;4;3;2
25384,4858,15,0;1;3;4;2
25385,5837,15,0;1;4;3;2
25386,4834,15,0;1;4;3;2
25387,4513,15,0;1;4;3;2
25388,6453,15,0;1;3;4;2
25389,6168,15,0;1;4;2;3
25390,5714,15,0;1;3;4;2
25391,6177,15,0;1;4;2;3
25392,4151,15,0;1;3;4;2
25393,6122,15,0;1;3;4;2
25394,4787,15,0;1;4;3;2
25395,6261,15,0;1;4;3;2
25396,4652,15,0;1;4;3;2
25397,4333,15,0;1;4;3;2
25398,3184,15,0;1;4;3;2
25399,6036,15,0;1;4;3;2
25400,5632,15,0;1;3;4;2
25401,5503,15,0;1;4;3;2
25402,5867,15,0;1;4;3;2
25403,6188,15,0;1;4;3;2
25404,6148,15,0;1;4;3;2
25405,4921,15,0;1;4;3;2
25406,5605,15,0;1;4;3;2
25407,6748,15,0;1;4;3;2
25408,12817,15,0;1;2;4;3
25409,12837,15,0;1;2;4;3
25410,12839,15,0;1;4;3;2
25411,12843,15,0;1;2;4;3
25412,12842,15,0;1;4;3;2
25413,12846,15,0;1;2;3;4
25414,12845,15,0;1;2;4;3
25415,13124,15,0;3;4;1;2
25416,19758,15,0;4;1;3;2
25417,15767,15,0;2;4;1;3
25418,11117,15,0;2;3;4;1
25419,18692,15,0;4;2;3;1
25420,11116,15,0;2;3;4;1
25421,20440,15,0;1;4;2;3
25422,11122,15,0;2;4;3;1
25423,11115,15,0;2;3;4;1
25424,11128,15,0;2;4;3;1
25425,6593,15,0;4;2;3;1
25426,11114,15,0;3;2;4;1
25427,21766,15,0;1;3;4;2
25428,14771,15,0;3;4;1;2
25429,17774,15,0;4;1;3;2
25430,6528,15,0;4;3;2;1
25431,15732,15,0;2;4;3;1
25432,23283,15,0;1;3;4;2
25433,20133,15,0;4;3;1;2
25434,20153,15,0;4;1;3;2
25435,14644,15,0;4;3;1;2
25436,24207,15,0;1;2;3;4
25437,24190,15,0;1;4;3;2
25438,15846,15,0;3;4;2;1
25439,14796,15,0;4;2;1;3
25440,15893,15,0;4;3;1;2
25441,7873,15,0;4;3;2;1
25442,25148,15,0;1;3;2;4
25443,25144,15,0;1;3;4;2
25444,22264,15,0;4;1;3;2
25445,25155,15,0;1;4;3;2
25446,15863,15,0;4;3;2;1
25447,14744,15,0;4;3;2;1
25448,25793,15,0;1;3;2;4
25449,25807,15,0;1;3;4;2
25450,14141,15,0;4;3;2;1
25451,18603,15,0;4;2;1;3
25452,15805,15,0;3;2;4;1
25453,11250,15,0;4;3;1;2
25454,15858,15,0;3;4;1;2
25455,26605,15,0;1;3;4;2
25456,26604,15,0;1;3;4;2
25457,26603,15,0;1;3;4;2
25458,26602,15,0;1;3;4;2
25459,26601,15,0;1;4;3;2
25460,12547,15,0;4;1;3;2
25461,15869,15,0;3;2;1;4
25462,15720,15,0;2;3;1;4
25463,15693,15,0;3;4;1;2
25464,6699,15,0;4;3;1;2
25465,10493,15,0;3;4;2;1
25466,26497,15,0;1;4;2;3
25467,8140,15,0;4;3;1;2
25468,15874,15,0;3;1;4;2
25469,18600,15,0;2;4;1;3
25470,14186,15,0;4;1;2;3
25471,15733,15,0;3;1;2;4
25472,7063,15,0;3;4;2;1
25473,14128,15,0;4;3;2;1
25474,8141,15,0;4;3;1;2
25475,13945,15,0;2;4;3;1
25476,11228,15,0;4;1;2;3
25477,17021,15,0;4;1;3;2
25478,11070,15,0;4;2;3;1
25479,10528,15,0;4;3;2;1
25480,20439,15,0;4;3;1;2
25481,16187,15,0;4;2;1;3
25482,11132,15,0;4;2;3;1
25483,7000,15,0;4;3;2;1
25484,7872,15,0;4;2;3;1
25485,6997,15,0;4;2;3;1
25486,7899,15,0;4;2;3;1
25487,14178,15,0;2;4;3;1
25488,18671,15,0;3;1;4;2
25489,11258,15,0;4;3;2;1
25490,7864,15,0;4;3;2;1
25491,12429,15,0;2;3;4;1
25492,12146,15,0;4;3;2;1
25493,23242,15,0;2;4;1;3
25494,6822,15,0;3;4;2;1
25495,10405,15,0;3;2;4;1
25496,7867,15,0;4;3;2;1
25497,12185,15,0;4;2;3;1
25498,11076,15,0;4;3;2;1
25499,7039,15,0;4;2;3;1
25500,2466,15,0;1;2;4;3
25501,2393,15,0;1;4;2;3
25502,2296,15,0;1;2;4;3
25503,2188,15,0;1;4;2;3
25504,852,15,0;1;4;2;3
25505,905,15,0;1;2;4;3
25506,906,15,0;1;4;2;3
25507,1556,15,0;1;2;4;3
25508,1758,15,0;1;2;4;3
25509,2054,15,0;1;2;4;3
25510,2055,15,0;1;2;4;3
25511,2298,15,0;1;2;4;3
25512,2378,15,0;1;2;4;3
25513,2402,15,0;1;4;2;3
25514,2603,15,0;1;4;2;3
25515,2726,15,0;1;2;4;3
25516,1555,15,0;1;3;4;2
25517,1757,15,0;1;3;4;2
25518,3463,15,0;1;2;3;4
25519,3478,15,0;1;2;3;4
25520,3543,15,0;1;2;3;4
25521,3592,15,0;1;2;3;4
25522,3601,15,0;1;2;3;4
25523,3604,15,0;1;2;3;4
25524,3606,15,0;1;2;3;4
25525,3608,15,0;1;2;3;4
25526,3623,15,0;1;2;3;4
25527,3609,15,0;1;2;4;3
25528,3597,15,0;1;2;4;3
25529,3598,15,0;1;2;4;3
25530,3610,15,0;1;2;4;3
25531,3627,15,0;1;2;3;4
25532,3533,15,0;1;2;4;3
25533,3599,15,0;1;2;4;3
25534,3515,15,0;1;2;4;3
25535,3452,15,0;1;2;4;3
25536,3465,15,0;1;2;4;3
25537,3489,15,0;1;2;4;3
25538,3460,15,0;1;2;4;3
25539,3508,15,0;1;2;4;3
25540,3569,15,0;1;2;4;3
25541,3547,15,0;1;2;4;3
25542,3594,15,0;1;2;4;3
25543,3684,15,0;1;2;3;4
25544,4035,15,0;1;3;2;4
25545,3865,15,0;1;4;3;2
25546,4023,15,0;1;3;4;2
25547,3874,15,0;1;4;3;2
25548,3866,15,0;1;4;3;2
25549,4086,15,0;1;4;3;2
25550,4033,15,0;1;4;3;2
25551,4016,15,0;1;4;3;2
25552,4017,15,0;1;4;3;2
25553,4034,15,0;1;4;3;2
25554,3873,15,0;1;4;3;2
25555,4025,15,0;1;4;3;2
25556,4076,15,0;1;4;3;2
25557,3907,15,0;1;3;4;2
25558,3978,15,0;1;4;3;2
25559,3743,15,0;1;4;2;3
25560,3870,15,0;1;4;3;2
25561,3935,15,0;1;4;3;2
25562,3704,15,0;1;4;3;2
25563,3926,15,0;1;4;3;2
25564,3728,15,0;1;4;3;2
25565,3804,15,0;1;4;3;2
25566,4015,15,0;1;4;3;2
25567,3810,15,0;1;4;3;2
25568,4002,15,0;1;4;3;2
25569,4021,15,0;1;3;4;2
25570,3841,15,0;1;4;3;2
25571,3827,15,0;1;4;3;2
25572,3923,15,0;1;4;3;2
25573,4022,15,0;1;3;4;2
25574,3715,15,0;1;4;3;2
25575,3692,15,0;1;4;3;2
25576,3913,15,0;1;4;3;2
25577,3697,15,0;1;4;3;2
25578,3820,15,0;1;4;3;2
25579,4050,15,0;1;4;3;2
25580,7496,15,0;1;2;4;3
25581,19757,15,0;1;3;4;2
25582,22331,15,0;1;4;3;2
25583,11113,15,0;3;2;4;1
25584,9831,15,0;4;3;1;2
25585,23480,15,0;1;4;3;2
25586,9801,15,0;4;3;1;2
25587,18571,15,0;4;1;2;3
25588,25795,15,0;1;2;3;4
25589,9399,15,0;4;2;3;1
25590,12284,15,0;4;1;3;2
25591,26516,15,0;1;4;3;2
25592,9396,15,0;4;3;2;1
25593,10891,15,0;3;4;1;2
25594,7407,15,0;4;3;1;2
25595,9409,15,0;4;2;3;1
25596,6958,15,0;4;3;2;1
25597,15899,15,0;2;3;1;4
25598,9397,15,0;4;3;2;1
25599,9405,15,0;4;2;3;1
25600,3364,15,0;1;2;3;4
25601,3408,15,0;1;2;4;3
25602,3407,15,0;1;2;4;3
25603,3378,15,0;1;2;4;3
25604,3404,15,0;1;2;4;3
25605,3384,15,0;1;2;4;3
25606,3399,15,0;1;2;4;3
25607,3739,15,0;1;4;2;3
25608,3727,15,0;1;4;3;2
25609,3709,15,0;1;4;3;2
25610,9413,15,0;4;3;2;1
25611,4545,15,0;1;2;3;4
25612,2969,15,0;1;3;4;2
25613,4529,15,0;1;2;4;3
25614,4985,15,0;1;2;3;4
25615,5577,15,0;1;4;3;2
25616,2927,15,0;1;3;4;2
25617,5878,15,0;1;4;2;3
25618,5808,15,0;1;4;3;2
25619,4922,15,0;1;3;4;2
25620,5448,15,0;1;4;2;3
25621,6077,15,0;1;3;2;4
25622,4207,15,0;1;4;3;2
25623,3286,15,0;1;4;3;2
25624,2937,15,0;1;4;3;2
25625,5034,15,0;1;3;4;2
25626,6315,15,0;1;3;4;2
25627,6046,15,0;1;3;4;2
25628,4627,15,0;1;4;3;2
25629,4784,15,0;1;3;2;4
25630,5998,15,0;1;3;2;4
25631,6266,15,0;1;3;2;4
25632,6003,15,0;1;3;2;4
25633,3227,15,0;1;4;3;2
25634,2800,15,0;1;4;2;3
25635,4988,15,0;1;4;2;3
25636,2974,15,0;1;4;2;3
25637,5864,15,0;1;4;3;2
25638,4702,15,0;1;4;3;2
25639,5208,15,0;1;4;3;2
25640,5742,15,0;1;3;4;2
25641,4445,15,0;1;2;4;3
25642,4685,15,0;1;4;3;2
25643,4798,15,0;1;4;3;2
25644,3175,15,0;1;4;3;2
25645,6279,15,0;1;3;2;4
25646,4844,15,0;1;4;3;2
25647,6398,15,0;1;4;3;2
25648,5771,15,0;1;4;3;2
25649,4219,15,0;1;4;3;2
25650,4140,15,0;1;4;2;3
25651,3316,15,0;1;4;3;2
25652,4849,15,0;1;4;3;2
25653,4215,15,0;1;4;3;2
25654,4633,15,0;1;4;3;2
25655,4214,15,0;1;4;3;2
25656,3203,15,0;1;4;3;2
25657,5654,15,0;1;4;3;2
25658,4573,15,0;1;3;4;2
25659,5759,15,0;1;4;3;2
25660,2934,15,0;1;4;3;2
25661,4991,15,0;1;4;3;2
25662,2947,15,0;1;3;4;2
25663,14839,15,0;1;3;2;4
25664,11378,15,0;4;2;3;1
25665,18933,15,0;4;2;1;3
25666,20039,15,0;1;4;2;3
25667,13968,15,0;4;1;2;3
25668,10927,15,0;4;3;1;2
25669,6590,15,0;4;2;3;1
25670,6998,15,0;3;4;2;1
25671,10676,15,0;2;3;4;1
25672,14299,15,0;4;3;2;1
25673,11046,15,0;3;2;1;4
25674,11112,15,0;2;3;4;1
25675,15662,15,0;4;3;2;1
25676,17161,15,0;2;4;3;1
25677,7101,15,0;4;3;1;2
25678,13922,15,0;2;1;4;3
25679,12806,15,0;3;4;2;1
25680,14863,15,0;4;2;3;1
25681,8135,15,0;4;3;1;2
25682,18593,15,0;2;1;3;4
25683,6925,15,0;4;2;3;1
25684,26528,15,0;1;4;3;2
25685,12824,15,0;3;4;1;2
25686,10707,15,0;4;3;1;2
25687,14192,15,0;4;2;1;3
25688,11234,15,0;4;1;3;2
25689,10333,15,0;3;4;2;1
25690,15756,15,0;4;1;3;2
25691,12133,15,0;4;2;1;3
25692,14161,15,0;4;3;1;2
25693,10683,15,0;2;3;4;1
25694,11166,15,0;3;4;1;2
25695,12289,15,0;3;4;2;1
25696,12271,15,0;3;4;1;2
25697,12512,15,0;4;2;1;3
25698,12270,15,0;3;4;1;2
25699,10329,15,0;3;4;2;1
25700,1067,15,0;1;2;4;3
25701,1083,15,0;1;2;4;3
25702,1061,15,0;1;4;2;3
25703,1106,15,0;1;4;2;3
25704,1135,15,0;1;4;2;3
25705,1136,15,0;1;4;2;3
25706,1172,15,0;1;2;4;3
25707,1173,15,0;1;2;4;3
25708,1190,15,0;1;4;2;3
25709,1191,15,0;1;4;2;3
25710,1192,15,0;1;4;2;3
25711,1193,15,0;1;2;4;3
25712,1171,15,0;1;3;2;4
25713,1174,15,0;1;3;2;4
25714,1189,15,0;1;3;4;2
25715,1188,15,0;1;3;4;2
25716,1187,15,0;1;3;4;2
25717,1201,15,0;1;3;4;2
25718,1184,15,0;1;3;2;4
25719,1209,15,0;1;3;2;4
25720,1158,15,0;1;3;2;4
25721,1126,15,0;1;3;2;4
25722,1204,15,0;1;3;2;4
25723,3558,15,0;1;2;3;4
25724,3596,15,0;1;2;4;3
25725,3792,15,0;1;4;3;2
25726,3918,15,0;1;3;4;2
25727,3869,15,0;1;4;3;2
25728,3773,15,0;1;4;3;2
25729,3664,15,0;1;4;3;2
25730,3856,15,0;1;4;3;2
25731,3650,15,0;1;4;3;2
25732,3969,15,0;1;4;3;2
25733,3660,15,0;1;4;3;2
25734,3765,15,0;1;3;4;2
25735,3983,15,0;1;4;2;3
25736,3760,15,0;1;4;3;2
25737,3668,15,0;1;4;3;2
25738,8784,15,0;1;2;4;3
25739,10853,15,0;4;3;1;2
25740,22507,15,0;1;4;3;2
25741,10307,15,0;4;2;1;3
25742,8853,15,0;4;2;3;1
25743,12141,15,0;2;4;1;3
25744,12347,15,0;3;4;1;2
25745,9049,15,0;3;4;1;2
25746,8997,15,0;4;2;3;1
25747,10309,15,0;3;2;4;1
25748,7479,15,0;4;3;1;2
25749,6943,15,0;4;3;1;2
25750,9076,15,0;3;4;2;1
25751,15685,15,0;3;2;4;1
25752,3370,15,0;1;2;4;3
25753,735,15,0;1;2;4;3
25754,1502,15,0;1;2;4;3
25755,1862,15,0;1;4;2;3
25756,1884,15,0;1;4;2;3
25757,2374,15,0;1;4;2;3
25758,2384,15,0;1;4;2;3
25759,2646,15,0;1;2;4;3
25760,2715,15,0;1;2;4;3
25761,2716,15,0;1;2;4;3
25762,2462,15,0;1;3;4;2
25763,904,15,0;1;3;2;4
25764,1554,15,0;1;3;2;4
25765,2053,15,0;1;3;2;4
25766,2399,15,0;1;3;2;4
25767,1764,15,0;1;3;2;4
25768,1586,15,0;1;3;2;4
25769,1392,15,0;1;3;4;2
25770,952,15,0;1;3;2;4
25771,2647,15,0;1;3;4;2
25772,2602,15,0;1;3;2;4
25773,2824,15,0;1;2;4;3
25774,3226,15,0;1;3;2;4
25775,5287,15,0;1;3;4;2
25776,5022,15,0;1;3;4;2
25777,2879,15,0;1;4;2;3
25778,4408,15,0;1;4;3;2
25779,5017,15,0;1;3;4;2
25780,5288,15,0;1;3;4;2
25781,6008,15,0;1;3;2;4
25782,5054,15,0;1;4;2;3
25783,5693,15,0;1;4;3;2
25784,4175,15,0;1;4;3;2
25785,2935,15,0;1;3;4;2
25786,4177,15,0;1;4;3;2
25787,8169,15,0;4;3;1;2
25788,17897,15,0;4;3;1;2
25789,16120,15,0;4;2;1;3
25790,7980,15,0;3;4;2;1
25791,12180,15,0;2;4;3;1
25792,17012,15,0;2;1;4;3
25793,18567,15,0;2;3;1;4
25794,16996,15,0;2;3;4;1
25795,25121,15,0;1;2;3;4
25796,15719,15,0;4;2;3;1
25797,14121,15,0;3;4;1;2
25798,6859,15,0;4;2;3;1
25799,12169,15,0;2;3;4;1
25800,14171,15,0;2;1;3;4
25801,10406,15,0;2;4;3;1
25802,11144,15,0;4;3;1;2
25803,11037,15,0;4;2;3;1
25804,13203,15,0;4;3;2;1
25805,10403,15,0;2;3;4;1
25806,10381,15,0;3;4;2;1
25807,15820,15,0;4;3;1;2
25808,24052,15,0;4;2;3;1
25809,851,15,0;1;4;2;3
25810,2641,15,0;1;4;2;3
25811,3752,15,0;1;3;4;2
25812,3747,15,0;1;3;4;2
25813,3748,15,0;1;4;3;2
25814,9624,15,0;4;1;3;2
25815,9793,15,0;4;1;3;2
25816,8874,15,0;2;3;4;1
25817,9521,15,0;4;2;3;1
25818,9520,15,0;4;2;3;1
25819,7078,15,0;4;3;2;1
25820,9475,15,0;4;2;1;3
25821,18665,15,0;2;3;1;4
25822,9424,15,0;4;3;2;1
25823,17241,15,0;4;1;2;3
25824,12163,15,0;4;2;1;3
25825,6611,15,0;3;4;2;1
25826,1152,15,0;1;3;2;4
25827,20031,15,0;3;1;4;2
25828,3336,15,0;1;3;4;2
25829,5155,15,0;1;4;3;2
25830,4139,15,0;1;4;2;3
25831,4170,15,0;1;4;3;2
25832,15744,15,0;2;3;4;1
25833,7034,15,0;3;2;4;1
25834,7961,15,0;4;1;2;3
25835,17175,15,0;3;4;1;2
25836,6597,15,0;4;2;3;1
25837,6993,15,0;4;3;2;1
25838,12346,15,0;3;1;4;2
25839,15745,15,0;4;1;3;2
25840,19732,15,0;3;1;4;2
25841,21271,15,0;3;1;4;2
25842,10387,15,0;3;4;2;1
25843,6988,15,0;4;3;2;1
25844,7050,15,0;2;3;4;1
25845,10301,15,0;3;4;2;1
25846,12159,15,0;4;3;2;1
25847,10604,15,0;4;3;1;2
25848,1105,15,0;1;3;4;2
25849,1186,15,0;1;3;2;4
25850,1181,15,0;1;3;2;4
25851,4100,15,0;1;4;3;2
25852,6558,15,0;4;3;2;1
25853,7076,15,0;3;4;2;1
25854,7152,15,0;4;3;2;1
25855,12090,15,0;4;2;1;3
25856,8825,15,0;3;4;2;1
25857,9423,15,0;4;2;1;3
25858,12389,15,0;3;1;4;2
25859,1966,15,0;1;4;2;3
25860,1821,15,0;1;4;2;3
25861,1649,15,0;1;2;4;3
25862,1454,15,0;1;2;4;3
25863,1248,15,0;1;2;4;3
25864,791,15,0;1;4;2;3
25865,1223,15,0;1;3;2;4
25866,766,15,0;1;3;4;2
25867,5044,15,0;1;4;3;2
25868,5803,15,0;1;4;2;3
25869,5300,15,0;1;4;2;3
25870,12160,15,0;2;3;4;1
25871,8097,15,0;4;2;3;1
25872,7056,15,0;4;3;2;1
25873,24056,15,0;1;4;3;2
25874,15802,15,0;3;1;4;2
25875,10299,15,0;3;4;2;1
25876,7848,15,0;3;4;2;1
25877,2121,15,0;1;4;2;3
25878,1971,15,0;1;2;4;3
25879,1826,15,0;1;2;4;3
25880,1654,15,0;1;2;4;3
25881,1459,15,0;1;2;4;3
25882,1253,15,0;1;4;2;3
25883,796,15,0;1;2;4;3
25884,795,15,0;1;3;4;2
25885,1258,15,0;1;3;2;4
25886,1466,15,0;1;3;4;2
25887,1663,15,0;1;3;4;2
25888,1836,15,0;1;3;4;2
25889,1982,15,0;1;3;2;4
25890,2133,15,0;1;3;4;2
25891,2259,15,0;1;3;4;2
25892,2367,15,0;1;3;2;4
25893,2453,15,0;1;3;2;4
25894,2522,15,0;1;3;2;4
25895,2579,15,0;1;3;2;4
25896,2637,15,0;1;3;4;2
25897,2676,15,0;1;3;2;4
25898,2710,15,0;1;3;2;4
25899,7710,15,0;1;4;3;2
25900,17009,15,0;1;3;2;4
25901,8951,15,0;3;2;4;1
25902,8931,15,0;3;4;1;2
25903,25757,15,0;1;2;3;4
25904,26443,15,0;1;4;3;2
25905,8798,15,0;4;3;2;1
25906,10322,15,0;3;2;4;1
25907,10678,15,0;3;2;4;1
25908,8778,15,0;3;4;2;1
25909,24055,15,0;1;3;4;2
25910,7240,15,0;4;2;1;3
25911,15939,15,0;2;4;1;3
25912,1030,15,0;1;2;4;3
25913,1005,15,0;1;3;4;2
25914,8907,15,0;2;3;4;1
25915,1035,15,0;1;2;4;3
25916,1037,15,0;1;3;2;4
25917,21405,15,0;4;1;2;3
25918,6979,15,0;3;4;2;1
25919,9379,15,0;4;3;2;1
25920,11542,15,0;3;4;1;2
25921,6980,15,0;3;2;4;1
25922,9024,15,0;2;3;4;1
25923,6550,15,0;3;4;2;1
25924,499,15,0;1;2;3;4
25925,506,15,0;1;2;3;4
25926,505,15,0;1;2;3;4
25927,356,15,0;2;1;3;4
25928,501,15,0;2;1;3;4
25929,595,15,0;1;2;3;4
25930,371,15,0;2;1;3;4
25931,360,15,0;2;1;3;4
25932,500,15,0;2;1;3;4
25933,368,15,0;2;1;3;4
25934,600,15,0;2;1;3;4
25935,616,15,0;2;1;3;4
25936,539,15,0;2;1;3;4
25937,558,15,0;2;1;3;4
25938,448,15,0;2;1;3;4
25939,40,15,0;1;2;3;4
25940,114,15,0;1;2;3;4
25941,115,15,0;1;2;3;4
25942,216,15,0;1;2;3;4
25943,238,15,0;1;2;3;4
25944,259,15,0;1;2;3;4
25945,260,15,0;1;2;3;4
25946,265,15,0;1;2;3;4
25947,266,15,0;1;2;3;4
25948,268,15,0;1;2;3;4
25949,269,15,0;1;2;3;4
25950,23,15,0;1;2;3;4
25951,28,15,0;1;2;3;4
25952,405,15,0;2;1;3;4
25953,434,15,0;2;1;3;4
25954,321,15,0;2;1;3;4
25955,75,15,0;1;2;3;4
25956,419,15,0;1;2;3;4
25957,650,15,0;1;2;3;4
25958,676,15,0;1;2;3;4
25959,677,15,0;1;2;3;4
25960,693,15,0;2;1;3;4
25961,694,15,0;2;1;3;4
25962,632,15,0;2;1;3;4
25963,613,15,0;2;1;3;4
25964,614,15,0;2;1;3;4
25965,702,15,0;1;2;3;4
25966,633,15,0;2;1;3;4
25967,480,15,0;2;1;3;4
25968,660,15,0;2;1;3;4
25969,262,15,0;1;2;3;4
25970,107,15,0;1;2;3;4
25971,142,15,0;1;2;3;4
25972,263,15,0;1;2;3;4
25973,264,15,0;1;2;3;4
25974,701,15,0;2;1;3;4
25975,57,15,0;1;2;3;4
26527,6824,16,0;1;2;3;4
26528,7642,16,0;1;3;2;4
26529,7646,16,0;1;3;2;4
26530,7656,16,0;1;3;2;4
26531,13360,16,0;3;2;4;1
26532,15080,16,0;1;4;2;3
26533,15079,16,0;1;4;3;2
26534,15078,16,0;1;4;3;2
26535,15077,16,0;1;4;2;3
26536,15075,16,0;1;4;3;2
26537,16057,16,0;1;2;4;3
26538,26994,16,0;3;1;2;4
26539,17361,16,0;1;3;2;4
26540,17365,16,0;1;3;2;4
26541,19748,16,0;1;2;4;3
26542,21577,16,0;4;1;2;3
26543,19893,16,0;4;3;1;2
26544,21443,16,0;1;2;3;4
26545,21303,16,0;1;3;4;2
26546,21305,16,0;1;3;4;2
26547,21468,16,0;1;3;4;2
26548,21514,16,0;1;3;4;2
26549,22394,16,0;1;3;2;4
26550,22484,16,0;1;3;4;2
26551,22288,16,0;1;4;3;2
26552,8295,16,0;4;3;2;1
26553,19888,16,0;4;3;1;2
26554,17045,16,0;2;3;4;1
26555,10957,16,0;4;3;2;1
26556,12696,16,0;4;3;2;1
26557,10960,16,0;4;3;2;1
26558,13266,16,0;3;4;1;2
26559,13314,16,0;3;2;1;4
26560,14044,16,0;4;3;1;2
26561,24108,16,0;1;3;2;4
26562,18794,16,0;4;1;3;2
26563,24110,16,0;1;2;4;3
26564,24393,16,0;1;2;3;4
26565,14098,16,0;4;3;2;1
26566,24333,16,0;1;3;2;4
26567,24319,16,0;1;4;3;2
26568,24157,16,0;1;4;3;2
26569,11619,16,0;3;4;2;1
26570,15045,16,0;3;2;1;4
26571,14425,16,0;4;2;3;1
26572,15268,16,0;3;4;2;1
26573,25204,16,0;1;2;4;3
26574,21546,16,0;4;1;3;2
26575,11632,16,0;3;4;2;1
26576,11711,16,0;3;4;2;1
26577,14468,16,0;4;2;1;3
26578,20110,16,0;4;1;3;2
26579,25838,16,0;1;2;4;3
26580,11650,16,0;4;2;3;1
26581,17109,16,0;4;3;2;1
26582,19786,16,0;4;3;2;1
26583,14099,16,0;4;3;2;1
26584,12797,16,0;3;4;1;2
26585,25888,16,0;1;4;3;2
26586,10938,16,0;4;3;1;2
26587,25868,16,0;1;4;2;3
26588,16524,16,0;3;2;4;1
26589,25182,16,0;2;1;3;4
26590,18031,16,0;4;2;3;1
26591,7817,16,0;4;3;1;2
26592,26512,16,0;1;3;2;4
26593,10896,16,0;4;3;2;1
26594,12751,16,0;3;4;2;1
26595,14360,16,0;4;3;2;1
26596,13316,16,0;3;4;2;1
26597,6805,16,0;4;2;3;1
26598,7780,16,0;3;4;2;1
26599,19780,16,0;4;3;1;2
26600,11654,16,0;2;4;3;1
26601,24183,16,0;4;1;2;3
26602,26537,16,0;1;4;3;2
26603,7736,16,0;4;3;1;2
26604,19858,16,0;4;1;3;2
26605,19859,16,0;4;1;2;3
26606,26990,16,0;1;2;4;3
26607,26548,16,0;4;1;3;2
26608,27005,16,0;1;2;4;3
26609,26993,16,0;1;3;4;2
26610,27256,16,0;1;2;3;4
26611,27056,16,0;1;3;4;2
26612,23430,16,0;4;1;3;2
26613,15147,16,0;3;4;1;2
26614,20134,16,0;4;2;3;1
26615,27159,16,0;1;4;2;3
26616,18804,16,0;3;1;4;2
26617,27173,16,0;1;3;2;4
26618,27169,16,0;1;4;3;2
26619,13274,16,0;4;2;1;3
26620,11691,16,0;3;4;2;1
26621,20385,16,0;4;1;3;2
26622,27209,16,0;1;3;4;2
26623,8318,16,0;4;3;2;1
26624,8336,16,0;4;3;2;1
26625,13318,16,0;4;3;1;2
26626,6907,16,0;4;2;1;3
26627,18008,16,0;4;1;3;2
26628,14347,16,0;3;4;2;1
26629,27254,16,0;1;2;4;3
26630,25914,16,0;4;1;3;2
26631,10834,16,0;4;2;3;1
26632,21493,16,0;4;1;2;3
26633,27034,16,0;1;4;3;2
26634,16098,16,0;4;3;1;2
26635,27071,16,0;1;4;3;2
26636,12616,16,0;4;3;1;2
26637,27065,16,0;1;4;3;2
26638,27251,16,0;4;1;3;2
26639,11786,16,0;4;1;3;2
26640,20773,16,0;4;3;1;2
26641,22476,16,0;4;3;1;2
26642,19273,16,0;4;3;1;2
26643,6669,16,0;4;3;2;1
26644,10475,16,0;4;3;1;2
26645,11778,16,0;4;2;1;3
26646,14462,16,0;4;3;2;1
26647,22504,16,0;4;1;3;2
26648,12617,16,0;4;1;3;2
26649,16087,16,0;3;4;1;2
26650,17404,16,0;4;3;2;1
26651,13262,16,0;4;2;1;3
26652,13263,16,0;4;2;1;3
26653,25221,16,0;4;1;3;2
26654,13268,16,0;4;2;1;3
26655,13280,16,0;4;2;3;1
26656,13279,16,0;4;2;3;1
26657,18882,16,0;4;2;1;3
26658,13270,16,0;4;3;1;2
26659,13284,16,0;4;3;2;1
26660,11829,16,0;4;2;3;1
26661,18838,16,0;4;1;3;2
26662,15750,16,0;4;1;3;2
26663,18775,16,0;4;1;3;2
26664,25847,16,0;4;1;3;2
26665,6670,16,0;4;3;2;1
26666,16056,16,0;4;3;1;2
26667,11840,16,0;3;4;2;1
26668,20203,16,0;4;1;3;2
26669,13306,16,0;4;3;1;2
26670,19810,16,0;3;1;4;2
26671,11660,16,0;4;2;3;1
26672,6671,16,0;4;3;2;1
26673,20139,16,0;4;1;2;3
26674,10875,16,0;4;2;3;1
26675,6878,16,0;4;3;2;1
26676,11808,16,0;4;3;2;1
26677,10859,16,0;4;3;2;1
26678,10897,16,0;4;3;2;1
26679,13992,16,0;4;2;3;1
26680,17334,16,0;3;1;4;2
26681,19921,16,0;4;3;1;2
26682,14497,16,0;4;2;1;3
26683,20301,16,0;3;1;4;2
26684,22491,16,0;3;4;1;2
26685,17068,16,0;4;3;2;1
26686,15225,16,0;4;3;1;2
26687,20210,16,0;3;4;1;2
26688,11769,16,0;4;3;2;1
26689,14440,16,0;3;4;2;1
26690,14444,16,0;3;4;2;1
26691,17101,16,0;4;3;1;2
26692,11864,16,0;4;3;2;1
26693,19917,16,0;4;1;3;2
26694,19929,16,0;4;1;3;2
26695,27153,16,0;1;4;3;2
26696,7740,16,0;3;4;2;1
26697,14627,16,0;4;3;1;2
26698,7763,16,0;4;3;2;1
26699,11826,16,0;4;3;2;1
26700,14001,16,0;4;3;1;2
26701,13978,16,0;3;4;1;2
26702,7415,16,0;3;4;2;1
26703,10956,16,0;3;4;1;2
26704,11854,16,0;4;3;2;1
26705,11639,16,0;4;3;2;1
26706,11676,16,0;4;3;2;1
26707,11880,16,0;4;3;2;1
26708,8439,16,0;3;4;2;1
26709,16514,16,0;4;3;1;2
26710,13311,16,0;4;3;2;1
26711,12708,16,0;3;4;1;2
26712,18788,16,0;4;2;1;3
26713,15051,16,0;4;3;1;2
26714,14388,16,0;4;3;1;2
26715,7785,16,0;4;3;1;2
26716,11785,16,0;4;3;1;2
26717,15055,16,0;4;3;1;2
26718,12762,16,0;4;3;2;1
26719,14342,16,0;4;3;2;1
26720,11699,16,0;4;3;2;1
26721,20366,16,0;3;4;1;2
26722,20316,16,0;3;4;1;2
26723,10815,16,0;3;4;1;2
26724,15039,16,0;4;3;2;1
26725,7524,16,0;4;3;2;1
26726,14052,16,0;3;4;2;1
26727,7525,16,0;3;4;2;1
26728,16587,16,0;4;3;1;2
26729,7741,16,0;2;4;3;1
26730,22463,16,0;3;4;2;1
26731,17452,16,0;4;3;2;1
26732,14416,16,0;4;3;1;2
26733,8286,16,0;4;3;2;1
26734,8371,16,0;3;4;2;1
26735,24188,16,0;4;1;3;2
26736,7288,16,0;4;3;2;1
26737,25216,16,0;4;3;1;2
26738,11647,16,0;3;4;2;1
26739,11630,16,0;4;3;2;1
26740,8252,16,0;3;4;2;1
26741,11653,16,0;4;3;2;1
26742,12576,16,0;4;3;2;1
26743,21455,16,0;4;3;2;1
26744,12787,16,0;3;4;1;2
26745,14475,16,0;4;3;2;1
26746,8328,16,0;3;4;2;1
26747,22461,16,0;4;3;2;1
26748,7761,16,0;1;4;3;2
26749,10001,16,0;1;2;4;3
26750,8383,16,0;2;4;3;1
26751,18758,16,0;4;3;1;2
26752,15076,16,0;1;4;2;3
26753,15988,16,0;1;2;4;3
26754,23360,16,0;4;1;2;3
26755,10029,16,0;2;3;4;1
26756,9271,16,0;4;3;2;1
26757,21495,16,0;1;3;4;2
26758,20093,16,0;2;1;3;4
26759,24141,16,0;1;2;4;3
26760,9996,16,0;3;4;1;2
26761,24147,16,0;1;4;3;2
26762,16137,16,0;4;3;1;2
26763,10070,16,0;4;1;3;2
26764,25222,16,0;1;4;3;2
26765,22494,16,0;4;1;2;3
26766,12650,16,0;3;4;1;2
26767,26566,16,0;1;3;4;2
26768,8299,16,0;3;4;2;1
26769,24113,16,0;4;3;1;2
26770,9356,16,0;3;4;1;2
26771,10031,16,0;3;4;1;2
26772,10063,16,0;4;3;2;1
26773,10027,16,0;3;4;1;2
26774,10028,16,0;3;4;1;2
26775,7685,16,0;3;4;1;2
26776,21610,16,0;4;3;1;2
26777,25903,16,0;4;1;3;2
26778,10032,16,0;3;4;1;2
26779,9237,16,0;3;4;2;1
26780,8365,16,0;4;2;3;1
26781,10030,16,0;3;4;1;2
26782,10064,16,0;4;3;1;2
26783,22485,16,0;4;1;3;2
26784,27045,16,0;1;4;3;2
26785,10046,16,0;4;3;1;2
26786,9920,16,0;4;2;1;3
26787,9923,16,0;4;1;2;3
26788,16092,16,0;4;3;2;1
26789,9927,16,0;4;1;3;2
26790,9928,16,0;4;1;3;2
26791,13271,16,0;4;2;1;3
26792,9262,16,0;4;2;3;1
26793,17332,16,0;4;3;1;2
26794,6803,16,0;4;3;2;1
26795,16032,16,0;4;3;1;2
26796,15127,16,0;4;1;3;2
26797,20356,16,0;4;1;3;2
26798,12760,16,0;4;3;2;1
26799,7432,16,0;3;4;1;2
26800,12558,16,0;4;3;1;2
26801,21611,16,0;4;3;1;2
26802,15126,16,0;3;4;1;2
26803,9989,16,0;4;3;2;1
26804,9991,16,0;4;3;1;2
26805,9992,16,0;4;3;1;2
26806,9997,16,0;4;3;1;2
26807,12707,16,0;3;4;1;2
26808,9993,16,0;4;3;1;2
26809,9994,16,0;4;3;1;2
26810,9998,16,0;4;3;1;2
26811,18787,16,0;4;3;1;2
26812,15046,16,0;4;3;2;1
26813,18819,16,0;4;3;1;2
26814,9913,16,0;4;3;2;1
26815,15248,16,0;4;3;1;2
26816,9965,16,0;4;3;2;1
26817,12552,16,0;3;4;1;2
26818,12624,16,0;4;3;1;2
26819,20371,16,0;4;3;1;2
26820,16008,16,0;4;3;1;2
26821,9921,16,0;4;1;2;3
26822,9284,16,0;4;3;1;2
26823,9227,16,0;4;3;2;1
26824,9273,16,0;3;4;2;1
26825,16378,16,0;3;4;1;2
26826,12420,16,0;1;3;2;4
26827,14913,16,0;2;1;4;3
26828,17715,16,0;4;3;1;2
26829,19975,16,0;4;1;3;2
26830,17496,16,0;4;1;3;2
26831,17201,16,0;1;2;4;3
26832,22661,16,0;4;1;2;3
26833,17707,16,0;3;2;1;4
26834,27327,16,0;3;4;1;2
26835,19794,16,0;1;3;2;4
26836,20489,16,0;1;2;3;4
26837,15726,16,0;4;3;1;2
26838,12407,16,0;4;3;1;2
26839,20022,16,0;4;2;1;3
26840,10965,16,0;4;2;1;3
26841,17718,16,0;4;3;2;1
26842,19973,16,0;4;3;2;1
26843,12410,16,0;3;2;4;1
26844,21711,16,0;1;4;3;2
26845,17034,16,0;4;3;2;1
26846,12540,16,0;4;2;3;1
26847,21492,16,0;2;1;3;4
26848,14770,16,0;3;2;1;4
26849,23483,16,0;3;2;1;4
26850,27367,16,0;4;1;2;3
26851,27386,16,0;3;1;2;4
26852,22514,16,0;4;3;2;1
26853,22360,16,0;1;2;3;4
26854,22361,16,0;1;2;3;4
26855,22456,16,0;1;4;3;2
26856,12483,16,0;4;2;3;1
26857,13227,16,0;4;3;1;2
26858,22517,16,0;1;3;4;2
26859,14323,16,0;4;2;1;3
26860,25304,16,0;4;1;2;3
26861,17041,16,0;3;4;1;2
26862,16271,16,0;4;2;3;1
26863,6777,16,0;4;3;2;1
26864,16222,16,0;3;4;1;2
26865,16274,16,0;4;1;3;2
26866,12983,16,0;3;2;4;1
26867,25114,16,0;4;2;3;1
26868,10737,16,0;4;2;3;1
26869,23520,16,0;1;3;2;4
26870,21724,16,0;4;2;1;3
26871,23549,16,0;1;4;2;3
26872,14979,16,0;4;3;1;2
26873,21801,16,0;4;3;1;2
26874,23285,16,0;1;4;3;2
26875,23499,16,0;1;4;3;2
26876,23584,16,0;1;4;3;2
26877,23309,16,0;1;4;3;2
26878,18872,16,0;4;1;3;2
26879,24544,16,0;2;1;4;3
26880,23569,16,0;1;4;3;2
26881,11537,16,0;4;3;1;2
26882,15822,16,0;3;4;1;2
26883,16382,16,0;4;1;2;3
26884,11570,16,0;4;3;2;1
26885,23319,16,0;1;4;2;3
26886,24070,16,0;1;3;4;2
26887,15943,16,0;4;2;3;1
26888,24225,16,0;3;1;2;4
26889,24123,16,0;2;4;1;3
26890,8005,16,0;4;3;2;1
26891,24278,16,0;1;4;2;3
26892,13014,16,0;4;2;3;1
26893,7142,16,0;3;2;4;1
26894,14212,16,0;4;3;2;1
26895,24165,16,0;1;4;3;2
26896,24605,16,0;1;4;2;3
26897,7670,16,0;4;2;3;1
26898,24249,16,0;1;4;3;2
26899,16336,16,0;3;1;2;4
26900,24256,16,0;1;4;3;2
26901,18645,16,0;2;4;1;3
26902,25348,16,0;4;1;2;3
26903,13995,16,0;2;3;1;4
26904,25147,16,0;1;2;4;3
26905,25363,16,0;1;2;3;4
26906,22526,16,0;4;1;2;3
26907,25349,16,0;1;2;4;3
26908,10748,16,0;4;3;1;2
26909,25141,16,0;1;4;2;3
26910,15722,16,0;4;2;3;1
26911,11350,16,0;4;3;2;1
26912,25307,16,0;1;4;3;2
26913,6620,16,0;4;2;3;1
26914,15708,16,0;4;2;3;1
26915,21264,16,0;4;2;3;1
26916,26980,16,0;4;2;3;1
26917,26979,16,0;4;3;2;1
26918,26978,16,0;4;2;3;1
26919,26977,16,0;4;3;2;1
26920,26976,16,0;4;3;2;1
26921,14252,16,0;4;3;1;2
26922,14187,16,0;4;2;1;3
26923,25351,16,0;1;4;3;2
26924,10942,16,0;4;3;1;2
26925,16459,16,0;4;3;1;2
26926,12369,16,0;4;2;3;1
26927,16219,16,0;4;2;1;3
26928,27097,16,0;4;1;3;2
26929,20589,16,0;4;3;1;2
26930,22455,16,0;4;2;1;3
26931,10629,16,0;4;2;3;1
26932,27093,16,0;4;1;3;2
26933,7068,16,0;4;3;2;1
26934,25399,16,0;1;4;3;2
26935,14214,16,0;4;3;2;1
26936,25811,16,0;1;2;4;3
26937,21269,16,0;3;2;1;4
26938,24446,16,0;4;1;3;2
26939,11434,16,0;4;3;2;1
26940,10767,16,0;4;2;1;3
26941,25784,16,0;1;4;3;2
26942,25791,16,0;1;4;3;2
26943,16256,16,0;3;4;2;1
26944,15862,16,0;4;2;3;1
26945,25417,16,0;4;3;1;2
26946,7108,16,0;4;3;2;1
26947,13217,16,0;4;3;1;2
26948,14900,16,0;4;3;2;1
26949,11431,16,0;4;3;1;2
26950,21391,16,0;2;3;1;4
26951,19062,16,0;4;2;3;1
26952,25869,16,0;1;4;3;2
26953,14787,16,0;4;2;3;1
26954,17702,16,0;3;1;2;4
26955,26456,16,0;1;2;4;3
26956,14947,16,0;4;3;1;2
26957,18555,16,0;3;2;1;4
26958,26693,16,0;1;2;3;4
26959,7198,16,0;4;3;2;1
26960,12399,16,0;4;3;2;1
26961,24209,16,0;4;3;2;1
26962,10602,16,0;4;2;3;1
26963,8221,16,0;4;3;2;1
26964,26652,16,0;1;3;4;2
26965,17690,16,0;4;3;2;1
26966,25132,16,0;4;3;1;2
26967,26680,16,0;1;4;2;3
26968,16268,16,0;3;4;2;1
26969,10679,16,0;4;3;2;1
26970,18638,16,0;4;3;2;1
26971,22595,16,0;4;3;2;1
26972,13983,16,0;2;3;4;1
26973,16249,16,0;4;2;1;3
26974,17889,16,0;3;4;1;2
26975,16231,16,0;3;4;2;1
26976,12376,16,0;4;3;1;2
26977,26481,16,0;1;4;2;3
26978,27000,16,0;2;1;4;3
26979,17783,16,0;3;1;4;2
26980,14782,16,0;4;3;2;1
26981,12669,16,0;4;3;2;1
26982,27102,16,0;1;2;3;4
26983,26658,16,0;1;4;2;3
26984,27333,16,0;4;1;3;2
26985,23370,16,0;3;1;4;2
26986,22604,16,0;3;1;4;2
26987,18650,16,0;4;2;1;3
26988,27307,16,0;1;2;3;4
26989,20131,16,0;4;3;1;2
26990,12989,16,0;4;3;2;1
26991,20479,16,0;4;3;2;1
26992,8024,16,0;4;2;3;1
26993,10867,16,0;4;3;1;2
26994,27289,16,0;1;3;4;2
26995,27288,16,0;1;4;3;2
26996,27287,16,0;1;4;3;2
26997,27286,16,0;1;3;4;2
26998,27285,16,0;1;4;3;2
26999,27284,16,0;1;3;4;2
27000,14645,16,0;4;3;1;2
27001,10923,16,0;4;3;2;1
27002,21585,16,0;4;1;3;2
27003,27295,16,0;1;4;3;2
27004,22594,16,0;2;4;3;1
27005,11316,16,0;3;4;2;1
27006,21772,16,0;4;1;2;3
27007,15889,16,0;3;1;4;2
27008,24652,16,0;4;3;1;2
27009,20633,16,0;4;3;1;2
27010,21411,16,0;3;4;1;2
27011,11463,16,0;3;4;2;1
27012,10680,16,0;4;3;2;1
27013,18639,16,0;4;3;2;1
27014,22596,16,0;4;3;2;1
27015,23607,16,0;4;1;2;3
27016,13056,16,0;4;2;1;3
27017,12494,16,0;4;2;1;3
27018,8090,16,0;4;3;2;1
27019,13047,16,0;4;3;2;1
27020,18552,16,0;2;4;3;1
27021,7994,16,0;4;3;2;1
27022,7138,16,0;4;2;1;3
27023,23476,16,0;3;4;2;1
27024,22247,16,0;4;1;3;2
27025,16432,16,0;4;2;3;1
27026,27380,16,0;1;2;3;4
27027,10874,16,0;4;2;3;1
27028,27334,16,0;1;4;3;2
27029,13929,16,0;4;3;2;1
27030,24047,16,0;4;2;3;1
27031,23509,16,0;4;3;1;2
27032,24568,16,0;4;1;3;2
27033,22711,16,0;4;1;2;3
27034,27360,16,0;1;4;2;3
27035,14921,16,0;4;3;2;1
27036,14050,16,0;4;3;2;1
27037,8021,16,0;3;4;2;1
27038,7998,16,0;3;4;2;1
27039,8110,16,0;4;2;3;1
27040,19734,16,0;3;2;1;4
27041,20581,16,0;4;1;3;2
27042,27070,16,0;1;4;3;2
27043,27319,16,0;1;4;3;2
27044,6695,16,0;4;3;2;1
27045,7468,16,0;4;3;2;1
27046,21780,16,0;4;3;1;2
27047,27369,16,0;1;4;3;2
27048,17737,16,0;4;3;1;2
27049,15021,16,0;4;3;1;2
27050,23297,16,0;2;1;4;3
27051,7619,16,0;4;3;2;1
27052,18672,16,0;3;1;4;2
27053,15986,16,0;4;3;2;1
27054,10793,16,0;4;3;1;2
27055,16016,16,0;4;1;3;2
27056,14941,16,0;4;3;2;1
27057,11403,16,0;4;1;3;2
27058,16450,16,0;4;1;3;2
27059,27385,16,0;1;2;4;3
27060,22671,16,0;4;1;2;3
27061,23314,16,0;4;1;3;2
27062,23574,16,0;4;1;2;3
27063,14912,16,0;4;3;2;1
27064,10771,16,0;4;3;2;1
27065,21389,16,0;3;1;2;4
27066,16410,16,0;3;1;4;2
27067,14103,16,0;4;1;3;2
27068,14858,16,0;4;3;1;2
27069,12525,16,0;4;3;1;2
27070,10816,16,0;4;3;2;1
27071,14909,16,0;4;1;3;2
27072,16267,16,0;4;1;3;2
27073,16243,16,0;4;1;2;3
27074,10909,16,0;4;3;2;1
27075,16387,16,0;4;3;1;2
27076,15824,16,0;4;3;1;2
27077,6796,16,0;4;3;2;1
27078,20530,16,0;3;4;1;2
27079,16297,16,0;4;1;2;3
27080,7211,16,0;4;3;2;1
27081,15969,16,0;4;1;2;3
27082,10832,16,0;4;3;2;1
27083,12456,16,0;4;2;3;1
27084,15977,16,0;4;3;1;2
27085,20026,16,0;4;2;1;3
27086,18976,16,0;2;3;1;4
27087,16318,16,0;4;3;1;2
27088,13171,16,0;3;4;2;1
27089,20492,16,0;3;2;1;4
27090,19135,16,0;4;3;1;2
27091,19037,16,0;4;3;1;2
27092,17517,16,0;3;1;4;2
27093,20634,16,0;4;3;1;2
27094,14200,16,0;4;2;3;1
27095,19126,16,0;4;1;3;2
27096,21778,16,0;4;1;2;3
27097,13946,16,0;4;2;1;3
27098,14830,16,0;3;4;1;2
27099,21414,16,0;4;1;3;2
27100,20246,16,0;4;2;1;3
27101,15927,16,0;2;4;1;3
27102,14254,16,0;4;3;2;1
27103,7170,16,0;4;2;3;1
27104,8058,16,0;4;2;3;1
27105,14257,16,0;4;3;2;1
27106,14415,16,0;4;3;1;2
27107,8009,16,0;4;2;3;1
27108,12534,16,0;4;3;2;1
27109,13013,16,0;2;4;3;1
27110,12434,16,0;4;3;2;1
27111,21388,16,0;4;1;3;2
27112,7281,16,0;2;3;4;1
27113,17731,16,0;2;3;4;1
27114,7818,16,0;4;3;1;2
27115,11579,16,0;4;3;1;2
27116,13142,16,0;4;3;2;1
27117,21735,16,0;4;1;3;2
27118,21378,16,0;4;3;1;2
27119,15900,16,0;2;4;1;3
27120,15689,16,0;3;4;2;1
27121,14233,16,0;2;4;3;1
27122,20684,16,0;4;3;1;2
27123,17829,16,0;4;3;1;2
27124,7133,16,0;2;3;4;1
27125,11588,16,0;3;4;2;1
27126,21717,16,0;2;1;4;3
27127,13966,16,0;3;4;1;2
27128,6656,16,0;4;3;2;1
27129,13236,16,0;4;3;1;2
27130,11560,16,0;4;3;1;2
27131,14996,16,0;4;3;1;2
27132,18635,16,0;3;4;2;1
27133,10407,16,0;4;2;3;1
27134,16284,16,0;3;4;1;2
27135,25318,16,0;3;4;1;2
27136,26971,16,0;4;3;1;2
27137,17186,16,0;4;3;2;1
27138,21720,16,0;3;4;1;2
27139,14765,16,0;3;4;2;1
27140,7106,16,0;3;4;2;1
27141,10376,16,0;4;3;2;1
27142,22254,16,0;4;3;2;1
27143,17230,16,0;4;3;2;1
27144,20047,16,0;3;4;1;2
27145,20511,16,0;4;2;1;3
27146,23635,16,0;4;3;1;2
27147,25979,16,0;4;3;2;1
27148,17223,16,0;4;3;2;1
27149,17249,16,0;4;3;2;1
27150,19729,16,0;4;2;3;1
27151,19730,16,0;4;2;3;1
27152,8112,16,0;1;2;3;4
27153,9675,16,0;1;3;4;2
27154,11293,16,0;1;4;3;2
27155,14798,16,0;2;1;4;3
27156,25251,16,0;3;1;2;4
27157,20160,16,0;1;4;2;3
27158,9100,16,0;4;3;2;1
27159,22251,16,0;2;3;1;4
27160,9811,16,0;4;3;1;2
27161,9552,16,0;2;3;4;1
27162,7730,16,0;4;3;1;2
27163,18743,16,0;4;1;2;3
27164,8892,16,0;4;3;2;1
27165,9852,16,0;3;4;2;1
27166,9647,16,0;4;2;3;1
27167,9603,16,0;4;3;2;1
27168,9597,16,0;4;3;2;1
27169,9130,16,0;4;3;2;1
27170,9761,16,0;4;2;3;1
27171,9088,16,0;4;2;3;1
27172,26047,16,0;1;2;4;3
27173,26059,16,0;1;3;2;4
27174,12459,16,0;3;4;1;2
27175,9052,16,0;4;3;2;1
27176,26009,16,0;1;4;2;3
27177,9184,16,0;4;3;1;2
27178,26457,16,0;1;2;4;3
27179,6728,16,0;4;3;2;1
27180,18965,16,0;3;4;2;1
27181,26472,16,0;1;4;3;2
27182,26973,16,0;1;2;3;4
27183,26972,16,0;1;4;3;2
27184,27120,16,0;1;3;4;2
27185,27095,16,0;1;4;3;2
27186,27283,16,0;1;3;4;2
27187,9742,16,0;3;4;1;2
27188,27296,16,0;1;4;3;2
27189,14763,16,0;4;3;1;2
27190,9141,16,0;4;3;2;1
27191,9657,16,0;2;4;1;3
27192,7629,16,0;4;2;3;1
27193,9670,16,0;2;4;1;3
27194,14035,16,0;4;3;1;2
27195,12693,16,0;4;3;1;2
27196,9572,16,0;4;3;2;1
27197,9576,16,0;4;3;1;2
27198,9765,16,0;4;2;3;1
27199,13126,16,0;4;3;1;2
27200,7701,16,0;3;4;2;1
27201,7505,16,0;4;3;2;1
27202,12386,16,0;4;1;3;2
27203,18620,16,0;3;1;4;2
27204,22696,16,0;4;1;3;2
27205,9666,16,0;4;1;3;2
27206,27213,16,0;1;4;3;2
27207,12977,16,0;4;3;1;2
27208,9635,16,0;4;3;2;1
27209,13903,16,0;4;2;3;1
27210,15749,16,0;4;2;3;1
27211,17899,16,0;4;2;1;3
27212,9832,16,0;4;2;3;1
27213,17823,16,0;4;1;3;2
27214,14525,16,0;3;1;4;2
27215,7431,16,0;4;3;2;1
27216,9162,16,0;4;3;2;1
27217,7822,16,0;4;3;1;2
27218,7507,16,0;3;4;2;1
27219,9636,16,0;4;2;1;3
27220,8168,16,0;4;3;1;2
27221,9846,16,0;4;3;1;2
27222,9625,16,0;2;4;3;1
27223,9601,16,0;4;2;3;1
27224,16370,16,0;4;1;3;2
27225,9093,16,0;4;3;2;1
27226,11363,16,0;4;2;3;1
27227,22537,16,0;4;1;3;2
27228,8918,16,0;4;2;3;1
27229,6643,16,0;4;3;2;1
27230,7304,16,0;4;2;3;1
27231,13198,16,0;4;3;1;2
27232,14230,16,0;3;4;1;2
27233,9879,16,0;4;3;2;1
27234,9702,16,0;4;3;2;1
27235,9707,16,0;3;4;2;1
27236,17375,16,0;4;2;1;3
27237,9616,16,0;4;3;1;2
27238,8883,16,0;3;2;4;1
27239,9599,16,0;3;4;2;1
27240,19760,16,0;3;4;1;2
27241,9115,16,0;4;3;2;1
27242,9212,16,0;4;2;1;3
27243,9320,16,0;4;3;1;2
27244,14950,16,0;4;3;2;1
27245,9683,16,0;4;1;2;3
27246,8900,16,0;4;2;3;1
27247,9129,16,0;4;3;2;1
27248,9726,16,0;4;3;1;2
27249,27140,16,0;4;2;1;3
27250,6752,16,0;1;4;2;3
27251,6743,16,0;1;4;3;2
27252,7634,16,0;1;3;2;4
27253,10573,16,0;1;2;4;3
27254,11229,16,0;1;2;3;4
27255,10477,16,0;1;2;3;4
27256,11718,16,0;3;4;1;2
27257,14471,16,0;3;4;2;1
27258,15987,16,0;3;1;2;4
27259,17253,16,0;3;1;2;4
27260,17640,16,0;1;4;2;3
27261,10738,16,0;4;3;2;1
27262,14139,16,0;4;2;3;1
27263,11012,16,0;4;3;1;2
27264,20051,16,0;1;4;3;2
27265,12423,16,0;4;2;3;1
27266,21650,16,0;1;4;2;3
27267,20454,16,0;4;1;2;3
27268,21432,16,0;1;4;2;3
27269,23255,16,0;2;3;1;4
27270,14149,16,0;3;2;4;1
27271,16983,16,0;4;2;3;1
27272,23534,16,0;4;1;2;3
27273,18791,16,0;3;4;1;2
27274,14105,16,0;4;1;2;3
27275,7265,16,0;3;2;4;1
27276,16195,16,0;4;3;1;2
27277,12930,16,0;4;3;2;1
27278,22562,16,0;2;3;1;4
27279,23440,16,0;1;2;4;3
27280,23447,16,0;1;3;4;2
27281,17184,16,0;2;3;4;1
27282,18941,16,0;4;3;1;2
27283,15780,16,0;2;4;3;1
27284,12112,16,0;4;3;1;2
27285,12861,16,0;4;3;1;2
27286,23465,16,0;1;4;3;2
27287,15669,16,0;3;4;2;1
27288,12314,16,0;2;4;3;1
27289,23618,16,0;4;1;3;2
27290,12864,16,0;4;3;2;1
27291,14201,16,0;4;2;1;3
27292,16165,16,0;2;3;4;1
27293,11281,16,0;4;3;2;1
27294,22454,16,0;4;1;3;2
27295,15772,16,0;4;2;1;3
27296,6793,16,0;4;3;2;1
27297,25262,16,0;1;2;3;4
27298,8109,16,0;3;4;2;1
27299,25320,16,0;1;3;4;2
27300,17626,16,0;4;2;3;1
27301,17172,16,0;2;3;4;1
27302,25958,16,0;1;3;2;4
27303,12921,16,0;4;3;2;1
27304,24653,16,0;4;3;1;2
27305,20430,16,0;3;4;1;2
27306,14736,16,0;4;3;2;1
27307,25950,16,0;4;2;3;1
27308,17171,16,0;2;4;3;1
27309,6806,16,0;4;3;2;1
27310,7114,16,0;3;4;2;1
27311,18586,16,0;4;2;1;3
27312,19175,16,0;4;3;1;2
27313,14810,16,0;3;4;1;2
27314,23301,16,0;4;1;3;2
27315,10553,16,0;3;4;2;1
27316,26616,16,0;1;4;2;3
27317,27089,16,0;1;2;4;3
27318,27101,16,0;1;2;4;3
27319,15817,16,0;3;4;1;2
27320,27012,16,0;1;3;4;2
27321,22310,16,0;3;4;2;1
27322,27275,16,0;1;3;4;2
27323,20682,16,0;4;3;1;2
27324,25263,16,0;3;4;1;2
27325,12952,16,0;4;3;2;1
27326,26090,16,0;3;2;1;4
27327,6757,16,0;4;3;1;2
27328,7042,16,0;3;4;2;1
27329,12316,16,0;4;3;2;1
27330,27274,16,0;1;4;2;3
27331,15696,16,0;3;2;4;1
27332,18607,16,0;2;3;1;4
27333,17246,16,0;4;2;1;3
27334,19077,16,0;3;4;1;2
27335,15698,16,0;3;2;1;4
27336,22646,16,0;3;2;1;4
27337,20499,16,0;3;2;1;4
27338,7970,16,0;4;3;2;1
27339,10566,16,0;4;3;2;1
27340,8059,16,0;4;2;3;1
27341,12463,16,0;4;1;3;2
27342,12929,16,0;4;1;2;3
27343,12928,16,0;4;1;3;2
27344,12927,16,0;4;1;2;3
27345,20383,16,0;4;3;2;1
27346,12884,16,0;2;4;3;1
27347,15664,16,0;4;2;1;3
27348,13902,16,0;4;2;1;3
27349,11153,16,0;4;3;1;2
27350,14634,16,0;4;3;1;2
27351,22246,16,0;4;1;2;3
27352,19991,16,0;3;1;4;2
27353,23233,16,0;4;1;3;2
27354,20318,16,0;3;4;1;2
27355,10342,16,0;4;2;3;1
27356,7237,16,0;4;3;2;1
27357,8143,16,0;4;3;1;2
27358,18670,16,0;3;1;4;2
27359,17190,16,0;3;4;2;1
27360,16162,16,0;3;2;4;1
27361,22565,16,0;4;1;3;2
27362,11549,16,0;4;3;1;2
27363,7219,16,0;4;2;3;1
27364,7258,16,0;4;3;2;1
27365,12308,16,0;4;3;2;1
27366,12319,16,0;3;4;2;1
27367,12293,16,0;4;3;2;1
27368,10421,16,0;3;4;1;2
27369,12878,16,0;4;2;3;1
27370,14743,16,0;4;3;2;1
27371,12961,16,0;4;2;3;1
27372,18928,16,0;3;1;4;2
27373,7896,16,0;3;4;2;1
27374,15666,16,0;4;3;2;1
27375,12294,16,0;4;2;3;1
27376,10659,16,0;3;4;2;1
27377,12890,16,0;4;3;2;1
27378,14722,16,0;4;2;3;1
27379,14720,16,0;4;2;3;1
27380,10574,16,0;2;3;4;1
27381,23464,16,0;4;1;3;2
27382,10570,16,0;2;4;1;3
27383,6769,16,0;4;3;2;1
27384,17038,16,0;3;2;1;4
27385,10526,16,0;4;3;2;1
27386,10772,16,0;4;3;2;1
27387,12150,16,0;3;4;2;1
27388,12338,16,0;2;4;3;1
27389,16203,16,0;3;4;1;2
27390,12881,16,0;3;4;2;1
27391,11207,16,0;4;2;3;1
27392,22553,16,0;3;1;4;2
27393,13251,16,0;4;3;1;2
27394,14127,16,0;4;3;2;1
27395,23237,16,0;4;3;2;1
27396,17650,16,0;4;3;1;2
27397,15668,16,0;4;3;2;1
27398,18938,16,0;4;3;1;2
27399,10335,16,0;4;3;2;1
27400,18617,16,0;3;4;1;2
27401,17183,16,0;4;2;3;1
27402,14703,16,0;4;3;2;1
27403,12322,16,0;4;2;3;1
27404,15804,16,0;4;3;2;1
27405,9020,16,0;1;4;3;2
27406,10611,16,0;1;2;3;4
27407,11383,16,0;1;3;4;2
27408,14287,16,0;1;2;4;3
27409,16182,16,0;1;3;2;4
27410,9103,16,0;4;1;3;2
27411,6641,16,0;4;3;2;1
27412,21659,16,0;1;3;4;2
27413,9023,16,0;3;4;2;1
27414,9903,16,0;4;2;3;1
27415,7409,16,0;4;3;1;2
27416,8039,16,0;4;2;3;1
27417,9199,16,0;4;2;3;1
27418,9448,16,0;4;3;2;1
27419,9200,16,0;4;1;3;2
27420,17636,16,0;2;3;1;4
27421,27086,16,0;1;4;3;2
27422,17373,16,0;4;2;1;3
27423,14677,16,0;3;4;1;2
27424,6631,16,0;4;3;2;1
27425,8857,16,0;4;3;2;1
27426,9178,16,0;4;3;1;2
27427,10999,16,0;4;3;1;2
27428,9513,16,0;4;1;2;3
27429,9512,16,0;4;1;2;3
27430,9511,16,0;4;1;2;3
27431,9510,16,0;4;1;3;2
27432,9509,16,0;4;1;3;2
27433,25249,16,0;4;3;1;2
27434,8849,16,0;4;2;3;1
27435,9661,16,0;4;1;3;2
27436,7470,16,0;4;3;2;1
27437,21334,16,0;4;1;3;2
27438,9738,16,0;4;3;1;2
27439,20164,16,0;4;1;3;2
27440,7693,16,0;4;1;2;3
27441,7444,16,0;4;3;2;1
27442,9896,16,0;4;3;2;1
27443,9534,16,0;4;3;2;1
27444,9493,16,0;4;3;2;1
27445,15673,16,0;4;2;1;3
27446,9453,16,0;4;2;3;1
27447,7485,16,0;4;3;2;1
27448,10606,16,0;4;3;2;1
27449,9019,16,0;4;3;2;1
27450,21664,16,0;3;4;1;2
27451,14721,16,0;4;3;2;1
27452,10804,16,0;4;3;1;2
27453,9438,16,0;4;3;2;1
27454,8848,16,0;3;4;2;1
27455,8154,16,0;2;4;3;1
27456,16151,16,0;3;4;1;2
27457,26446,16,0;4;2;1;3
27458,7343,16,0;1;3;2;4
27459,9578,16,0;4;3;1;2
27460,9877,16,0;4;3;2;1
27461,2141,16,0;1;4;2;3
27462,2157,16,0;1;4;2;3
27463,1995,16,0;1;4;2;3
27464,2016,16,0;1;2;4;3
27465,1850,16,0;1;4;2;3
27466,1878,16,0;1;2;4;3
27467,2389,16,0;1;4;2;3
27468,1686,16,0;1;2;4;3
27469,1723,16,0;1;4;2;3
27470,2292,16,0;1;4;2;3
27471,2481,16,0;1;4;2;3
27472,1500,16,0;1;2;4;3
27473,1539,16,0;1;2;4;3
27474,2184,16,0;1;4;2;3
27475,2411,16,0;1;2;4;3
27476,1297,16,0;1;2;4;3
27477,1346,16,0;1;4;2;3
27478,2051,16,0;1;2;4;3
27479,2323,16,0;1;4;2;3
27480,1911,16,0;1;4;2;3
27481,2217,16,0;1;2;4;3
27482,853,16,0;1;4;2;3
27483,908,16,0;1;4;2;3
27484,1759,16,0;1;4;2;3
27485,2086,16,0;1;4;2;3
27486,876,16,0;1;4;2;3
27487,909,16,0;1;4;2;3
27488,910,16,0;1;2;4;3
27489,947,16,0;1;4;2;3
27490,948,16,0;1;2;4;3
27491,961,16,0;1;2;4;3
27492,962,16,0;1;2;4;3
27493,963,16,0;1;4;2;3
27494,964,16,0;1;4;2;3
27495,1418,16,0;1;4;2;3
27496,1543,16,0;1;4;2;3
27497,1578,16,0;1;4;2;3
27498,1581,16,0;1;2;4;3
27499,1798,16,0;1;4;2;3
27500,2694,16,0;1;2;4;3
27501,1939,16,0;1;2;4;3
27502,1940,16,0;1;2;4;3
27503,1941,16,0;1;2;4;3
27504,2740,16,0;1;2;4;3
27505,2108,16,0;1;2;4;3
27506,2189,16,0;1;2;4;3
27507,2242,16,0;1;4;2;3
27508,2312,16,0;1;2;4;3
27509,2313,16,0;1;4;2;3
27510,2325,16,0;1;2;4;3
27511,2326,16,0;1;4;2;3
27512,2327,16,0;1;2;4;3
27513,2333,16,0;1;4;2;3
27514,2354,16,0;1;4;2;3
27515,2470,16,0;1;2;4;3
27516,2471,16,0;1;4;2;3
27517,2494,16,0;1;4;2;3
27518,2505,16,0;1;4;2;3
27519,2513,16,0;1;2;4;3
27520,2659,16,0;1;2;4;3
27521,2660,16,0;1;4;2;3
27522,2661,16,0;1;4;2;3
27523,2687,16,0;1;2;4;3
27524,2688,16,0;1;4;2;3
27525,2704,16,0;1;4;2;3
27526,2707,16,0;1;4;2;3
27527,2731,16,0;1;4;2;3
27528,2755,16,0;1;2;4;3
27529,2759,16,0;1;2;4;3
27530,2760,16,0;1;2;4;3
27531,2750,16,0;1;3;2;4
27532,946,16,0;1;3;2;4
27533,949,16,0;1;3;2;4
27534,960,16,0;1;3;2;4
27535,1577,16,0;1;3;2;4
27536,959,16,0;1;3;4;2
27537,1938,16,0;1;3;2;4
27538,1417,16,0;1;3;2;4
27539,1799,16,0;1;3;2;4
27540,958,16,0;1;3;2;4
27541,2504,16,0;1;3;2;4
27542,2241,16,0;1;3;4;2
27543,2107,16,0;1;3;2;4
27544,2353,16,0;1;3;2;4
27545,2324,16,0;1;3;2;4
27546,2493,16,0;1;3;2;4
27547,1953,16,0;1;3;2;4
27548,2730,16,0;1;3;4;2
27549,2664,16,0;1;3;2;4
27550,2512,16,0;1;3;4;2
27551,2754,16,0;1;3;2;4
27552,1954,16,0;1;3;2;4
27553,2352,16,0;1;3;4;2
27554,2629,16,0;1;3;4;2
27555,2240,16,0;1;3;2;4
27556,2630,16,0;1;3;2;4
27557,2328,16,0;1;3;2;4
27558,2223,16,0;1;3;4;2
27559,2092,16,0;1;3;4;2
27560,1943,16,0;1;3;4;2
27561,1795,16,0;1;3;4;2
27562,1619,16,0;1;3;2;4
27563,1421,16,0;1;3;4;2
27564,982,16,0;1;3;2;4
27565,2706,16,0;1;3;2;4
27566,807,16,0;1;3;2;4
27567,913,16,0;1;3;2;4
27568,928,16,0;1;3;2;4
27569,2425,16,0;1;3;2;4
27570,2337,16,0;1;3;2;4
27571,2232,16,0;1;3;4;2
27572,2101,16,0;1;3;2;4
27573,1950,16,0;1;3;2;4
27574,1802,16,0;1;3;2;4
27575,1626,16,0;1;3;4;2
27576,1428,16,0;1;3;4;2
27577,2564,16,0;1;3;2;4
27578,2507,16,0;1;3;4;2
27579,2439,16,0;1;3;4;2
27580,2351,16,0;1;3;4;2
27581,1695,16,0;1;3;2;4
27582,1509,16,0;1;3;4;2
27583,1310,16,0;1;3;2;4
27584,869,16,0;1;3;4;2
27585,2738,16,0;1;3;2;4
27586,2705,16,0;1;3;4;2
27587,2329,16,0;1;3;2;4
27588,2224,16,0;1;3;2;4
27589,2093,16,0;1;3;4;2
27590,1944,16,0;1;3;4;2
27591,1796,16,0;1;3;4;2
27592,1620,16,0;1;3;4;2
27593,1422,16,0;1;3;4;2
27594,983,16,0;1;3;2;4
27595,2426,16,0;1;3;2;4
27596,2338,16,0;1;3;2;4
27597,2233,16,0;1;3;2;4
27598,2102,16,0;1;3;4;2
27599,1951,16,0;1;3;2;4
27600,1803,16,0;1;3;2;4
27601,1627,16,0;1;3;2;4
27602,1429,16,0;1;3;2;4
27603,2175,16,0;1;3;2;4
27604,2042,16,0;1;3;2;4
27605,1902,16,0;1;3;4;2
27606,1750,16,0;1;3;4;2
27607,1572,16,0;1;3;2;4
27608,1381,16,0;1;3;4;2
27609,945,16,0;1;3;4;2
27610,2766,16,0;1;3;2;4
27611,4236,16,0;1;2;4;3
27612,5348,16,0;1;4;3;2
27613,5244,16,0;1;3;4;2
27614,5484,16,0;1;2;3;4
27615,5809,16,0;1;2;3;4
27616,5072,16,0;1;4;2;3
27617,5825,16,0;1;4;2;3
27618,4464,16,0;1;3;2;4
27619,5997,16,0;1;2;4;3
27620,5093,16,0;1;4;3;2
27621,5382,16,0;1;4;2;3
27622,5830,16,0;1;4;2;3
27623,5972,16,0;1;2;4;3
27624,4970,16,0;1;4;3;2
27625,5974,16,0;1;4;2;3
27626,5833,16,0;1;4;2;3
27627,5524,16,0;1;3;2;4
27628,4516,16,0;1;3;4;2
27629,3144,16,0;1;4;3;2
27630,4966,16,0;1;4;3;2
27631,4271,16,0;1;4;3;2
27632,6162,16,0;1;2;4;3
27633,4517,16,0;1;4;3;2
27634,6187,16,0;1;3;2;4
27635,5746,16,0;1;3;2;4
27636,5460,16,0;1;3;4;2
27637,5466,16,0;1;3;4;2
27638,5245,16,0;1;4;3;2
27639,5430,16,0;1;4;2;3
27640,5443,16,0;1;4;2;3
27641,5458,16,0;1;3;2;4
27642,5338,16,0;1;4;2;3
27643,5354,16,0;1;4;2;3
27644,5391,16,0;1;4;2;3
27645,6178,16,0;1;4;2;3
27646,3338,16,0;1;4;3;2
27647,6138,16,0;1;4;3;2
27648,5407,16,0;1;4;3;2
27649,5896,16,0;1;3;2;4
27650,5431,16,0;1;4;3;2
27651,4509,16,0;1;3;4;2
27652,5918,16,0;1;3;2;4
27653,6098,16,0;1;3;2;4
27654,3163,16,0;1;4;3;2
27655,4483,16,0;1;4;3;2
27656,6220,16,0;1;4;3;2
27657,5788,16,0;1;4;3;2
27658,4865,16,0;1;4;3;2
27659,5535,16,0;1;3;4;2
27660,5521,16,0;1;3;4;2
27661,6085,16,0;1;4;2;3
27662,5279,16,0;1;4;3;2
27663,6322,16,0;1;3;4;2
27664,6172,16,0;1;4;3;2
27665,5944,16,0;1;3;2;4
27666,4876,16,0;1;3;2;4
27667,6397,16,0;1;2;4;3
27668,6403,16,0;1;2;4;3
27669,3047,16,0;1;4;3;2
27670,3266,16,0;1;3;4;2
27671,5462,16,0;1;3;4;2
27672,5970,16,0;1;4;2;3
27673,6285,16,0;1;3;4;2
27674,4475,16,0;1;3;4;2
27675,5968,16,0;1;3;2;4
27676,4960,16,0;1;3;4;2
27677,5787,16,0;1;4;2;3
27678,5849,16,0;1;4;2;3
27679,4860,16,0;1;4;3;2
27680,5530,16,0;1;3;4;2
27681,6255,16,0;1;3;4;2
27682,6040,16,0;1;3;2;4
27683,5950,16,0;1;3;2;4
27684,6156,16,0;1;4;2;3
27685,6239,16,0;1;3;4;2
27686,5762,16,0;1;3;4;2
27687,6002,16,0;1;4;2;3
27688,6289,16,0;1;4;3;2
27689,5518,16,0;1;4;2;3
27690,6423,16,0;1;2;3;4
27691,6145,16,0;1;3;2;4
27692,6427,16,0;1;2;3;4
27693,6179,16,0;1;4;3;2
27694,4973,16,0;1;3;4;2
27695,6346,16,0;1;4;2;3
27696,3211,16,0;1;3;4;2
27697,4934,16,0;1;3;4;2
27698,5374,16,0;1;3;4;2
27699,6292,16,0;1;3;4;2
27700,5868,16,0;1;4;2;3
27701,3122,16,0;1;4;2;3
27702,5205,16,0;1;3;4;2
27703,5506,16,0;1;3;4;2
27704,6252,16,0;1;3;2;4
27705,6447,16,0;1;2;3;4
27706,4955,16,0;1;3;4;2
27707,3302,16,0;1;3;4;2
27708,4937,16,0;1;3;4;2
27709,5823,16,0;1;4;3;2
27710,5822,16,0;1;3;4;2
27711,6455,16,0;1;2;3;4
27712,5498,16,0;1;3;2;4
27713,4938,16,0;1;2;4;3
27714,5286,16,0;1;4;2;3
27715,3215,16,0;1;4;2;3
27716,6449,16,0;1;3;4;2
27717,5952,16,0;1;3;4;2
27718,6007,16,0;1;4;2;3
27719,6470,16,0;1;2;4;3
27720,6016,16,0;1;3;4;2
27721,4719,16,0;1;4;2;3
27722,5519,16,0;1;3;4;2
27723,3310,16,0;1;3;4;2
27724,3016,16,0;1;4;3;2
27725,5327,16,0;1;4;3;2
27726,4641,16,0;1;3;4;2
27727,6238,16,0;1;3;2;4
27728,6389,16,0;1;3;4;2
27729,5228,16,0;1;3;4;2
27730,5229,16,0;1;2;4;3
27731,5909,16,0;1;3;2;4
27732,6475,16,0;1;2;4;3
27733,4358,16,0;1;3;4;2
27734,5525,16,0;1;3;4;2
27735,6434,16,0;1;4;2;3
27736,5491,16,0;1;4;3;2
27737,4909,16,0;1;4;3;2
27738,6203,16,0;1;4;3;2
27739,6306,16,0;1;4;3;2
27740,5284,16,0;1;4;3;2
27741,3272,16,0;1;4;3;2
27742,5285,16,0;1;4;3;2
27743,4275,16,0;1;4;3;2
27744,5807,16,0;1;4;3;2
27745,6452,16,0;1;3;4;2
27746,6436,16,0;1;4;2;3
27747,4325,16,0;1;4;2;3
27748,5598,16,0;1;3;4;2
27749,4341,16,0;1;4;3;2
27750,5192,16,0;1;4;3;2
27751,5897,16,0;1;4;3;2
27752,4473,16,0;1;3;4;2
27753,6263,16,0;1;4;2;3
27754,4688,16,0;1;4;3;2
27755,4908,16,0;1;2;4;3
27756,6041,16,0;1;3;2;4
27757,5520,16,0;1;4;3;2
27758,4775,16,0;1;4;3;2
27759,6190,16,0;1;4;3;2
27760,4320,16,0;1;4;3;2
27761,4396,16,0;1;3;4;2
27762,5477,16,0;1;4;2;3
27763,6362,16,0;1;4;3;2
27764,6474,16,0;1;2;3;4
27765,3277,16,0;1;4;3;2
27766,5971,16,0;1;4;2;3
27767,4476,16,0;1;4;3;2
27768,6383,16,0;1;3;4;2
27769,5509,16,0;1;4;2;3
27770,5499,16,0;1;4;3;2
27771,5923,16,0;1;4;3;2
27772,6414,16,0;1;3;2;4
27773,6299,16,0;1;4;3;2
27774,5092,16,0;1;4;3;2
27775,6460,16,0;1;3;2;4
27776,6101,16,0;1;4;3;2
27777,3050,16,0;1;4;3;2
27778,6241,16,0;1;3;4;2
27779,5607,16,0;1;4;3;2
27780,3114,16,0;1;4;3;2
27781,3095,16,0;1;4;3;2
27782,4659,16,0;1;4;3;2
27783,4999,16,0;1;4;3;2
27784,6442,16,0;1;4;2;3
27785,5065,16,0;1;4;3;2
27786,3258,16,0;1;4;3;2
27787,5119,16,0;1;4;3;2
27788,6104,16,0;1;4;3;2
27789,4859,16,0;1;4;3;2
27790,5937,16,0;1;2;4;3
27791,6154,16,0;1;4;3;2
27792,6017,16,0;1;4;3;2
27793,4502,16,0;1;4;3;2
27794,5210,16,0;1;3;2;4
27795,5478,16,0;1;4;3;2
27796,4257,16,0;1;4;3;2
27797,4832,16,0;1;4;3;2
27798,6221,16,0;1;4;2;3
27799,2878,16,0;1;4;3;2
27800,3228,16,0;1;4;3;2
27801,3167,16,0;1;3;4;2
27802,5732,16,0;1;4;3;2
27803,3068,16,0;1;4;3;2
27804,3161,16,0;1;4;3;2
27805,3142,16,0;1;3;4;2
27806,4433,16,0;1;4;3;2
27807,5003,16,0;1;4;2;3
27808,5007,16,0;1;4;2;3
27809,6110,16,0;1;4;3;2
27810,4319,16,0;1;4;3;2
27811,3037,16,0;1;4;3;2
27812,4894,16,0;1;4;3;2
27813,5095,16,0;1;4;3;2
27814,3220,16,0;1;4;3;2
27815,4374,16,0;1;4;2;3
27816,4870,16,0;1;4;3;2
27817,6371,16,0;1;4;2;3
27818,3268,16,0;1;4;3;2
27819,3139,16,0;1;4;3;2
27820,2994,16,0;1;4;3;2
27821,4848,16,0;1;4;3;2
27822,5116,16,0;1;4;3;2
27823,5307,16,0;1;4;3;2
27824,4373,16,0;1;4;3;2
27825,4357,16,0;1;4;3;2
27826,4670,16,0;1;4;3;2
27827,4359,16,0;1;4;3;2
27828,6071,16,0;1;4;3;2
27829,3325,16,0;1;3;4;2
27830,6382,16,0;1;2;4;3
27831,6402,16,0;1;4;2;3
27832,5394,16,0;1;4;3;2
27833,4274,16,0;1;4;3;2
27834,3240,16,0;1;3;4;2
27835,4871,16,0;1;4;3;2
27836,4344,16,0;1;4;3;2
27837,5099,16,0;1;4;3;2
27838,4463,16,0;1;4;3;2
27839,3283,16,0;1;4;3;2
27840,5725,16,0;1;4;3;2
27841,6446,16,0;1;2;4;3
27842,4650,16,0;1;4;3;2
27843,5507,16,0;1;4;3;2
27844,3026,16,0;1;4;3;2
27845,5804,16,0;1;4;3;2
27846,5070,16,0;1;4;3;2
27847,4835,16,0;1;4;3;2
27848,4810,16,0;1;4;3;2
27849,5919,16,0;1;4;3;2
27850,5888,16,0;1;4;3;2
27851,6456,16,0;1;4;2;3
27852,6352,16,0;1;4;2;3
27853,3063,16,0;1;4;3;2
27854,6199,16,0;1;4;3;2
27855,4497,16,0;1;4;3;2
27856,5366,16,0;1;4;3;2
27857,3307,16,0;1;4;3;2
27858,5200,16,0;1;4;3;2
27859,6411,16,0;1;4;2;3
27860,5267,16,0;1;4;3;2
27861,4157,16,0;1;3;4;2
27862,5274,16,0;1;3;4;2
27863,4750,16,0;1;4;3;2
27864,3299,16,0;1;4;3;2
27865,5135,16,0;1;4;3;2
27866,5188,16,0;1;4;3;2
27867,5163,16,0;1;3;4;2
27868,5910,16,0;1;4;3;2
27869,4997,16,0;1;4;3;2
27870,4232,16,0;1;4;3;2
27871,5782,16,0;1;4;3;2
27872,5587,16,0;1;4;3;2
27873,4485,16,0;1;4;3;2
27874,5638,16,0;1;4;3;2
27875,4864,16,0;1;4;3;2
27876,3297,16,0;1;4;3;2
27877,3329,16,0;1;4;3;2
27878,6276,16,0;1;3;4;2
27879,6066,16,0;1;4;3;2
27880,5486,16,0;1;4;3;2
27881,6097,16,0;1;4;3;2
27882,6195,16,0;1;4;3;2
27883,12816,16,0;1;2;3;4
27884,12836,16,0;1;4;3;2
27885,12841,16,0;1;4;2;3
27886,12838,16,0;1;3;4;2
27887,12493,16,0;1;3;2;4
27888,14797,16,0;1;2;3;4
27889,12439,16,0;2;4;3;1
27890,20283,16,0;1;2;3;4
27891,11121,16,0;2;4;3;1
27892,15914,16,0;4;3;1;2
27893,22321,16,0;1;2;4;3
27894,22283,16,0;1;4;3;2
27895,7879,16,0;2;4;3;1
27896,22515,16,0;1;4;3;2
27897,12825,16,0;3;4;1;2
27898,23267,16,0;1;4;3;2
27899,14259,16,0;4;3;2;1
27900,12887,16,0;4;2;3;1
27901,12891,16,0;4;3;2;1
27902,6657,16,0;2;4;3;1
27903,16979,16,0;2;3;4;1
27904,14122,16,0;3;4;2;1
27905,11062,16,0;2;4;3;1
27906,21368,16,0;3;1;2;4
27907,21401,16,0;4;1;3;2
27908,15885,16,0;3;2;4;1
27909,15798,16,0;3;2;1;4
27910,11069,16,0;3;2;1;4
27911,26600,16,0;1;4;3;2
27912,14618,16,0;4;2;3;1
27913,6711,16,0;4;2;3;1
27914,17647,16,0;2;3;4;1
27915,14159,16,0;2;3;4;1
27916,8247,16,0;4;3;1;2
27917,6602,16,0;3;2;4;1
27918,10742,16,0;4;3;2;1
27919,7177,16,0;4;3;2;1
27920,12344,16,0;4;2;3;1
27921,27091,16,0;1;4;2;3
27922,27273,16,0;1;4;2;3
27923,10799,16,0;4;1;3;2
27924,10565,16,0;4;3;2;1
27925,10380,16,0;4;3;1;2
27926,10492,16,0;4;3;2;1
27927,12154,16,0;4;2;3;1
27928,13164,16,0;4;3;1;2
27929,8128,16,0;4;2;3;1
27930,10661,16,0;4;3;1;2
27931,13961,16,0;4;3;1;2
27932,13022,16,0;4;1;2;3
27933,7880,16,0;4;2;3;1
27934,7877,16,0;2;3;4;1
27935,12444,16,0;4;3;2;1
27936,13916,16,0;3;4;1;2
27937,12424,16,0;4;3;1;2
27938,7373,16,0;4;3;2;1
27939,14205,16,0;3;2;1;4
27940,16183,16,0;4;1;2;3
27941,26460,16,0;3;1;2;4
27942,11255,16,0;4;2;1;3
27943,7912,16,0;4;3;2;1
27944,20452,16,0;4;3;1;2
27945,12318,16,0;3;4;2;1
27946,17617,16,0;4;3;1;2
27947,12421,16,0;2;3;4;1
27948,14176,16,0;2;4;3;1
27949,11138,16,0;4;3;2;1
27950,10395,16,0;4;2;3;1
27951,7267,16,0;4;3;2;1
27952,10503,16,0;4;3;2;1
27953,13906,16,0;3;4;2;1
27954,12810,16,0;4;2;3;1
27955,27331,16,0;4;1;2;3
27956,10455,16,0;3;2;4;1
27957,11059,16,0;3;2;4;1
27958,10888,16,0;4;3;1;2
27959,24199,16,0;4;2;1;3
27960,10524,16,0;4;2;3;1
27961,1363,16,0;1;2;4;3
27962,1580,16,0;1;2;4;3
27963,1914,16,0;1;2;4;3
27964,1915,16,0;1;4;2;3
27965,2190,16,0;1;4;2;3
27966,2277,16,0;1;4;2;3
27967,2314,16,0;1;4;2;3
27968,2547,16,0;1;2;4;3
27969,2690,16,0;1;2;4;3
27970,1362,16,0;1;3;2;4
27971,1579,16,0;1;3;2;4
27972,3479,16,0;1;2;3;4
27973,3506,16,0;1;2;3;4
27974,3618,16,0;1;2;3;4
27975,3620,16,0;1;2;3;4
27976,3625,16,0;1;2;3;4
27977,3626,16,0;1;2;3;4
27978,3633,16,0;1;2;3;4
27979,3554,16,0;1;2;4;3
27980,3639,16,0;1;2;3;4
27981,3555,16,0;1;2;4;3
27982,3612,16,0;1;2;4;3
27983,3517,16,0;1;2;4;3
27984,3467,16,0;1;2;4;3
27985,3455,16,0;1;2;4;3
27986,3437,16,0;1;2;4;3
27987,3448,16,0;1;2;4;3
27988,3466,16,0;1;2;4;3
27989,3445,16,0;1;2;4;3
27990,3496,16,0;1;2;4;3
27991,3580,16,0;1;2;4;3
27992,4078,16,0;1;3;4;2
27993,3717,16,0;1;4;3;2
27994,3852,16,0;1;4;3;2
27995,3985,16,0;1;3;4;2
27996,3312,16,0;1;4;3;2
27997,3970,16,0;1;4;3;2
27998,4106,16,0;1;4;3;2
27999,3729,16,0;1;4;3;2
28000,4101,16,0;1;3;4;2
28001,3700,16,0;1;4;3;2
28002,3716,16,0;1;4;3;2
28003,4038,16,0;1;4;2;3
28004,3818,16,0;1;3;4;2
28005,4037,16,0;1;4;3;2
28006,4036,16,0;1;2;4;3
28007,3949,16,0;1;4;3;2
28008,3930,16,0;1;4;3;2
28009,3099,16,0;1;4;2;3
28010,3895,16,0;1;4;3;2
28011,4031,16,0;1;4;3;2
28012,3912,16,0;1;4;3;2
28013,3896,16,0;1;4;3;2
28014,4094,16,0;1;3;4;2
28015,4064,16,0;1;4;3;2
28016,3847,16,0;1;4;3;2
28017,3977,16,0;1;4;3;2
28018,9037,16,0;1;3;2;4
28019,13123,16,0;3;4;1;2
28020,22353,16,0;1;4;2;3
28021,9201,16,0;4;2;3;1
28022,10501,16,0;4;3;2;1
28023,7128,16,0;4;3;2;1
28024,9393,16,0;2;4;3;1
28025,9868,16,0;4;3;1;2
28026,26037,16,0;1;4;3;2
28027,9394,16,0;3;4;2;1
28028,27185,16,0;1;2;4;3
28029,27179,16,0;1;4;2;3
28030,7212,16,0;4;3;1;2
28031,9401,16,0;3;4;2;1
28032,8029,16,0;4;2;3;1
28033,9818,16,0;4;3;2;1
28034,12926,16,0;4;1;2;3
28035,14243,16,0;4;1;3;2
28036,20419,16,0;4;1;2;3
28037,9036,16,0;2;3;4;1
28038,9406,16,0;4;3;2;1
28039,25142,16,0;2;1;4;3
28040,8889,16,0;3;4;2;1
28041,17608,16,0;3;4;2;1
28042,9569,16,0;2;4;3;1
28043,12315,16,0;4;2;3;1
28044,3365,16,0;1;2;3;4
28045,3409,16,0;1;2;4;3
28046,3735,16,0;1;4;3;2
28047,9712,16,0;3;1;4;2
28048,9526,16,0;4;3;1;2
28049,9508,16,0;4;1;2;3
28050,9389,16,0;4;3;2;1
28051,4551,16,0;1;2;3;4
28052,4553,16,0;1;2;3;4
28053,4555,16,0;1;2;3;4
28054,4557,16,0;1;2;3;4
28055,4559,16,0;1;2;3;4
28056,4224,16,0;1;3;4;2
28057,4536,16,0;1;2;4;3
28058,3273,16,0;1;3;2;4
28059,5960,16,0;1;2;3;4
28060,4614,16,0;1;3;4;2
28061,5235,16,0;1;3;4;2
28062,4755,16,0;1;3;4;2
28063,5467,16,0;1;4;3;2
28064,5292,16,0;1;3;4;2
28065,5406,16,0;1;4;2;3
28066,5301,16,0;1;4;2;3
28067,5129,16,0;1;3;2;4
28068,4208,16,0;1;4;3;2
28069,5540,16,0;1;3;4;2
28070,4893,16,0;1;4;3;2
28071,3028,16,0;1;4;2;3
28072,4191,16,0;1;4;2;3
28073,5517,16,0;1;4;3;2
28074,5980,16,0;1;4;3;2
28075,6107,16,0;1;4;3;2
28076,6272,16,0;1;4;2;3
28077,5049,16,0;1;4;3;2
28078,6463,16,0;1;4;2;3
28079,5589,16,0;1;4;2;3
28080,4822,16,0;1;3;4;2
28081,2975,16,0;1;4;2;3
28082,2961,16,0;1;4;3;2
28083,4421,16,0;1;4;3;2
28084,4968,16,0;1;3;4;2
28085,4873,16,0;1;2;4;3
28086,6207,16,0;1;3;4;2
28087,5495,16,0;1;4;3;2
28088,6305,16,0;1;3;2;4
28089,4990,16,0;1;4;3;2
28090,4994,16,0;1;4;3;2
28091,5227,16,0;1;4;3;2
28092,4188,16,0;1;3;4;2
28093,4869,16,0;1;4;3;2
28094,6284,16,0;1;4;3;2
28095,6201,16,0;1;4;3;2
28096,5121,16,0;1;4;3;2
28097,4134,16,0;1;3;4;2
28098,5035,16,0;1;3;4;2
28099,5573,16,0;1;4;2;3
28100,5964,16,0;1;3;4;2
28101,4625,16,0;1;3;4;2
28102,5569,16,0;1;4;3;2
28103,6133,16,0;1;4;3;2
28104,5566,16,0;1;3;4;2
28105,10593,16,0;1;3;2;4
28106,10636,16,0;1;4;2;3
28107,13109,16,0;1;4;2;3
28108,13110,16,0;3;1;2;4
28109,17279,16,0;4;3;1;2
28110,15810,16,0;3;4;1;2
28111,17181,16,0;3;1;2;4
28112,15809,16,0;3;2;1;4
28113,12795,16,0;4;3;2;1
28114,18614,16,0;3;1;2;4
28115,19880,16,0;4;1;3;2
28116,14152,16,0;3;4;2;1
28117,12325,16,0;3;4;2;1
28118,22571,16,0;1;4;3;2
28119,7860,16,0;3;2;4;1
28120,17160,16,0;2;4;3;1
28121,15796,16,0;4;3;2;1
28122,12819,16,0;2;3;4;1
28123,18926,16,0;4;1;3;2
28124,6599,16,0;4;2;3;1
28125,18949,16,0;4;1;3;2
28126,10542,16,0;3;4;2;1
28127,13152,16,0;4;3;1;2
28128,21327,16,0;4;1;2;3
28129,15960,16,0;4;2;3;1
28130,12805,16,0;3;4;2;1
28131,7858,16,0;3;4;2;1
28132,8134,16,0;3;4;1;2
28133,17005,16,0;2;3;4;1
28134,10379,16,0;4;3;2;1
28135,6891,16,0;4;2;3;1
28136,7052,16,0;4;3;1;2
28137,14671,16,0;3;4;1;2
28138,6942,16,0;4;3;2;1
28139,7013,16,0;4;3;2;1
28140,12896,16,0;4;2;3;1
28141,18581,16,0;4;1;3;2
28142,18587,16,0;3;1;4;2
28143,20422,16,0;3;1;4;2
28144,10656,16,0;3;2;4;1
28145,7015,16,0;4;2;3;1
28146,10306,16,0;4;3;2;1
28147,12340,16,0;2;4;3;1
28148,19964,16,0;4;3;1;2
28149,7091,16,0;4;3;2;1
28150,6999,16,0;3;4;2;1
28151,10637,16,0;3;4;1;2
28152,12288,16,0;4;3;2;1
28153,7057,16,0;2;3;4;1
28154,1086,16,0;1;4;2;3
28155,1134,16,0;1;4;2;3
28156,1210,16,0;1;3;2;4
28157,1099,16,0;1;3;4;2
28158,1211,16,0;1;3;4;2
28159,1170,16,0;1;3;4;2
28160,3611,16,0;1;2;4;3
28161,3450,16,0;1;2;4;3
28162,3794,16,0;1;4;3;2
28163,3787,16,0;1;4;3;2
28164,3779,16,0;1;4;2;3
28165,3763,16,0;1;4;3;2
28166,7495,16,0;1;2;4;3
28167,7971,16,0;1;2;4;3
28168,17239,16,0;2;1;4;3
28169,25943,16,0;1;4;3;2
28170,9368,16,0;2;4;3;1
28171,27191,16,0;1;4;2;3
28172,9021,16,0;4;2;3;1
28173,9033,16,0;4;2;3;1
28174,7032,16,0;4;3;2;1
28175,12334,16,0;4;2;1;3
28176,7850,16,0;4;3;2;1
28177,8984,16,0;3;4;2;1
28178,9032,16,0;4;3;2;1
28179,736,16,0;1;2;4;3
28180,1299,16,0;1;4;2;3
28181,1704,16,0;1;2;4;3
28182,1729,16,0;1;2;4;3
28183,2270,16,0;1;2;4;3
28184,2283,16,0;1;2;4;3
28185,2592,16,0;1;4;2;3
28186,2682,16,0;1;2;4;3
28187,2683,16,0;1;2;4;3
28188,2746,16,0;1;2;4;3
28189,2749,16,0;1;2;4;3
28190,875,16,0;1;3;4;2
28191,2379,16,0;1;3;4;2
28192,1361,16,0;1;3;2;4
28193,1913,16,0;1;3;2;4
28194,2311,16,0;1;3;4;2
28195,957,16,0;1;3;4;2
28196,2546,16,0;1;3;2;4
28197,950,16,0;1;3;2;4
28198,2404,16,0;1;3;2;4
28199,2316,16,0;1;3;4;2
28200,2210,16,0;1;3;4;2
28201,2079,16,0;1;3;2;4
28202,1934,16,0;1;3;2;4
28203,1786,16,0;1;3;2;4
28204,1610,16,0;1;3;4;2
28205,1416,16,0;1;3;2;4
28206,2825,16,0;1;2;4;3
28207,5659,16,0;1;4;2;3
28208,2870,16,0;1;4;3;2
28209,5801,16,0;1;3;2;4
28210,2874,16,0;1;4;2;3
28211,6370,16,0;1;3;4;2
28212,4443,16,0;1;3;4;2
28213,4777,16,0;1;4;3;2
28214,7862,16,0;2;1;4;3
28215,14173,16,0;3;2;1;4
28216,18625,16,0;2;3;1;4
28217,11049,16,0;2;3;4;1
28218,7027,16,0;4;2;3;1
28219,16172,16,0;2;4;3;1
28220,11412,16,0;4;3;1;2
28221,11241,16,0;4;1;3;2
28222,6596,16,0;2;4;3;1
28223,10397,16,0;4;2;3;1
28224,17146,16,0;4;2;3;1
28225,27084,16,0;1;3;4;2
28226,27083,16,0;1;4;3;2
28227,27082,16,0;1;4;3;2
28228,17665,16,0;4;1;2;3
28229,22265,16,0;2;4;1;3
28230,12443,16,0;4;3;1;2
28231,8920,16,0;4;3;1;2
28232,27197,16,0;1;3;4;2
28233,12811,16,0;4;2;1;3
28234,9507,16,0;4;1;2;3
28235,6949,16,0;4;3;2;1
28236,10303,16,0;4;2;3;1
28237,7129,16,0;2;4;3;1
28238,10327,16,0;3;4;2;1
28239,10587,16,0;2;4;3;1
28240,10402,16,0;2;3;4;1
28241,12809,16,0;4;3;2;1
28242,10588,16,0;2;4;1;3
28243,11051,16,0;4;3;1;2
28244,12256,16,0;4;3;2;1
28245,2584,16,0;1;2;4;3
28246,4083,16,0;1;3;4;2
28247,2895,16,0;1;4;3;2
28248,3982,16,0;1;4;3;2
28249,17236,16,0;2;1;3;4
28250,23433,16,0;1;4;2;3
28251,8971,16,0;3;4;2;1
28252,24485,16,0;1;4;3;2
28253,13950,16,0;2;3;4;1
28254,8887,16,0;2;3;4;1
28255,17013,16,0;2;3;1;4
28256,7199,16,0;4;3;2;1
28257,17606,16,0;4;2;1;3
28258,10320,16,0;3;2;4;1
28259,7051,16,0;4;2;3;1
28260,8866,16,0;4;3;2;1
28261,18559,16,0;4;2;1;3
28262,8879,16,0;4;3;2;1
28263,1153,16,0;1;3;2;4
28264,5799,16,0;1;4;2;3
28265,4632,16,0;1;4;2;3
28266,3340,16,0;1;3;4;2
28267,2844,16,0;1;4;3;2
28268,4447,16,0;1;4;3;2
28269,4138,16,0;1;3;4;2
28270,5546,16,0;1;3;4;2
28271,12661,16,0;3;4;2;1
28272,10393,16,0;2;3;4;1
28273,14120,16,0;3;4;1;2
28274,25130,16,0;1;4;2;3
28275,13865,16,0;4;3;1;2
28276,18558,16,0;3;4;2;1
28277,13866,16,0;4;3;1;2
28278,10603,16,0;4;1;2;3
28279,17004,16,0;2;3;1;4
28280,15770,16,0;3;1;4;2
28281,10413,16,0;4;3;1;2
28282,10304,16,0;4;2;3;1
28283,17268,16,0;4;1;3;2
28284,10408,16,0;3;4;2;1
28285,11041,16,0;4;3;2;1
28286,4105,16,0;1;4;3;2
28287,12349,16,0;4;2;3;1
28288,7827,16,0;3;4;2;1
28289,8937,16,0;4;3;1;2
28290,6639,16,0;3;4;2;1
28291,17014,16,0;3;1;2;4
28292,6987,16,0;4;3;2;1
28293,7061,16,0;3;4;1;2
28294,8781,16,0;4;3;2;1
28295,9035,16,0;2;4;3;1
28296,2119,16,0;1;2;4;3
28297,1969,16,0;1;4;2;3
28298,1824,16,0;1;4;2;3
28299,1652,16,0;1;4;2;3
28300,1457,16,0;1;2;4;3
28301,1251,16,0;1;4;2;3
28302,794,16,0;1;4;2;3
28303,754,16,0;1;3;2;4
28304,3337,16,0;1;4;3;2
28305,2805,16,0;1;4;3;2
28306,10412,16,0;4;3;2;1
28307,25124,16,0;1;4;3;2
28308,10719,16,0;2;4;3;1
28309,7196,16,0;4;3;1;2
28310,10544,16,0;3;1;4;2
28311,12513,16,0;2;3;4;1
28312,17157,16,0;3;1;4;2
28313,12255,16,0;4;3;1;2
28314,6573,16,0;3;2;4;1
28315,2249,16,0;1;2;4;3
28316,2124,16,0;1;2;4;3
28317,1974,16,0;1;4;2;3
28318,1829,16,0;1;2;4;3
28319,1657,16,0;1;4;2;3
28320,1462,16,0;1;4;2;3
28321,1256,16,0;1;2;4;3
28322,799,16,0;1;4;2;3
28323,798,16,0;1;3;4;2
28324,1260,16,0;1;3;2;4
28325,1468,16,0;1;3;4;2
28326,1664,16,0;1;3;4;2
28327,1837,16,0;1;3;4;2
28328,1983,16,0;1;3;2;4
28329,2134,16,0;1;3;2;4
28330,2260,16,0;1;3;4;2
28331,2368,16,0;1;3;2;4
28332,2454,16,0;1;3;2;4
28333,2523,16,0;1;3;2;4
28334,2580,16,0;1;3;2;4
28335,2638,16,0;1;3;2;4
28336,2677,16,0;1;3;2;4
28337,2711,16,0;1;3;2;4
28338,2743,16,0;1;3;2;4
28339,26427,16,0;1;2;3;4
28340,26445,16,0;1;3;4;2
28341,9012,16,0;4;2;3;1
28342,8799,16,0;4;2;3;1
28343,6519,16,0;3;2;4;1
28344,10391,16,0;3;4;2;1
28345,8929,16,0;4;3;2;1
28346,8818,16,0;4;3;2;1
28347,9046,16,0;2;4;3;1
28348,11222,16,0;4;1;2;3
28349,10701,16,0;4;3;1;2
28350,11030,16,0;4;1;3;2
28351,25123,16,0;1;3;4;2
28352,13864,16,0;4;3;1;2
28353,15737,16,0;4;1;3;2
28354,6559,16,0;3;4;2;1
28355,6609,16,0;3;2;4;1
28356,1033,16,0;1;2;4;3
28357,8906,16,0;2;3;4;1
28358,8813,16,0;4;3;2;1
28359,8943,16,0;4;3;1;2
28360,1038,16,0;1;2;4;3
28361,1040,16,0;1;3;4;2
28362,10782,16,0;4;3;1;2
28363,6552,16,0;4;3;2;1
28364,9381,16,0;4;2;3;1
28365,8807,16,0;4;3;2;1
28366,993,16,0;1;3;2;4
28367,17129,16,0;4;3;1;2
28368,6974,16,0;4;3;2;1
28369,14480,16,0;2;1;4;3
28370,343,16,0;1;2;3;4
28371,507,16,0;1;2;3;4
28372,542,16,0;1;2;3;4
28373,541,16,0;1;2;3;4
28374,545,16,0;2;1;3;4
28375,525,16,0;2;1;3;4
28376,585,16,0;2;1;3;4
28377,586,16,0;2;1;3;4
28378,465,16,0;2;1;3;4
28379,498,16,0;2;1;3;4
28380,537,16,0;2;1;3;4
28381,712,16,0;1;2;3;4
28382,698,16,0;2;1;3;4
28383,497,16,0;2;1;3;4
28384,518,16,0;2;1;3;4
28385,502,16,0;2;1;3;4
28386,503,16,0;2;1;3;4
28387,349,16,0;2;1;3;4
28388,508,16,0;2;1;3;4
28389,663,16,0;2;1;3;4
28390,395,16,0;1;2;3;4
28391,394,16,0;2;1;3;4
28392,396,16,0;2;1;3;4
28393,630,16,0;2;1;3;4
28394,631,16,0;2;1;3;4
28395,496,16,0;1;2;3;4
28396,495,16,0;1;2;3;4
28397,492,16,0;2;1;3;4
28398,569,16,0;2;1;3;4
28399,534,16,0;2;1;3;4
28400,391,16,0;2;1;3;4
28401,393,16,0;2;1;3;4
28402,392,16,0;2;1;3;4
28403,122,16,0;1;2;3;4
28404,138,16,0;1;2;3;4
28405,178,16,0;1;2;3;4
28406,194,16,0;1;2;3;4
28407,246,16,0;1;2;3;4
28408,274,16,0;1;2;3;4
28409,276,16,0;1;2;3;4
28410,277,16,0;1;2;3;4
28411,279,16,0;1;2;3;4
28412,280,16,0;1;2;3;4
28413,270,16,0;1;2;3;4
28414,281,16,0;1;2;3;4
28415,282,16,0;1;2;3;4
28416,283,16,0;1;2;3;4
28417,284,16,0;1;2;3;4
28418,286,16,0;1;2;3;4
28419,287,16,0;1;2;3;4
28420,25,16,0;1;2;3;4
28421,30,16,0;1;2;3;4
28422,420,16,0;1;2;3;4
28423,664,16,0;1;2;3;4
28424,672,16,0;1;2;3;4
28425,696,16,0;1;2;3;4
28426,699,16,0;1;2;3;4
28427,482,16,0;2;1;3;4
28428,709,16,0;2;1;3;4
28429,522,16,0;2;1;3;4
28430,460,16,0;2;1;3;4
28431,471,16,0;2;1;3;4
28432,615,16,0;2;1;3;4
28433,573,16,0;2;1;3;4
28434,576,16,0;2;1;3;4
28435,271,16,0;1;2;3;4
28436,37,16,0;1;2;3;4
28437,220,16,0;1;2;3;4
28438,272,16,0;1;2;3;4
28439,273,16,0;1;2;3;4
28440,682,16,0;2;1;3;4
28441,387,16,0;2;1;3;4
28442,403,16,0;2;1;3;4
28443,390,16,0;2;1;3;4
28444,278,16,0;1;2;3;4
28445,708,16,0;2;1;3;4
28446,488,16,0;2;1;3;4
28447,603,16,0;2;1;3;4
28448,285,16,0;1;2;3;4
28449,58,16,0;1;2;3;4
28450,81,16,0;1;2;3;4
28451,275,16,0;1;2;3;4
