7 0 56 120 720
13 -1 -1 1 0 0 -1 0 21 1 1 22 1 2 23 1 3 24 1 4 25 1 5 5 -1 5 20 1 10 10 -1 11 11 -1 12 12 -1 13 13 -1
13 -1 -1 1 0 26 1 1 1 -1 1 36 1 2 37 1 3 38 1 4 39 1 10 10 -1 6 6 -1 6 20 1 14 14 -1 15 15 -1 16 16 -1
13 -1 -1 1 0 30 1 1 40 1 2 2 -1 2 46 1 3 47 1 4 48 1 11 11 -1 14 14 -1 7 7 -1 7 20 1 17 17 -1 18 18 -1
13 -1 -1 1 0 33 1 1 43 1 2 49 1 3 3 -1 3 52 1 4 53 1 12 12 -1 15 15 -1 17 17 -1 8 8 -1 8 20 1 19 19 -1
13 -1 -1 1 0 35 1 1 45 1 2 51 1 3 54 1 4 4 -1 4 55 1 13 13 -1 16 16 -1 18 18 -1 19 19 -1 9 9 -1 9 20 1
13 -1 -1 1 5 6 1 10 10 -1 21 26 1 22 22 -1 22 36 1 23 37 1 24 38 1 25 39 1 26 26 -1 27 27 -1 28 28 -1 29 29 -1
13 -1 -1 1 5 7 1 11 11 -1 21 30 1 22 40 1 23 23 -1 23 46 1 24 47 1 25 48 1 27 27 -1 30 30 -1 31 31 -1 32 32 -1
13 -1 -1 1 5 8 1 12 12 -1 21 33 1 22 43 1 23 49 1 24 24 -1 24 52 1 25 53 1 28 28 -1 31 31 -1 33 33 -1 34 34 -1
13 -1 -1 1 5 9 1 13 13 -1 21 35 1 22 45 1 23 51 1 24 54 1 25 25 -1 25 55 1 29 29 -1 32 32 -1 34 34 -1 35 35 -1
13 -1 -1 1 6 7 1 14 14 -1 26 30 1 27 27 -1 36 40 1 37 37 -1 37 46 1 38 47 1 39 48 1 40 40 -1 41 41 -1 42 42 -1
13 -1 -1 1 6 8 1 15 15 -1 26 33 1 28 28 -1 36 43 1 37 49 1 38 38 -1 38 52 1 39 53 1 41 41 -1 43 43 -1 44 44 -1
13 -1 -1 1 6 9 1 16 16 -1 26 35 1 29 29 -1 36 45 1 37 51 1 38 54 1 39 39 -1 39 55 1 42 42 -1 44 44 -1 45 45 -1
13 -1 -1 1 7 8 1 17 17 -1 30 33 1 31 31 -1 40 43 1 41 41 -1 46 49 1 47 47 -1 47 52 1 48 53 1 49 49 -1 50 50 -1
13 -1 -1 1 7 9 1 18 18 -1 30 35 1 32 32 -1 40 45 1 42 42 -1 46 51 1 47 54 1 48 48 -1 48 55 1 50 50 -1 51 51 -1
13 -1 -1 1 8 9 1 19 19 -1 33 35 1 34 34 -1 43 45 1 44 44 -1 49 51 1 50 50 -1 52 54 1 53 53 -1 53 55 1 54 54 -1
12 0 1 1 0 22 -1 1 26 -1 2 27 -1 3 28 -1 4 29 -1 5 10 1 10 6 1 10 20 -1 11 14 1 12 15 1 13 16 1
12 0 2 1 0 23 -1 1 27 -1 2 30 -1 3 31 -1 4 32 -1 5 11 1 10 14 1 11 7 1 11 20 -1 12 17 1 13 18 1
12 0 3 1 0 24 -1 1 28 -1 2 31 -1 3 33 -1 4 34 -1 5 12 1 10 15 1 11 17 1 12 8 1 12 20 -1 13 19 1
12 0 4 1 0 25 -1 1 29 -1 2 32 -1 3 34 -1 4 35 -1 5 13 1 10 16 1 11 18 1 12 19 1 13 9 1 13 20 -1
12 0 10 1 1 5 -1 5 22 1 10 21 -1 10 26 1 11 27 1 12 28 1 13 29 1 6 22 -1 14 23 -1 15 24 -1 16 25 -1
12 0 11 1 2 5 -1 5 23 1 10 27 1 11 21 -1 11 30 1 12 31 1 13 32 1 14 22 -1 7 23 -1 17 24 -1 18 25 -1
12 0 12 1 3 5 -1 5 24 1 10 28 1 11 31 1 12 21 -1 12 33 1 13 34 1 15 22 -1 17 23 -1 8 24 -1 19 25 -1
12 0 13 1 4 5 -1 5 25 1 10 29 1 11 32 1 12 34 1 13 21 -1 13 35 1 16 22 -1 18 23 -1 19 24 -1 9 25 -1
12 0 6 1 1 10 -1 5 26 1 10 22 -1 10 36 1 11 37 1 12 38 1 13 39 1 6 26 -1 14 27 -1 15 28 -1 16 29 -1
12 0 14 1 1 11 -1 5 27 1 10 23 -1 10 37 1 11 40 1 12 41 1 13 42 1 6 27 -1 14 30 -1 15 31 -1 16 32 -1
12 0 14 1 2 10 -1 5 27 1 10 37 1 11 22 -1 11 40 1 12 41 1 13 42 1 14 26 -1 7 27 -1 17 28 -1 18 29 -1
12 0 15 1 1 12 -1 5 28 1 10 24 -1 10 38 1 11 41 1 12 43 1 13 44 1 6 28 -1 14 31 -1 15 33 -1 16 34 -1
12 0 15 1 3 10 -1 5 28 1 10 38 1 11 41 1 12 22 -1 12 43 1 13 44 1 15 26 -1 17 27 -1 8 28 -1 19 29 -1
12 0 16 1 1 13 -1 5 29 1 10 25 -1 10 39 1 11 42 1 12 44 1 13 45 1 6 29 -1 14 32 -1 15 34 -1 16 35 -1
12 0 16 1 4 10 -1 5 29 1 10 39 1 11 42 1 12 44 1 13 22 -1 13 45 1 16 26 -1 18 27 -1 19 28 -1 9 29 -1
12 0 7 1 2 11 -1 5 30 1 10 40 1 11 23 -1 11 46 1 12 47 1 13 48 1 14 27 -1 7 30 -1 17 31 -1 18 32 -1
12 0 17 1 2 12 -1 5 31 1 10 41 1 11 24 -1 11 47 1 12 49 1 13 50 1 14 28 -1 7 31 -1 17 33 -1 18 34 -1
12 0 17 1 3 11 -1 5 31 1 10 41 1 11 47 1 12 23 -1 12 49 1 13 50 1 15 27 -1 17 30 -1 8 31 -1 19 32 -1
12 0 18 1 2 13 -1 5 32 1 10 42 1 11 25 -1 11 48 1 12 50 1 13 51 1 14 29 -1 7 32 -1 17 34 -1 18 35 -1
12 0 18 1 4 11 -1 5 32 1 10 42 1 11 48 1 12 50 1 13 23 -1 13 51 1 16 27 -1 18 30 -1 19 31 -1 9 32 -1
12 0 8 1 3 12 -1 5 33 1 10 43 1 11 49 1 12 24 -1 12 52 1 13 53 1 15 28 -1 17 31 -1 8 33 -1 19 34 -1
12 0 19 1 3 13 -1 5 34 1 10 44 1 11 50 1 12 25 -1 12 53 1 13 54 1 15 29 -1 17 32 -1 8 34 -1 19 35 -1
12 0 19 1 4 12 -1 5 34 1 10 44 1 11 50 1 12 53 1 13 24 -1 13 54 1 16 28 -1 18 31 -1 19 33 -1 9 34 -1
12 0 9 1 4 13 -1 5 35 1 10 45 1 11 51 1 12 54 1 13 25 -1 13 55 1 16 29 -1 18 32 -1 19 34 -1 9 35 -1
12 0 27 1 1 2 -1 1 37 1 2 40 1 3 41 1 4 42 1 10 11 -1 6 14 -1 14 7 -1 14 20 1 15 17 -1 16 18 -1
12 0 28 1 1 3 -1 1 38 1 2 41 1 3 43 1 4 44 1 10 12 -1 6 15 -1 14 17 -1 15 8 -1 15 20 1 16 19 -1
12 0 29 1 1 4 -1 1 39 1 2 42 1 3 44 1 4 45 1 10 13 -1 6 16 -1 14 18 -1 15 19 -1 16 9 -1 16 20 1
12 0 31 1 1 41 1 2 3 -1 2 47 1 3 49 1 4 50 1 11 12 -1 14 15 -1 7 17 -1 17 8 -1 17 20 1 18 19 -1
12 0 32 1 1 42 1 2 4 -1 2 48 1 3 50 1 4 51 1 11 13 -1 14 16 -1 7 18 -1 17 19 -1 18 9 -1 18 20 1
12 0 34 1 1 44 1 2 50 1 3 4 -1 3 53 1 4 54 1 12 13 -1 15 16 -1 17 18 -1 8 19 -1 19 9 -1 19 20 1
12 1 11 1 2 10 -1 10 23 1 11 22 -1 6 27 1 14 26 -1 14 30 1 15 31 1 16 32 1 7 27 -1 17 28 -1 18 29 -1
12 1 12 1 3 10 -1 10 24 1 12 22 -1 6 28 1 14 31 1 15 26 -1 15 33 1 16 34 1 17 27 -1 8 28 -1 19 29 -1
12 1 13 1 4 10 -1 10 25 1 13 22 -1 6 29 1 14 32 1 15 34 1 16 26 -1 16 35 1 18 27 -1 19 28 -1 9 29 -1
12 1 14 1 2 6 -1 10 27 1 11 26 -1 6 37 1 14 36 -1 14 40 1 15 41 1 16 42 1 7 37 -1 17 38 -1 18 39 -1
12 1 15 1 3 6 -1 10 28 1 12 26 -1 6 38 1 14 41 1 15 36 -1 15 43 1 16 44 1 17 37 -1 8 38 -1 19 39 -1
12 1 16 1 4 6 -1 10 29 1 13 26 -1 6 39 1 14 42 1 15 44 1 16 36 -1 16 45 1 18 37 -1 19 38 -1 9 39 -1
12 1 7 1 2 14 -1 10 30 1 11 27 -1 6 40 1 14 37 -1 14 46 1 15 47 1 16 48 1 7 40 -1 17 41 -1 18 42 -1
12 1 17 1 2 15 -1 10 31 1 11 28 -1 6 41 1 14 38 -1 14 47 1 15 49 1 16 50 1 7 41 -1 17 43 -1 18 44 -1
12 1 17 1 3 14 -1 10 31 1 12 27 -1 6 41 1 14 47 1 15 37 -1 15 49 1 16 50 1 17 40 -1 8 41 -1 19 42 -1
12 1 18 1 2 16 -1 10 32 1 11 29 -1 6 42 1 14 39 -1 14 48 1 15 50 1 16 51 1 7 42 -1 17 44 -1 18 45 -1
12 1 18 1 4 14 -1 10 32 1 13 27 -1 6 42 1 14 48 1 15 50 1 16 37 -1 16 51 1 18 40 -1 19 41 -1 9 42 -1
12 1 8 1 3 15 -1 10 33 1 12 28 -1 6 43 1 14 49 1 15 38 -1 15 52 1 16 53 1 17 41 -1 8 43 -1 19 44 -1
12 1 19 1 3 16 -1 10 34 1 12 29 -1 6 44 1 14 50 1 15 39 -1 15 53 1 16 54 1 17 42 -1 8 44 -1 19 45 -1
12 1 19 1 4 15 -1 10 34 1 13 28 -1 6 44 1 14 50 1 15 53 1 16 38 -1 16 54 1 18 41 -1 19 43 -1 9 44 -1
12 1 9 1 4 16 -1 10 35 1 13 29 -1 6 45 1 14 51 1 15 54 1 16 39 -1 16 55 1 18 42 -1 19 44 -1 9 45 -1
12 2 12 1 3 11 -1 11 24 1 12 23 -1 14 28 1 15 27 -1 7 31 1 17 30 -1 17 33 1 18 34 1 8 31 -1 19 32 -1
12 2 13 1 4 11 -1 11 25 1 13 23 -1 14 29 1 16 27 -1 7 32 1 17 34 1 18 30 -1 18 35 1 19 31 -1 9 32 -1
12 2 15 1 3 14 -1 11 28 1 12 27 -1 14 38 1 15 37 -1 7 41 1 17 40 -1 17 43 1 18 44 1 8 41 -1 19 42 -1
12 2 16 1 4 14 -1 11 29 1 13 27 -1 14 39 1 16 37 -1 7 42 1 17 44 1 18 40 -1 18 45 1 19 41 -1 9 42 -1
12 2 17 1 3 7 -1 11 31 1 12 30 -1 14 41 1 15 40 -1 7 47 1 17 46 -1 17 49 1 18 50 1 8 47 -1 19 48 -1
12 2 18 1 4 7 -1 11 32 1 13 30 -1 14 42 1 16 40 -1 7 48 1 17 50 1 18 46 -1 18 51 1 19 47 -1 9 48 -1
12 2 8 1 3 17 -1 11 33 1 12 31 -1 14 43 1 15 41 -1 7 49 1 17 47 -1 17 52 1 18 53 1 8 49 -1 19 50 -1
12 2 19 1 3 18 -1 11 34 1 12 32 -1 14 44 1 15 42 -1 7 50 1 17 48 -1 17 53 1 18 54 1 8 50 -1 19 51 -1
12 2 19 1 4 17 -1 11 34 1 13 31 -1 14 44 1 16 41 -1 7 50 1 17 53 1 18 47 -1 18 54 1 19 49 -1 9 50 -1
12 2 9 1 4 18 -1 11 35 1 13 32 -1 14 45 1 16 42 -1 7 51 1 17 54 1 18 48 -1 18 55 1 19 50 -1 9 51 -1
12 3 13 1 4 12 -1 12 25 1 13 24 -1 15 29 1 16 28 -1 17 32 1 18 31 -1 8 34 1 19 33 -1 19 35 1 9 34 -1
12 3 16 1 4 15 -1 12 29 1 13 28 -1 15 39 1 16 38 -1 17 42 1 18 41 -1 8 44 1 19 43 -1 19 45 1 9 44 -1
12 3 18 1 4 17 -1 12 32 1 13 31 -1 15 42 1 16 41 -1 17 48 1 18 47 -1 8 50 1 19 49 -1 19 51 1 9 50 -1
12 3 19 1 4 8 -1 12 34 1 13 33 -1 15 44 1 16 43 -1 17 50 1 18 49 -1 8 53 1 19 52 -1 19 54 1 9 53 -1
12 3 9 1 4 19 -1 12 35 1 13 34 -1 15 45 1 16 44 -1 17 51 1 18 50 -1 8 54 1 19 53 -1 19 55 1 9 54 -1
12 5 14 1 10 11 -1 21 27 1 22 23 -1 22 37 1 23 40 1 24 41 1 25 42 1 26 27 -1 27 30 -1 28 31 -1 29 32 -1
12 5 15 1 10 12 -1 21 28 1 22 24 -1 22 38 1 23 41 1 24 43 1 25 44 1 26 28 -1 27 31 -1 28 33 -1 29 34 -1
12 5 16 1 10 13 -1 21 29 1 22 25 -1 22 39 1 23 42 1 24 44 1 25 45 1 26 29 -1 27 32 -1 28 34 -1 29 35 -1
12 5 17 1 11 12 -1 21 31 1 22 41 1 23 24 -1 23 47 1 24 49 1 25 50 1 27 28 -1 30 31 -1 31 33 -1 32 34 -1
12 5 18 1 11 13 -1 21 32 1 22 42 1 23 25 -1 23 48 1 24 50 1 25 51 1 27 29 -1 30 32 -1 31 34 -1 32 35 -1
12 5 19 1 12 13 -1 21 34 1 22 44 1 23 50 1 24 25 -1 24 53 1 25 54 1 28 29 -1 31 32 -1 33 34 -1 34 35 -1
12 10 14 1 11 6 -1 22 27 1 23 26 -1 26 37 1 27 36 -1 27 40 1 28 41 1 29 42 1 30 37 -1 31 38 -1 32 39 -1
12 10 15 1 12 6 -1 22 28 1 24 26 -1 26 38 1 27 41 1 28 36 -1 28 43 1 29 44 1 31 37 -1 33 38 -1 34 39 -1
12 10 16 1 13 6 -1 22 29 1 25 26 -1 26 39 1 27 42 1 28 44 1 29 36 -1 29 45 1 32 37 -1 34 38 -1 35 39 -1
12 10 7 1 11 14 -1 22 30 1 23 27 -1 26 40 1 27 37 -1 27 46 1 28 47 1 29 48 1 30 40 -1 31 41 -1 32 42 -1
12 10 17 1 11 15 -1 22 31 1 23 28 -1 26 41 1 27 38 -1 27 47 1 28 49 1 29 50 1 30 41 -1 31 43 -1 32 44 -1
12 10 17 1 12 14 -1 22 31 1 24 27 -1 26 41 1 27 47 1 28 37 -1 28 49 1 29 50 1 31 40 -1 33 41 -1 34 42 -1
12 10 18 1 11 16 -1 22 32 1 23 29 -1 26 42 1 27 39 -1 27 48 1 28 50 1 29 51 1 30 42 -1 31 44 -1 32 45 -1
12 10 18 1 13 14 -1 22 32 1 25 27 -1 26 42 1 27 48 1 28 50 1 29 37 -1 29 51 1 32 40 -1 34 41 -1 35 42 -1
12 10 8 1 12 15 -1 22 33 1 24 28 -1 26 43 1 27 49 1 28 38 -1 28 52 1 29 53 1 31 41 -1 33 43 -1 34 44 -1
12 10 19 1 12 16 -1 22 34 1 24 29 -1 26 44 1 27 50 1 28 39 -1 28 53 1 29 54 1 31 42 -1 33 44 -1 34 45 -1
12 10 19 1 13 15 -1 22 34 1 25 28 -1 26 44 1 27 50 1 28 53 1 29 38 -1 29 54 1 32 41 -1 34 43 -1 35 44 -1
12 10 9 1 13 16 -1 22 35 1 25 29 -1 26 45 1 27 51 1 28 54 1 29 39 -1 29 55 1 32 42 -1 34 44 -1 35 45 -1
12 11 15 1 12 14 -1 23 28 1 24 27 -1 27 38 1 28 37 -1 30 41 1 31 40 -1 31 43 1 32 44 1 33 41 -1 34 42 -1
12 11 16 1 13 14 -1 23 29 1 25 27 -1 27 39 1 29 37 -1 30 42 1 31 44 1 32 40 -1 32 45 1 34 41 -1 35 42 -1
12 11 17 1 12 7 -1 23 31 1 24 30 -1 27 41 1 28 40 -1 30 47 1 31 46 -1 31 49 1 32 50 1 33 47 -1 34 48 -1
12 11 18 1 13 7 -1 23 32 1 25 30 -1 27 42 1 29 40 -1 30 48 1 31 50 1 32 46 -1 32 51 1 34 47 -1 35 48 -1
12 11 8 1 12 17 -1 23 33 1 24 31 -1 27 43 1 28 41 -1 30 49 1 31 47 -1 31 52 1 32 53 1 33 49 -1 34 50 -1
12 11 19 1 12 18 -1 23 34 1 24 32 -1 27 44 1 28 42 -1 30 50 1 31 48 -1 31 53 1 32 54 1 33 50 -1 34 51 -1
12 11 19 1 13 17 -1 23 34 1 25 31 -1 27 44 1 29 41 -1 30 50 1 31 53 1 32 47 -1 32 54 1 34 49 -1 35 50 -1
12 11 9 1 13 18 -1 23 35 1 25 32 -1 27 45 1 29 42 -1 30 51 1 31 54 1 32 48 -1 32 55 1 34 50 -1 35 51 -1
12 12 16 1 13 15 -1 24 29 1 25 28 -1 28 39 1 29 38 -1 31 42 1 32 41 -1 33 44 1 34 43 -1 34 45 1 35 44 -1
12 12 18 1 13 17 -1 24 32 1 25 31 -1 28 42 1 29 41 -1 31 48 1 32 47 -1 33 50 1 34 49 -1 34 51 1 35 50 -1
12 12 19 1 13 8 -1 24 34 1 25 33 -1 28 44 1 29 43 -1 31 50 1 32 49 -1 33 53 1 34 52 -1 34 54 1 35 53 -1
12 12 9 1 13 19 -1 24 35 1 25 34 -1 28 45 1 29 44 -1 31 51 1 32 50 -1 33 54 1 34 53 -1 34 55 1 35 54 -1
12 6 17 1 14 15 -1 26 31 1 27 28 -1 36 41 1 37 38 -1 37 47 1 38 49 1 39 50 1 40 41 -1 41 43 -1 42 44 -1
12 6 18 1 14 16 -1 26 32 1 27 29 -1 36 42 1 37 39 -1 37 48 1 38 50 1 39 51 1 40 42 -1 41 44 -1 42 45 -1
12 6 19 1 15 16 -1 26 34 1 28 29 -1 36 44 1 37 50 1 38 39 -1 38 53 1 39 54 1 41 42 -1 43 44 -1 44 45 -1
12 14 17 1 15 7 -1 27 31 1 28 30 -1 37 41 1 38 40 -1 40 47 1 41 46 -1 41 49 1 42 50 1 43 47 -1 44 48 -1
12 14 18 1 16 7 -1 27 32 1 29 30 -1 37 42 1 39 40 -1 40 48 1 41 50 1 42 46 -1 42 51 1 44 47 -1 45 48 -1
12 14 8 1 15 17 -1 27 33 1 28 31 -1 37 43 1 38 41 -1 40 49 1 41 47 -1 41 52 1 42 53 1 43 49 -1 44 50 -1
12 14 19 1 15 18 -1 27 34 1 28 32 -1 37 44 1 38 42 -1 40 50 1 41 48 -1 41 53 1 42 54 1 43 50 -1 44 51 -1
12 14 19 1 16 17 -1 27 34 1 29 31 -1 37 44 1 39 41 -1 40 50 1 41 53 1 42 47 -1 42 54 1 44 49 -1 45 50 -1
12 14 9 1 16 18 -1 27 35 1 29 32 -1 37 45 1 39 42 -1 40 51 1 41 54 1 42 48 -1 42 55 1 44 50 -1 45 51 -1
12 15 18 1 16 17 -1 28 32 1 29 31 -1 38 42 1 39 41 -1 41 48 1 42 47 -1 43 50 1 44 49 -1 44 51 1 45 50 -1
12 15 19 1 16 8 -1 28 34 1 29 33 -1 38 44 1 39 43 -1 41 50 1 42 49 -1 43 53 1 44 52 -1 44 54 1 45 53 -1
12 15 9 1 16 19 -1 28 35 1 29 34 -1 38 45 1 39 44 -1 41 51 1 42 50 -1 43 54 1 44 53 -1 44 55 1 45 54 -1
12 7 19 1 17 18 -1 30 34 1 31 32 -1 40 44 1 41 42 -1 46 50 1 47 48 -1 47 53 1 48 54 1 49 50 -1 50 51 -1
12 17 19 1 18 8 -1 31 34 1 32 33 -1 41 44 1 42 43 -1 47 50 1 48 49 -1 49 53 1 50 52 -1 50 54 1 51 53 -1
12 17 9 1 18 19 -1 31 35 1 32 34 -1 41 45 1 42 44 -1 47 51 1 48 50 -1 49 54 1 50 53 -1 50 55 1 51 54 -1
0 1 2 3 4 5 6 7 8 9 10 11 12 13 14 15 16 17 18 19 20 21 22 23 24 25 26 27 28 29 30 31 32 33 34 35 36 37 38 39 40 41 42 43 44 45 46 47 48 49 50 51 52 53 54 55
0 1 2 4 3 5 6 7 9 8 10 11 13 12 14 16 15 18 17 19 20 21 22 23 25 24 26 27 29 28 30 32 31 35 34 33 36 37 39 38 40 42 41 45 44 43 46 48 47 51 50 49 55 54 53 52
0 1 3 2 4 5 6 8 7 9 10 12 11 13 15 14 16 17 19 18 20 21 22 24 23 25 26 28 27 29 33 31 34 30 32 35 36 38 37 39 43 41 44 40 42 45 52 49 53 47 50 54 46 48 51 55
0 1 3 4 2 5 6 8 9 7 10 12 13 11 15 16 14 19 17 18 20 21 22 24 25 23 26 28 29 27 33 34 31 35 32 30 36 38 39 37 43 44 41 45 42 40 52 53 49 54 50 47 55 51 48 46
0 1 4 2 3 5 6 9 7 8 10 13 11 12 16 14 15 18 19 17 20 21 22 25 23 24 26 29 27 28 35 32 34 30 31 33 36 39 37 38 45 42 44 40 41 43 55 51 54 48 50 53 46 47 49 52
0 1 4 3 2 5 6 9 8 7 10 13 12 11 16 15 14 19 18 17 20 21 22 25 24 23 26 29 28 27 35 34 32 33 31 30 36 39 38 37 45 44 42 43 41 40 55 54 51 53 50 48 52 49 47 46
0 2 1 3 4 5 7 6 8 9 11 10 12 13 14 17 18 15 16 19 20 21 23 22 24 25 30 27 31 32 26 28 29 33 34 35 46 40 47 48 37 41 42 49 50 51 36 38 39 43 44 45 52 53 54 55
0 2 1 4 3 5 7 6 9 8 11 10 13 12 14 18 17 16 15 19 20 21 23 22 25 24 30 27 32 31 26 29 28 35 34 33 46 40 48 47 37 42 41 51 50 49 36 39 38 45 44 43 55 54 53 52
0 2 3 1 4 5 7 8 6 9 11 12 10 13 17 14 18 15 19 16 20 21 23 24 22 25 30 31 27 32 33 28 34 26 29 35 46 47 40 48 49 41 50 37 42 51 52 43 53 38 44 54 36 39 45 55
0 2 3 4 1 5 7 8 9 6 11 12 13 10 17 18 14 19 15 16 20 21 23 24 25 22 30 31 32 27 33 34 28 35 29 26 46 47 48 40 49 50 41 51 42 37 52 53 43 54 44 38 55 45 39 36
0 2 4 1 3 5 7 9 6 8 11 13 10 12 18 14 17 16 19 15 20 21 23 25 22 24 30 32 27 31 35 29 34 26 28 33 46 48 40 47 51 42 50 37 41 49 55 45 54 39 44 53 36 38 43 52
0 2 4 3 1 5 7 9 8 6 11 13 12 10 18 17 14 19 16 15 20 21 23 25 24 22 30 32 31 27 35 34 29 33 28 26 46 48 47 40 51 50 42 49 41 37 55 54 45 53 44 39 52 43 38 36
0 3 1 2 4 5 8 6 7 9 12 10 11 13 15 17 19 14 16 18 20 21 24 22 23 25 33 28 31 34 26 27 29 30 32 35 52 43 49 53 38 41 44 47 50 54 36 37 39 40 42 45 46 48 51 55
0 3 1 4 2 5 8 6 9 7 12 10 13 11 15 19 17 16 14 18 20 21 24 22 25 23 33 28 34 31 26 29 27 35 32 30 52 43 53 49 38 44 41 54 50 47 36 39 37 45 42 40 55 51 48 46
0 3 2 1 4 5 8 7 6 9 12 11 10 13 17 15 19 14 18 16 20 21 24 23 22 25 33 31 28 34 30 27 32 26 29 35 52 49 43 53 47 41 50 38 44 54 46 40 48 37 42 51 36 39 45 55
0 3 2 4 1 5 8 7 9 6 12 11 13 10 17 19 15 18 14 16 20 21 24 23 25 22 33 31 34 28 30 32 27 35 29 26 52 49 53 43 47 50 41 54 44 38 46 48 40 51 42 37 55 45 39 36
0 3 4 1 2 5 8 9 6 7 12 13 10 11 19 15 17 16 18 14 20 21 24 25 22 23 33 34 28 31 35 29 32 26 27 30 52 53 43 49 54 44 50 38 41 47 55 45 51 39 42 48 36 37 40 46
0 3 4 2 1 5 8 9 7 6 12 13 11 10 19 17 15 18 16 14 20 21 24 25 23 22 33 34 31 28 35 32 29 30 27 26 52 53 49 43 54 50 44 47 41 38 55 51 45 48 42 39 46 40 37 36
0 4 1 2 3 5 9 6 7 8 13 10 11 12 16 18 19 14 15 17 20 21 25 22 23 24 35 29 32 34 26 27 28 30 31 33 55 45 51 54 39 42 44 48 50 53 36 37 38 40 41 43 46 47 49 52
0 4 1 3 2 5 9 6 8 7 13 10 12 11 16 19 18 15 14 17 20 21 25 22 24 23 35 29 34 32 26 28 27 33 31 30 55 45 54 51 39 44 42 53 50 48 36 38 37 43 41 40 52 49 47 46
0 4 2 1 3 5 9 7 6 8 13 11 10 12 18 16 19 14 17 15 20 21 25 23 22 24 35 32 29 34 30 27 31 26 28 33 55 51 45 54 48 42 50 39 44 53 46 40 47 37 41 49 36 38 43 52
0 4 2 3 1 5 9 7 8 6 13 11 12 10 18 19 16 17 14 15 20 21 25 23 24 22 35 32 34 29 30 31 27 33 28 26 55 51 54 45 48 50 42 53 44 39 46 47 40 49 41 37 52 43 38 36
0 4 3 1 2 5 9 8 6 7 13 12 10 11 19 16 18 15 17 14 20 21 25 24 22 23 35 34 29 32 33 28 31 26 27 30 55 54 45 51 53 44 50 39 42 48 52 43 49 38 41 47 36 37 40 46
0 4 3 2 1 5 9 8 7 6 13 12 11 10 19 18 16 17 15 14 20 21 25 24 23 22 35 34 32 29 33 31 28 30 27 26 55 54 51 45 53 50 44 48 42 39 52 49 43 47 41 38 46 40 37 36
1 0 2 3 4 6 5 7 8 9 10 14 15 16 11 12 13 17 18 19 20 36 26 37 38 39 22 27 28 29 40 41 42 43 44 45 21 23 24 25 30 31 32 33 34 35 46 47 48 49 50 51 52 53 54 55
1 0 2 4 3 6 5 7 9 8 10 14 16 15 11 13 12 18 17 19 20 36 26 37 39 38 22 27 29 28 40 42 41 45 44 43 21 23 25 24 30 32 31 35 34 33 46 48 47 51 50 49 55 54 53 52
1 0 3 2 4 6 5 8 7 9 10 15 14 16 12 11 13 17 19 18 20 36 26 38 37 39 22 28 27 29 43 41 44 40 42 45 21 24 23 25 33 31 34 30 32 35 52 49 53 47 50 54 46 48 51 55
1 0 3 4 2 6 5 8 9 7 10 15 16 14 12 13 11 19 17 18 20 36 26 38 39 37 22 28 29 27 43 44 41 45 42 40 21 24 25 23 33 34 31 35 32 30 52 53 49 54 50 47 55 51 48 46
1 0 4 2 3 6 5 9 7 8 10 16 14 15 13 11 12 18 19 17 20 36 26 39 37 38 22 29 27 28 45 42 44 40 41 43 21 25 23 24 35 32 34 30 31 33 55 51 54 48 50 53 46 47 49 52
1 0 4 3 2 6 5 9 8 7 10 16 15 14 13 12 11 19 18 17 20 36 26 39 38 37 22 29 28 27 45 44 42 43 41 40 21 25 24 23 35 34 32 33 31 30 55 54 51 53 50 48 52 49 47 46
1 2 0 3 4 6 7 5 8 9 14 10 15 16 11 17 18 12 13 19 20 36 37 26 38 39 40 27 41 42 22 28 29 43 44 45 46 30 47 48 23 31 32 49 50 51 21 24 25 33 34 35 52 53 54 55
1 2 0 4 3 6 7 5 9 8 14 10 16 15 11 18 17 13 12 19 20 36 37 26 39 38 40 27 42 41 22 29 28 45 44 43 46 30 48 47 23 32 31 51 50 49 21 25 24 35 34 33 55 54 53 52
1 2 3 0 4 6 7 8 5 9 14 15 10 16 17 11 18 12 19 13 20 36 37 38 26 39 40 41 27 42 43 28 44 22 29 45 46 47 30 48 49 31 50 23 32 51 52 33 53 24 34 54 21 25 35 55
1 2 3 4 0 6 7 8 9 5 14 15 16 10 17 18 11 19 12 13 20 36 37 38 39 26 40 41 42 27 43 44 28 45 29 22 46 47 48 30 49 50 31 51 32 23 52 53 33 54 34 24 55 35 25 21
1 2 4 0 3 6 7 9 5 8 14 16 10 15 18 11 17 13 19 12 20 36 37 39 26 38 40 42 27 41 45 29 44 22 28 43 46 48 30 47 51 32 50 23 31 49 55 35 54 25 34 53 21 24 33 52
1 2 4 3 0 6 7 9 8 5 14 16 15 10 18 17 11 19 13 12 20 36 37 39 38 26 40 42 41 27 45 44 29 43 28 22 46 48 47 30 51 50 32 49 31 23 55 54 35 53 34 25 52 33 24 21
1 3 0 2 4 6 8 5 7 9 15 10 14 16 12 17 19 11 13 18 20 36 38 26 37 39 43 28 41 44 22 27 29 40 42 45 52 33 49 53 24 31 34 47 50 54 21 23 25 30 32 35 46 48 51 55
1 3 0 4 2 6 8 5 9 7 15 10 16 14 12 19 17 13 11 18 20 36 38 26 39 37 43 28 44 41 22 29 27 45 42 40 52 33 53 49 24 34 31 54 50 47 21 25 23 35 32 30 55 51 48 46
1 3 2 0 4 6 8 7 5 9 15 14 10 16 17 12 19 11 18 13 20 36 38 37 26 39 43 41 28 44 40 27 42 22 29 45 52 49 33 53 47 31 50 24 34 54 46 30 48 23 32 51 21 25 35 55
1 3 2 4 0 6 8 7 9 5 15 14 16 10 17 19 12 18 11 13 20 36 38 37 39 26 43 41 44 28 40 42 27 45 29 22 52 49 53 33 47 50 31 54 34 24 46 48 30 51 32 23 55 35 25 21
1 3 4 0 2 6 8 9 5 7 15 16 10 14 19 12 17 13 18 11 20 36 38 39 26 37 43 44 28 41 45 29 42 22 27 40 52 53 33 49 54 34 50 24 31 47 55 35 51 25 32 48 21 23 30 46
1 3 4 2 0 6 8 9 7 5 15 16 14 10 19 17 12 18 13 11 20 36 38 39 37 26 43 44 41 28 45 42 29 40 27 22 52 53 49 33 54 50 34 47 31 24 55 51 35 48 32 25 46 30 23 21
1 4 0 2 3 6 9 5 7 8 16 10 14 15 13 18 19 11 12 17 20 36 39 26 37 38 45 29 42 44 22 27 28 40 41 43 55 35 51 54 25 32 34 48 50 53 21 23 24 30 31 33 46 47 49 52
1 4 0 3 2 6 9 5 8 7 16 10 15 14 13 19 18 12 11 17 20 36 39 26 38 37 45 29 44 42 22 28 27 43 41 40 55 35 54 51 25 34 32 53 50 48 21 24 23 33 31 30 52 49 47 46
1 4 2 0 3 6 9 7 5 8 16 14 10 15 18 13 19 11 17 12 20 36 39 37 26 38 45 42 29 44 40 27 41 22 28 43 55 51 35 54 48 32 50 25 34 53 46 30 47 23 31 49 21 24 33 52
1 4 2 3 0 6 9 7 8 5 16 14 15 10 18 19 13 17 11 12 20 36 39 37 38 26 45 42 44 29 40 41 27 43 28 22 55 51 54 35 48 50 32 53 34 25 46 47 30 49 31 23 52 33 24 21
1 4 3 0 2 6 9 8 5 7 16 15 10 14 19 13 18 12 17 11 20 36 39 38 26 37 45 44 29 42 43 28 41 22 27 40 55 54 35 51 53 34 50 25 32 48 52 33 49 24 31 47 21 23 30 46
1 4 3 2 0 6 9 8 7 5 16 15 14 10 19 18 13 17 12 11 20 36 39 38 37 26 45 44 42 29 43 41 28 40 27 22 55 54 51 35 53 50 34 48 32 25 52 49 33 47 31 24 46 30 23 21
2 0 1 3 4 7 5 6 8 9 11 14 17 18 10 12 13 15 16 19 20 46 30 40 47 48 23 27 31 32 37 41 42 49 50 51 21 22 24 25 26 28 29 33 34 35 36 38 39 43 44 45 52 53 54 55
2 0 1 4 3 7 5 6 9 8 11 14 18 17 10 13 12 16 15 19 20 46 30 40 48 47 23 27 32 31 37 42 41 51 50 49 21 22 25 24 26 29 28 35 34 33 36 39 38 45 44 43 55 54 53 52
2 0 3 1 4 7 5 8 6 9 11 17 14 18 12 10 13 15 19 16 20 46 30 47 40 48 23 31 27 32 49 41 50 37 42 51 21 24 22 25 33 28 34 26 29 35 52 43 53 38 44 54 36 39 45 55
2 0 3 4 1 7 5 8 9 6 11 17 18 14 12 13 10 19 15 16 20 46 30 47 48 40 23 31 32 27 49 50 41 51 42 37 21 24 25 22 33 34 28 35 29 26 52 53 43 54 44 38 55 45 39 36
2 0 4 1 3 7 5 9 6 8 11 18 14 17 13 10 12 16 19 15 20 46 30 48 40 47 23 32 27 31 51 42 50 37 41 49 21 25 22 24 35 29 34 26 28 33 55 45 54 39 44 53 36 38 43 52
2 0 4 3 1 7 5 9 8 6 11 18 17 14 13 12 10 19 16 15 20 46 30 48 47 40 23 32 31 27 51 50 42 49 41 37 21 25 24 22 35 34 29 33 28 26 55 54 45 53 44 39 52 43 38 36
2 1 0 3 4 7 6 5 8 9 14 11 17 18 10 15 16 12 13 19 20 46 40 30 47 48 37 27 41 42 23 31 32 49 50 51 36 26 38 39 22 28 29 43 44 45 21 24 25 33 34 35 52 53 54 55
2 1 0 4 3 7 6 5 9 8 14 11 18 17 10 16 15 13 12 19 20 46 40 30 48 47 37 27 42 41 23 32 31 51 50 49 36 26 39 38 22 29 28 45 44 43 21 25 24 35 34 33 55 54 53 52
2 1 3 0 4 7 6 8 5 9 14 17 11 18 15 10 16 12 19 13 20 46 40 47 30 48 37 41 27 42 49 31 50 23 32 51 36 38 26 39 43 28 44 22 29 45 52 33 53 24 34 54 21 25 35 55
2 1 3 4 0 7 6 8 9 5 14 17 18 11 15 16 10 19 12 13 20 46 40 47 48 30 37 41 42 27 49 50 31 51 32 23 36 38 39 26 43 44 28 45 29 22 52 53 33 54 34 24 55 35 25 21
2 1 4 0 3 7 6 9 5 8 14 18 11 17 16 10 15 13 19 12 20 46 40 48 30 47 37 42 27 41 51 32 50 23 31 49 36 39 26 38 45 29 44 22 28 43 55 35 54 25 34 53 21 24 33 52
2 1 4 3 0 7 6 9 8 5 14 18 17 11 16 15 10 19 13 12 20 46 40 48 47 30 37 42 41 27 51 50 32 49 31 23 36 39 38 26 45 44 29 43 28 22 55 54 35 53 34 25 52 33 24 21
2 3 0 1 4 7 8 5 6 9 17 11 14 18 12 15 19 10 13 16 20 46 47 30 40 48 49 31 41 50 23 27 32 37 42 51 52 33 43 53 24 28 34 38 44 54 21 22 25 26 29 35 36 39 45 55
2 3 0 4 1 7 8 5 9 6 17 11 18 14 12 19 15 13 10 16 20 46 47 30 48 40 49 31 50 41 23 32 27 51 42 37 52 33 53 43 24 34 28 54 44 38 21 25 22 35 29 26 55 45 39 36
2 3 1 0 4 7 8 6 5 9 17 14 11 18 15 12 19 10 16 13 20 46 47 40 30 48 49 41 31 50 37 27 42 23 32 51 52 43 33 53 38 28 44 24 34 54 36 26 39 22 29 45 21 25 35 55
2 3 1 4 0 7 8 6 9 5 17 14 18 11 15 19 12 16 10 13 20 46 47 40 48 30 49 41 50 31 37 42 27 51 32 23 52 43 53 33 38 44 28 54 34 24 36 39 26 45 29 22 55 35 25 21
2 3 4 0 1 7 8 9 5 6 17 18 11 14 19 12 15 13 16 10 20 46 47 48 30 40 49 50 31 41 51 32 42 23 27 37 52 53 33 43 54 34 44 24 28 38 55 35 45 25 29 39 21 22 26 36
2 3 4 1 0 7 8 9 6 5 17 18 14 11 19 15 12 16 13 10 20 46 47 48 40 30 49 50 41 31 51 42 32 37 27 23 52 53 43 33 54 44 34 38 28 24 55 45 35 39 29 25 36 26 22 21
2 4 0 1 3 7 9 5 6 8 18 11 14 17 13 16 19 10 12 15 20 46 48 30 40 47 51 32 42 50 23 27 31 37 41 49 55 35 45 54 25 29 34 39 44 53 21 22 24 26 28 33 36 38 43 52
2 4 0 3 1 7 9 5 8 6 18 11 17 14 13 19 16 12 10 15 20 46 48 30 47 40 51 32 50 42 23 31 27 49 41 37 55 35 54 45 25 34 29 53 44 39 21 24 22 33 28 26 52 43 38 36
2 4 1 0 3 7 9 6 5 8 18 14 11 17 16 13 19 10 15 12 20 46 48 40 30 47 51 42 32 50 37 27 41 23 31 49 55 45 35 54 39 29 44 25 34 53 36 26 38 22 28 43 21 24 33 52
2 4 1 3 0 7 9 6 8 5 18 14 17 11 16 19 13 15 10 12 20 46 48 40 47 30 51 42 50 32 37 41 27 49 31 23 55 45 54 35 39 44 29 53 34 25 36 38 26 43 28 22 52 33 24 21
2 4 3 0 1 7 9 8 5 6 18 17 11 14 19 13 16 12 15 10 20 46 48 47 30 40 51 50 32 42 49 31 41 23 27 37 55 54 35 45 53 34 44 25 29 39 52 33 43 24 28 38 21 22 26 36
2 4 3 1 0 7 9 8 6 5 18 17 14 11 19 16 13 15 12 10 20 46 48 47 40 30 51 50 42 32 49 41 31 37 27 23 55 54 45 35 53 44 34 39 29 25 52 43 33 38 28 24 36 26 22 21
3 0 1 2 4 8 5 6 7 9 12 15 17 19 10 11 13 14 16 18 20 52 33 43 49 53 24 28 31 34 38 41 44 47 50 54 21 22 23 25 26 27 29 30 32 35 36 37 39 40 42 45 46 48 51 55
3 0 1 4 2 8 5 6 9 7 12 15 19 17 10 13 11 16 14 18 20 52 33 43 53 49 24 28 34 31 38 44 41 54 50 47 21 22 25 23 26 29 27 35 32 30 36 39 37 45 42 40 55 51 48 46
3 0 2 1 4 8 5 7 6 9 12 17 15 19 11 10 13 14 18 16 20 52 33 49 43 53 24 31 28 34 47 41 50 38 44 54 21 23 22 25 30 27 32 26 29 35 46 40 48 37 42 51 36 39 45 55
3 0 2 4 1 8 5 7 9 6 12 17 19 15 11 13 10 18 14 16 20 52 33 49 53 43 24 31 34 28 47 50 41 54 44 38 21 23 25 22 30 32 27 35 29 26 46 48 40 51 42 37 55 45 39 36
3 0 4 1 2 8 5 9 6 7 12 19 15 17 13 10 11 16 18 14 20 52 33 53 43 49 24 34 28 31 54 44 50 38 41 47 21 25 22 23 35 29 32 26 27 30 55 45 51 39 42 48 36 37 40 46
3 0 4 2 1 8 5 9 7 6 12 19 17 15 13 11 10 18 16 14 20 52 33 53 49 43 24 34 31 28 54 50 44 47 41 38 21 25 23 22 35 32 29 30 27 26 55 51 45 48 42 39 46 40 37 36
3 1 0 2 4 8 6 5 7 9 15 12 17 19 10 14 16 11 13 18 20 52 43 33 49 53 38 28 41 44 24 31 34 47 50 54 36 26 37 39 22 27 29 40 42 45 21 23 25 30 32 35 46 48 51 55
3 1 0 4 2 8 6 5 9 7 15 12 19 17 10 16 14 13 11 18 20 52 43 33 53 49 38 28 44 41 24 34 31 54 50 47 36 26 39 37 22 29 27 45 42 40 21 25 23 35 32 30 55 51 48 46
3 1 2 0 4 8 6 7 5 9 15 17 12 19 14 10 16 11 18 13 20 52 43 49 33 53 38 41 28 44 47 31 50 24 34 54 36 37 26 39 40 27 42 22 29 45 46 30 48 23 32 51 21 25 35 55
3 1 2 4 0 8 6 7 9 5 15 17 19 12 14 16 10 18 11 13 20 52 43 49 53 33 38 41 44 28 47 50 31 54 34 24 36 37 39 26 40 42 27 45 29 22 46 48 30 51 32 23 55 35 25 21
3 1 4 0 2 8 6 9 5 7 15 19 12 17 16 10 14 13 18 11 20 52 43 53 33 49 38 44 28 41 54 34 50 24 31 47 36 39 26 37 45 29 42 22 27 40 55 35 51 25 32 48 21 23 30 46
3 1 4 2 0 8 6 9 7 5 15 19 17 12 16 14 10 18 13 11 20 52 43 53 49 33 38 44 41 28 54 50 34 47 31 24 36 39 37 26 45 42 29 40 27 22 55 51 35 48 32 25 46 30 23 21
3 2 0 1 4 8 7 5 6 9 17 12 15 19 11 14 18 10 13 16 20 52 49 33 43 53 47 31 41 50 24 28 34 38 44 54 46 30 40 48 23 27 32 37 42 51 21 22 25 26 29 35 36 39 45 55
3 2 0 4 1 8 7 5 9 6 17 12 19 15 11 18 14 13 10 16 20 52 49 33 53 43 47 31 50 41 24 34 28 54 44 38 46 30 48 40 23 32 27 51 42 37 21 25 22 35 29 26 55 45 39 36
3 2 1 0 4 8 7 6 5 9 17 15 12 19 14 11 18 10 16 13 20 52 49 43 33 53 47 41 31 50 38 28 44 24 34 54 46 40 30 48 37 27 42 23 32 51 36 26 39 22 29 45 21 25 35 55
3 2 1 4 0 8 7 6 9 5 17 15 19 12 14 18 11 16 10 13 20 52 49 43 53 33 47 41 50 31 38 44 28 54 34 24 46 40 48 30 37 42 27 51 32 23 36 39 26 45 29 22 55 35 25 21
3 2 4 0 1 8 7 9 5 6 17 19 12 15 18 11 14 13 16 10 20 52 49 53 33 43 47 50 31 41 54 34 44 24 28 38 46 48 30 40 51 32 42 23 27 37 55 35 45 25 29 39 21 22 26 36
3 2 4 1 0 8 7 9 6 5 17 19 15 12 18 14 11 16 13 10 20 52 49 53 43 33 47 50 41 31 54 44 34 38 28 24 46 48 40 30 51 42 32 37 27 23 55 45 35 39 29 25 36 26 22 21
3 4 0 1 2 8 9 5 6 7 19 12 15 17 13 16 18 10 11 14 20 52 53 33 43 49 54 34 44 50 24 28 31 38 41 47 55 35 45 51 25 29 32 39 42 48 21 22 23 26 27 30 36 37 40 46
3 4 0 2 1 8 9 5 7 6 19 12 17 15 13 18 16 11 10 14 20 52 53 33 49 43 54 34 50 44 24 31 28 47 41 38 55 35 51 45 25 32 29 48 42 39 21 23 22 30 27 26 46 40 37 36
3 4 1 0 2 8 9 6 5 7 19 15 12 17 16 13 18 10 14 11 20 52 53 43 33 49 54 44 34 50 38 28 41 24 31 47 55 45 35 51 39 29 42 25 32 48 36 26 37 22 27 40 21 23 30 46
3 4 1 2 0 8 9 6 7 5 19 15 17 12 16 18 13 14 10 11 20 52 53 43 49 33 54 44 50 34 38 41 28 47 31 24 55 45 51 35 39 42 29 48 32 25 36 37 26 40 27 22 46 30 23 21
3 4 2 0 1 8 9 7 5 6 19 17 12 15 18 13 16 11 14 10 20 52 53 49 33 43 54 50 34 44 47 31 41 24 28 38 55 51 35 45 48 32 42 25 29 39 46 30 40 23 27 37 21 22 26 36
3 4 2 1 0 8 9 7 6 5 19 17 15 12 18 16 13 14 11 10 20 52 53 49 43 33 54 50 44 34 47 41 31 38 28 24 55 51 45 35 48 42 32 39 29 25 46 40 30 37 27 23 36 26 22 21
4 0 1 2 3 9 5 6 7 8 13 16 18 19 10 11 12 14 15 17 20 55 35 45 51 54 25 29 32 34 39 42 44 48 50 53 21 22 23 24 26 27 28 30 31 33 36 37 38 40 41 43 46 47 49 52
4 0 1 3 2 9 5 6 8 7 13 16 19 18 10 12 11 15 14 17 20 55 35 45 54 51 25 29 34 32 39 44 42 53 50 48 21 22 24 23 26 28 27 33 31 30 36 38 37 43 41 40 52 49 47 46
4 0 2 1 3 9 5 7 6 8 13 18 16 19 11 10 12 14 17 15 20 55 35 51 45 54 25 32 29 34 48 42 50 39 44 53 21 23 22 24 30 27 31 26 28 33 46 40 47 37 41 49 36 38 43 52
4 0 2 3 1 9 5 7 8 6 13 18 19 16 11 12 10 17 14 15 20 55 35 51 54 45 25 32 34 29 48 50 42 53 44 39 21 23 24 22 30 31 27 33 28 26 46 47 40 49 41 37 52 43 38 36
4 0 3 1 2 9 5 8 6 7 13 19 16 18 12 10 11 15 17 14 20 55 35 54 45 51 25 34 29 32 53 44 50 39 42 48 21 24 22 23 33 28 31 26 27 30 52 43 49 38 41 47 36 37 40 46
4 0 3 2 1 9 5 8 7 6 13 19 18 16 12 11 10 17 15 14 20 55 35 54 51 45 25 34 32 29 53 50 44 48 42 39 21 24 23 22 33 31 28 30 27 26 52 49 43 47 41 38 46 40 37 36
4 1 0 2 3 9 6 5 7 8 16 13 18 19 10 14 15 11 12 17 20 55 45 35 51 54 39 29 42 44 25 32 34 48 50 53 36 26 37 38 22 27 28 40 41 43 21 23 24 30 31 33 46 47 49 52
4 1 0 3 2 9 6 5 8 7 16 13 19 18 10 15 14 12 11 17 20 55 45 35 54 51 39 29 44 42 25 34 32 53 50 48 36 26 38 37 22 28 27 43 41 40 21 24 23 33 31 30 52 49 47 46
4 1 2 0 3 9 6 7 5 8 16 18 13 19 14 10 15 11 17 12 20 55 45 51 35 54 39 42 29 44 48 32 50 25 34 53 36 37 26 38 40 27 41 22 28 43 46 30 47 23 31 49 21 24 33 52
4 1 2 3 0 9 6 7 8 5 16 18 19 13 14 15 10 17 11 12 20 55 45 51 54 35 39 42 44 29 48 50 32 53 34 25 36 37 38 26 40 41 27 43 28 22 46 47 30 49 31 23 52 33 24 21
4 1 3 0 2 9 6 8 5 7 16 19 13 18 15 10 14 12 17 11 20 55 45 54 35 51 39 44 29 42 53 34 50 25 32 48 36 38 26 37 43 28 41 22 27 40 52 33 49 24 31 47 21 23 30 46
4 1 3 2 0 9 6 8 7 5 16 19 18 13 15 14 10 17 12 11 20 55 45 54 51 35 39 44 42 29 53 50 34 48 32 25 36 38 37 26 43 41 28 40 27 22 52 49 33 47 31 24 46 30 23 21
4 2 0 1 3 9 7 5 6 8 18 13 16 19 11 14 17 10 12 15 20 55 51 35 45 54 48 32 42 50 25 29 34 39 44 53 46 30 40 47 23 27 31 37 41 49 21 22 24 26 28 33 36 38 43 52
4 2 0 3 1 9 7 5 8 6 18 13 19 16 11 17 14 12 10 15 20 55 51 35 54 45 48 32 50 42 25 34 29 53 44 39 46 30 47 40 23 31 27 49 41 37 21 24 22 33 28 26 52 43 38 36
4 2 1 0 3 9 7 6 5 8 18 16 13 19 14 11 17 10 15 12 20 55 51 45 35 54 48 42 32 50 39 29 44 25 34 53 46 40 30 47 37 27 41 23 31 49 36 26 38 22 28 43 21 24 33 52
4 2 1 3 0 9 7 6 8 5 18 16 19 13 14 17 11 15 10 12 20 55 51 45 54 35 48 42 50 32 39 44 29 53 34 25 46 40 47 30 37 41 27 49 31 23 36 38 26 43 28 22 52 33 24 21
4 2 3 0 1 9 7 8 5 6 18 19 13 16 17 11 14 12 15 10 20 55 51 54 35 45 48 50 32 42 53 34 44 25 29 39 46 47 30 40 49 31 41 23 27 37 52 33 43 24 28 38 21 22 26 36
4 2 3 1 0 9 7 8 6 5 18 19 16 13 17 14 11 15 12 10 20 55 51 54 45 35 48 50 42 32 53 44 34 39 29 25 46 47 40 30 49 41 31 37 27 23 52 43 33 38 28 24 36 26 22 21
4 3 0 1 2 9 8 5 6 7 19 13 16 18 12 15 17 10 11 14 20 55 54 35 45 51 53 34 44 50 25 29 32 39 42 48 52 33 43 49 24 28 31 38 41 47 21 22 23 26 27 30 36 37 40 46
4 3 0 2 1 9 8 5 7 6 19 13 18 16 12 17 15 11 10 14 20 55 54 35 51 45 53 34 50 44 25 32 29 48 42 39 52 33 49 43 24 31 28 47 41 38 21 23 22 30 27 26 46 40 37 36
4 3 1 0 2 9 8 6 5 7 19 16 13 18 15 12 17 10 14 11 20 55 54 45 35 51 53 44 34 50 39 29 42 25 32 48 52 43 33 49 38 28 41 24 31 47 36 26 37 22 27 40 21 23 30 46
4 3 1 2 0 9 8 6 7 5 19 16 18 13 15 17 12 14 10 11 20 55 54 45 51 35 53 44 50 34 39 42 29 48 32 25 52 43 49 33 38 41 28 47 31 24 36 37 26 40 27 22 46 30 23 21
4 3 2 0 1 9 8 7 5 6 19 18 13 16 17 12 15 11 14 10 20 55 54 51 35 45 53 50 34 44 48 32 42 25 29 39 52 49 33 43 47 31 41 24 28 38 46 30 40 23 27 37 21 22 26 36
4 3 2 1 0 9 8 7 6 5 19 18 16 13 17 15 12 14 11 10 20 55 54 51 45 35 53 50 44 34 48 42 32 39 29 25 52 49 43 33 47 41 31 38 28 24 46 40 30 37 27 23 36 26 22 21
5 22 23 24 25 0 26 30 33 35 10 11 12 13 27 28 29 31 32 34 21 20 1 2 3 4 6 14 15 16 7 17 18 8 19 9 36 37 38 39 40 41 42 43 44 45 46 47 48 49 50 51 52 53 54 55
5 22 23 25 24 0 26 30 35 33 10 11 13 12 27 29 28 32 31 34 21 20 1 2 4 3 6 14 16 15 7 18 17 9 19 8 36 37 39 38 40 42 41 45 44 43 46 48 47 51 50 49 55 54 53 52
5 22 24 23 25 0 26 33 30 35 10 12 11 13 28 27 29 31 34 32 21 20 1 3 2 4 6 15 14 16 8 17 19 7 18 9 36 38 37 39 43 41 44 40 42 45 52 49 53 47 50 54 46 48 51 55
5 22 24 25 23 0 26 33 35 30 10 12 13 11 28 29 27 34 31 32 21 20 1 3 4 2 6 15 16 14 8 19 17 9 18 7 36 38 39 37 43 44 41 45 42 40 52 53 49 54 50 47 55 51 48 46
5 22 25 23 24 0 26 35 30 33 10 13 11 12 29 27 28 32 34 31 21 20 1 4 2 3 6 16 14 15 9 18 19 7 17 8 36 39 37 38 45 42 44 40 41 43 55 51 54 48 50 53 46 47 49 52
5 22 25 24 23 0 26 35 33 30 10 13 12 11 29 28 27 34 32 31 21 20 1 4 3 2 6 16 15 14 9 19 18 8 17 7 36 39 38 37 45 44 42 43 41 40 55 54 51 53 50 48 52 49 47 46
5 23 22 24 25 0 30 26 33 35 11 10 12 13 27 31 32 28 29 34 21 20 2 1 3 4 7 14 17 18 6 15 16 8 19 9 46 40 47 48 37 41 42 49 50 51 36 38 39 43 44 45 52 53 54 55
5 23 22 25 24 0 30 26 35 33 11 10 13 12 27 32 31 29 28 34 21 20 2 1 4 3 7 14 18 17 6 16 15 9 19 8 46 40 48 47 37 42 41 51 50 49 36 39 38 45 44 43 55 54 53 52
5 23 24 22 25 0 30 33 26 35 11 12 10 13 31 27 32 28 34 29 21 20 2 3 1 4 7 17 14 18 8 15 19 6 16 9 46 47 40 48 49 41 50 37 42 51 52 43 53 38 44 54 36 39 45 55
5 23 24 25 22 0 30 33 35 26 11 12 13 10 31 32 27 34 28 29 21 20 2 3 4 1 7 17 18 14 8 19 15 9 16 6 46 47 48 40 49 50 41 51 42 37 52 53 43 54 44 38 55 45 39 36
5 23 25 22 24 0 30 35 26 33 11 13 10 12 32 27 31 29 34 28 21 20 2 4 1 3 7 18 14 17 9 16 19 6 15 8 46 48 40 47 51 42 50 37 41 49 55 45 54 39 44 53 36 38 43 52
5 23 25 24 22 0 30 35 33 26 11 13 12 10 32 31 27 34 29 28 21 20 2 4 3 1 7 18 17 14 9 19 16 8 15 6 46 48 47 40 51 50 42 49 41 37 55 54 45 53 44 39 52 43 38 36
5 24 22 23 25 0 33 26 30 35 12 10 11 13 28 31 34 27 29 32 21 20 3 1 2 4 8 15 17 19 6 14 16 7 18 9 52 43 49 53 38 41 44 47 50 54 36 37 39 40 42 45 46 48 51 55
5 24 22 25 23 0 33 26 35 30 12 10 13 11 28 34 31 29 27 32 21 20 3 1 4 2 8 15 19 17 6 16 14 9 18 7 52 43 53 49 38 44 41 54 50 47 36 39 37 45 42 40 55 51 48 46
5 24 23 22 25 0 33 30 26 35 12 11 10 13 31 28 34 27 32 29 21 20 3 2 1 4 8 17 15 19 7 14 18 6 16 9 52 49 43 53 47 41 50 38 44 54 46 40 48 37 42 51 36 39 45 55
5 24 23 25 22 0 33 30 35 26 12 11 13 10 31 34 28 32 27 29 21 20 3 2 4 1 8 17 19 15 7 18 14 9 16 6 52 49 53 43 47 50 41 54 44 38 46 48 40 51 42 37 55 45 39 36
5 24 25 22 23 0 33 35 26 30 12 13 10 11 34 28 31 29 32 27 21 20 3 4 1 2 8 19 15 17 9 16 18 6 14 7 52 53 43 49 54 44 50 38 41 47 55 45 51 39 42 48 36 37 40 46
5 24 25 23 22 0 33 35 30 26 12 13 11 10 34 31 28 32 29 27 21 20 3 4 2 1 8 19 17 15 9 18 16 7 14 6 52 53 49 43 54 50 44 47 41 38 55 51 45 48 42 39 46 40 37 36
5 25 22 23 24 0 35 26 30 33 13 10 11 12 29 32 34 27 28 31 21 20 4 1 2 3 9 16 18 19 6 14 15 7 17 8 55 45 51 54 39 42 44 48 50 53 36 37 38 40 41 43 46 47 49 52
5 25 22 24 23 0 35 26 33 30 13 10 12 11 29 34 32 28 27 31 21 20 4 1 3 2 9 16 19 18 6 15 14 8 17 7 55 45 54 51 39 44 42 53 50 48 36 38 37 43 41 40 52 49 47 46
5 25 23 22 24 0 35 30 26 33 13 11 10 12 32 29 34 27 31 28 21 20 4 2 1 3 9 18 16 19 7 14 17 6 15 8 55 51 45 54 48 42 50 39 44 53 46 40 47 37 41 49 36 38 43 52
5 25 23 24 22 0 35 30 33 26 13 11 12 10 32 34 29 31 27 28 21 20 4 2 3 1 9 18 19 16 7 17 14 8 15 6 55 51 54 45 48 50 42 53 44 39 46 47 40 49 41 37 52 43 38 36
5 25 24 22 23 0 35 33 26 30 13 12 10 11 34 29 32 28 31 27 21 20 4 3 1 2 9 19 16 18 8 15 17 6 14 7 55 54 45 51 53 44 50 39 42 48 52 43 49 38 41 47 36 37 40 46
5 25 24 23 22 0 35 33 30 26 13 12 11 10 34 32 29 31 28 27 21 20 4 3 2 1 9 19 18 16 8 17 15 7 14 6 55 54 51 45 53 50 44 48 42 39 52 49 43 47 41 38 46 40 37 36
22 5 23 24 25 26 0 30 33 35 10 27 28 29 11 12 13 31 32 34 21 36 6 37 38 39 1 14 15 16 40 41 42 43 44 45 20 2 3 4 7 17 18 8 19 9 46 47 48 49 50 51 52 53 54 55
22 5 23 25 24 26 0 30 35 33 10 27 29 28 11 13 12 32 31 34 21 36 6 37 39 38 1 14 16 15 40 42 41 45 44 43 20 2 4 3 7 18 17 9 19 8 46 48 47 51 50 49 55 54 53 52
22 5 24 23 25 26 0 33 30 35 10 28 27 29 12 11 13 31 34 32 21 36 6 38 37 39 1 15 14 16 43 41 44 40 42 45 20 3 2 4 8 17 19 7 18 9 52 49 53 47 50 54 46 48 51 55
22 5 24 25 23 26 0 33 35 30 10 28 29 27 12 13 11 34 31 32 21 36 6 38 39 37 1 15 16 14 43 44 41 45 42 40 20 3 4 2 8 19 17 9 18 7 52 53 49 54 50 47 55 51 48 46
22 5 25 23 24 26 0 35 30 33 10 29 27 28 13 11 12 32 34 31 21 36 6 39 37 38 1 16 14 15 45 42 44 40 41 43 20 4 2 3 9 18 19 7 17 8 55 51 54 48 50 53 46 47 49 52
22 5 25 24 23 26 0 35 33 30 10 29 28 27 13 12 11 34 32 31 21 36 6 39 38 37 1 16 15 14 45 44 42 43 41 40 20 4 3 2 9 19 18 8 17 7 55 54 51 53 50 48 52 49 47 46
22 23 5 24 25 26 30 0 33 35 27 10 28 29 11 31 32 12 13 34 21 36 37 6 38 39 40 14 41 42 1 15 16 43 44 45 46 7 47 48 2 17 18 49 50 51 20 3 4 8 19 9 52 53 54 55
22 23 5 25 24 26 30 0 35 33 27 10 29 28 11 32 31 13 12 34 21 36 37 6 39 38 40 14 42 41 1 16 15 45 44 43 46 7 48 47 2 18 17 51 50 49 20 4 3 9 19 8 55 54 53 52
22 23 24 5 25 26 30 33 0 35 27 28 10 29 31 11 32 12 34 13 21 36 37 38 6 39 40 41 14 42 43 15 44 1 16 45 46 47 7 48 49 17 50 2 18 51 52 8 53 3 19 54 20 4 9 55
22 23 24 25 5 26 30 33 35 0 27 28 29 10 31 32 11 34 12 13 21 36 37 38 39 6 40 41 42 14 43 44 15 45 16 1 46 47 48 7 49 50 17 51 18 2 52 53 8 54 19 3 55 9 4 20
22 23 25 5 24 26 30 35 0 33 27 29 10 28 32 11 31 13 34 12 21 36 37 39 6 38 40 42 14 41 45 16 44 1 15 43 46 48 7 47 51 18 50 2 17 49 55 9 54 4 19 53 20 3 8 52
22 23 25 24 5 26 30 35 33 0 27 29 28 10 32 31 11 34 13 12 21 36 37 39 38 6 40 42 41 14 45 44 16 43 15 1 46 48 47 7 51 50 18 49 17 2 55 54 9 53 19 4 52 8 3 20
22 24 5 23 25 26 33 0 30 35 28 10 27 29 12 31 34 11 13 32 21 36 38 6 37 39 43 15 41 44 1 14 16 40 42 45 52 8 49 53 3 17 19 47 50 54 20 2 4 7 18 9 46 48 51 55
22 24 5 25 23 26 33 0 35 30 28 10 29 27 12 34 31 13 11 32 21 36 38 6 39 37 43 15 44 41 1 16 14 45 42 40 52 8 53 49 3 19 17 54 50 47 20 4 2 9 18 7 55 51 48 46
22 24 23 5 25 26 33 30 0 35 28 27 10 29 31 12 34 11 32 13 21 36 38 37 6 39 43 41 15 44 40 14 42 1 16 45 52 49 8 53 47 17 50 3 19 54 46 7 48 2 18 51 20 4 9 55
22 24 23 25 5 26 33 30 35 0 28 27 29 10 31 34 12 32 11 13 21 36 38 37 39 6 43 41 44 15 40 42 14 45 16 1 52 49 53 8 47 50 17 54 19 3 46 48 7 51 18 2 55 9 4 20
22 24 25 5 23 26 33 35 0 30 28 29 10 27 34 12 31 13 32 11 21 36 38 39 6 37 43 44 15 41 45 16 42 1 14 40 52 53 8 49 54 19 50 3 17 47 55 9 51 4 18 48 20 2 7 46
22 24 25 23 5 26 33 35 30 0 28 29 27 10 34 31 12 32 13 11 21 36 38 39 37 6 43 44 41 15 45 42 16 40 14 1 52 53 49 8 54 50 19 47 17 3 55 51 9 48 18 4 46 7 2 20
22 25 5 23 24 26 35 0 30 33 29 10 27 28 13 32 34 11 12 31 21 36 39 6 37 38 45 16 42 44 1 14 15 40 41 43 55 9 51 54 4 18 19 48 50 53 20 2 3 7 17 8 46 47 49 52
22 25 5 24 23 26 35 0 33 30 29 10 28 27 13 34 32 12 11 31 21 36 39 6 38 37 45 16 44 42 1 15 14 43 41 40 55 9 54 51 4 19 18 53 50 48 20 3 2 8 17 7 52 49 47 46
22 25 23 5 24 26 35 30 0 33 29 27 10 28 32 13 34 11 31 12 21 36 39 37 6 38 45 42 16 44 40 14 41 1 15 43 55 51 9 54 48 18 50 4 19 53 46 7 47 2 17 49 20 3 8 52
22 25 23 24 5 26 35 30 33 0 29 27 28 10 32 34 13 31 11 12 21 36 39 37 38 6 45 42 44 16 40 41 14 43 15 1 55 51 54 9 48 50 18 53 19 4 46 47 7 49 17 2 52 8 3 20
22 25 24 5 23 26 35 33 0 30 29 28 10 27 34 13 32 12 31 11 21 36 39 38 6 37 45 44 16 42 43 15 41 1 14 40 55 54 9 51 53 19 50 4 18 48 52 8 49 3 17 47 20 2 7 46
22 25 24 23 5 26 35 33 30 0 29 28 27 10 34 32 13 31 12 11 21 36 39 38 37 6 45 44 42 16 43 41 15 40 14 1 55 54 51 9 53 50 19 48 18 4 52 49 8 47 17 3 46 7 2 20
23 5 22 24 25 30 0 26 33 35 11 27 31 32 10 12 13 28 29 34 21 46 7 40 47 48 2 14 17 18 37 41 42 49 50 51 20 1 3 4 6 15 16 8 19 9 36 38 39 43 44 45 52 53 54 55
23 5 22 25 24 30 0 26 35 33 11 27 32 31 10 13 12 29 28 34 21 46 7 40 48 47 2 14 18 17 37 42 41 51 50 49 20 1 4 3 6 16 15 9 19 8 36 39 38 45 44 43 55 54 53 52
23 5 24 22 25 30 0 33 26 35 11 31 27 32 12 10 13 28 34 29 21 46 7 47 40 48 2 17 14 18 49 41 50 37 42 51 20 3 1 4 8 15 19 6 16 9 52 43 53 38 44 54 36 39 45 55
23 5 24 25 22 30 0 33 35 26 11 31 32 27 12 13 10 34 28 29 21 46 7 47 48 40 2 17 18 14 49 50 41 51 42 37 20 3 4 1 8 19 15 9 16 6 52 53 43 54 44 38 55 45 39 36
23 5 25 22 24 30 0 35 26 33 11 32 27 31 13 10 12 29 34 28 21 46 7 48 40 47 2 18 14 17 51 42 50 37 41 49 20 4 1 3 9 16 19 6 15 8 55 45 54 39 44 53 36 38 43 52
23 5 25 24 22 30 0 35 33 26 11 32 31 27 13 12 10 34 29 28 21 46 7 48 47 40 2 18 17 14 51 50 42 49 41 37 20 4 3 1 9 19 16 8 15 6 55 54 45 53 44 39 52 43 38 36
23 22 5 24 25 30 26 0 33 35 27 11 31 32 10 28 29 12 13 34 21 46 40 7 47 48 37 14 41 42 2 17 18 49 50 51 36 6 38 39 1 15 16 43 44 45 20 3 4 8 19 9 52 53 54 55
23 22 5 25 24 30 26 0 35 33 27 11 32 31 10 29 28 13 12 34 21 46 40 7 48 47 37 14 42 41 2 18 17 51 50 49 36 6 39 38 1 16 15 45 44 43 20 4 3 9 19 8 55 54 53 52
23 22 24 5 25 30 26 33 0 35 27 31 11 32 28 10 29 12 34 13 21 46 40 47 7 48 37 41 14 42 49 17 50 2 18 51 36 38 6 39 43 15 44 1 16 45 52 8 53 3 19 54 20 4 9 55
23 22 24 25 5 30 26 33 35 0 27 31 32 11 28 29 10 34 12 13 21 46 40 47 48 7 37 41 42 14 49 50 17 51 18 2 36 38 39 6 43 44 15 45 16 1 52 53 8 54 19 3 55 9 4 20
23 22 25 5 24 30 26 35 0 33 27 32 11 31 29 10 28 13 34 12 21 46 40 48 7 47 37 42 14 41 51 18 50 2 17 49 36 39 6 38 45 16 44 1 15 43 55 9 54 4 19 53 20 3 8 52
23 22 25 24 5 30 26 35 33 0 27 32 31 11 29 28 10 34 13 12 21 46 40 48 47 7 37 42 41 14 51 50 18 49 17 2 36 39 38 6 45 44 16 43 15 1 55 54 9 53 19 4 52 8 3 20
23 24 5 22 25 30 33 0 26 35 31 11 27 32 12 28 34 10 13 29 21 46 47 7 40 48 49 17 41 50 2 14 18 37 42 51 52 8 43 53 3 15 19 38 44 54 20 1 4 6 16 9 36 39 45 55
23 24 5 25 22 30 33 0 35 26 31 11 32 27 12 34 28 13 10 29 21 46 47 7 48 40 49 17 50 41 2 18 14 51 42 37 52 8 53 43 3 19 15 54 44 38 20 4 1 9 16 6 55 45 39 36
23 24 22 5 25 30 33 26 0 35 31 27 11 32 28 12 34 10 29 13 21 46 47 40 7 48 49 41 17 50 37 14 42 2 18 51 52 43 8 53 38 15 44 3 19 54 36 6 39 1 16 45 20 4 9 55
23 24 22 25 5 30 33 26 35 0 31 27 32 11 28 34 12 29 10 13 21 46 47 40 48 7 49 41 50 17 37 42 14 51 18 2 52 43 53 8 38 44 15 54 19 3 36 39 6 45 16 1 55 9 4 20
23 24 25 5 22 30 33 35 0 26 31 32 11 27 34 12 28 13 29 10 21 46 47 48 7 40 49 50 17 41 51 18 42 2 14 37 52 53 8 43 54 19 44 3 15 38 55 9 45 4 16 39 20 1 6 36
23 24 25 22 5 30 33 35 26 0 31 32 27 11 34 28 12 29 13 10 21 46 47 48 40 7 49 50 41 17 51 42 18 37 14 2 52 53 43 8 54 44 19 38 15 3 55 45 9 39 16 4 36 6 1 20
23 25 5 22 24 30 35 0 26 33 32 11 27 31 13 29 34 10 12 28 21 46 48 7 40 47 51 18 42 50 2 14 17 37 41 49 55 9 45 54 4 16 19 39 44 53 20 1 3 6 15 8 36 38 43 52
23 25 5 24 22 30 35 0 33 26 32 11 31 27 13 34 29 12 10 28 21 46 48 7 47 40 51 18 50 42 2 17 14 49 41 37 55 9 54 45 4 19 16 53 44 39 20 3 1 8 15 6 52 43 38 36
23 25 22 5 24 30 35 26 0 33 32 27 11 31 29 13 34 10 28 12 21 46 48 40 7 47 51 42 18 50 37 14 41 2 17 49 55 45 9 54 39 16 44 4 19 53 36 6 38 1 15 43 20 3 8 52
23 25 22 24 5 30 35 26 33 0 32 27 31 11 29 34 13 28 10 12 21 46 48 40 47 7 51 42 50 18 37 41 14 49 17 2 55 45 54 9 39 44 16 53 19 4 36 38 6 43 15 1 52 8 3 20
23 25 24 5 22 30 35 33 0 26 32 31 11 27 34 13 29 12 28 10 21 46 48 47 7 40 51 50 18 42 49 17 41 2 14 37 55 54 9 45 53 19 44 4 16 39 52 8 43 3 15 38 20 1 6 36
23 25 24 22 5 30 35 33 26 0 32 31 27 11 34 29 13 28 12 10 21 46 48 47 40 7 51 50 42 18 49 41 17 37 14 2 55 54 45 9 53 44 19 39 16 4 52 43 8 38 15 3 36 6 1 20
24 5 22 23 25 33 0 26 30 35 12 28 31 34 10 11 13 27 29 32 21 52 8 43 49 53 3 15 17 19 38 41 44 47 50 54 20 1 2 4 6 14 16 7 18 9 36 37 39 40 42 45 46 48 51 55
24 5 22 25 23 33 0 26 35 30 12 28 34 31 10 13 11 29 27 32 21 52 8 43 53 49 3 15 19 17 38 44 41 54 50 47 20 1 4 2 6 16 14 9 18 7 36 39 37 45 42 40 55 51 48 46
24 5 23 22 25 33 0 30 26 35 12 31 28 34 11 10 13 27 32 29 21 52 8 49 43 53 3 17 15 19 47 41 50 38 44 54 20 2 1 4 7 14 18 6 16 9 46 40 48 37 42 51 36 39 45 55
24 5 23 25 22 33 0 30 35 26 12 31 34 28 11 13 10 32 27 29 21 52 8 49 53 43 3 17 19 15 47 50 41 54 44 38 20 2 4 1 7 18 14 9 16 6 46 48 40 51 42 37 55 45 39 36
24 5 25 22 23 33 0 35 26 30 12 34 28 31 13 10 11 29 32 27 21 52 8 53 43 49 3 19 15 17 54 44 50 38 41 47 20 4 1 2 9 16 18 6 14 7 55 45 51 39 42 48 36 37 40 46
24 5 25 23 22 33 0 35 30 26 12 34 31 28 13 11 10 32 29 27 21 52 8 53 49 43 3 19 17 15 54 50 44 47 41 38 20 4 2 1 9 18 16 7 14 6 55 51 45 48 42 39 46 40 37 36
24 22 5 23 25 33 26 0 30 35 28 12 31 34 10 27 29 11 13 32 21 52 43 8 49 53 38 15 41 44 3 17 19 47 50 54 36 6 37 39 1 14 16 40 42 45 20 2 4 7 18 9 46 48 51 55
24 22 5 25 23 33 26 0 35 30 28 12 34 31 10 29 27 13 11 32 21 52 43 8 53 49 38 15 44 41 3 19 17 54 50 47 36 6 39 37 1 16 14 45 42 40 20 4 2 9 18 7 55 51 48 46
24 22 23 5 25 33 26 30 0 35 28 31 12 34 27 10 29 11 32 13 21 52 43 49 8 53 38 41 15 44 47 17 50 3 19 54 36 37 6 39 40 14 42 1 16 45 46 7 48 2 18 51 20 4 9 55
24 22 23 25 5 33 26 30 35 0 28 31 34 12 27 29 10 32 11 13 21 52 43 49 53 8 38 41 44 15 47 50 17 54 19 3 36 37 39 6 40 42 14 45 16 1 46 48 7 51 18 2 55 9 4 20
24 22 25 5 23 33 26 35 0 30 28 34 12 31 29 10 27 13 32 11 21 52 43 53 8 49 38 44 15 41 54 19 50 3 17 47 36 39 6 37 45 16 42 1 14 40 55 9 51 4 18 48 20 2 7 46
24 22 25 23 5 33 26 35 30 0 28 34 31 12 29 27 10 32 13 11 21 52 43 53 49 8 38 44 41 15 54 50 19 47 17 3 36 39 37 6 45 42 16 40 14 1 55 51 9 48 18 4 46 7 2 20
24 23 5 22 25 33 30 0 26 35 31 12 28 34 11 27 32 10 13 29 21 52 49 8 43 53 47 17 41 50 3 15 19 38 44 54 46 7 40 48 2 14 18 37 42 51 20 1 4 6 16 9 36 39 45 55
24 23 5 25 22 33 30 0 35 26 31 12 34 28 11 32 27 13 10 29 21 52 49 8 53 43 47 17 50 41 3 19 15 54 44 38 46 7 48 40 2 18 14 51 42 37 20 4 1 9 16 6 55 45 39 36
24 23 22 5 25 33 30 26 0 35 31 28 12 34 27 11 32 10 29 13 21 52 49 43 8 53 47 41 17 50 38 15 44 3 19 54 46 40 7 48 37 14 42 2 18 51 36 6 39 1 16 45 20 4 9 55
24 23 22 25 5 33 30 26 35 0 31 28 34 12 27 32 11 29 10 13 21 52 49 43 53 8 47 41 50 17 38 44 15 54 19 3 46 40 48 7 37 42 14 51 18 2 36 39 6 45 16 1 55 9 4 20
24 23 25 5 22 33 30 35 0 26 31 34 12 28 32 11 27 13 29 10 21 52 49 53 8 43 47 50 17 41 54 19 44 3 15 38 46 48 7 40 51 18 42 2 14 37 55 9 45 4 16 39 20 1 6 36
24 23 25 22 5 33 30 35 26 0 31 34 28 12 32 27 11 29 13 10 21 52 49 53 43 8 47 50 41 17 54 44 19 38 15 3 46 48 40 7 51 42 18 37 14 2 55 45 9 39 16 4 36 6 1 20
24 25 5 22 23 33 35 0 26 30 34 12 28 31 13 29 32 10 11 27 21 52 53 8 43 49 54 19 44 50 3 15 17 38 41 47 55 9 45 51 4 16 18 39 42 48 20 1 2 6 14 7 36 37 40 46
24 25 5 23 22 33 35 0 30 26 34 12 31 28 13 32 29 11 10 27 21 52 53 8 49 43 54 19 50 44 3 17 15 47 41 38 55 9 51 45 4 18 16 48 42 39 20 2 1 7 14 6 46 40 37 36
24 25 22 5 23 33 35 26 0 30 34 28 12 31 29 13 32 10 27 11 21 52 53 43 8 49 54 44 19 50 38 15 41 3 17 47 55 45 9 51 39 16 42 4 18 48 36 6 37 1 14 40 20 2 7 46
24 25 22 23 5 33 35 26 30 0 34 28 31 12 29 32 13 27 10 11 21 52 53 43 49 8 54 44 50 19 38 41 15 47 17 3 55 45 51 9 39 42 16 48 18 4 36 37 6 40 14 1 46 7 2 20
24 25 23 5 22 33 35 30 0 26 34 31 12 28 32 13 29 11 27 10 21 52 53 49 8 43 54 50 19 44 47 17 41 3 15 38 55 51 9 45 48 18 42 4 16 39 46 7 40 2 14 37 20 1 6 36
24 25 23 22 5 33 35 30 26 0 34 31 28 12 32 29 13 27 11 10 21 52 53 49 43 8 54 50 44 19 47 41 17 38 15 3 55 51 45 9 48 42 18 39 16 4 46 40 7 37 14 2 36 6 1 20
25 5 22 23 24 35 0 26 30 33 13 29 32 34 10 11 12 27 28 31 21 55 9 45 51 54 4 16 18 19 39 42 44 48 50 53 20 1 2 3 6 14 15 7 17 8 36 37 38 40 41 43 46 47 49 52
25 5 22 24 23 35 0 26 33 30 13 29 34 32 10 12 11 28 27 31 21 55 9 45 54 51 4 16 19 18 39 44 42 53 50 48 20 1 3 2 6 15 14 8 17 7 36 38 37 43 41 40 52 49 47 46
25 5 23 22 24 35 0 30 26 33 13 32 29 34 11 10 12 27 31 28 21 55 9 51 45 54 4 18 16 19 48 42 50 39 44 53 20 2 1 3 7 14 17 6 15 8 46 40 47 37 41 49 36 38 43 52
25 5 23 24 22 35 0 30 33 26 13 32 34 29 11 12 10 31 27 28 21 55 9 51 54 45 4 18 19 16 48 50 42 53 44 39 20 2 3 1 7 17 14 8 15 6 46 47 40 49 41 37 52 43 38 36
25 5 24 22 23 35 0 33 26 30 13 34 29 32 12 10 11 28 31 27 21 55 9 54 45 51 4 19 16 18 53 44 50 39 42 48 20 3 1 2 8 15 17 6 14 7 52 43 49 38 41 47 36 37 40 46
25 5 24 23 22 35 0 33 30 26 13 34 32 29 12 11 10 31 28 27 21 55 9 54 51 45 4 19 18 16 53 50 44 48 42 39 20 3 2 1 8 17 15 7 14 6 52 49 43 47 41 38 46 40 37 36
25 22 5 23 24 35 26 0 30 33 29 13 32 34 10 27 28 11 12 31 21 55 45 9 51 54 39 16 42 44 4 18 19 48 50 53 36 6 37 38 1 14 15 40 41 43 20 2 3 7 17 8 46 47 49 52
25 22 5 24 23 35 26 0 33 30 29 13 34 32 10 28 27 12 11 31 21 55 45 9 54 51 39 16 44 42 4 19 18 53 50 48 36 6 38 37 1 15 14 43 41 40 20 3 2 8 17 7 52 49 47 46
25 22 23 5 24 35 26 30 0 33 29 32 13 34 27 10 28 11 31 12 21 55 45 51 9 54 39 42 16 44 48 18 50 4 19 53 36 37 6 38 40 14 41 1 15 43 46 7 47 2 17 49 20 3 8 52
25 22 23 24 5 35 26 30 33 0 29 32 34 13 27 28 10 31 11 12 21 55 45 51 54 9 39 42 44 16 48 50 18 53 19 4 36 37 38 6 40 41 14 43 15 1 46 47 7 49 17 2 52 8 3 20
25 22 24 5 23 35 26 33 0 30 29 34 13 32 28 10 27 12 31 11 21 55 45 54 9 51 39 44 16 42 53 19 50 4 18 48 36 38 6 37 43 15 41 1 14 40 52 8 49 3 17 47 20 2 7 46
25 22 24 23 5 35 26 33 30 0 29 34 32 13 28 27 10 31 12 11 21 55 45 54 51 9 39 44 42 16 53 50 19 48 18 4 36 38 37 6 43 41 15 40 14 1 52 49 8 47 17 3 46 7 2 20
25 23 5 22 24 35 30 0 26 33 32 13 29 34 11 27 31 10 12 28 21 55 51 9 45 54 48 18 42 50 4 16 19 39 44 53 46 7 40 47 2 14 17 37 41 49 20 1 3 6 15 8 36 38 43 52
25 23 5 24 22 35 30 0 33 26 32 13 34 29 11 31 27 12 10 28 21 55 51 9 54 45 48 18 50 42 4 19 16 53 44 39 46 7 47 40 2 17 14 49 41 37 20 3 1 8 15 6 52 43 38 36
25 23 22 5 24 35 30 26 0 33 32 29 13 34 27 11 31 10 28 12 21 55 51 45 9 54 48 42 18 50 39 16 44 4 19 53 46 40 7 47 37 14 41 2 17 49 36 6 38 1 15 43 20 3 8 52
25 23 22 24 5 35 30 26 33 0 32 29 34 13 27 31 11 28 10 12 21 55 51 45 54 9 48 42 50 18 39 44 16 53 19 4 46 40 47 7 37 41 14 49 17 2 36 38 6 43 15 1 52 8 3 20
25 23 24 5 22 35 30 33 0 26 32 34 13 29 31 11 27 12 28 10 21 55 51 54 9 45 48 50 18 42 53 19 44 4 16 39 46 47 7 40 49 17 41 2 14 37 52 8 43 3 15 38 20 1 6 36
25 23 24 22 5 35 30 33 26 0 32 34 29 13 31 27 11 28 12 10 21 55 51 54 45 9 48 50 42 18 53 44 19 39 16 4 46 47 40 7 49 41 17 37 14 2 52 43 8 38 15 3 36 6 1 20
25 24 5 22 23 35 33 0 26 30 34 13 29 32 12 28 31 10 11 27 21 55 54 9 45 51 53 19 44 50 4 16 18 39 42 48 52 8 43 49 3 15 17 38 41 47 20 1 2 6 14 7 36 37 40 46
25 24 5 23 22 35 33 0 30 26 34 13 32 29 12 31 28 11 10 27 21 55 54 9 51 45 53 19 50 44 4 18 16 48 42 39 52 8 49 43 3 17 15 47 41 38 20 2 1 7 14 6 46 40 37 36
25 24 22 5 23 35 33 26 0 30 34 29 13 32 28 12 31 10 27 11 21 55 54 45 9 51 53 44 19 50 39 16 42 4 18 48 52 43 8 49 38 15 41 3 17 47 36 6 37 1 14 40 20 2 7 46
25 24 22 23 5 35 33 26 30 0 34 29 32 13 28 31 12 27 10 11 21 55 54 45 51 9 53 44 50 19 39 42 16 48 18 4 52 43 49 8 38 41 15 47 17 3 36 37 6 40 14 1 46 7 2 20
25 24 23 5 22 35 33 30 0 26 34 32 13 29 31 12 28 11 27 10 21 55 54 51 9 45 53 50 19 44 48 18 42 4 16 39 52 49 8 43 47 17 41 3 15 38 46 7 40 2 14 37 20 1 6 36
25 24 23 22 5 35 33 30 26 0 34 32 29 13 31 28 12 27 11 10 21 55 54 51 45 9 53 50 44 19 48 42 18 39 16 4 52 49 43 8 47 41 17 38 15 3 46 40 7 37 14 2 36 6 1 20
6 26 37 38 39 1 22 40 43 45 10 14 15 16 27 28 29 41 42 44 36 20 0 2 3 4 5 11 12 13 7 17 18 8 19 9 21 23 24 25 30 31 32 33 34 35 46 47 48 49 50 51 52 53 54 55
6 26 37 39 38 1 22 40 45 43 10 14 16 15 27 29 28 42 41 44 36 20 0 2 4 3 5 11 13 12 7 18 17 9 19 8 21 23 25 24 30 32 31 35 34 33 46 48 47 51 50 49 55 54 53 52
6 26 38 37 39 1 22 43 40 45 10 15 14 16 28 27 29 41 44 42 36 20 0 3 2 4 5 12 11 13 8 17 19 7 18 9 21 24 23 25 33 31 34 30 32 35 52 49 53 47 50 54 46 48 51 55
6 26 38 39 37 1 22 43 45 40 10 15 16 14 28 29 27 44 41 42 36 20 0 3 4 2 5 12 13 11 8 19 17 9 18 7 21 24 25 23 33 34 31 35 32 30 52 53 49 54 50 47 55 51 48 46
6 26 39 37 38 1 22 45 40 43 10 16 14 15 29 27 28 42 44 41 36 20 0 4 2 3 5 13 11 12 9 18 19 7 17 8 21 25 23 24 35 32 34 30 31 33 55 51 54 48 50 53 46 47 49 52
6 26 39 38 37 1 22 45 43 40 10 16 15 14 29 28 27 44 42 41 36 20 0 4 3 2 5 13 12 11 9 19 18 8 17 7 21 25 24 23 35 34 32 33 31 30 55 54 51 53 50 48 52 49 47 46
6 37 26 38 39 1 40 22 43 45 14 10 15 16 27 41 42 28 29 44 36 20 2 0 3 4 7 11 17 18 5 12 13 8 19 9 46 30 47 48 23 31 32 49 50 51 21 24 25 33 34 35 52 53 54 55
6 37 26 39 38 1 40 22 45 43 14 10 16 15 27 42 41 29 28 44 36 20 2 0 4 3 7 11 18 17 5 13 12 9 19 8 46 30 48 47 23 32 31 51 50 49 21 25 24 35 34 33 55 54 53 52
6 37 38 26 39 1 40 43 22 45 14 15 10 16 41 27 42 28 44 29 36 20 2 3 0 4 7 17 11 18 8 12 19 5 13 9 46 47 30 48 49 31 50 23 32 51 52 33 53 24 34 54 21 25 35 55
6 37 38 39 26 1 40 43 45 22 14 15 16 10 41 42 27 44 28 29 36 20 2 3 4 0 7 17 18 11 8 19 12 9 13 5 46 47 48 30 49 50 31 51 32 23 52 53 33 54 34 24 55 35 25 21
6 37 39 26 38 1 40 45 22 43 14 16 10 15 42 27 41 29 44 28 36 20 2 4 0 3 7 18 11 17 9 13 19 5 12 8 46 48 30 47 51 32 50 23 31 49 55 35 54 25 34 53 21 24 33 52
6 37 39 38 26 1 40 45 43 22 14 16 15 10 42 41 27 44 29 28 36 20 2 4 3 0 7 18 17 11 9 19 13 8 12 5 46 48 47 30 51 50 32 49 31 23 55 54 35 53 34 25 52 33 24 21
6 38 26 37 39 1 43 22 40 45 15 10 14 16 28 41 44 27 29 42 36 20 3 0 2 4 8 12 17 19 5 11 13 7 18 9 52 33 49 53 24 31 34 47 50 54 21 23 25 30 32 35 46 48 51 55
6 38 26 39 37 1 43 22 45 40 15 10 16 14 28 44 41 29 27 42 36 20 3 0 4 2 8 12 19 17 5 13 11 9 18 7 52 33 53 49 24 34 31 54 50 47 21 25 23 35 32 30 55 51 48 46
6 38 37 26 39 1 43 40 22 45 15 14 10 16 41 28 44 27 42 29 36 20 3 2 0 4 8 17 12 19 7 11 18 5 13 9 52 49 33 53 47 31 50 24 34 54 46 30 48 23 32 51 21 25 35 55
6 38 37 39 26 1 43 40 45 22 15 14 16 10 41 44 28 42 27 29 36 20 3 2 4 0 8 17 19 12 7 18 11 9 13 5 52 49 53 33 47 50 31 54 34 24 46 48 30 51 32 23 55 35 25 21
6 38 39 26 37 1 43 45 22 40 15 16 10 14 44 28 41 29 42 27 36 20 3 4 0 2 8 19 12 17 9 13 18 5 11 7 52 53 33 49 54 34 50 24 31 47 55 35 51 25 32 48 21 23 30 46
6 38 39 37 26 1 43 45 40 22 15 16 14 10 44 41 28 42 29 27 36 20 3 4 2 0 8 19 17 12 9 18 13 7 11 5 52 53 49 33 54 50 34 47 31 24 55 51 35 48 32 25 46 30 23 21
6 39 26 37 38 1 45 22 40 43 16 10 14 15 29 42 44 27 28 41 36 20 4 0 2 3 9 13 18 19 5 11 12 7 17 8 55 35 51 54 25 32 34 48 50 53 21 23 24 30 31 33 46 47 49 52
6 39 26 38 37 1 45 22 43 40 16 10 15 14 29 44 42 28 27 41 36 20 4 0 3 2 9 13 19 18 5 12 11 8 17 7 55 35 54 51 25 34 32 53 50 48 21 24 23 33 31 30 52 49 47 46
6 39 37 26 38 1 45 40 22 43 16 14 10 15 42 29 44 27 41 28 36 20 4 2 0 3 9 18 13 19 7 11 17 5 12 8 55 51 35 54 48 32 50 25 34 53 46 30 47 23 31 49 21 24 33 52
6 39 37 38 26 1 45 40 43 22 16 14 15 10 42 44 29 41 27 28 36 20 4 2 3 0 9 18 19 13 7 17 11 8 12 5 55 51 54 35 48 50 32 53 34 25 46 47 30 49 31 23 52 33 24 21
6 39 38 26 37 1 45 43 22 40 16 15 10 14 44 29 42 28 41 27 36 20 4 3 0 2 9 19 13 18 8 12 17 5 11 7 55 54 35 51 53 34 50 25 32 48 52 33 49 24 31 47 21 23 30 46
6 39 38 37 26 1 45 43 40 22 16 15 14 10 44 42 29 41 28 27 36 20 4 3 2 0 9 19 18 13 8 17 12 7 11 5 55 54 51 35 53 50 34 48 32 25 52 49 33 47 31 24 46 30 23 21
26 6 37 38 39 22 1 40 43 45 10 27 28 29 14 15 16 41 42 44 36 21 5 23 24 25 0 11 12 13 30 31 32 33 34 35 20 2 3 4 7 17 18 8 19 9 46 47 48 49 50 51 52 53 54 55
26 6 37 39 38 22 1 40 45 43 10 27 29 28 14 16 15 42 41 44 36 21 5 23 25 24 0 11 13 12 30 32 31 35 34 33 20 2 4 3 7 18 17 9 19 8 46 48 47 51 50 49 55 54 53 52
26 6 38 37 39 22 1 43 40 45 10 28 27 29 15 14 16 41 44 42 36 21 5 24 23 25 0 12 11 13 33 31 34 30 32 35 20 3 2 4 8 17 19 7 18 9 52 49 53 47 50 54 46 48 51 55
26 6 38 39 37 22 1 43 45 40 10 28 29 27 15 16 14 44 41 42 36 21 5 24 25 23 0 12 13 11 33 34 31 35 32 30 20 3 4 2 8 19 17 9 18 7 52 53 49 54 50 47 55 51 48 46
26 6 39 37 38 22 1 45 40 43 10 29 27 28 16 14 15 42 44 41 36 21 5 25 23 24 0 13 11 12 35 32 34 30 31 33 20 4 2 3 9 18 19 7 17 8 55 51 54 48 50 53 46 47 49 52
26 6 39 38 37 22 1 45 43 40 10 29 28 27 16 15 14 44 42 41 36 21 5 25 24 23 0 13 12 11 35 34 32 33 31 30 20 4 3 2 9 19 18 8 17 7 55 54 51 53 50 48 52 49 47 46
26 37 6 38 39 22 40 1 43 45 27 10 28 29 14 41 42 15 16 44 36 21 23 5 24 25 30 11 31 32 0 12 13 33 34 35 46 7 47 48 2 17 18 49 50 51 20 3 4 8 19 9 52 53 54 55
26 37 6 39 38 22 40 1 45 43 27 10 29 28 14 42 41 16 15 44 36 21 23 5 25 24 30 11 32 31 0 13 12 35 34 33 46 7 48 47 2 18 17 51 50 49 20 4 3 9 19 8 55 54 53 52
26 37 38 6 39 22 40 43 1 45 27 28 10 29 41 14 42 15 44 16 36 21 23 24 5 25 30 31 11 32 33 12 34 0 13 35 46 47 7 48 49 17 50 2 18 51 52 8 53 3 19 54 20 4 9 55
26 37 38 39 6 22 40 43 45 1 27 28 29 10 41 42 14 44 15 16 36 21 23 24 25 5 30 31 32 11 33 34 12 35 13 0 46 47 48 7 49 50 17 51 18 2 52 53 8 54 19 3 55 9 4 20
26 37 39 6 38 22 40 45 1 43 27 29 10 28 42 14 41 16 44 15 36 21 23 25 5 24 30 32 11 31 35 13 34 0 12 33 46 48 7 47 51 18 50 2 17 49 55 9 54 4 19 53 20 3 8 52
26 37 39 38 6 22 40 45 43 1 27 29 28 10 42 41 14 44 16 15 36 21 23 25 24 5 30 32 31 11 35 34 13 33 12 0 46 48 47 7 51 50 18 49 17 2 55 54 9 53 19 4 52 8 3 20
26 38 6 37 39 22 43 1 40 45 28 10 27 29 15 41 44 14 16 42 36 21 24 5 23 25 33 12 31 34 0 11 13 30 32 35 52 8 49 53 3 17 19 47 50 54 20 2 4 7 18 9 46 48 51 55
26 38 6 39 37 22 43 1 45 40 28 10 29 27 15 44 41 16 14 42 36 21 24 5 25 23 33 12 34 31 0 13 11 35 32 30 52 8 53 49 3 19 17 54 50 47 20 4 2 9 18 7 55 51 48 46
26 38 37 6 39 22 43 40 1 45 28 27 10 29 41 15 44 14 42 16 36 21 24 23 5 25 33 31 12 34 30 11 32 0 13 35 52 49 8 53 47 17 50 3 19 54 46 7 48 2 18 51 20 4 9 55
26 38 37 39 6 22 43 40 45 1 28 27 29 10 41 44 15 42 14 16 36 21 24 23 25 5 33 31 34 12 30 32 11 35 13 0 52 49 53 8 47 50 17 54 19 3 46 48 7 51 18 2 55 9 4 20
26 38 39 6 37 22 43 45 1 40 28 29 10 27 44 15 41 16 42 14 36 21 24 25 5 23 33 34 12 31 35 13 32 0 11 30 52 53 8 49 54 19 50 3 17 47 55 9 51 4 18 48 20 2 7 46
26 38 39 37 6 22 43 45 40 1 28 29 27 10 44 41 15 42 16 14 36 21 24 25 23 5 33 34 31 12 35 32 13 30 11 0 52 53 49 8 54 50 19 47 17 3 55 51 9 48 18 4 46 7 2 20
26 39 6 37 38 22 45 1 40 43 29 10 27 28 16 42 44 14 15 41 36 21 25 5 23 24 35 13 32 34 0 11 12 30 31 33 55 9 51 54 4 18 19 48 50 53 20 2 3 7 17 8 46 47 49 52
26 39 6 38 37 22 45 1 43 40 29 10 28 27 16 44 42 15 14 41 36 21 25 5 24 23 35 13 34 32 0 12 11 33 31 30 55 9 54 51 4 19 18 53 50 48 20 3 2 8 17 7 52 49 47 46
26 39 37 6 38 22 45 40 1 43 29 27 10 28 42 16 44 14 41 15 36 21 25 23 5 24 35 32 13 34 30 11 31 0 12 33 55 51 9 54 48 18 50 4 19 53 46 7 47 2 17 49 20 3 8 52
26 39 37 38 6 22 45 40 43 1 29 27 28 10 42 44 16 41 14 15 36 21 25 23 24 5 35 32 34 13 30 31 11 33 12 0 55 51 54 9 48 50 18 53 19 4 46 47 7 49 17 2 52 8 3 20
26 39 38 6 37 22 45 43 1 40 29 28 10 27 44 16 42 15 41 14 36 21 25 24 5 23 35 34 13 32 33 12 31 0 11 30 55 54 9 51 53 19 50 4 18 48 52 8 49 3 17 47 20 2 7 46
26 39 38 37 6 22 45 43 40 1 29 28 27 10 44 42 16 41 15 14 36 21 25 24 23 5 35 34 32 13 33 31 12 30 11 0 55 54 51 9 53 50 19 48 18 4 52 49 8 47 17 3 46 7 2 20
37 6 26 38 39 40 1 22 43 45 14 27 41 42 10 15 16 28 29 44 36 46 7 30 47 48 2 11 17 18 23 31 32 49 50 51 20 0 3 4 5 12 13 8 19 9 21 24 25 33 34 35 52 53 54 55
37 6 26 39 38 40 1 22 45 43 14 27 42 41 10 16 15 29 28 44 36 46 7 30 48 47 2 11 18 17 23 32 31 51 50 49 20 0 4 3 5 13 12 9 19 8 21 25 24 35 34 33 55 54 53 52
37 6 38 26 39 40 1 43 22 45 14 41 27 42 15 10 16 28 44 29 36 46 7 47 30 48 2 17 11 18 49 31 50 23 32 51 20 3 0 4 8 12 19 5 13 9 52 33 53 24 34 54 21 25 35 55
37 6 38 39 26 40 1 43 45 22 14 41 42 27 15 16 10 44 28 29 36 46 7 47 48 30 2 17 18 11 49 50 31 51 32 23 20 3 4 0 8 19 12 9 13 5 52 53 33 54 34 24 55 35 25 21
37 6 39 26 38 40 1 45 22 43 14 42 27 41 16 10 15 29 44 28 36 46 7 48 30 47 2 18 11 17 51 32 50 23 31 49 20 4 0 3 9 13 19 5 12 8 55 35 54 25 34 53 21 24 33 52
37 6 39 38 26 40 1 45 43 22 14 42 41 27 16 15 10 44 29 28 36 46 7 48 47 30 2 18 17 11 51 50 32 49 31 23 20 4 3 0 9 19 13 8 12 5 55 54 35 53 34 25 52 33 24 21
37 26 6 38 39 40 22 1 43 45 27 14 41 42 10 28 29 15 16 44 36 46 30 7 47 48 23 11 31 32 2 17 18 49 50 51 21 5 24 25 0 12 13 33 34 35 20 3 4 8 19 9 52 53 54 55
37 26 6 39 38 40 22 1 45 43 27 14 42 41 10 29 28 16 15 44 36 46 30 7 48 47 23 11 32 31 2 18 17 51 50 49 21 5 25 24 0 13 12 35 34 33 20 4 3 9 19 8 55 54 53 52
37 26 38 6 39 40 22 43 1 45 27 41 14 42 28 10 29 15 44 16 36 46 30 47 7 48 23 31 11 32 49 17 50 2 18 51 21 24 5 25 33 12 34 0 13 35 52 8 53 3 19 54 20 4 9 55
37 26 38 39 6 40 22 43 45 1 27 41 42 14 28 29 10 44 15 16 36 46 30 47 48 7 23 31 32 11 49 50 17 51 18 2 21 24 25 5 33 34 12 35 13 0 52 53 8 54 19 3 55 9 4 20
37 26 39 6 38 40 22 45 1 43 27 42 14 41 29 10 28 16 44 15 36 46 30 48 7 47 23 32 11 31 51 18 50 2 17 49 21 25 5 24 35 13 34 0 12 33 55 9 54 4 19 53 20 3 8 52
37 26 39 38 6 40 22 45 43 1 27 42 41 14 29 28 10 44 16 15 36 46 30 48 47 7 23 32 31 11 51 50 18 49 17 2 21 25 24 5 35 34 13 33 12 0 55 54 9 53 19 4 52 8 3 20
37 38 6 26 39 40 43 1 22 45 41 14 27 42 15 28 44 10 16 29 36 46 47 7 30 48 49 17 31 50 2 11 18 23 32 51 52 8 33 53 3 12 19 24 34 54 20 0 4 5 13 9 21 25 35 55
37 38 6 39 26 40 43 1 45 22 41 14 42 27 15 44 28 16 10 29 36 46 47 7 48 30 49 17 50 31 2 18 11 51 32 23 52 8 53 33 3 19 12 54 34 24 20 4 0 9 13 5 55 35 25 21
37 38 26 6 39 40 43 22 1 45 41 27 14 42 28 15 44 10 29 16 36 46 47 30 7 48 49 31 17 50 23 11 32 2 18 51 52 33 8 53 24 12 34 3 19 54 21 5 25 0 13 35 20 4 9 55
37 38 26 39 6 40 43 22 45 1 41 27 42 14 28 44 15 29 10 16 36 46 47 30 48 7 49 31 50 17 23 32 11 51 18 2 52 33 53 8 24 34 12 54 19 3 21 25 5 35 13 0 55 9 4 20
37 38 39 6 26 40 43 45 1 22 41 42 14 27 44 15 28 16 29 10 36 46 47 48 7 30 49 50 17 31 51 18 32 2 11 23 52 53 8 33 54 19 34 3 12 24 55 9 35 4 13 25 20 0 5 21
37 38 39 26 6 40 43 45 22 1 41 42 27 14 44 28 15 29 16 10 36 46 47 48 30 7 49 50 31 17 51 32 18 23 11 2 52 53 33 8 54 34 19 24 12 3 55 35 9 25 13 4 21 5 0 20
37 39 6 26 38 40 45 1 22 43 42 14 27 41 16 29 44 10 15 28 36 46 48 7 30 47 51 18 32 50 2 11 17 23 31 49 55 9 35 54 4 13 19 25 34 53 20 0 3 5 12 8 21 24 33 52
37 39 6 38 26 40 45 1 43 22 42 14 41 27 16 44 29 15 10 28 36 46 48 7 47 30 51 18 50 32 2 17 11 49 31 23 55 9 54 35 4 19 13 53 34 25 20 3 0 8 12 5 52 33 24 21
37 39 26 6 38 40 45 22 1 43 42 27 14 41 29 16 44 10 28 15 36 46 48 30 7 47 51 32 18 50 23 11 31 2 17 49 55 35 9 54 25 13 34 4 19 53 21 5 24 0 12 33 20 3 8 52
37 39 26 38 6 40 45 22 43 1 42 27 41 14 29 44 16 28 10 15 36 46 48 30 47 7 51 32 50 18 23 31 11 49 17 2 55 35 54 9 25 34 13 53 19 4 21 24 5 33 12 0 52 8 3 20
37 39 38 6 26 40 45 43 1 22 42 41 14 27 44 16 29 15 28 10 36 46 48 47 7 30 51 50 18 32 49 17 31 2 11 23 55 54 9 35 53 19 34 4 13 25 52 8 33 3 12 24 20 0 5 21
37 39 38 26 6 40 45 43 22 1 42 41 27 14 44 29 16 28 15 10 36 46 48 47 30 7 51 50 32 18 49 31 17 23 11 2 55 54 35 9 53 34 19 25 13 4 52 33 8 24 12 3 21 5 0 20
38 6 26 37 39 43 1 22 40 45 15 28 41 44 10 14 16 27 29 42 36 52 8 33 49 53 3 12 17 19 24 31 34 47 50 54 20 0 2 4 5 11 13 7 18 9 21 23 25 30 32 35 46 48 51 55
38 6 26 39 37 43 1 22 45 40 15 28 44 41 10 16 14 29 27 42 36 52 8 33 53 49 3 12 19 17 24 34 31 54 50 47 20 0 4 2 5 13 11 9 18 7 21 25 23 35 32 30 55 51 48 46
38 6 37 26 39 43 1 40 22 45 15 41 28 44 14 10 16 27 42 29 36 52 8 49 33 53 3 17 12 19 47 31 50 24 34 54 20 2 0 4 7 11 18 5 13 9 46 30 48 23 32 51 21 25 35 55
38 6 37 39 26 43 1 40 45 22 15 41 44 28 14 16 10 42 27 29 36 52 8 49 53 33 3 17 19 12 47 50 31 54 34 24 20 2 4 0 7 18 11 9 13 5 46 48 30 51 32 23 55 35 25 21
38 6 39 26 37 43 1 45 22 40 15 44 28 41 16 10 14 29 42 27 36 52 8 53 33 49 3 19 12 17 54 34 50 24 31 47 20 4 0 2 9 13 18 5 11 7 55 35 51 25 32 48 21 23 30 46
38 6 39 37 26 43 1 45 40 22 15 44 41 28 16 14 10 42 29 27 36 52 8 53 49 33 3 19 17 12 54 50 34 47 31 24 20 4 2 0 9 18 13 7 11 5 55 51 35 48 32 25 46 30 23 21
38 26 6 37 39 43 22 1 40 45 28 15 41 44 10 27 29 14 16 42 36 52 33 8 49 53 24 12 31 34 3 17 19 47 50 54 21 5 23 25 0 11 13 30 32 35 20 2 4 7 18 9 46 48 51 55
38 26 6 39 37 43 22 1 45 40 28 15 44 41 10 29 27 16 14 42 36 52 33 8 53 49 24 12 34 31 3 19 17 54 50 47 21 5 25 23 0 13 11 35 32 30 20 4 2 9 18 7 55 51 48 46
38 26 37 6 39 43 22 40 1 45 28 41 15 44 27 10 29 14 42 16 36 52 33 49 8 53 24 31 12 34 47 17 50 3 19 54 21 23 5 25 30 11 32 0 13 35 46 7 48 2 18 51 20 4 9 55
38 26 37 39 6 43 22 40 45 1 28 41 44 15 27 29 10 42 14 16 36 52 33 49 53 8 24 31 34 12 47 50 17 54 19 3 21 23 25 5 30 32 11 35 13 0 46 48 7 51 18 2 55 9 4 20
38 26 39 6 37 43 22 45 1 40 28 44 15 41 29 10 27 16 42 14 36 52 33 53 8 49 24 34 12 31 54 19 50 3 17 47 21 25 5 23 35 13 32 0 11 30 55 9 51 4 18 48 20 2 7 46
38 26 39 37 6 43 22 45 40 1 28 44 41 15 29 27 10 42 16 14 36 52 33 53 49 8 24 34 31 12 54 50 19 47 17 3 21 25 23 5 35 32 13 30 11 0 55 51 9 48 18 4 46 7 2 20
38 37 6 26 39 43 40 1 22 45 41 15 28 44 14 27 42 10 16 29 36 52 49 8 33 53 47 17 31 50 3 12 19 24 34 54 46 7 30 48 2 11 18 23 32 51 20 0 4 5 13 9 21 25 35 55
38 37 6 39 26 43 40 1 45 22 41 15 44 28 14 42 27 16 10 29 36 52 49 8 53 33 47 17 50 31 3 19 12 54 34 24 46 7 48 30 2 18 11 51 32 23 20 4 0 9 13 5 55 35 25 21
38 37 26 6 39 43 40 22 1 45 41 28 15 44 27 14 42 10 29 16 36 52 49 33 8 53 47 31 17 50 24 12 34 3 19 54 46 30 7 48 23 11 32 2 18 51 21 5 25 0 13 35 20 4 9 55
38 37 26 39 6 43 40 22 45 1 41 28 44 15 27 42 14 29 10 16 36 52 49 33 53 8 47 31 50 17 24 34 12 54 19 3 46 30 48 7 23 32 11 51 18 2 21 25 5 35 13 0 55 9 4 20
38 37 39 6 26 43 40 45 1 22 41 44 15 28 42 14 27 16 29 10 36 52 49 53 8 33 47 50 17 31 54 19 34 3 12 24 46 48 7 30 51 18 32 2 11 23 55 9 35 4 13 25 20 0 5 21
38 37 39 26 6 43 40 45 22 1 41 44 28 15 42 27 14 29 16 10 36 52 49 53 33 8 47 50 31 17 54 34 19 24 12 3 46 48 30 7 51 32 18 23 11 2 55 35 9 25 13 4 21 5 0 20
38 39 6 26 37 43 45 1 22 40 44 15 28 41 16 29 42 10 14 27 36 52 53 8 33 49 54 19 34 50 3 12 17 24 31 47 55 9 35 51 4 13 18 25 32 48 20 0 2 5 11 7 21 23 30 46
38 39 6 37 26 43 45 1 40 22 44 15 41 28 16 42 29 14 10 27 36 52 53 8 49 33 54 19 50 34 3 17 12 47 31 24 55 9 51 35 4 18 13 48 32 25 20 2 0 7 11 5 46 30 23 21
38 39 26 6 37 43 45 22 1 40 44 28 15 41 29 16 42 10 27 14 36 52 53 33 8 49 54 34 19 50 24 12 31 3 17 47 55 35 9 51 25 13 32 4 18 48 21 5 23 0 11 30 20 2 7 46
38 39 26 37 6 43 45 22 40 1 44 28 41 15 29 42 16 27 10 14 36 52 53 33 49 8 54 34 50 19 24 31 12 47 17 3 55 35 51 9 25 32 13 48 18 4 21 23 5 30 11 0 46 7 2 20
38 39 37 6 26 43 45 40 1 22 44 41 15 28 42 16 29 14 27 10 36 52 53 49 8 33 54 50 19 34 47 17 31 3 12 24 55 51 9 35 48 18 32 4 13 25 46 7 30 2 11 23 20 0 5 21
38 39 37 26 6 43 45 40 22 1 44 41 28 15 42 29 16 27 14 10 36 52 53 49 33 8 54 50 34 19 47 31 17 24 12 3 55 51 35 9 48 32 18 25 13 4 46 30 7 23 11 2 21 5 0 20
39 6 26 37 38 45 1 22 40 43 16 29 42 44 10 14 15 27 28 41 36 55 9 35 51 54 4 13 18 19 25 32 34 48 50 53 20 0 2 3 5 11 12 7 17 8 21 23 24 30 31 33 46 47 49 52
39 6 26 38 37 45 1 22 43 40 16 29 44 42 10 15 14 28 27 41 36 55 9 35 54 51 4 13 19 18 25 34 32 53 50 48 20 0 3 2 5 12 11 8 17 7 21 24 23 33 31 30 52 49 47 46
39 6 37 26 38 45 1 40 22 43 16 42 29 44 14 10 15 27 41 28 36 55 9 51 35 54 4 18 13 19 48 32 50 25 34 53 20 2 0 3 7 11 17 5 12 8 46 30 47 23 31 49 21 24 33 52
39 6 37 38 26 45 1 40 43 22 16 42 44 29 14 15 10 41 27 28 36 55 9 51 54 35 4 18 19 13 48 50 32 53 34 25 20 2 3 0 7 17 11 8 12 5 46 47 30 49 31 23 52 33 24 21
39 6 38 26 37 45 1 43 22 40 16 44 29 42 15 10 14 28 41 27 36 55 9 54 35 51 4 19 13 18 53 34 50 25 32 48 20 3 0 2 8 12 17 5 11 7 52 33 49 24 31 47 21 23 30 46
39 6 38 37 26 45 1 43 40 22 16 44 42 29 15 14 10 41 28 27 36 55 9 54 51 35 4 19 18 13 53 50 34 48 32 25 20 3 2 0 8 17 12 7 11 5 52 49 33 47 31 24 46 30 23 21
39 26 6 37 38 45 22 1 40 43 29 16 42 44 10 27 28 14 15 41 36 55 35 9 51 54 25 13 32 34 4 18 19 48 50 53 21 5 23 24 0 11 12 30 31 33 20 2 3 7 17 8 46 47 49 52
39 26 6 38 37 45 22 1 43 40 29 16 44 42 10 28 27 15 14 41 36 55 35 9 54 51 25 13 34 32 4 19 18 53 50 48 21 5 24 23 0 12 11 33 31 30 20 3 2 8 17 7 52 49 47 46
39 26 37 6 38 45 22 40 1 43 29 42 16 44 27 10 28 14 41 15 36 55 35 51 9 54 25 32 13 34 48 18 50 4 19 53 21 23 5 24 30 11 31 0 12 33 46 7 47 2 17 49 20 3 8 52
39 26 37 38 6 45 22 40 43 1 29 42 44 16 27 28 10 41 14 15 36 55 35 51 54 9 25 32 34 13 48 50 18 53 19 4 21 23 24 5 30 31 11 33 12 0 46 47 7 49 17 2 52 8 3 20
39 26 38 6 37 45 22 43 1 40 29 44 16 42 28 10 27 15 41 14 36 55 35 54 9 51 25 34 13 32 53 19 50 4 18 48 21 24 5 23 33 12 31 0 11 30 52 8 49 3 17 47 20 2 7 46
39 26 38 37 6 45 22 43 40 1 29 44 42 16 28 27 10 41 15 14 36 55 35 54 51 9 25 34 32 13 53 50 19 48 18 4 21 24 23 5 33 31 12 30 11 0 52 49 8 47 17 3 46 7 2 20
39 37 6 26 38 45 40 1 22 43 42 16 29 44 14 27 41 10 15 28 36 55 51 9 35 54 48 18 32 50 4 13 19 25 34 53 46 7 30 47 2 11 17 23 31 49 20 0 3 5 12 8 21 24 33 52
39 37 6 38 26 45 40 1 43 22 42 16 44 29 14 41 27 15 10 28 36 55 51 9 54 35 48 18 50 32 4 19 13 53 34 25 46 7 47 30 2 17 11 49 31 23 20 3 0 8 12 5 52 33 24 21
39 37 26 6 38 45 40 22 1 43 42 29 16 44 27 14 41 10 28 15 36 55 51 35 9 54 48 32 18 50 25 13 34 4 19 53 46 30 7 47 23 11 31 2 17 49 21 5 24 0 12 33 20 3 8 52
39 37 26 38 6 45 40 22 43 1 42 29 44 16 27 41 14 28 10 15 36 55 51 35 54 9 48 32 50 18 25 34 13 53 19 4 46 30 47 7 23 31 11 49 17 2 21 24 5 33 12 0 52 8 3 20
39 37 38 6 26 45 40 43 1 22 42 44 16 29 41 14 27 15 28 10 36 55 51 54 9 35 48 50 18 32 53 19 34 4 13 25 46 47 7 30 49 17 31 2 11 23 52 8 33 3 12 24 20 0 5 21
39 37 38 26 6 45 40 43 22 1 42 44 29 16 41 27 14 28 15 10 36 55 51 54 35 9 48 50 32 18 53 34 19 25 13 4 46 47 30 7 49 31 17 23 11 2 52 33 8 24 12 3 21 5 0 20
39 38 6 26 37 45 43 1 22 40 44 16 29 42 15 28 41 10 14 27 36 55 54 9 35 51 53 19 34 50 4 13 18 25 32 48 52 8 33 49 3 12 17 24 31 47 20 0 2 5 11 7 21 23 30 46
39 38 6 37 26 45 43 1 40 22 44 16 42 29 15 41 28 14 10 27 36 55 54 9 51 35 53 19 50 34 4 18 13 48 32 25 52 8 49 33 3 17 12 47 31 24 20 2 0 7 11 5 46 30 23 21
39 38 26 6 37 45 43 22 1 40 44 29 16 42 28 15 41 10 27 14 36 55 54 35 9 51 53 34 19 50 25 13 32 4 18 48 52 33 8 49 24 12 31 3 17 47 21 5 23 0 11 30 20 2 7 46
39 38 26 37 6 45 43 22 40 1 44 29 42 16 28 41 15 27 10 14 36 55 54 35 51 9 53 34 50 19 25 32 13 48 18 4 52 33 49 8 24 31 12 47 17 3 21 23 5 30 11 0 46 7 2 20
39 38 37 6 26 45 43 40 1 22 44 42 16 29 41 15 28 14 27 10 36 55 54 51 9 35 53 50 19 34 48 18 32 4 13 25 52 49 8 33 47 17 31 3 12 24 46 7 30 2 11 23 20 0 5 21
39 38 37 26 6 45 43 40 22 1 44 42 29 16 41 28 15 27 14 10 36 55 54 51 35 9 53 50 34 19 48 32 18 25 13 4 52 49 33 8 47 31 17 24 12 3 46 30 7 23 11 2 21 5 0 20
7 30 40 47 48 2 23 37 49 51 11 14 17 18 27 31 32 41 42 50 46 20 0 1 3 4 5 10 12 13 6 15 16 8 19 9 21 22 24 25 26 28 29 33 34 35 36 38 39 43 44 45 52 53 54 55
7 30 40 48 47 2 23 37 51 49 11 14 18 17 27 32 31 42 41 50 46 20 0 1 4 3 5 10 13 12 6 16 15 9 19 8 21 22 25 24 26 29 28 35 34 33 36 39 38 45 44 43 55 54 53 52
7 30 47 40 48 2 23 49 37 51 11 17 14 18 31 27 32 41 50 42 46 20 0 3 1 4 5 12 10 13 8 15 19 6 16 9 21 24 22 25 33 28 34 26 29 35 52 43 53 38 44 54 36 39 45 55
7 30 47 48 40 2 23 49 51 37 11 17 18 14 31 32 27 50 41 42 46 20 0 3 4 1 5 12 13 10 8 19 15 9 16 6 21 24 25 22 33 34 28 35 29 26 52 53 43 54 44 38 55 45 39 36
7 30 48 40 47 2 23 51 37 49 11 18 14 17 32 27 31 42 50 41 46 20 0 4 1 3 5 13 10 12 9 16 19 6 15 8 21 25 22 24 35 29 34 26 28 33 55 45 54 39 44 53 36 38 43 52
7 30 48 47 40 2 23 51 49 37 11 18 17 14 32 31 27 50 42 41 46 20 0 4 3 1 5 13 12 10 9 19 16 8 15 6 21 25 24 22 35 34 29 33 28 26 55 54 45 53 44 39 52 43 38 36
7 40 30 47 48 2 37 23 49 51 14 11 17 18 27 41 42 31 32 50 46 20 1 0 3 4 6 10 15 16 5 12 13 8 19 9 36 26 38 39 22 28 29 43 44 45 21 24 25 33 34 35 52 53 54 55
7 40 30 48 47 2 37 23 51 49 14 11 18 17 27 42 41 32 31 50 46 20 1 0 4 3 6 10 16 15 5 13 12 9 19 8 36 26 39 38 22 29 28 45 44 43 21 25 24 35 34 33 55 54 53 52
7 40 47 30 48 2 37 49 23 51 14 17 11 18 41 27 42 31 50 32 46 20 1 3 0 4 6 15 10 16 8 12 19 5 13 9 36 38 26 39 43 28 44 22 29 45 52 33 53 24 34 54 21 25 35 55
7 40 47 48 30 2 37 49 51 23 14 17 18 11 41 42 27 50 31 32 46 20 1 3 4 0 6 15 16 10 8 19 12 9 13 5 36 38 39 26 43 44 28 45 29 22 52 53 33 54 34 24 55 35 25 21
7 40 48 30 47 2 37 51 23 49 14 18 11 17 42 27 41 32 50 31 46 20 1 4 0 3 6 16 10 15 9 13 19 5 12 8 36 39 26 38 45 29 44 22 28 43 55 35 54 25 34 53 21 24 33 52
7 40 48 47 30 2 37 51 49 23 14 18 17 11 42 41 27 50 32 31 46 20 1 4 3 0 6 16 15 10 9 19 13 8 12 5 36 39 38 26 45 44 29 43 28 22 55 54 35 53 34 25 52 33 24 21
7 47 30 40 48 2 49 23 37 51 17 11 14 18 31 41 50 27 32 42 46 20 3 0 1 4 8 12 15 19 5 10 13 6 16 9 52 33 43 53 24 28 34 38 44 54 21 22 25 26 29 35 36 39 45 55
7 47 30 48 40 2 49 23 51 37 17 11 18 14 31 50 41 32 27 42 46 20 3 0 4 1 8 12 19 15 5 13 10 9 16 6 52 33 53 43 24 34 28 54 44 38 21 25 22 35 29 26 55 45 39 36
7 47 40 30 48 2 49 37 23 51 17 14 11 18 41 31 50 27 42 32 46 20 3 1 0 4 8 15 12 19 6 10 16 5 13 9 52 43 33 53 38 28 44 24 34 54 36 26 39 22 29 45 21 25 35 55
7 47 40 48 30 2 49 37 51 23 17 14 18 11 41 50 31 42 27 32 46 20 3 1 4 0 8 15 19 12 6 16 10 9 13 5 52 43 53 33 38 44 28 54 34 24 36 39 26 45 29 22 55 35 25 21
7 47 48 30 40 2 49 51 23 37 17 18 11 14 50 31 41 32 42 27 46 20 3 4 0 1 8 19 12 15 9 13 16 5 10 6 52 53 33 43 54 34 44 24 28 38 55 35 45 25 29 39 21 22 26 36
7 47 48 40 30 2 49 51 37 23 17 18 14 11 50 41 31 42 32 27 46 20 3 4 1 0 8 19 15 12 9 16 13 6 10 5 52 53 43 33 54 44 34 38 28 24 55 45 35 39 29 25 36 26 22 21
7 48 30 40 47 2 51 23 37 49 18 11 14 17 32 42 50 27 31 41 46 20 4 0 1 3 9 13 16 19 5 10 12 6 15 8 55 35 45 54 25 29 34 39 44 53 21 22 24 26 28 33 36 38 43 52
7 48 30 47 40 2 51 23 49 37 18 11 17 14 32 50 42 31 27 41 46 20 4 0 3 1 9 13 19 16 5 12 10 8 15 6 55 35 54 45 25 34 29 53 44 39 21 24 22 33 28 26 52 43 38 36
7 48 40 30 47 2 51 37 23 49 18 14 11 17 42 32 50 27 41 31 46 20 4 1 0 3 9 16 13 19 6 10 15 5 12 8 55 45 35 54 39 29 44 25 34 53 36 26 38 22 28 43 21 24 33 52
7 48 40 47 30 2 51 37 49 23 18 14 17 11 42 50 32 41 27 31 46 20 4 1 3 0 9 16 19 13 6 15 10 8 12 5 55 45 54 35 39 44 29 53 34 25 36 38 26 43 28 22 52 33 24 21
7 48 47 30 40 2 51 49 23 37 18 17 11 14 50 32 42 31 41 27 46 20 4 3 0 1 9 19 13 16 8 12 15 5 10 6 55 54 35 45 53 34 44 25 29 39 52 33 43 24 28 38 21 22 26 36
7 48 47 40 30 2 51 49 37 23 18 17 14 11 50 42 32 41 31 27 46 20 4 3 1 0 9 19 16 13 8 15 12 6 10 5 55 54 45 35 53 44 34 39 29 25 52 43 33 38 28 24 36 26 22 21
30 7 40 47 48 23 2 37 49 51 11 27 31 32 14 17 18 41 42 50 46 21 5 22 24 25 0 10 12 13 26 28 29 33 34 35 20 1 3 4 6 15 16 8 19 9 36 38 39 43 44 45 52 53 54 55
30 7 40 48 47 23 2 37 51 49 11 27 32 31 14 18 17 42 41 50 46 21 5 22 25 24 0 10 13 12 26 29 28 35 34 33 20 1 4 3 6 16 15 9 19 8 36 39 38 45 44 43 55 54 53 52
30 7 47 40 48 23 2 49 37 51 11 31 27 32 17 14 18 41 50 42 46 21 5 24 22 25 0 12 10 13 33 28 34 26 29 35 20 3 1 4 8 15 19 6 16 9 52 43 53 38 44 54 36 39 45 55
30 7 47 48 40 23 2 49 51 37 11 31 32 27 17 18 14 50 41 42 46 21 5 24 25 22 0 12 13 10 33 34 28 35 29 26 20 3 4 1 8 19 15 9 16 6 52 53 43 54 44 38 55 45 39 36
30 7 48 40 47 23 2 51 37 49 11 32 27 31 18 14 17 42 50 41 46 21 5 25 22 24 0 13 10 12 35 29 34 26 28 33 20 4 1 3 9 16 19 6 15 8 55 45 54 39 44 53 36 38 43 52
30 7 48 47 40 23 2 51 49 37 11 32 31 27 18 17 14 50 42 41 46 21 5 25 24 22 0 13 12 10 35 34 29 33 28 26 20 4 3 1 9 19 16 8 15 6 55 54 45 53 44 39 52 43 38 36
30 40 7 47 48 23 37 2 49 51 27 11 31 32 14 41 42 17 18 50 46 21 22 5 24 25 26 10 28 29 0 12 13 33 34 35 36 6 38 39 1 15 16 43 44 45 20 3 4 8 19 9 52 53 54 55
30 40 7 48 47 23 37 2 51 49 27 11 32 31 14 42 41 18 17 50 46 21 22 5 25 24 26 10 29 28 0 13 12 35 34 33 36 6 39 38 1 16 15 45 44 43 20 4 3 9 19 8 55 54 53 52
30 40 47 7 48 23 37 49 2 51 27 31 11 32 41 14 42 17 50 18 46 21 22 24 5 25 26 28 10 29 33 12 34 0 13 35 36 38 6 39 43 15 44 1 16 45 52 8 53 3 19 54 20 4 9 55
30 40 47 48 7 23 37 49 51 2 27 31 32 11 41 42 14 50 17 18 46 21 22 24 25 5 26 28 29 10 33 34 12 35 13 0 36 38 39 6 43 44 15 45 16 1 52 53 8 54 19 3 55 9 4 20
30 40 48 7 47 23 37 51 2 49 27 32 11 31 42 14 41 18 50 17 46 21 22 25 5 24 26 29 10 28 35 13 34 0 12 33 36 39 6 38 45 16 44 1 15 43 55 9 54 4 19 53 20 3 8 52
30 40 48 47 7 23 37 51 49 2 27 32 31 11 42 41 14 50 18 17 46 21 22 25 24 5 26 29 28 10 35 34 13 33 12 0 36 39 38 6 45 44 16 43 15 1 55 54 9 53 19 4 52 8 3 20
30 47 7 40 48 23 49 2 37 51 31 11 27 32 17 41 50 14 18 42 46 21 24 5 22 25 33 12 28 34 0 10 13 26 29 35 52 8 43 53 3 15 19 38 44 54 20 1 4 6 16 9 36 39 45 55
30 47 7 48 40 23 49 2 51 37 31 11 32 27 17 50 41 18 14 42 46 21 24 5 25 22 33 12 34 28 0 13 10 35 29 26 52 8 53 43 3 19 15 54 44 38 20 4 1 9 16 6 55 45 39 36
30 47 40 7 48 23 49 37 2 51 31 27 11 32 41 17 50 14 42 18 46 21 24 22 5 25 33 28 12 34 26 10 29 0 13 35 52 43 8 53 38 15 44 3 19 54 36 6 39 1 16 45 20 4 9 55
30 47 40 48 7 23 49 37 51 2 31 27 32 11 41 50 17 42 14 18 46 21 24 22 25 5 33 28 34 12 26 29 10 35 13 0 52 43 53 8 38 44 15 54 19 3 36 39 6 45 16 1 55 9 4 20
30 47 48 7 40 23 49 51 2 37 31 32 11 27 50 17 41 18 42 14 46 21 24 25 5 22 33 34 12 28 35 13 29 0 10 26 52 53 8 43 54 19 44 3 15 38 55 9 45 4 16 39 20 1 6 36
30 47 48 40 7 23 49 51 37 2 31 32 27 11 50 41 17 42 18 14 46 21 24 25 22 5 33 34 28 12 35 29 13 26 10 0 52 53 43 8 54 44 19 38 15 3 55 45 9 39 16 4 36 6 1 20
30 48 7 40 47 23 51 2 37 49 32 11 27 31 18 42 50 14 17 41 46 21 25 5 22 24 35 13 29 34 0 10 12 26 28 33 55 9 45 54 4 16 19 39 44 53 20 1 3 6 15 8 36 38 43 52
30 48 7 47 40 23 51 2 49 37 32 11 31 27 18 50 42 17 14 41 46 21 25 5 24 22 35 13 34 29 0 12 10 33 28 26 55 9 54 45 4 19 16 53 44 39 20 3 1 8 15 6 52 43 38 36
30 48 40 7 47 23 51 37 2 49 32 27 11 31 42 18 50 14 41 17 46 21 25 22 5 24 35 29 13 34 26 10 28 0 12 33 55 45 9 54 39 16 44 4 19 53 36 6 38 1 15 43 20 3 8 52
30 48 40 47 7 23 51 37 49 2 32 27 31 11 42 50 18 41 14 17 46 21 25 22 24 5 35 29 34 13 26 28 10 33 12 0 55 45 54 9 39 44 16 53 19 4 36 38 6 43 15 1 52 8 3 20
30 48 47 7 40 23 51 49 2 37 32 31 11 27 50 18 42 17 41 14 46 21 25 24 5 22 35 34 13 29 33 12 28 0 10 26 55 54 9 45 53 19 44 4 16 39 52 8 43 3 15 38 20 1 6 36
30 48 47 40 7 23 51 49 37 2 32 31 27 11 50 42 18 41 17 14 46 21 25 24 22 5 35 34 29 13 33 28 12 26 10 0 55 54 45 9 53 44 19 39 16 4 52 43 8 38 15 3 36 6 1 20
40 7 30 47 48 37 2 23 49 51 14 27 41 42 11 17 18 31 32 50 46 36 6 26 38 39 1 10 15 16 22 28 29 43 44 45 20 0 3 4 5 12 13 8 19 9 21 24 25 33 34 35 52 53 54 55
40 7 30 48 47 37 2 23 51 49 14 27 42 41 11 18 17 32 31 50 46 36 6 26 39 38 1 10 16 15 22 29 28 45 44 43 20 0 4 3 5 13 12 9 19 8 21 25 24 35 34 33 55 54 53 52
40 7 47 30 48 37 2 49 23 51 14 41 27 42 17 11 18 31 50 32 46 36 6 38 26 39 1 15 10 16 43 28 44 22 29 45 20 3 0 4 8 12 19 5 13 9 52 33 53 24 34 54 21 25 35 55
40 7 47 48 30 37 2 49 51 23 14 41 42 27 17 18 11 50 31 32 46 36 6 38 39 26 1 15 16 10 43 44 28 45 29 22 20 3 4 0 8 19 12 9 13 5 52 53 33 54 34 24 55 35 25 21
40 7 48 30 47 37 2 51 23 49 14 42 27 41 18 11 17 32 50 31 46 36 6 39 26 38 1 16 10 15 45 29 44 22 28 43 20 4 0 3 9 13 19 5 12 8 55 35 54 25 34 53 21 24 33 52
40 7 48 47 30 37 2 51 49 23 14 42 41 27 18 17 11 50 32 31 46 36 6 39 38 26 1 16 15 10 45 44 29 43 28 22 20 4 3 0 9 19 13 8 12 5 55 54 35 53 34 25 52 33 24 21
40 30 7 47 48 37 23 2 49 51 27 14 41 42 11 31 32 17 18 50 46 36 26 6 38 39 22 10 28 29 1 15 16 43 44 45 21 5 24 25 0 12 13 33 34 35 20 3 4 8 19 9 52 53 54 55
40 30 7 48 47 37 23 2 51 49 27 14 42 41 11 32 31 18 17 50 46 36 26 6 39 38 22 10 29 28 1 16 15 45 44 43 21 5 25 24 0 13 12 35 34 33 20 4 3 9 19 8 55 54 53 52
40 30 47 7 48 37 23 49 2 51 27 41 14 42 31 11 32 17 50 18 46 36 26 38 6 39 22 28 10 29 43 15 44 1 16 45 21 24 5 25 33 12 34 0 13 35 52 8 53 3 19 54 20 4 9 55
40 30 47 48 7 37 23 49 51 2 27 41 42 14 31 32 11 50 17 18 46 36 26 38 39 6 22 28 29 10 43 44 15 45 16 1 21 24 25 5 33 34 12 35 13 0 52 53 8 54 19 3 55 9 4 20
40 30 48 7 47 37 23 51 2 49 27 42 14 41 32 11 31 18 50 17 46 36 26 39 6 38 22 29 10 28 45 16 44 1 15 43 21 25 5 24 35 13 34 0 12 33 55 9 54 4 19 53 20 3 8 52
40 30 48 47 7 37 23 51 49 2 27 42 41 14 32 31 11 50 18 17 46 36 26 39 38 6 22 29 28 10 45 44 16 43 15 1 21 25 24 5 35 34 13 33 12 0 55 54 9 53 19 4 52 8 3 20
40 47 7 30 48 37 49 2 23 51 41 14 27 42 17 31 50 11 18 32 46 36 38 6 26 39 43 15 28 44 1 10 16 22 29 45 52 8 33 53 3 12 19 24 34 54 20 0 4 5 13 9 21 25 35 55
40 47 7 48 30 37 49 2 51 23 41 14 42 27 17 50 31 18 11 32 46 36 38 6 39 26 43 15 44 28 1 16 10 45 29 22 52 8 53 33 3 19 12 54 34 24 20 4 0 9 13 5 55 35 25 21
40 47 30 7 48 37 49 23 2 51 41 27 14 42 31 17 50 11 32 18 46 36 38 26 6 39 43 28 15 44 22 10 29 1 16 45 52 33 8 53 24 12 34 3 19 54 21 5 25 0 13 35 20 4 9 55
40 47 30 48 7 37 49 23 51 2 41 27 42 14 31 50 17 32 11 18 46 36 38 26 39 6 43 28 44 15 22 29 10 45 16 1 52 33 53 8 24 34 12 54 19 3 21 25 5 35 13 0 55 9 4 20
40 47 48 7 30 37 49 51 2 23 41 42 14 27 50 17 31 18 32 11 46 36 38 39 6 26 43 44 15 28 45 16 29 1 10 22 52 53 8 33 54 19 34 3 12 24 55 9 35 4 13 25 20 0 5 21
40 47 48 30 7 37 49 51 23 2 41 42 27 14 50 31 17 32 18 11 46 36 38 39 26 6 43 44 28 15 45 29 16 22 10 1 52 53 33 8 54 34 19 24 12 3 55 35 9 25 13 4 21 5 0 20
40 48 7 30 47 37 51 2 23 49 42 14 27 41 18 32 50 11 17 31 46 36 39 6 26 38 45 16 29 44 1 10 15 22 28 43 55 9 35 54 4 13 19 25 34 53 20 0 3 5 12 8 21 24 33 52
40 48 7 47 30 37 51 2 49 23 42 14 41 27 18 50 32 17 11 31 46 36 39 6 38 26 45 16 44 29 1 15 10 43 28 22 55 9 54 35 4 19 13 53 34 25 20 3 0 8 12 5 52 33 24 21
40 48 30 7 47 37 51 23 2 49 42 27 14 41 32 18 50 11 31 17 46 36 39 26 6 38 45 29 16 44 22 10 28 1 15 43 55 35 9 54 25 13 34 4 19 53 21 5 24 0 12 33 20 3 8 52
40 48 30 47 7 37 51 23 49 2 42 27 41 14 32 50 18 31 11 17 46 36 39 26 38 6 45 29 44 16 22 28 10 43 15 1 55 35 54 9 25 34 13 53 19 4 21 24 5 33 12 0 52 8 3 20
40 48 47 7 30 37 51 49 2 23 42 41 14 27 50 18 32 17 31 11 46 36 39 38 6 26 45 44 16 29 43 15 28 1 10 22 55 54 9 35 53 19 34 4 13 25 52 8 33 3 12 24 20 0 5 21
40 48 47 30 7 37 51 49 23 2 42 41 27 14 50 32 18 31 17 11 46 36 39 38 26 6 45 44 29 16 43 28 15 22 10 1 55 54 35 9 53 34 19 25 13 4 52 33 8 24 12 3 21 5 0 20
47 7 30 40 48 49 2 23 37 51 17 31 41 50 11 14 18 27 32 42 46 52 8 33 43 53 3 12 15 19 24 28 34 38 44 54 20 0 1 4 5 10 13 6 16 9 21 22 25 26 29 35 36 39 45 55
47 7 30 48 40 49 2 23 51 37 17 31 50 41 11 18 14 32 27 42 46 52 8 33 53 43 3 12 19 15 24 34 28 54 44 38 20 0 4 1 5 13 10 9 16 6 21 25 22 35 29 26 55 45 39 36
47 7 40 30 48 49 2 37 23 51 17 41 31 50 14 11 18 27 42 32 46 52 8 43 33 53 3 15 12 19 38 28 44 24 34 54 20 1 0 4 6 10 16 5 13 9 36 26 39 22 29 45 21 25 35 55
47 7 40 48 30 49 2 37 51 23 17 41 50 31 14 18 11 42 27 32 46 52 8 43 53 33 3 15 19 12 38 44 28 54 34 24 20 1 4 0 6 16 10 9 13 5 36 39 26 45 29 22 55 35 25 21
47 7 48 30 40 49 2 51 23 37 17 50 31 41 18 11 14 32 42 27 46 52 8 53 33 43 3 19 12 15 54 34 44 24 28 38 20 4 0 1 9 13 16 5 10 6 55 35 45 25 29 39 21 22 26 36
47 7 48 40 30 49 2 51 37 23 17 50 41 31 18 14 11 42 32 27 46 52 8 53 43 33 3 19 15 12 54 44 34 38 28 24 20 4 1 0 9 16 13 6 10 5 55 45 35 39 29 25 36 26 22 21
47 30 7 40 48 49 23 2 37 51 31 17 41 50 11 27 32 14 18 42 46 52 33 8 43 53 24 12 28 34 3 15 19 38 44 54 21 5 22 25 0 10 13 26 29 35 20 1 4 6 16 9 36 39 45 55
47 30 7 48 40 49 23 2 51 37 31 17 50 41 11 32 27 18 14 42 46 52 33 8 53 43 24 12 34 28 3 19 15 54 44 38 21 5 25 22 0 13 10 35 29 26 20 4 1 9 16 6 55 45 39 36
47 30 40 7 48 49 23 37 2 51 31 41 17 50 27 11 32 14 42 18 46 52 33 43 8 53 24 28 12 34 38 15 44 3 19 54 21 22 5 25 26 10 29 0 13 35 36 6 39 1 16 45 20 4 9 55
47 30 40 48 7 49 23 37 51 2 31 41 50 17 27 32 11 42 14 18 46 52 33 43 53 8 24 28 34 12 38 44 15 54 19 3 21 22 25 5 26 29 10 35 13 0 36 39 6 45 16 1 55 9 4 20
47 30 48 7 40 49 23 51 2 37 31 50 17 41 32 11 27 18 42 14 46 52 33 53 8 43 24 34 12 28 54 19 44 3 15 38 21 25 5 22 35 13 29 0 10 26 55 9 45 4 16 39 20 1 6 36
47 30 48 40 7 49 23 51 37 2 31 50 41 17 32 27 11 42 18 14 46 52 33 53 43 8 24 34 28 12 54 44 19 38 15 3 21 25 22 5 35 29 13 26 10 0 55 45 9 39 16 4 36 6 1 20
47 40 7 30 48 49 37 2 23 51 41 17 31 50 14 27 42 11 18 32 46 52 43 8 33 53 38 15 28 44 3 12 19 24 34 54 36 6 26 39 1 10 16 22 29 45 20 0 4 5 13 9 21 25 35 55
47 40 7 48 30 49 37 2 51 23 41 17 50 31 14 42 27 18 11 32 46 52 43 8 53 33 38 15 44 28 3 19 12 54 34 24 36 6 39 26 1 16 10 45 29 22 20 4 0 9 13 5 55 35 25 21
47 40 30 7 48 49 37 23 2 51 41 31 17 50 27 14 42 11 32 18 46 52 43 33 8 53 38 28 15 44 24 12 34 3 19 54 36 26 6 39 22 10 29 1 16 45 21 5 25 0 13 35 20 4 9 55
47 40 30 48 7 49 37 23 51 2 41 31 50 17 27 42 14 32 11 18 46 52 43 33 53 8 38 28 44 15 24 34 12 54 19 3 36 26 39 6 22 29 10 45 16 1 21 25 5 35 13 0 55 9 4 20
47 40 48 7 30 49 37 51 2 23 41 50 17 31 42 14 27 18 32 11 46 52 43 53 8 33 38 44 15 28 54 19 34 3 12 24 36 39 6 26 45 16 29 1 10 22 55 9 35 4 13 25 20 0 5 21
47 40 48 30 7 49 37 51 23 2 41 50 31 17 42 27 14 32 18 11 46 52 43 53 33 8 38 44 28 15 54 34 19 24 12 3 36 39 26 6 45 29 16 22 10 1 55 35 9 25 13 4 21 5 0 20
47 48 7 30 40 49 51 2 23 37 50 17 31 41 18 32 42 11 14 27 46 52 53 8 33 43 54 19 34 44 3 12 15 24 28 38 55 9 35 45 4 13 16 25 29 39 20 0 1 5 10 6 21 22 26 36
47 48 7 40 30 49 51 2 37 23 50 17 41 31 18 42 32 14 11 27 46 52 53 8 43 33 54 19 44 34 3 15 12 38 28 24 55 9 45 35 4 16 13 39 29 25 20 1 0 6 10 5 36 26 22 21
47 48 30 7 40 49 51 23 2 37 50 31 17 41 32 18 42 11 27 14 46 52 53 33 8 43 54 34 19 44 24 12 28 3 15 38 55 35 9 45 25 13 29 4 16 39 21 5 22 0 10 26 20 1 6 36
47 48 30 40 7 49 51 23 37 2 50 31 41 17 32 42 18 27 11 14 46 52 53 33 43 8 54 34 44 19 24 28 12 38 15 3 55 35 45 9 25 29 13 39 16 4 21 22 5 26 10 0 36 6 1 20
47 48 40 7 30 49 51 37 2 23 50 41 17 31 42 18 32 14 27 11 46 52 53 43 8 33 54 44 19 34 38 15 28 3 12 24 55 45 9 35 39 16 29 4 13 25 36 6 26 1 10 22 20 0 5 21
47 48 40 30 7 49 51 37 23 2 50 41 31 17 42 32 18 27 14 11 46 52 53 43 33 8 54 44 34 19 38 28 15 24 12 3 55 45 35 9 39 29 16 25 13 4 36 26 6 22 10 1 21 5 0 20
48 7 30 40 47 51 2 23 37 49 18 32 42 50 11 14 17 27 31 41 46 55 9 35 45 54 4 13 16 19 25 29 34 39 44 53 20 0 1 3 5 10 12 6 15 8 21 22 24 26 28 33 36 38 43 52
48 7 30 47 40 51 2 23 49 37 18 32 50 42 11 17 14 31 27 41 46 55 9 35 54 45 4 13 19 16 25 34 29 53 44 39 20 0 3 1 5 12 10 8 15 6 21 24 22 33 28 26 52 43 38 36
48 7 40 30 47 51 2 37 23 49 18 42 32 50 14 11 17 27 41 31 46 55 9 45 35 54 4 16 13 19 39 29 44 25 34 53 20 1 0 3 6 10 15 5 12 8 36 26 38 22 28 43 21 24 33 52
48 7 40 47 30 51 2 37 49 23 18 42 50 32 14 17 11 41 27 31 46 55 9 45 54 35 4 16 19 13 39 44 29 53 34 25 20 1 3 0 6 15 10 8 12 5 36 38 26 43 28 22 52 33 24 21
48 7 47 30 40 51 2 49 23 37 18 50 32 42 17 11 14 31 41 27 46 55 9 54 35 45 4 19 13 16 53 34 44 25 29 39 20 3 0 1 8 12 15 5 10 6 52 33 43 24 28 38 21 22 26 36
48 7 47 40 30 51 2 49 37 23 18 50 42 32 17 14 11 41 31 27 46 55 9 54 45 35 4 19 16 13 53 44 34 39 29 25 20 3 1 0 8 15 12 6 10 5 52 43 33 38 28 24 36 26 22 21
48 30 7 40 47 51 23 2 37 49 32 18 42 50 11 27 31 14 17 41 46 55 35 9 45 54 25 13 29 34 4 16 19 39 44 53 21 5 22 24 0 10 12 26 28 33 20 1 3 6 15 8 36 38 43 52
48 30 7 47 40 51 23 2 49 37 32 18 50 42 11 31 27 17 14 41 46 55 35 9 54 45 25 13 34 29 4 19 16 53 44 39 21 5 24 22 0 12 10 33 28 26 20 3 1 8 15 6 52 43 38 36
48 30 40 7 47 51 23 37 2 49 32 42 18 50 27 11 31 14 41 17 46 55 35 45 9 54 25 29 13 34 39 16 44 4 19 53 21 22 5 24 26 10 28 0 12 33 36 6 38 1 15 43 20 3 8 52
48 30 40 47 7 51 23 37 49 2 32 42 50 18 27 31 11 41 14 17 46 55 35 45 54 9 25 29 34 13 39 44 16 53 19 4 21 22 24 5 26 28 10 33 12 0 36 38 6 43 15 1 52 8 3 20
48 30 47 7 40 51 23 49 2 37 32 50 18 42 31 11 27 17 41 14 46 55 35 54 9 45 25 34 13 29 53 19 44 4 16 39 21 24 5 22 33 12 28 0 10 26 52 8 43 3 15 38 20 1 6 36
48 30 47 40 7 51 23 49 37 2 32 50 42 18 31 27 11 41 17 14 46 55 35 54 45 9 25 34 29 13 53 44 19 39 16 4 21 24 22 5 33 28 12 26 10 0 52 43 8 38 15 3 36 6 1 20
48 40 7 30 47 51 37 2 23 49 42 18 32 50 14 27 41 11 17 31 46 55 45 9 35 54 39 16 29 44 4 13 19 25 34 53 36 6 26 38 1 10 15 22 28 43 20 0 3 5 12 8 21 24 33 52
48 40 7 47 30 51 37 2 49 23 42 18 50 32 14 41 27 17 11 31 46 55 45 9 54 35 39 16 44 29 4 19 13 53 34 25 36 6 38 26 1 15 10 43 28 22 20 3 0 8 12 5 52 33 24 21
48 40 30 7 47 51 37 23 2 49 42 32 18 50 27 14 41 11 31 17 46 55 45 35 9 54 39 29 16 44 25 13 34 4 19 53 36 26 6 38 22 10 28 1 15 43 21 5 24 0 12 33 20 3 8 52
48 40 30 47 7 51 37 23 49 2 42 32 50 18 27 41 14 31 11 17 46 55 45 35 54 9 39 29 44 16 25 34 13 53 19 4 36 26 38 6 22 28 10 43 15 1 21 24 5 33 12 0 52 8 3 20
48 40 47 7 30 51 37 49 2 23 42 50 18 32 41 14 27 17 31 11 46 55 45 54 9 35 39 44 16 29 53 19 34 4 13 25 36 38 6 26 43 15 28 1 10 22 52 8 33 3 12 24 20 0 5 21
48 40 47 30 7 51 37 49 23 2 42 50 32 18 41 27 14 31 17 11 46 55 45 54 35 9 39 44 29 16 53 34 19 25 13 4 36 38 26 6 43 28 15 22 10 1 52 33 8 24 12 3 21 5 0 20
48 47 7 30 40 51 49 2 23 37 50 18 32 42 17 31 41 11 14 27 46 55 54 9 35 45 53 19 34 44 4 13 16 25 29 39 52 8 33 43 3 12 15 24 28 38 20 0 1 5 10 6 21 22 26 36
48 47 7 40 30 51 49 2 37 23 50 18 42 32 17 41 31 14 11 27 46 55 54 9 45 35 53 19 44 34 4 16 13 39 29 25 52 8 43 33 3 15 12 38 28 24 20 1 0 6 10 5 36 26 22 21
48 47 30 7 40 51 49 23 2 37 50 32 18 42 31 17 41 11 27 14 46 55 54 35 9 45 53 34 19 44 25 13 29 4 16 39 52 33 8 43 24 12 28 3 15 38 21 5 22 0 10 26 20 1 6 36
48 47 30 40 7 51 49 23 37 2 50 32 42 18 31 41 17 27 11 14 46 55 54 35 45 9 53 34 44 19 25 29 13 39 16 4 52 33 43 8 24 28 12 38 15 3 21 22 5 26 10 0 36 6 1 20
48 47 40 7 30 51 49 37 2 23 50 42 18 32 41 17 31 14 27 11 46 55 54 45 9 35 53 44 19 34 39 16 29 4 13 25 52 43 8 33 38 15 28 3 12 24 36 6 26 1 10 22 20 0 5 21
48 47 40 30 7 51 49 37 23 2 50 42 32 18 41 31 17 27 14 11 46 55 54 45 35 9 53 44 34 19 39 29 16 25 13 4 52 43 33 8 38 28 15 24 12 3 36 26 6 22 10 1 21 5 0 20
8 33 43 49 53 3 24 38 47 54 12 15 17 19 28 31 34 41 44 50 52 20 0 1 2 4 5 10 11 13 6 14 16 7 18 9 21 22 23 25 26 27 29 30 32 35 36 37 39 40 42 45 46 48 51 55
8 33 43 53 49 3 24 38 54 47 12 15 19 17 28 34 31 44 41 50 52 20 0 1 4 2 5 10 13 11 6 16 14 9 18 7 21 22 25 23 26 29 27 35 32 30 36 39 37 45 42 40 55 51 48 46
8 33 49 43 53 3 24 47 38 54 12 17 15 19 31 28 34 41 50 44 52 20 0 2 1 4 5 11 10 13 7 14 18 6 16 9 21 23 22 25 30 27 32 26 29 35 46 40 48 37 42 51 36 39 45 55
8 33 49 53 43 3 24 47 54 38 12 17 19 15 31 34 28 50 41 44 52 20 0 2 4 1 5 11 13 10 7 18 14 9 16 6 21 23 25 22 30 32 27 35 29 26 46 48 40 51 42 37 55 45 39 36
8 33 53 43 49 3 24 54 38 47 12 19 15 17 34 28 31 44 50 41 52 20 0 4 1 2 5 13 10 11 9 16 18 6 14 7 21 25 22 23 35 29 32 26 27 30 55 45 51 39 42 48 36 37 40 46
8 33 53 49 43 3 24 54 47 38 12 19 17 15 34 31 28 50 44 41 52 20 0 4 2 1 5 13 11 10 9 18 16 7 14 6 21 25 23 22 35 32 29 30 27 26 55 51 45 48 42 39 46 40 37 36
8 43 33 49 53 3 38 24 47 54 15 12 17 19 28 41 44 31 34 50 52 20 1 0 2 4 6 10 14 16 5 11 13 7 18 9 36 26 37 39 22 27 29 40 42 45 21 23 25 30 32 35 46 48 51 55
8 43 33 53 49 3 38 24 54 47 15 12 19 17 28 44 41 34 31 50 52 20 1 0 4 2 6 10 16 14 5 13 11 9 18 7 36 26 39 37 22 29 27 45 42 40 21 25 23 35 32 30 55 51 48 46
8 43 49 33 53 3 38 47 24 54 15 17 12 19 41 28 44 31 50 34 52 20 1 2 0 4 6 14 10 16 7 11 18 5 13 9 36 37 26 39 40 27 42 22 29 45 46 30 48 23 32 51 21 25 35 55
8 43 49 53 33 3 38 47 54 24 15 17 19 12 41 44 28 50 31 34 52 20 1 2 4 0 6 14 16 10 7 18 11 9 13 5 36 37 39 26 40 42 27 45 29 22 46 48 30 51 32 23 55 35 25 21
8 43 53 33 49 3 38 54 24 47 15 19 12 17 44 28 41 34 50 31 52 20 1 4 0 2 6 16 10 14 9 13 18 5 11 7 36 39 26 37 45 29 42 22 27 40 55 35 51 25 32 48 21 23 30 46
8 43 53 49 33 3 38 54 47 24 15 19 17 12 44 41 28 50 34 31 52 20 1 4 2 0 6 16 14 10 9 18 13 7 11 5 36 39 37 26 45 42 29 40 27 22 55 51 35 48 32 25 46 30 23 21
8 49 33 43 53 3 47 24 38 54 17 12 15 19 31 41 50 28 34 44 52 20 2 0 1 4 7 11 14 18 5 10 13 6 16 9 46 30 40 48 23 27 32 37 42 51 21 22 25 26 29 35 36 39 45 55
8 49 33 53 43 3 47 24 54 38 17 12 19 15 31 50 41 34 28 44 52 20 2 0 4 1 7 11 18 14 5 13 10 9 16 6 46 30 48 40 23 32 27 51 42 37 21 25 22 35 29 26 55 45 39 36
8 49 43 33 53 3 47 38 24 54 17 15 12 19 41 31 50 28 44 34 52 20 2 1 0 4 7 14 11 18 6 10 16 5 13 9 46 40 30 48 37 27 42 23 32 51 36 26 39 22 29 45 21 25 35 55
8 49 43 53 33 3 47 38 54 24 17 15 19 12 41 50 31 44 28 34 52 20 2 1 4 0 7 14 18 11 6 16 10 9 13 5 46 40 48 30 37 42 27 51 32 23 36 39 26 45 29 22 55 35 25 21
8 49 53 33 43 3 47 54 24 38 17 19 12 15 50 31 41 34 44 28 52 20 2 4 0 1 7 18 11 14 9 13 16 5 10 6 46 48 30 40 51 32 42 23 27 37 55 35 45 25 29 39 21 22 26 36
8 49 53 43 33 3 47 54 38 24 17 19 15 12 50 41 31 44 34 28 52 20 2 4 1 0 7 18 14 11 9 16 13 6 10 5 46 48 40 30 51 42 32 37 27 23 55 45 35 39 29 25 36 26 22 21
8 53 33 43 49 3 54 24 38 47 19 12 15 17 34 44 50 28 31 41 52 20 4 0 1 2 9 13 16 18 5 10 11 6 14 7 55 35 45 51 25 29 32 39 42 48 21 22 23 26 27 30 36 37 40 46
8 53 33 49 43 3 54 24 47 38 19 12 17 15 34 50 44 31 28 41 52 20 4 0 2 1 9 13 18 16 5 11 10 7 14 6 55 35 51 45 25 32 29 48 42 39 21 23 22 30 27 26 46 40 37 36
8 53 43 33 49 3 54 38 24 47 19 15 12 17 44 34 50 28 41 31 52 20 4 1 0 2 9 16 13 18 6 10 14 5 11 7 55 45 35 51 39 29 42 25 32 48 36 26 37 22 27 40 21 23 30 46
8 53 43 49 33 3 54 38 47 24 19 15 17 12 44 50 34 41 28 31 52 20 4 1 2 0 9 16 18 13 6 14 10 7 11 5 55 45 51 35 39 42 29 48 32 25 36 37 26 40 27 22 46 30 23 21
8 53 49 33 43 3 54 47 24 38 19 17 12 15 50 34 44 31 41 28 52 20 4 2 0 1 9 18 13 16 7 11 14 5 10 6 55 51 35 45 48 32 42 25 29 39 46 30 40 23 27 37 21 22 26 36
8 53 49 43 33 3 54 47 38 24 19 17 15 12 50 44 34 41 31 28 52 20 4 2 1 0 9 18 16 13 7 14 11 6 10 5 55 51 45 35 48 42 32 39 29 25 46 40 30 37 27 23 36 26 22 21
33 8 43 49 53 24 3 38 47 54 12 28 31 34 15 17 19 41 44 50 52 21 5 22 23 25 0 10 11 13 26 27 29 30 32 35 20 1 2 4 6 14 16 7 18 9 36 37 39 40 42 45 46 48 51 55
33 8 43 53 49 24 3 38 54 47 12 28 34 31 15 19 17 44 41 50 52 21 5 22 25 23 0 10 13 11 26 29 27 35 32 30 20 1 4 2 6 16 14 9 18 7 36 39 37 45 42 40 55 51 48 46
33 8 49 43 53 24 3 47 38 54 12 31 28 34 17 15 19 41 50 44 52 21 5 23 22 25 0 11 10 13 30 27 32 26 29 35 20 2 1 4 7 14 18 6 16 9 46 40 48 37 42 51 36 39 45 55
33 8 49 53 43 24 3 47 54 38 12 31 34 28 17 19 15 50 41 44 52 21 5 23 25 22 0 11 13 10 30 32 27 35 29 26 20 2 4 1 7 18 14 9 16 6 46 48 40 51 42 37 55 45 39 36
33 8 53 43 49 24 3 54 38 47 12 34 28 31 19 15 17 44 50 41 52 21 5 25 22 23 0 13 10 11 35 29 32 26 27 30 20 4 1 2 9 16 18 6 14 7 55 45 51 39 42 48 36 37 40 46
33 8 53 49 43 24 3 54 47 38 12 34 31 28 19 17 15 50 44 41 52 21 5 25 23 22 0 13 11 10 35 32 29 30 27 26 20 4 2 1 9 18 16 7 14 6 55 51 45 48 42 39 46 40 37 36
33 43 8 49 53 24 38 3 47 54 28 12 31 34 15 41 44 17 19 50 52 21 22 5 23 25 26 10 27 29 0 11 13 30 32 35 36 6 37 39 1 14 16 40 42 45 20 2 4 7 18 9 46 48 51 55
33 43 8 53 49 24 38 3 54 47 28 12 34 31 15 44 41 19 17 50 52 21 22 5 25 23 26 10 29 27 0 13 11 35 32 30 36 6 39 37 1 16 14 45 42 40 20 4 2 9 18 7 55 51 48 46
33 43 49 8 53 24 38 47 3 54 28 31 12 34 41 15 44 17 50 19 52 21 22 23 5 25 26 27 10 29 30 11 32 0 13 35 36 37 6 39 40 14 42 1 16 45 46 7 48 2 18 51 20 4 9 55
33 43 49 53 8 24 38 47 54 3 28 31 34 12 41 44 15 50 17 19 52 21 22 23 25 5 26 27 29 10 30 32 11 35 13 0 36 37 39 6 40 42 14 45 16 1 46 48 7 51 18 2 55 9 4 20
33 43 53 8 49 24 38 54 3 47 28 34 12 31 44 15 41 19 50 17 52 21 22 25 5 23 26 29 10 27 35 13 32 0 11 30 36 39 6 37 45 16 42 1 14 40 55 9 51 4 18 48 20 2 7 46
33 43 53 49 8 24 38 54 47 3 28 34 31 12 44 41 15 50 19 17 52 21 22 25 23 5 26 29 27 10 35 32 13 30 11 0 36 39 37 6 45 42 16 40 14 1 55 51 9 48 18 4 46 7 2 20
33 49 8 43 53 24 47 3 38 54 31 12 28 34 17 41 50 15 19 44 52 21 23 5 22 25 30 11 27 32 0 10 13 26 29 35 46 7 40 48 2 14 18 37 42 51 20 1 4 6 16 9 36 39 45 55
33 49 8 53 43 24 47 3 54 38 31 12 34 28 17 50 41 19 15 44 52 21 23 5 25 22 30 11 32 27 0 13 10 35 29 26 46 7 48 40 2 18 14 51 42 37 20 4 1 9 16 6 55 45 39 36
33 49 43 8 53 24 47 38 3 54 31 28 12 34 41 17 50 15 44 19 52 21 23 22 5 25 30 27 11 32 26 10 29 0 13 35 46 40 7 48 37 14 42 2 18 51 36 6 39 1 16 45 20 4 9 55
33 49 43 53 8 24 47 38 54 3 31 28 34 12 41 50 17 44 15 19 52 21 23 22 25 5 30 27 32 11 26 29 10 35 13 0 46 40 48 7 37 42 14 51 18 2 36 39 6 45 16 1 55 9 4 20
33 49 53 8 43 24 47 54 3 38 31 34 12 28 50 17 41 19 44 15 52 21 23 25 5 22 30 32 11 27 35 13 29 0 10 26 46 48 7 40 51 18 42 2 14 37 55 9 45 4 16 39 20 1 6 36
33 49 53 43 8 24 47 54 38 3 31 34 28 12 50 41 17 44 19 15 52 21 23 25 22 5 30 32 27 11 35 29 13 26 10 0 46 48 40 7 51 42 18 37 14 2 55 45 9 39 16 4 36 6 1 20
33 53 8 43 49 24 54 3 38 47 34 12 28 31 19 44 50 15 17 41 52 21 25 5 22 23 35 13 29 32 0 10 11 26 27 30 55 9 45 51 4 16 18 39 42 48 20 1 2 6 14 7 36 37 40 46
33 53 8 49 43 24 54 3 47 38 34 12 31 28 19 50 44 17 15 41 52 21 25 5 23 22 35 13 32 29 0 11 10 30 27 26 55 9 51 45 4 18 16 48 42 39 20 2 1 7 14 6 46 40 37 36
33 53 43 8 49 24 54 38 3 47 34 28 12 31 44 19 50 15 41 17 52 21 25 22 5 23 35 29 13 32 26 10 27 0 11 30 55 45 9 51 39 16 42 4 18 48 36 6 37 1 14 40 20 2 7 46
33 53 43 49 8 24 54 38 47 3 34 28 31 12 44 50 19 41 15 17 52 21 25 22 23 5 35 29 32 13 26 27 10 30 11 0 55 45 51 9 39 42 16 48 18 4 36 37 6 40 14 1 46 7 2 20
33 53 49 8 43 24 54 47 3 38 34 31 12 28 50 19 44 17 41 15 52 21 25 23 5 22 35 32 13 29 30 11 27 0 10 26 55 51 9 45 48 18 42 4 16 39 46 7 40 2 14 37 20 1 6 36
33 53 49 43 8 24 54 47 38 3 34 31 28 12 50 44 19 41 17 15 52 21 25 23 22 5 35 32 29 13 30 27 11 26 10 0 55 51 45 9 48 42 18 39 16 4 46 40 7 37 14 2 36 6 1 20
43 8 33 49 53 38 3 24 47 54 15 28 41 44 12 17 19 31 34 50 52 36 6 26 37 39 1 10 14 16 22 27 29 40 42 45 20 0 2 4 5 11 13 7 18 9 21 23 25 30 32 35 46 48 51 55
43 8 33 53 49 38 3 24 54 47 15 28 44 41 12 19 17 34 31 50 52 36 6 26 39 37 1 10 16 14 22 29 27 45 42 40 20 0 4 2 5 13 11 9 18 7 21 25 23 35 32 30 55 51 48 46
43 8 49 33 53 38 3 47 24 54 15 41 28 44 17 12 19 31 50 34 52 36 6 37 26 39 1 14 10 16 40 27 42 22 29 45 20 2 0 4 7 11 18 5 13 9 46 30 48 23 32 51 21 25 35 55
43 8 49 53 33 38 3 47 54 24 15 41 44 28 17 19 12 50 31 34 52 36 6 37 39 26 1 14 16 10 40 42 27 45 29 22 20 2 4 0 7 18 11 9 13 5 46 48 30 51 32 23 55 35 25 21
43 8 53 33 49 38 3 54 24 47 15 44 28 41 19 12 17 34 50 31 52 36 6 39 26 37 1 16 10 14 45 29 42 22 27 40 20 4 0 2 9 13 18 5 11 7 55 35 51 25 32 48 21 23 30 46
43 8 53 49 33 38 3 54 47 24 15 44 41 28 19 17 12 50 34 31 52 36 6 39 37 26 1 16 14 10 45 42 29 40 27 22 20 4 2 0 9 18 13 7 11 5 55 51 35 48 32 25 46 30 23 21
43 33 8 49 53 38 24 3 47 54 28 15 41 44 12 31 34 17 19 50 52 36 26 6 37 39 22 10 27 29 1 14 16 40 42 45 21 5 23 25 0 11 13 30 32 35 20 2 4 7 18 9 46 48 51 55
43 33 8 53 49 38 24 3 54 47 28 15 44 41 12 34 31 19 17 50 52 36 26 6 39 37 22 10 29 27 1 16 14 45 42 40 21 5 25 23 0 13 11 35 32 30 20 4 2 9 18 7 55 51 48 46
43 33 49 8 53 38 24 47 3 54 28 41 15 44 31 12 34 17 50 19 52 36 26 37 6 39 22 27 10 29 40 14 42 1 16 45 21 23 5 25 30 11 32 0 13 35 46 7 48 2 18 51 20 4 9 55
43 33 49 53 8 38 24 47 54 3 28 41 44 15 31 34 12 50 17 19 52 36 26 37 39 6 22 27 29 10 40 42 14 45 16 1 21 23 25 5 30 32 11 35 13 0 46 48 7 51 18 2 55 9 4 20
43 33 53 8 49 38 24 54 3 47 28 44 15 41 34 12 31 19 50 17 52 36 26 39 6 37 22 29 10 27 45 16 42 1 14 40 21 25 5 23 35 13 32 0 11 30 55 9 51 4 18 48 20 2 7 46
43 33 53 49 8 38 24 54 47 3 28 44 41 15 34 31 12 50 19 17 52 36 26 39 37 6 22 29 27 10 45 42 16 40 14 1 21 25 23 5 35 32 13 30 11 0 55 51 9 48 18 4 46 7 2 20
43 49 8 33 53 38 47 3 24 54 41 15 28 44 17 31 50 12 19 34 52 36 37 6 26 39 40 14 27 42 1 10 16 22 29 45 46 7 30 48 2 11 18 23 32 51 20 0 4 5 13 9 21 25 35 55
43 49 8 53 33 38 47 3 54 24 41 15 44 28 17 50 31 19 12 34 52 36 37 6 39 26 40 14 42 27 1 16 10 45 29 22 46 7 48 30 2 18 11 51 32 23 20 4 0 9 13 5 55 35 25 21
43 49 33 8 53 38 47 24 3 54 41 28 15 44 31 17 50 12 34 19 52 36 37 26 6 39 40 27 14 42 22 10 29 1 16 45 46 30 7 48 23 11 32 2 18 51 21 5 25 0 13 35 20 4 9 55
43 49 33 53 8 38 47 24 54 3 41 28 44 15 31 50 17 34 12 19 52 36 37 26 39 6 40 27 42 14 22 29 10 45 16 1 46 30 48 7 23 32 11 51 18 2 21 25 5 35 13 0 55 9 4 20
43 49 53 8 33 38 47 54 3 24 41 44 15 28 50 17 31 19 34 12 52 36 37 39 6 26 40 42 14 27 45 16 29 1 10 22 46 48 7 30 51 18 32 2 11 23 55 9 35 4 13 25 20 0 5 21
43 49 53 33 8 38 47 54 24 3 41 44 28 15 50 31 17 34 19 12 52 36 37 39 26 6 40 42 27 14 45 29 16 22 10 1 46 48 30 7 51 32 18 23 11 2 55 35 9 25 13 4 21 5 0 20
43 53 8 33 49 38 54 3 24 47 44 15 28 41 19 34 50 12 17 31 52 36 39 6 26 37 45 16 29 42 1 10 14 22 27 40 55 9 35 51 4 13 18 25 32 48 20 0 2 5 11 7 21 23 30 46
43 53 8 49 33 38 54 3 47 24 44 15 41 28 19 50 34 17 12 31 52 36 39 6 37 26 45 16 42 29 1 14 10 40 27 22 55 9 51 35 4 18 13 48 32 25 20 2 0 7 11 5 46 30 23 21
43 53 33 8 49 38 54 24 3 47 44 28 15 41 34 19 50 12 31 17 52 36 39 26 6 37 45 29 16 42 22 10 27 1 14 40 55 35 9 51 25 13 32 4 18 48 21 5 23 0 11 30 20 2 7 46
43 53 33 49 8 38 54 24 47 3 44 28 41 15 34 50 19 31 12 17 52 36 39 26 37 6 45 29 42 16 22 27 10 40 14 1 55 35 51 9 25 32 13 48 18 4 21 23 5 30 11 0 46 7 2 20
43 53 49 8 33 38 54 47 3 24 44 41 15 28 50 19 34 17 31 12 52 36 39 37 6 26 45 42 16 29 40 14 27 1 10 22 55 51 9 35 48 18 32 4 13 25 46 7 30 2 11 23 20 0 5 21
43 53 49 33 8 38 54 47 24 3 44 41 28 15 50 34 19 31 17 12 52 36 39 37 26 6 45 42 29 16 40 27 14 22 10 1 55 51 35 9 48 32 18 25 13 4 46 30 7 23 11 2 21 5 0 20
49 8 33 43 53 47 3 24 38 54 17 31 41 50 12 15 19 28 34 44 52 46 7 30 40 48 2 11 14 18 23 27 32 37 42 51 20 0 1 4 5 10 13 6 16 9 21 22 25 26 29 35 36 39 45 55
49 8 33 53 43 47 3 24 54 38 17 31 50 41 12 19 15 34 28 44 52 46 7 30 48 40 2 11 18 14 23 32 27 51 42 37 20 0 4 1 5 13 10 9 16 6 21 25 22 35 29 26 55 45 39 36
49 8 43 33 53 47 3 38 24 54 17 41 31 50 15 12 19 28 44 34 52 46 7 40 30 48 2 14 11 18 37 27 42 23 32 51 20 1 0 4 6 10 16 5 13 9 36 26 39 22 29 45 21 25 35 55
49 8 43 53 33 47 3 38 54 24 17 41 50 31 15 19 12 44 28 34 52 46 7 40 48 30 2 14 18 11 37 42 27 51 32 23 20 1 4 0 6 16 10 9 13 5 36 39 26 45 29 22 55 35 25 21
49 8 53 33 43 47 3 54 24 38 17 50 31 41 19 12 15 34 44 28 52 46 7 48 30 40 2 18 11 14 51 32 42 23 27 37 20 4 0 1 9 13 16 5 10 6 55 35 45 25 29 39 21 22 26 36
49 8 53 43 33 47 3 54 38 24 17 50 41 31 19 15 12 44 34 28 52 46 7 48 40 30 2 18 14 11 51 42 32 37 27 23 20 4 1 0 9 16 13 6 10 5 55 45 35 39 29 25 36 26 22 21
49 33 8 43 53 47 24 3 38 54 31 17 41 50 12 28 34 15 19 44 52 46 30 7 40 48 23 11 27 32 2 14 18 37 42 51 21 5 22 25 0 10 13 26 29 35 20 1 4 6 16 9 36 39 45 55
49 33 8 53 43 47 24 3 54 38 31 17 50 41 12 34 28 19 15 44 52 46 30 7 48 40 23 11 32 27 2 18 14 51 42 37 21 5 25 22 0 13 10 35 29 26 20 4 1 9 16 6 55 45 39 36
49 33 43 8 53 47 24 38 3 54 31 41 17 50 28 12 34 15 44 19 52 46 30 40 7 48 23 27 11 32 37 14 42 2 18 51 21 22 5 25 26 10 29 0 13 35 36 6 39 1 16 45 20 4 9 55
49 33 43 53 8 47 24 38 54 3 31 41 50 17 28 34 12 44 15 19 52 46 30 40 48 7 23 27 32 11 37 42 14 51 18 2 21 22 25 5 26 29 10 35 13 0 36 39 6 45 16 1 55 9 4 20
49 33 53 8 43 47 24 54 3 38 31 50 17 41 34 12 28 19 44 15 52 46 30 48 7 40 23 32 11 27 51 18 42 2 14 37 21 25 5 22 35 13 29 0 10 26 55 9 45 4 16 39 20 1 6 36
49 33 53 43 8 47 24 54 38 3 31 50 41 17 34 28 12 44 19 15 52 46 30 48 40 7 23 32 27 11 51 42 18 37 14 2 21 25 22 5 35 29 13 26 10 0 55 45 9 39 16 4 36 6 1 20
49 43 8 33 53 47 38 3 24 54 41 17 31 50 15 28 44 12 19 34 52 46 40 7 30 48 37 14 27 42 2 11 18 23 32 51 36 6 26 39 1 10 16 22 29 45 20 0 4 5 13 9 21 25 35 55
49 43 8 53 33 47 38 3 54 24 41 17 50 31 15 44 28 19 12 34 52 46 40 7 48 30 37 14 42 27 2 18 11 51 32 23 36 6 39 26 1 16 10 45 29 22 20 4 0 9 13 5 55 35 25 21
49 43 33 8 53 47 38 24 3 54 41 31 17 50 28 15 44 12 34 19 52 46 40 30 7 48 37 27 14 42 23 11 32 2 18 51 36 26 6 39 22 10 29 1 16 45 21 5 25 0 13 35 20 4 9 55
49 43 33 53 8 47 38 24 54 3 41 31 50 17 28 44 15 34 12 19 52 46 40 30 48 7 37 27 42 14 23 32 11 51 18 2 36 26 39 6 22 29 10 45 16 1 21 25 5 35 13 0 55 9 4 20
49 43 53 8 33 47 38 54 3 24 41 50 17 31 44 15 28 19 34 12 52 46 40 48 7 30 37 42 14 27 51 18 32 2 11 23 36 39 6 26 45 16 29 1 10 22 55 9 35 4 13 25 20 0 5 21
49 43 53 33 8 47 38 54 24 3 41 50 31 17 44 28 15 34 19 12 52 46 40 48 30 7 37 42 27 14 51 32 18 23 11 2 36 39 26 6 45 29 16 22 10 1 55 35 9 25 13 4 21 5 0 20
49 53 8 33 43 47 54 3 24 38 50 17 31 41 19 34 44 12 15 28 52 46 48 7 30 40 51 18 32 42 2 11 14 23 27 37 55 9 35 45 4 13 16 25 29 39 20 0 1 5 10 6 21 22 26 36
49 53 8 43 33 47 54 3 38 24 50 17 41 31 19 44 34 15 12 28 52 46 48 7 40 30 51 18 42 32 2 14 11 37 27 23 55 9 45 35 4 16 13 39 29 25 20 1 0 6 10 5 36 26 22 21
49 53 33 8 43 47 54 24 3 38 50 31 17 41 34 19 44 12 28 15 52 46 48 30 7 40 51 32 18 42 23 11 27 2 14 37 55 35 9 45 25 13 29 4 16 39 21 5 22 0 10 26 20 1 6 36
49 53 33 43 8 47 54 24 38 3 50 31 41 17 34 44 19 28 12 15 52 46 48 30 40 7 51 32 42 18 23 27 11 37 14 2 55 35 45 9 25 29 13 39 16 4 21 22 5 26 10 0 36 6 1 20
49 53 43 8 33 47 54 38 3 24 50 41 17 31 44 19 34 15 28 12 52 46 48 40 7 30 51 42 18 32 37 14 27 2 11 23 55 45 9 35 39 16 29 4 13 25 36 6 26 1 10 22 20 0 5 21
49 53 43 33 8 47 54 38 24 3 50 41 31 17 44 34 19 28 15 12 52 46 48 40 30 7 51 42 32 18 37 27 14 23 11 2 55 45 35 9 39 29 16 25 13 4 36 26 6 22 10 1 21 5 0 20
53 8 33 43 49 54 3 24 38 47 19 34 44 50 12 15 17 28 31 41 52 55 9 35 45 51 4 13 16 18 25 29 32 39 42 48 20 0 1 2 5 10 11 6 14 7 21 22 23 26 27 30 36 37 40 46
53 8 33 49 43 54 3 24 47 38 19 34 50 44 12 17 15 31 28 41 52 55 9 35 51 45 4 13 18 16 25 32 29 48 42 39 20 0 2 1 5 11 10 7 14 6 21 23 22 30 27 26 46 40 37 36
53 8 43 33 49 54 3 38 24 47 19 44 34 50 15 12 17 28 41 31 52 55 9 45 35 51 4 16 13 18 39 29 42 25 32 48 20 1 0 2 6 10 14 5 11 7 36 26 37 22 27 40 21 23 30 46
53 8 43 49 33 54 3 38 47 24 19 44 50 34 15 17 12 41 28 31 52 55 9 45 51 35 4 16 18 13 39 42 29 48 32 25 20 1 2 0 6 14 10 7 11 5 36 37 26 40 27 22 46 30 23 21
53 8 49 33 43 54 3 47 24 38 19 50 34 44 17 12 15 31 41 28 52 55 9 51 35 45 4 18 13 16 48 32 42 25 29 39 20 2 0 1 7 11 14 5 10 6 46 30 40 23 27 37 21 22 26 36
53 8 49 43 33 54 3 47 38 24 19 50 44 34 17 15 12 41 31 28 52 55 9 51 45 35 4 18 16 13 48 42 32 39 29 25 20 2 1 0 7 14 11 6 10 5 46 40 30 37 27 23 36 26 22 21
53 33 8 43 49 54 24 3 38 47 34 19 44 50 12 28 31 15 17 41 52 55 35 9 45 51 25 13 29 32 4 16 18 39 42 48 21 5 22 23 0 10 11 26 27 30 20 1 2 6 14 7 36 37 40 46
53 33 8 49 43 54 24 3 47 38 34 19 50 44 12 31 28 17 15 41 52 55 35 9 51 45 25 13 32 29 4 18 16 48 42 39 21 5 23 22 0 11 10 30 27 26 20 2 1 7 14 6 46 40 37 36
53 33 43 8 49 54 24 38 3 47 34 44 19 50 28 12 31 15 41 17 52 55 35 45 9 51 25 29 13 32 39 16 42 4 18 48 21 22 5 23 26 10 27 0 11 30 36 6 37 1 14 40 20 2 7 46
53 33 43 49 8 54 24 38 47 3 34 44 50 19 28 31 12 41 15 17 52 55 35 45 51 9 25 29 32 13 39 42 16 48 18 4 21 22 23 5 26 27 10 30 11 0 36 37 6 40 14 1 46 7 2 20
53 33 49 8 43 54 24 47 3 38 34 50 19 44 31 12 28 17 41 15 52 55 35 51 9 45 25 32 13 29 48 18 42 4 16 39 21 23 5 22 30 11 27 0 10 26 46 7 40 2 14 37 20 1 6 36
53 33 49 43 8 54 24 47 38 3 34 50 44 19 31 28 12 41 17 15 52 55 35 51 45 9 25 32 29 13 48 42 18 39 16 4 21 23 22 5 30 27 11 26 10 0 46 40 7 37 14 2 36 6 1 20
53 43 8 33 49 54 38 3 24 47 44 19 34 50 15 28 41 12 17 31 52 55 45 9 35 51 39 16 29 42 4 13 18 25 32 48 36 6 26 37 1 10 14 22 27 40 20 0 2 5 11 7 21 23 30 46
53 43 8 49 33 54 38 3 47 24 44 19 50 34 15 41 28 17 12 31 52 55 45 9 51 35 39 16 42 29 4 18 13 48 32 25 36 6 37 26 1 14 10 40 27 22 20 2 0 7 11 5 46 30 23 21
53 43 33 8 49 54 38 24 3 47 44 34 19 50 28 15 41 12 31 17 52 55 45 35 9 51 39 29 16 42 25 13 32 4 18 48 36 26 6 37 22 10 27 1 14 40 21 5 23 0 11 30 20 2 7 46
53 43 33 49 8 54 38 24 47 3 44 34 50 19 28 41 15 31 12 17 52 55 45 35 51 9 39 29 42 16 25 32 13 48 18 4 36 26 37 6 22 27 10 40 14 1 21 23 5 30 11 0 46 7 2 20
53 43 49 8 33 54 38 47 3 24 44 50 19 34 41 15 28 17 31 12 52 55 45 51 9 35 39 42 16 29 48 18 32 4 13 25 36 37 6 26 40 14 27 1 10 22 46 7 30 2 11 23 20 0 5 21
53 43 49 33 8 54 38 47 24 3 44 50 34 19 41 28 15 31 17 12 52 55 45 51 35 9 39 42 29 16 48 32 18 25 13 4 36 37 26 6 40 27 14 22 10 1 46 30 7 23 11 2 21 5 0 20
53 49 8 33 43 54 47 3 24 38 50 19 34 44 17 31 41 12 15 28 52 55 51 9 35 45 48 18 32 42 4 13 16 25 29 39 46 7 30 40 2 11 14 23 27 37 20 0 1 5 10 6 21 22 26 36
53 49 8 43 33 54 47 3 38 24 50 19 44 34 17 41 31 15 12 28 52 55 51 9 45 35 48 18 42 32 4 16 13 39 29 25 46 7 40 30 2 14 11 37 27 23 20 1 0 6 10 5 36 26 22 21
53 49 33 8 43 54 47 24 3 38 50 34 19 44 31 17 41 12 28 15 52 55 51 35 9 45 48 32 18 42 25 13 29 4 16 39 46 30 7 40 23 11 27 2 14 37 21 5 22 0 10 26 20 1 6 36
53 49 33 43 8 54 47 24 38 3 50 34 44 19 31 41 17 28 12 15 52 55 51 35 45 9 48 32 42 18 25 29 13 39 16 4 46 30 40 7 23 27 11 37 14 2 21 22 5 26 10 0 36 6 1 20
53 49 43 8 33 54 47 38 3 24 50 44 19 34 41 17 31 15 28 12 52 55 51 45 9 35 48 42 18 32 39 16 29 4 13 25 46 40 7 30 37 14 27 2 11 23 36 6 26 1 10 22 20 0 5 21
53 49 43 33 8 54 47 38 24 3 50 44 34 19 41 31 17 28 15 12 52 55 51 45 35 9 48 42 32 18 39 29 16 25 13 4 46 40 30 7 37 27 14 23 11 2 36 26 6 22 10 1 21 5 0 20
9 35 45 51 54 4 25 39 48 53 13 16 18 19 29 32 34 42 44 50 55 20 0 1 2 3 5 10 11 12 6 14 15 7 17 8 21 22 23 24 26 27 28 30 31 33 36 37 38 40 41 43 46 47 49 52
9 35 45 54 51 4 25 39 53 48 13 16 19 18 29 34 32 44 42 50 55 20 0 1 3 2 5 10 12 11 6 15 14 8 17 7 21 22 24 23 26 28 27 33 31 30 36 38 37 43 41 40 52 49 47 46
9 35 51 45 54 4 25 48 39 53 13 18 16 19 32 29 34 42 50 44 55 20 0 2 1 3 5 11 10 12 7 14 17 6 15 8 21 23 22 24 30 27 31 26 28 33 46 40 47 37 41 49 36 38 43 52
9 35 51 54 45 4 25 48 53 39 13 18 19 16 32 34 29 50 42 44 55 20 0 2 3 1 5 11 12 10 7 17 14 8 15 6 21 23 24 22 30 31 27 33 28 26 46 47 40 49 41 37 52 43 38 36
9 35 54 45 51 4 25 53 39 48 13 19 16 18 34 29 32 44 50 42 55 20 0 3 1 2 5 12 10 11 8 15 17 6 14 7 21 24 22 23 33 28 31 26 27 30 52 43 49 38 41 47 36 37 40 46
9 35 54 51 45 4 25 53 48 39 13 19 18 16 34 32 29 50 44 42 55 20 0 3 2 1 5 12 11 10 8 17 15 7 14 6 21 24 23 22 33 31 28 30 27 26 52 49 43 47 41 38 46 40 37 36
9 45 35 51 54 4 39 25 48 53 16 13 18 19 29 42 44 32 34 50 55 20 1 0 2 3 6 10 14 15 5 11 12 7 17 8 36 26 37 38 22 27 28 40 41 43 21 23 24 30 31 33 46 47 49 52
9 45 35 54 51 4 39 25 53 48 16 13 19 18 29 44 42 34 32 50 55 20 1 0 3 2 6 10 15 14 5 12 11 8 17 7 36 26 38 37 22 28 27 43 41 40 21 24 23 33 31 30 52 49 47 46
9 45 51 35 54 4 39 48 25 53 16 18 13 19 42 29 44 32 50 34 55 20 1 2 0 3 6 14 10 15 7 11 17 5 12 8 36 37 26 38 40 27 41 22 28 43 46 30 47 23 31 49 21 24 33 52
9 45 51 54 35 4 39 48 53 25 16 18 19 13 42 44 29 50 32 34 55 20 1 2 3 0 6 14 15 10 7 17 11 8 12 5 36 37 38 26 40 41 27 43 28 22 46 47 30 49 31 23 52 33 24 21
9 45 54 35 51 4 39 53 25 48 16 19 13 18 44 29 42 34 50 32 55 20 1 3 0 2 6 15 10 14 8 12 17 5 11 7 36 38 26 37 43 28 41 22 27 40 52 33 49 24 31 47 21 23 30 46
9 45 54 51 35 4 39 53 48 25 16 19 18 13 44 42 29 50 34 32 55 20 1 3 2 0 6 15 14 10 8 17 12 7 11 5 36 38 37 26 43 41 28 40 27 22 52 49 33 47 31 24 46 30 23 21
9 51 35 45 54 4 48 25 39 53 18 13 16 19 32 42 50 29 34 44 55 20 2 0 1 3 7 11 14 17 5 10 12 6 15 8 46 30 40 47 23 27 31 37 41 49 21 22 24 26 28 33 36 38 43 52
9 51 35 54 45 4 48 25 53 39 18 13 19 16 32 50 42 34 29 44 55 20 2 0 3 1 7 11 17 14 5 12 10 8 15 6 46 30 47 40 23 31 27 49 41 37 21 24 22 33 28 26 52 43 38 36
9 51 45 35 54 4 48 39 25 53 18 16 13 19 42 32 50 29 44 34 55 20 2 1 0 3 7 14 11 17 6 10 15 5 12 8 46 40 30 47 37 27 41 23 31 49 36 26 38 22 28 43 21 24 33 52
9 51 45 54 35 4 48 39 53 25 18 16 19 13 42 50 32 44 29 34 55 20 2 1 3 0 7 14 17 11 6 15 10 8 12 5 46 40 47 30 37 41 27 49 31 23 36 38 26 43 28 22 52 33 24 21
9 51 54 35 45 4 48 53 25 39 18 19 13 16 50 32 42 34 44 29 55 20 2 3 0 1 7 17 11 14 8 12 15 5 10 6 46 47 30 40 49 31 41 23 27 37 52 33 43 24 28 38 21 22 26 36
9 51 54 45 35 4 48 53 39 25 18 19 16 13 50 42 32 44 34 29 55 20 2 3 1 0 7 17 14 11 8 15 12 6 10 5 46 47 40 30 49 41 31 37 27 23 52 43 33 38 28 24 36 26 22 21
9 54 35 45 51 4 53 25 39 48 19 13 16 18 34 44 50 29 32 42 55 20 3 0 1 2 8 12 15 17 5 10 11 6 14 7 52 33 43 49 24 28 31 38 41 47 21 22 23 26 27 30 36 37 40 46
9 54 35 51 45 4 53 25 48 39 19 13 18 16 34 50 44 32 29 42 55 20 3 0 2 1 8 12 17 15 5 11 10 7 14 6 52 33 49 43 24 31 28 47 41 38 21 23 22 30 27 26 46 40 37 36
9 54 45 35 51 4 53 39 25 48 19 16 13 18 44 34 50 29 42 32 55 20 3 1 0 2 8 15 12 17 6 10 14 5 11 7 52 43 33 49 38 28 41 24 31 47 36 26 37 22 27 40 21 23 30 46
9 54 45 51 35 4 53 39 48 25 19 16 18 13 44 50 34 42 29 32 55 20 3 1 2 0 8 15 17 12 6 14 10 7 11 5 52 43 49 33 38 41 28 47 31 24 36 37 26 40 27 22 46 30 23 21
9 54 51 35 45 4 53 48 25 39 19 18 13 16 50 34 44 32 42 29 55 20 3 2 0 1 8 17 12 15 7 11 14 5 10 6 52 49 33 43 47 31 41 24 28 38 46 30 40 23 27 37 21 22 26 36
9 54 51 45 35 4 53 48 39 25 19 18 16 13 50 44 34 42 32 29 55 20 3 2 1 0 8 17 15 12 7 14 11 6 10 5 52 49 43 33 47 41 31 38 28 24 46 40 30 37 27 23 36 26 22 21
35 9 45 51 54 25 4 39 48 53 13 29 32 34 16 18 19 42 44 50 55 21 5 22 23 24 0 10 11 12 26 27 28 30 31 33 20 1 2 3 6 14 15 7 17 8 36 37 38 40 41 43 46 47 49 52
35 9 45 54 51 25 4 39 53 48 13 29 34 32 16 19 18 44 42 50 55 21 5 22 24 23 0 10 12 11 26 28 27 33 31 30 20 1 3 2 6 15 14 8 17 7 36 38 37 43 41 40 52 49 47 46
35 9 51 45 54 25 4 48 39 53 13 32 29 34 18 16 19 42 50 44 55 21 5 23 22 24 0 11 10 12 30 27 31 26 28 33 20 2 1 3 7 14 17 6 15 8 46 40 47 37 41 49 36 38 43 52
35 9 51 54 45 25 4 48 53 39 13 32 34 29 18 19 16 50 42 44 55 21 5 23 24 22 0 11 12 10 30 31 27 33 28 26 20 2 3 1 7 17 14 8 15 6 46 47 40 49 41 37 52 43 38 36
35 9 54 45 51 25 4 53 39 48 13 34 29 32 19 16 18 44 50 42 55 21 5 24 22 23 0 12 10 11 33 28 31 26 27 30 20 3 1 2 8 15 17 6 14 7 52 43 49 38 41 47 36 37 40 46
35 9 54 51 45 25 4 53 48 39 13 34 32 29 19 18 16 50 44 42 55 21 5 24 23 22 0 12 11 10 33 31 28 30 27 26 20 3 2 1 8 17 15 7 14 6 52 49 43 47 41 38 46 40 37 36
35 45 9 51 54 25 39 4 48 53 29 13 32 34 16 42 44 18 19 50 55 21 22 5 23 24 26 10 27 28 0 11 12 30 31 33 36 6 37 38 1 14 15 40 41 43 20 2 3 7 17 8 46 47 49 52
35 45 9 54 51 25 39 4 53 48 29 13 34 32 16 44 42 19 18 50 55 21 22 5 24 23 26 10 28 27 0 12 11 33 31 30 36 6 38 37 1 15 14 43 41 40 20 3 2 8 17 7 52 49 47 46
35 45 51 9 54 25 39 48 4 53 29 32 13 34 42 16 44 18 50 19 55 21 22 23 5 24 26 27 10 28 30 11 31 0 12 33 36 37 6 38 40 14 41 1 15 43 46 7 47 2 17 49 20 3 8 52
35 45 51 54 9 25 39 48 53 4 29 32 34 13 42 44 16 50 18 19 55 21 22 23 24 5 26 27 28 10 30 31 11 33 12 0 36 37 38 6 40 41 14 43 15 1 46 47 7 49 17 2 52 8 3 20
35 45 54 9 51 25 39 53 4 48 29 34 13 32 44 16 42 19 50 18 55 21 22 24 5 23 26 28 10 27 33 12 31 0 11 30 36 38 6 37 43 15 41 1 14 40 52 8 49 3 17 47 20 2 7 46
35 45 54 51 9 25 39 53 48 4 29 34 32 13 44 42 16 50 19 18 55 21 22 24 23 5 26 28 27 10 33 31 12 30 11 0 36 38 37 6 43 41 15 40 14 1 52 49 8 47 17 3 46 7 2 20
35 51 9 45 54 25 48 4 39 53 32 13 29 34 18 42 50 16 19 44 55 21 23 5 22 24 30 11 27 31 0 10 12 26 28 33 46 7 40 47 2 14 17 37 41 49 20 1 3 6 15 8 36 38 43 52
35 51 9 54 45 25 48 4 53 39 32 13 34 29 18 50 42 19 16 44 55 21 23 5 24 22 30 11 31 27 0 12 10 33 28 26 46 7 47 40 2 17 14 49 41 37 20 3 1 8 15 6 52 43 38 36
35 51 45 9 54 25 48 39 4 53 32 29 13 34 42 18 50 16 44 19 55 21 23 22 5 24 30 27 11 31 26 10 28 0 12 33 46 40 7 47 37 14 41 2 17 49 36 6 38 1 15 43 20 3 8 52
35 51 45 54 9 25 48 39 53 4 32 29 34 13 42 50 18 44 16 19 55 21 23 22 24 5 30 27 31 11 26 28 10 33 12 0 46 40 47 7 37 41 14 49 17 2 36 38 6 43 15 1 52 8 3 20
35 51 54 9 45 25 48 53 4 39 32 34 13 29 50 18 42 19 44 16 55 21 23 24 5 22 30 31 11 27 33 12 28 0 10 26 46 47 7 40 49 17 41 2 14 37 52 8 43 3 15 38 20 1 6 36
35 51 54 45 9 25 48 53 39 4 32 34 29 13 50 42 18 44 19 16 55 21 23 24 22 5 30 31 27 11 33 28 12 26 10 0 46 47 40 7 49 41 17 37 14 2 52 43 8 38 15 3 36 6 1 20
35 54 9 45 51 25 53 4 39 48 34 13 29 32 19 44 50 16 18 42 55 21 24 5 22 23 33 12 28 31 0 10 11 26 27 30 52 8 43 49 3 15 17 38 41 47 20 1 2 6 14 7 36 37 40 46
35 54 9 51 45 25 53 4 48 39 34 13 32 29 19 50 44 18 16 42 55 21 24 5 23 22 33 12 31 28 0 11 10 30 27 26 52 8 49 43 3 17 15 47 41 38 20 2 1 7 14 6 46 40 37 36
35 54 45 9 51 25 53 39 4 48 34 29 13 32 44 19 50 16 42 18 55 21 24 22 5 23 33 28 12 31 26 10 27 0 11 30 52 43 8 49 38 15 41 3 17 47 36 6 37 1 14 40 20 2 7 46
35 54 45 51 9 25 53 39 48 4 34 29 32 13 44 50 19 42 16 18 55 21 24 22 23 5 33 28 31 12 26 27 10 30 11 0 52 43 49 8 38 41 15 47 17 3 36 37 6 40 14 1 46 7 2 20
35 54 51 9 45 25 53 48 4 39 34 32 13 29 50 19 44 18 42 16 55 21 24 23 5 22 33 31 12 28 30 11 27 0 10 26 52 49 8 43 47 17 41 3 15 38 46 7 40 2 14 37 20 1 6 36
35 54 51 45 9 25 53 48 39 4 34 32 29 13 50 44 19 42 18 16 55 21 24 23 22 5 33 31 28 12 30 27 11 26 10 0 52 49 43 8 47 41 17 38 15 3 46 40 7 37 14 2 36 6 1 20
45 9 35 51 54 39 4 25 48 53 16 29 42 44 13 18 19 32 34 50 55 36 6 26 37 38 1 10 14 15 22 27 28 40 41 43 20 0 2 3 5 11 12 7 17 8 21 23 24 30 31 33 46 47 49 52
45 9 35 54 51 39 4 25 53 48 16 29 44 42 13 19 18 34 32 50 55 36 6 26 38 37 1 10 15 14 22 28 27 43 41 40 20 0 3 2 5 12 11 8 17 7 21 24 23 33 31 30 52 49 47 46
45 9 51 35 54 39 4 48 25 53 16 42 29 44 18 13 19 32 50 34 55 36 6 37 26 38 1 14 10 15 40 27 41 22 28 43 20 2 0 3 7 11 17 5 12 8 46 30 47 23 31 49 21 24 33 52
45 9 51 54 35 39 4 48 53 25 16 42 44 29 18 19 13 50 32 34 55 36 6 37 38 26 1 14 15 10 40 41 27 43 28 22 20 2 3 0 7 17 11 8 12 5 46 47 30 49 31 23 52 33 24 21
45 9 54 35 51 39 4 53 25 48 16 44 29 42 19 13 18 34 50 32 55 36 6 38 26 37 1 15 10 14 43 28 41 22 27 40 20 3 0 2 8 12 17 5 11 7 52 33 49 24 31 47 21 23 30 46
45 9 54 51 35 39 4 53 48 25 16 44 42 29 19 18 13 50 34 32 55 36 6 38 37 26 1 15 14 10 43 41 28 40 27 22 20 3 2 0 8 17 12 7 11 5 52 49 33 47 31 24 46 30 23 21
45 35 9 51 54 39 25 4 48 53 29 16 42 44 13 32 34 18 19 50 55 36 26 6 37 38 22 10 27 28 1 14 15 40 41 43 21 5 23 24 0 11 12 30 31 33 20 2 3 7 17 8 46 47 49 52
45 35 9 54 51 39 25 4 53 48 29 16 44 42 13 34 32 19 18 50 55 36 26 6 38 37 22 10 28 27 1 15 14 43 41 40 21 5 24 23 0 12 11 33 31 30 20 3 2 8 17 7 52 49 47 46
45 35 51 9 54 39 25 48 4 53 29 42 16 44 32 13 34 18 50 19 55 36 26 37 6 38 22 27 10 28 40 14 41 1 15 43 21 23 5 24 30 11 31 0 12 33 46 7 47 2 17 49 20 3 8 52
45 35 51 54 9 39 25 48 53 4 29 42 44 16 32 34 13 50 18 19 55 36 26 37 38 6 22 27 28 10 40 41 14 43 15 1 21 23 24 5 30 31 11 33 12 0 46 47 7 49 17 2 52 8 3 20
45 35 54 9 51 39 25 53 4 48 29 44 16 42 34 13 32 19 50 18 55 36 26 38 6 37 22 28 10 27 43 15 41 1 14 40 21 24 5 23 33 12 31 0 11 30 52 8 49 3 17 47 20 2 7 46
45 35 54 51 9 39 25 53 48 4 29 44 42 16 34 32 13 50 19 18 55 36 26 38 37 6 22 28 27 10 43 41 15 40 14 1 21 24 23 5 33 31 12 30 11 0 52 49 8 47 17 3 46 7 2 20
45 51 9 35 54 39 48 4 25 53 42 16 29 44 18 32 50 13 19 34 55 36 37 6 26 38 40 14 27 41 1 10 15 22 28 43 46 7 30 47 2 11 17 23 31 49 20 0 3 5 12 8 21 24 33 52
45 51 9 54 35 39 48 4 53 25 42 16 44 29 18 50 32 19 13 34 55 36 37 6 38 26 40 14 41 27 1 15 10 43 28 22 46 7 47 30 2 17 11 49 31 23 20 3 0 8 12 5 52 33 24 21
45 51 35 9 54 39 48 25 4 53 42 29 16 44 32 18 50 13 34 19 55 36 37 26 6 38 40 27 14 41 22 10 28 1 15 43 46 30 7 47 23 11 31 2 17 49 21 5 24 0 12 33 20 3 8 52
45 51 35 54 9 39 48 25 53 4 42 29 44 16 32 50 18 34 13 19 55 36 37 26 38 6 40 27 41 14 22 28 10 43 15 1 46 30 47 7 23 31 11 49 17 2 21 24 5 33 12 0 52 8 3 20
45 51 54 9 35 39 48 53 4 25 42 44 16 29 50 18 32 19 34 13 55 36 37 38 6 26 40 41 14 27 43 15 28 1 10 22 46 47 7 30 49 17 31 2 11 23 52 8 33 3 12 24 20 0 5 21
45 51 54 35 9 39 48 53 25 4 42 44 29 16 50 32 18 34 19 13 55 36 37 38 26 6 40 41 27 14 43 28 15 22 10 1 46 47 30 7 49 31 17 23 11 2 52 33 8 24 12 3 21 5 0 20
45 54 9 35 51 39 53 4 25 48 44 16 29 42 19 34 50 13 18 32 55 36 38 6 26 37 43 15 28 41 1 10 14 22 27 40 52 8 33 49 3 12 17 24 31 47 20 0 2 5 11 7 21 23 30 46
45 54 9 51 35 39 53 4 48 25 44 16 42 29 19 50 34 18 13 32 55 36 38 6 37 26 43 15 41 28 1 14 10 40 27 22 52 8 49 33 3 17 12 47 31 24 20 2 0 7 11 5 46 30 23 21
45 54 35 9 51 39 53 25 4 48 44 29 16 42 34 19 50 13 32 18 55 36 38 26 6 37 43 28 15 41 22 10 27 1 14 40 52 33 8 49 24 12 31 3 17 47 21 5 23 0 11 30 20 2 7 46
45 54 35 51 9 39 53 25 48 4 44 29 42 16 34 50 19 32 13 18 55 36 38 26 37 6 43 28 41 15 22 27 10 40 14 1 52 33 49 8 24 31 12 47 17 3 21 23 5 30 11 0 46 7 2 20
45 54 51 9 35 39 53 48 4 25 44 42 16 29 50 19 34 18 32 13 55 36 38 37 6 26 43 41 15 28 40 14 27 1 10 22 52 49 8 33 47 17 31 3 12 24 46 7 30 2 11 23 20 0 5 21
45 54 51 35 9 39 53 48 25 4 44 42 29 16 50 34 19 32 18 13 55 36 38 37 26 6 43 41 28 15 40 27 14 22 10 1 52 49 33 8 47 31 17 24 12 3 46 30 7 23 11 2 21 5 0 20
51 9 35 45 54 48 4 25 39 53 18 32 42 50 13 16 19 29 34 44 55 46 7 30 40 47 2 11 14 17 23 27 31 37 41 49 20 0 1 3 5 10 12 6 15 8 21 22 24 26 28 33 36 38 43 52
51 9 35 54 45 48 4 25 53 39 18 32 50 42 13 19 16 34 29 44 55 46 7 30 47 40 2 11 17 14 23 31 27 49 41 37 20 0 3 1 5 12 10 8 15 6 21 24 22 33 28 26 52 43 38 36
51 9 45 35 54 48 4 39 25 53 18 42 32 50 16 13 19 29 44 34 55 46 7 40 30 47 2 14 11 17 37 27 41 23 31 49 20 1 0 3 6 10 15 5 12 8 36 26 38 22 28 43 21 24 33 52
51 9 45 54 35 48 4 39 53 25 18 42 50 32 16 19 13 44 29 34 55 46 7 40 47 30 2 14 17 11 37 41 27 49 31 23 20 1 3 0 6 15 10 8 12 5 36 38 26 43 28 22 52 33 24 21
51 9 54 35 45 48 4 53 25 39 18 50 32 42 19 13 16 34 44 29 55 46 7 47 30 40 2 17 11 14 49 31 41 23 27 37 20 3 0 1 8 12 15 5 10 6 52 33 43 24 28 38 21 22 26 36
51 9 54 45 35 48 4 53 39 25 18 50 42 32 19 16 13 44 34 29 55 46 7 47 40 30 2 17 14 11 49 41 31 37 27 23 20 3 1 0 8 15 12 6 10 5 52 43 33 38 28 24 36 26 22 21
51 35 9 45 54 48 25 4 39 53 32 18 42 50 13 29 34 16 19 44 55 46 30 7 40 47 23 11 27 31 2 14 17 37 41 49 21 5 22 24 0 10 12 26 28 33 20 1 3 6 15 8 36 38 43 52
51 35 9 54 45 48 25 4 53 39 32 18 50 42 13 34 29 19 16 44 55 46 30 7 47 40 23 11 31 27 2 17 14 49 41 37 21 5 24 22 0 12 10 33 28 26 20 3 1 8 15 6 52 43 38 36
51 35 45 9 54 48 25 39 4 53 32 42 18 50 29 13 34 16 44 19 55 46 30 40 7 47 23 27 11 31 37 14 41 2 17 49 21 22 5 24 26 10 28 0 12 33 36 6 38 1 15 43 20 3 8 52
51 35 45 54 9 48 25 39 53 4 32 42 50 18 29 34 13 44 16 19 55 46 30 40 47 7 23 27 31 11 37 41 14 49 17 2 21 22 24 5 26 28 10 33 12 0 36 38 6 43 15 1 52 8 3 20
51 35 54 9 45 48 25 53 4 39 32 50 18 42 34 13 29 19 44 16 55 46 30 47 7 40 23 31 11 27 49 17 41 2 14 37 21 24 5 22 33 12 28 0 10 26 52 8 43 3 15 38 20 1 6 36
51 35 54 45 9 48 25 53 39 4 32 50 42 18 34 29 13 44 19 16 55 46 30 47 40 7 23 31 27 11 49 41 17 37 14 2 21 24 22 5 33 28 12 26 10 0 52 43 8 38 15 3 36 6 1 20
51 45 9 35 54 48 39 4 25 53 42 18 32 50 16 29 44 13 19 34 55 46 40 7 30 47 37 14 27 41 2 11 17 23 31 49 36 6 26 38 1 10 15 22 28 43 20 0 3 5 12 8 21 24 33 52
51 45 9 54 35 48 39 4 53 25 42 18 50 32 16 44 29 19 13 34 55 46 40 7 47 30 37 14 41 27 2 17 11 49 31 23 36 6 38 26 1 15 10 43 28 22 20 3 0 8 12 5 52 33 24 21
51 45 35 9 54 48 39 25 4 53 42 32 18 50 29 16 44 13 34 19 55 46 40 30 7 47 37 27 14 41 23 11 31 2 17 49 36 26 6 38 22 10 28 1 15 43 21 5 24 0 12 33 20 3 8 52
51 45 35 54 9 48 39 25 53 4 42 32 50 18 29 44 16 34 13 19 55 46 40 30 47 7 37 27 41 14 23 31 11 49 17 2 36 26 38 6 22 28 10 43 15 1 21 24 5 33 12 0 52 8 3 20
51 45 54 9 35 48 39 53 4 25 42 50 18 32 44 16 29 19 34 13 55 46 40 47 7 30 37 41 14 27 49 17 31 2 11 23 36 38 6 26 43 15 28 1 10 22 52 8 33 3 12 24 20 0 5 21
51 45 54 35 9 48 39 53 25 4 42 50 32 18 44 29 16 34 19 13 55 46 40 47 30 7 37 41 27 14 49 31 17 23 11 2 36 38 26 6 43 28 15 22 10 1 52 33 8 24 12 3 21 5 0 20
51 54 9 35 45 48 53 4 25 39 50 18 32 42 19 34 44 13 16 29 55 46 47 7 30 40 49 17 31 41 2 11 14 23 27 37 52 8 33 43 3 12 15 24 28 38 20 0 1 5 10 6 21 22 26 36
51 54 9 45 35 48 53 4 39 25 50 18 42 32 19 44 34 16 13 29 55 46 47 7 40 30 49 17 41 31 2 14 11 37 27 23 52 8 43 33 3 15 12 38 28 24 20 1 0 6 10 5 36 26 22 21
51 54 35 9 45 48 53 25 4 39 50 32 18 42 34 19 44 13 29 16 55 46 47 30 7 40 49 31 17 41 23 11 27 2 14 37 52 33 8 43 24 12 28 3 15 38 21 5 22 0 10 26 20 1 6 36
51 54 35 45 9 48 53 25 39 4 50 32 42 18 34 44 19 29 13 16 55 46 47 30 40 7 49 31 41 17 23 27 11 37 14 2 52 33 43 8 24 28 12 38 15 3 21 22 5 26 10 0 36 6 1 20
51 54 45 9 35 48 53 39 4 25 50 42 18 32 44 19 34 16 29 13 55 46 47 40 7 30 49 41 17 31 37 14 27 2 11 23 52 43 8 33 38 15 28 3 12 24 36 6 26 1 10 22 20 0 5 21
51 54 45 35 9 48 53 39 25 4 50 42 32 18 44 34 19 29 16 13 55 46 47 40 30 7 49 41 31 17 37 27 14 23 11 2 52 43 33 8 38 28 15 24 12 3 36 26 6 22 10 1 21 5 0 20
54 9 35 45 51 53 4 25 39 48 19 34 44 50 13 16 18 29 32 42 55 52 8 33 43 49 3 12 15 17 24 28 31 38 41 47 20 0 1 2 5 10 11 6 14 7 21 22 23 26 27 30 36 37 40 46
54 9 35 51 45 53 4 25 48 39 19 34 50 44 13 18 16 32 29 42 55 52 8 33 49 43 3 12 17 15 24 31 28 47 41 38 20 0 2 1 5 11 10 7 14 6 21 23 22 30 27 26 46 40 37 36
54 9 45 35 51 53 4 39 25 48 19 44 34 50 16 13 18 29 42 32 55 52 8 43 33 49 3 15 12 17 38 28 41 24 31 47 20 1 0 2 6 10 14 5 11 7 36 26 37 22 27 40 21 23 30 46
54 9 45 51 35 53 4 39 48 25 19 44 50 34 16 18 13 42 29 32 55 52 8 43 49 33 3 15 17 12 38 41 28 47 31 24 20 1 2 0 6 14 10 7 11 5 36 37 26 40 27 22 46 30 23 21
54 9 51 35 45 53 4 48 25 39 19 50 34 44 18 13 16 32 42 29 55 52 8 49 33 43 3 17 12 15 47 31 41 24 28 38 20 2 0 1 7 11 14 5 10 6 46 30 40 23 27 37 21 22 26 36
54 9 51 45 35 53 4 48 39 25 19 50 44 34 18 16 13 42 32 29 55 52 8 49 43 33 3 17 15 12 47 41 31 38 28 24 20 2 1 0 7 14 11 6 10 5 46 40 30 37 27 23 36 26 22 21
54 35 9 45 51 53 25 4 39 48 34 19 44 50 13 29 32 16 18 42 55 52 33 8 43 49 24 12 28 31 3 15 17 38 41 47 21 5 22 23 0 10 11 26 27 30 20 1 2 6 14 7 36 37 40 46
54 35 9 51 45 53 25 4 48 39 34 19 50 44 13 32 29 18 16 42 55 52 33 8 49 43 24 12 31 28 3 17 15 47 41 38 21 5 23 22 0 11 10 30 27 26 20 2 1 7 14 6 46 40 37 36
54 35 45 9 51 53 25 39 4 48 34 44 19 50 29 13 32 16 42 18 55 52 33 43 8 49 24 28 12 31 38 15 41 3 17 47 21 22 5 23 26 10 27 0 11 30 36 6 37 1 14 40 20 2 7 46
54 35 45 51 9 53 25 39 48 4 34 44 50 19 29 32 13 42 16 18 55 52 33 43 49 8 24 28 31 12 38 41 15 47 17 3 21 22 23 5 26 27 10 30 11 0 36 37 6 40 14 1 46 7 2 20
54 35 51 9 45 53 25 48 4 39 34 50 19 44 32 13 29 18 42 16 55 52 33 49 8 43 24 31 12 28 47 17 41 3 15 38 21 23 5 22 30 11 27 0 10 26 46 7 40 2 14 37 20 1 6 36
54 35 51 45 9 53 25 48 39 4 34 50 44 19 32 29 13 42 18 16 55 52 33 49 43 8 24 31 28 12 47 41 17 38 15 3 21 23 22 5 30 27 11 26 10 0 46 40 7 37 14 2 36 6 1 20
54 45 9 35 51 53 39 4 25 48 44 19 34 50 16 29 42 13 18 32 55 52 43 8 33 49 38 15 28 41 3 12 17 24 31 47 36 6 26 37 1 10 14 22 27 40 20 0 2 5 11 7 21 23 30 46
54 45 9 51 35 53 39 4 48 25 44 19 50 34 16 42 29 18 13 32 55 52 43 8 49 33 38 15 41 28 3 17 12 47 31 24 36 6 37 26 1 14 10 40 27 22 20 2 0 7 11 5 46 30 23 21
54 45 35 9 51 53 39 25 4 48 44 34 19 50 29 16 42 13 32 18 55 52 43 33 8 49 38 28 15 41 24 12 31 3 17 47 36 26 6 37 22 10 27 1 14 40 21 5 23 0 11 30 20 2 7 46
54 45 35 51 9 53 39 25 48 4 44 34 50 19 29 42 16 32 13 18 55 52 43 33 49 8 38 28 41 15 24 31 12 47 17 3 36 26 37 6 22 27 10 40 14 1 21 23 5 30 11 0 46 7 2 20
54 45 51 9 35 53 39 48 4 25 44 50 19 34 42 16 29 18 32 13 55 52 43 49 8 33 38 41 15 28 47 17 31 3 12 24 36 37 6 26 40 14 27 1 10 22 46 7 30 2 11 23 20 0 5 21
54 45 51 35 9 53 39 48 25 4 44 50 34 19 42 29 16 32 18 13 55 52 43 49 33 8 38 41 28 15 47 31 17 24 12 3 36 37 26 6 40 27 14 22 10 1 46 30 7 23 11 2 21 5 0 20
54 51 9 35 45 53 48 4 25 39 50 19 34 44 18 32 42 13 16 29 55 52 49 8 33 43 47 17 31 41 3 12 15 24 28 38 46 7 30 40 2 11 14 23 27 37 20 0 1 5 10 6 21 22 26 36
54 51 9 45 35 53 48 4 39 25 50 19 44 34 18 42 32 16 13 29 55 52 49 8 43 33 47 17 41 31 3 15 12 38 28 24 46 7 40 30 2 14 11 37 27 23 20 1 0 6 10 5 36 26 22 21
54 51 35 9 45 53 48 25 4 39 50 34 19 44 32 18 42 13 29 16 55 52 49 33 8 43 47 31 17 41 24 12 28 3 15 38 46 30 7 40 23 11 27 2 14 37 21 5 22 0 10 26 20 1 6 36
54 51 35 45 9 53 48 25 39 4 50 34 44 19 32 42 18 29 13 16 55 52 49 33 43 8 47 31 41 17 24 28 12 38 15 3 46 30 40 7 23 27 11 37 14 2 21 22 5 26 10 0 36 6 1 20
54 51 45 9 35 53 48 39 4 25 50 44 19 34 42 18 32 16 29 13 55 52 49 43 8 33 47 41 17 31 38 15 28 3 12 24 46 40 7 30 37 14 27 2 11 23 36 6 26 1 10 22 20 0 5 21
54 51 45 35 9 53 48 39 25 4 50 44 34 19 42 32 18 29 16 13 55 52 49 43 33 8 47 41 31 17 38 28 15 24 12 3 46 40 30 7 37 27 14 23 11 2 36 26 6 22 10 1 21 5 0 20
